a_LCA,a_IA,a_PCA,a_CT,a_TA,Ps,F0,SPL,ACFL,PC,CPP,PC_loc
0.831242520606806,0.831242520606806,0,0.126666673940643,0.242822855822117,975.868001768118,135.999514287449,122.962376959809,2172.0085092899,1657.30866043661,31.7864760922698,0.578947368421053
0.569635809718476,0.569635809718476,0,0.0910787076122684,0.0960472943316002,918.762545044334,137.999507144617,123.614974945045,2420.62972660258,1530.23476963126,27.1298291782591,0.368421052631579
0.569469960089561,0.569469960089561,0,0.102642860880824,0.477299164913964,632.691957326141,135.999514287449,111.688545466046,854.837214058829,71.6735850222706,19.926412183565,0.473684210526316
0.796294107248908,0.796294107248908,0,0.147532531518639,0.906655587174862,739.718703952495,135.999514287449,111.093016038243,835.497756899868,915.345609423613,12.9225829887898,1
0.649001834475873,0.649001834475873,0,0.45396565078594,0.685939228293157,614.3048097085,153.999450001964,40.6764767719095,0.637975621424741,653.203085156398,8.44866184624983,1
0.836051117673579,0.836051117673579,0,0.732325590689679,0.113945443155818,767.409769969593,165.999407144974,115.814669382972,1095.33049724587,220.36125030554,22.2404854116125,1
0.840460263342746,0.840460263342746,0,0.44947683005476,0.355275715183646,835.443528307977,143.999485716122,124.740226068775,1471.99243832696,1223.70199320583,22.2785735929369,0.526315789473684
0.725124680195912,0.725124680195912,0,0.702758034792588,0.00175025992302724,812.902410179682,153.999450001964,120.846038422066,1744.02967289171,1442.89594494462,26.6373595475212,0.473684210526316
0.770254486577627,0.770254486577627,0,0.742667597547335,0.889381696633984,700.584105324761,407.998542862347,-41.9375154014123,1.61001274703691e-05,928.363946528758,13.8056334829346,1
0.883718296648711,0.883718296648711,0,0.127640340002447,0.0380866871003673,761.887000242064,141.999492858954,125.291844680966,1627.69174515863,1085.21144056144,33.1856533386483,0.526315789473684
0.586753419528776,0.586753419528776,0,0.814107705602788,0.490895763512879,761.57719386601,165.999407144974,113.514584080311,876.079426457857,123.050065418241,15.190555654143,1
0.962571408929772,0.962571408929772,0,0.781108452153246,0.655817200101824,958.081904251471,155.999442859133,117.010314659229,1346.34408482276,770.379763735915,24.9587242139131,1
0.820831110591062,0.820831110591062,0,0.408213392099529,0.278522976166337,603.744591047814,153.999450001964,110.194224334117,662.146585531649,455.55985604616,10.3129018632578,1
0.605551060134239,0.605551060134239,0,0.455742340965584,0.795121864516862,642.50258690271,157.999435716301,-32.6035069754064,0.000248727611206964,657.955544803719,16.0402349166502,1
0.838533181556233,0.838533181556233,0,0.167299053159603,0.470385611306592,621.67522206191,141.999492858954,110.331560120203,705.822352024457,651.947069071795,10.2327257958832,1
0.818925696786108,0.818925696786108,0,0.239021455389521,0.212849841798207,812.456906638106,137.999507144617,122.671949298942,1597.78733702055,1376.1080414471,28.0479895314797,0.526315789473684
0.528207896925512,0.528207896925512,0,0.467429683717437,0.0403787603528318,951.74504861059,149.999464287628,124.30481658598,2512.848471952,1497.81590033165,22.9256813806676,0.315789473684211
0.974576199249972,0.974576199249972,0,0.0393784572048483,0.866974126683193,851.487052361359,117.999578572934,117.382669636024,1423.8810774301,1471.18300904514,23.300633772051,0.473684210526316
0.888595602446455,0.888595602446455,0,0.468866584390215,0.970417984363004,896.316346555283,147.999471430459,115.12450968124,1113.40414504342,934.544425164167,10.4038712830719,1
0.822765385542312,0.822765385542312,0,0.966320921810662,0.555354654055966,873.511055516138,165.999407144974,115.360353440928,1069.35435449321,754.731832537601,11.3359123476884,1
0.979361951244688,0.979361951244688,0,0.318907934732487,0.767413242172473,854.733551101739,139.999500001786,115.319273286361,1213.63970649695,808.389634609938,30.0622962134365,1
0.51087074228513,0.51087074228513,0,0.0914758632812162,0.778968035596419,611.5069326678,137.999507144617,106.900252589902,523.736069450999,320.819345403334,20.5718307316247,1
0.557829993838153,0.557829993838153,0,0.0686613645248516,0.372565759536452,648.782966164304,125.999550001607,115.52620524041,1242.14144845366,1026.8440199116,28.6470901340985,0.526315789473684
0.520981531979003,0.520981531979003,0,0.590504349388339,0.981042212065808,971.115907205548,157.999435716301,116.112641575323,1233.234837137,640.050294687331,16.7016163898535,1
0.630012698949675,0.630012698949675,0,0.23050188524096,0.934217546131685,965.379597592749,129.999535715944,118.586209517952,1666.60950821678,1495.36679096154,35.0530181162984,0.578947368421053
0.998987210240817,0.998987210240817,0,0.665504209356528,0.556229292865462,940.151502880726,143.999485716122,126.332371808547,1652.7808841703,1386.23136529095,27.5345747937795,0.526315789473684
0.864054878462486,0.864054878462486,0,0.242090501769407,0.724933401590021,695.904200090982,141.999492858954,110.923460941106,757.832186970521,812.274052418664,11.2657001247346,1
0.599894299766118,0.599894299766118,0,0.464037069288569,0.460016343698375,785.004455391462,153.999450001964,114.953600300105,1085.87948121836,87.2721804378249,20.0475294559624,0.526315789473684
0.730645159095032,0.730645159095032,0,0.67106289014772,0.230266826790867,797.785583126055,161.999421430638,116.00051619395,1144.50907126193,121.330465913844,22.9429343293109,1
0.935365551858216,0.935365551858216,0,0.441016682926844,0.558459261414194,609.557136165958,151.999457144796,105.690430931533,410.347623039667,705.312784712336,4.80025357125976,1
0.782535280346164,0.782535280346164,0,0.320371349054438,0.479903486778568,983.272141618166,135.999514287449,121.844149225851,1953.92187152271,1850.5372402971,24.3715526754691,0.473684210526316
0.542861957014948,0.542861957014948,0,0.937517119346303,0.782762620324306,760.471384289909,169.999392859311,108.116811775001,466.545496137283,538.030037026062,5.78118778339785,1
0.523913585440543,0.523913585440543,0,0.174734490405905,0.916735742380277,852.81904115031,137.999507144617,114.645898465265,1188.89845825953,567.037440620919,24.816801563352,1
0.687265307058943,0.687265307058943,0,0.318651217762932,0.00889649922093216,925.374436193816,149.999464287628,124.346508010608,2310.11005854377,1448.28465558157,26.1972758928799,0.315789473684211
0.754714396190826,0.754714396190826,0,0.662707289055824,0.983903283211278,968.588668842947,155.999442859133,115.876803765928,1211.18207626493,959.037164567774,27.8732195417875,1
0.602267251960049,0.602267251960049,0,0.336005437888431,0.328576098942974,901.520256644688,137.999507144617,124.261216326103,1961.00966643136,1436.11273324685,26.7014730121418,0.421052631578947
0.598357159650484,0.598357159650484,0,0.309656420463673,0.147602176174457,860.18714702893,143.999485716122,126.202092730438,2062.27670134415,1331.00044027871,27.7641608292225,0.315789473684211
0.609253597689547,0.609253597689547,0,0.239791751894182,0.161376140068148,991.488746366282,139.999500001786,126.845113442481,2438.55023154915,1731.61283003645,30.2806861257344,0.315789473684211
0.856290724260491,0.856290724260491,0,0.3894301436874,0.0795006341177477,654.468367061828,155.999442859133,113.929600098294,963.246808599994,105.12443246118,16.0478011876606,1
0.862662257411669,0.862662257411669,0,0.0584526385426831,0.597081475387812,986.755242960122,121.99956428727,120.23725858087,2011.33071205664,1831.4243325973,21.3871112241917,0.578947368421053
0.928073791057975,0.928073791057975,0,0.499752249029782,0.183587785189877,783.15191151033,147.999471430459,120.95434548215,1395.33458244322,1214.35414051296,28.9998647532295,0.526315789473684
0.522344294270614,0.522344294270614,0,0.552806408735757,0.921557910504593,824.120715752632,157.999435716301,112.730855370846,858.923265132247,595.763180733199,18.0525241269163,1
0.750101700684034,0.750101700684034,0,0.708489993335882,0.937811713891494,650.42654611398,413.998521433852,-40.8806537641226,1.699327191549e-05,937.749479343749,14.7975598364436,1
0.984125935306458,0.984125935306458,0,0.492361800557588,0.192236329379165,837.991112152296,143.999485716122,124.759035453623,1564.92541456213,1406.96737913215,37.0316700668316,0.526315789473684
0.886330486817611,0.886330486817611,0,0.551092623541949,0.170367051763848,919.155595589664,147.999471430459,123.154923938559,1794.70762279425,1663.49587073001,32.5631864628256,0.526315789473684
0.538306005979792,0.538306005979792,0,0.871109133620905,0.535977225736311,625.166208478865,165.999407144974,105.708610104608,364.678980394708,0,5.40140106606894,0
0.607610489903096,0.607610489903096,0,0.662279550525841,0.223274698834365,859.309286212186,145.999478573291,126.15523388943,1819.0085364874,1423.46138919098,28.4931637827242,0.315789473684211
0.55818006393132,0.55818006393132,0,0.111215787097844,0.874422175207919,727.567579852426,135.999514287449,111.115310985177,826.070949401728,603.19951612734,13.541502677668,1
0.990936048623977,0.990936048623977,0,0.975073216192429,0.40149498785943,985.322805313055,149.999464287628,123.503620789239,1784.91152696658,1585.18374582803,22.8168137039059,0.526315789473684
0.555906257689038,0.555906257689038,0,0.320289751601226,0.997035544959884,864.784036510044,145.999478573291,114.764381500393,1054.22110971499,698.68351715289,10.0712233240249,1
0.704865277732918,0.704865277732918,0,0.211268502946523,0.953395206160619,809.319180919119,137.999507144617,113.264400337491,975.411209481119,880.467912953486,13.2187658061936,1
0.968915870035262,0.968915870035262,0,0.443394004738745,0.0845396000326122,693.796811813748,157.999435716301,114.565636306256,1022.66937570067,301.260924434054,20.2603576365289,1
0.879055375420081,0.879055375420081,0,0.430752685618981,0.600314009193097,816.808098302352,147.999471430459,115.074820310206,1079.48189718793,745.069928411537,25.1197684809708,1
0.859521360413407,0.859521360413407,0,0.538764727490197,0.760280716490156,984.304127113929,139.999500001786,124.430692080945,1718.87914949695,1432.19348115805,31.6168565521676,0.473684210526316
0.784034710199387,0.784034710199387,0,0.393818558905479,0.102203089336377,887.19611375861,143.999485716122,127.296861300185,1916.20974330375,1440.8711815584,26.5863289033406,0.631578947368421
0.575267016127471,0.575267016127471,0,0.260241761378883,0.699815006220498,832.967407239478,141.999492858954,115.588498716972,1175.99325441258,472.13714211383,19.2804940985883,1
0.933510104646853,0.933510104646853,0,0.346231769792842,0.77930431007572,671.204845786622,145.999478573291,108.486112280455,585.833966044585,823.558394988579,15.2976694637934,1
0.764284465563357,0.764284465563357,0,0.356872128408042,0.257358000792994,882.518354118846,139.999500001786,125.642884747669,1753.58357178669,1570.89693058954,23.4892840598699,0.526315789473684
0.882828830170447,0.882828830170447,0,0.595450785507117,0.453842904464403,988.086839201654,139.999500001786,126.938602486182,1845.79054406161,1655.78571832576,24.0015804849007,0.526315789473684
0.913185956054159,0.913185956054159,0,0.199999868662876,0.376238171794696,772.659619614822,133.999521430281,118.516867776063,1384.2711057081,1155.93615427544,26.9566944832182,0.526315789473684
0.95572368851345,0.95572368851345,0,0.964202042085849,0.54859384881105,735.97843980184,165.999407144974,111.446323122189,705.972528286333,717.149877968577,10.1543169469271,1
0.942393900017885,0.942393900017885,0,0.701154644444023,0.983458169883139,979.841409418692,153.999450001964,116.189465282134,1255.38312188405,935.400031619095,20.0594400349558,1
0.908152375857736,0.908152375857736,0,0.478743399998422,0.588162953079039,690.835654466332,151.999457144796,110.640851173189,711.197541388622,731.397528915112,15.5139628837132,1
0.724027267515858,0.724027267515858,0,0.549189616152239,0.629200275481835,812.776273699521,155.999442859133,113.946175056085,987.818557008188,740.548280088132,11.9079817944979,1
0.772458503278736,0.772458503278736,0,0.534588817815158,0.259939243841495,667.077317072626,159.999428573469,112.379557176036,808.760131359672,363.027254244562,13.3187241031012,1
0.865829334124122,0.865829334124122,0,0.64958411660421,0.78576542197245,678.18538285981,157.999435716301,78.5428388735721,20.3318362451961,860.59805123847,9.61665198654335,1
0.696545512197411,0.696545512197411,0,0.229409114341078,0.973452991586921,992.119738943626,125.999550001607,119.344320035257,1750.5734515253,1705.44231654687,47.1265782526932,0.578947368421053
0.997199567071994,0.997199567071994,0,0.641161205669123,0.785508577018391,614.076820233634,393.998592862168,-42.5207847056177,1.64502966912457e-05,829.51994469158,12.8454636613847,1
0.659129720494248,0.659129720494248,0,0.0886088667618811,0.602045714778187,764.928174913712,133.999521430281,113.880820059005,1142.06803009289,564.810134632511,32.7303018778891,1
0.83930253160003,0.83930253160003,0,0.350090215474098,0.00235017198862209,999.099171099507,147.999471430459,126.740827257504,2305.02873089734,1621.39752018491,29.1739516568122,0.315789473684211
0.97089193138019,0.97089193138019,0,0.582644845271635,0.374936822954357,756.635119475674,155.999442859133,113.983951613119,976.184945280476,585.867142426876,12.1227354064598,1
0.781012533670422,0.781012533670422,0,0.97910176775037,0.632900790952783,913.720082426409,165.999407144974,115.867280295598,1128.50456136799,805.281454250458,18.7053610493082,1
0.969487368439541,0.969487368439541,0,0.136141029145439,0.654944423063719,899.728350674201,121.99956428727,119.156704546638,1664.4295355016,1602.7372332187,25.4873379996831,0.526315789473684
0.887810221419192,0.887810221419192,0,0.0856928159774406,0.32917812589134,816.174544424341,127.999542858775,118.732533207314,1598.91746621249,1332.5742058977,30.3677961611467,0.526315789473684
0.785801314988183,0.785801314988183,0,0.877970975480686,0.0356722830989433,604.745598745862,167.999400002143,113.045527049377,809.959721713957,0,10.8339533189755,0
0.598011899999908,0.598011899999908,0,0.362909223567664,0.147588126631074,665.276687748641,141.999492858954,120.432109493257,1417.78150517242,788.033129163117,24.5707141199205,0.421052631578947
0.530933221649031,0.530933221649031,0,0.35851489096447,0.986168566381826,893.31511388251,147.999471430459,115.200733049333,1119.72647410581,649.405286320718,21.5710998570603,1
0.866071978672424,0.866071978672424,0,0.798681996326226,0.816722929108625,858.801291125645,159.999428573469,113.847822233027,949.88183671457,881.675502581604,11.2400183107812,1
0.551520099391569,0.551520099391569,0,0.526225523834338,0.277394541638318,885.854744648852,143.999485716122,127.036229955591,1966.11364768138,1472.63065845971,27.8929297403424,0.368421052631579
0.614240695355103,0.614240695355103,0,0.136453814794762,0.258436855063221,687.979505915055,131.999528573112,117.479467972396,1422.37194766479,993.114900133404,26.25298486798,0.473684210526316
0.769230590343486,0.769230590343486,0,0.640154809578915,0.56133053656942,984.685149849902,143.999485716122,127.421611408786,1769.67025082098,1530.74179075338,27.510354111473,0.526315789473684
0.88142767381246,0.88142767381246,0,0.060805953377294,0.607979751261512,673.885447675268,131.999528573112,110.922164906866,845.623558451593,730.845984621064,24.8474389513693,1
0.747234085914716,0.747234085914716,0,0.250317232118892,0.432452954182292,802.509427958921,141.999492858954,116.51719936816,1261.83471969938,567.591624397442,25.030330155744,1
0.52710276669848,0.52710276669848,0,0.179609609126659,0.440384712931046,743.847589211469,129.999535715944,117.710201286122,1462.53996657291,1259.34898730919,24.262085738142,0.526315789473684
0.857628701911815,0.857628701911815,0,0.82718309804327,0.835304336689676,906.758217244066,161.999421430638,114.941821537395,1065.31413595403,895.129452163057,13.9491841434296,1
0.926955693455428,0.926955693455428,0,0.825842782333412,0.857988733210158,683.444907216024,403.99855714801,-42.9358988340582,1.49753488147379e-05,883.583798280834,11.8082262189871,1
0.929266466300817,0.929266466300817,0,0.0307632984965477,0.0459864081706304,815.132952344252,139.999500001786,124.099185620927,1814.24792502629,1104.83352662964,29.4602952332279,0.631578947368421
0.744714358244879,0.744714358244879,0,0.358818303089021,0.314146462079009,756.535327943642,151.999457144796,114.987406573114,1079.84373304588,374.197460433454,21.9409114751533,1
0.616602084931117,0.616602084931117,0,0.646166742928045,0.153740664392665,736.511826033839,147.999471430459,121.618815451279,1560.0217930387,1111.93625708682,25.9174585337121,0.368421052631579
0.926196193209302,0.926196193209302,0,0.913364656468247,0.992530721358568,732.729505047871,419.998500005357,-40.8363131136731,1.62916837681028e-05,951.002265157739,11.3703700473087,1
0.529689269202005,0.529689269202005,0,0.0486924782504353,0.34690770727471,673.604900176471,127.999542858775,116.308233080102,1390.58668472474,990.165752277911,30.5375368371464,0.526315789473684
0.950460082194766,0.950460082194766,0,0.577075884999243,0.22801617770162,603.870344573029,159.999428573469,110.273912025428,643.873577250934,460.301472450998,19.1029895865194,1
0.822940179754182,0.822940179754182,0,0.723875632787032,0.312177948321404,832.239104178478,161.999421430638,115.873357252812,1137.40073789632,532.390036748012,16.2596480192419,1
0.999724188938667,0.999724188938667,0,0.0481995814964831,0.279753659287306,746.372917219766,127.999542858775,117.621714330181,1440.29962022589,1213.77857423778,28.0958295617613,0.473684210526316
0.678935147644107,0.678935147644107,0,0.386272542852883,0.695714594866376,892.523030528482,145.999478573291,116.395331267576,1309.32871375105,711.132815262194,25.9045314153771,1
0.700223768953191,0.700223768953191,0,0.681286967220601,0.984820550567937,716.676228231451,419.998500005357,-39.5081361635791,1.91312656363553e-05,907.619245955506,11.8788383695575,1
0.976609732134806,0.976609732134806,0,0.459010663256578,0.449014319060248,695.891991546899,151.999457144796,112.033527137659,818.464743129645,631.940806359882,11.1246626808855,1
0.891721292436789,0.891721292436789,0,0.839450314818758,0.457252702870658,768.521503846767,163.999414287806,113.354758157486,876.553364538475,666.498808887886,15.3868120948732,1
0.820702385441684,0.820702385441684,0,0.715190169090653,0.814344518775712,612.6044255883,397.998578576505,-43.4613730494902,1.45488708428766e-05,893.009944436253,14.2054963303263,1
0.751539582121777,0.751539582121777,0,0.880205622367784,0.45568922509471,991.666351873736,151.999457144796,123.036336949986,1756.06293202612,1466.23473415046,31.1102606507507,0.526315789473684
0.861365599740122,0.861365599740122,0,0.701550383648754,0.369971685801684,908.925495591441,149.999464287628,122.537873566483,1600.8958783567,1337.97421590669,26.7022749455849,0.473684210526316
0.547819019486394,0.547819019486394,0,0.144582148249977,0.0941048611089456,841.451416678574,139.999500001786,122.912066171862,2161.8737122078,1243.4547915249,29.831380118933,0.368421052631579
0.623606352177185,0.623606352177185,0,0.743373327136851,0.336649166035047,904.139443354733,147.999471430459,123.976846864878,1729.9867649609,1567.17910227898,25.7937937350394,0.473684210526316
0.915678791656541,0.915678791656541,0,0.749625256128242,0.322588382761563,922.252404706479,149.999464287628,122.94308485569,1671.43755474945,1487.58773589615,30.5701972773738,0.473684210526316
0.71431549428954,0.71431549428954,0,0.510322468940207,0.143253924947745,970.075983933478,143.999485716122,127.834397076077,2207.33235153144,1766.27056327665,28.1805049159647,0.315789473684211
0.730101994540095,0.730101994540095,0,0.263851309123979,0.795544958037691,623.772546084258,143.999485716122,101.57243163776,269.880299872656,835.075963470569,7.76095299200495,1
0.577888743840953,0.577888743840953,0,0.636726899823158,0.548982722143673,949.712793383208,145.999478573291,126.214606009196,1700.22909173759,1440.1960256954,32.41808556578,0.526315789473684
0.603255176032711,0.603255176032711,0,0.131768286848426,0.71831613643685,713.348288150739,137.999507144617,111.78780119854,855.07367665122,560.042614494638,11.6220087640475,1
0.845692726812775,0.845692726812775,0,0.193106923999154,0.604427157950102,853.508315709728,127.999542858775,118.12205746961,1527.32513174312,1398.11708760056,23.3979997503055,0.473684210526316
0.760212323227399,0.760212323227399,0,0.307391552445389,0.340723355946711,625.652167221608,149.999464287628,110.84466710914,725.751190513082,461.753516078911,9.36010248060676,1
0.834740572821529,0.834740572821529,0,0.692908316307436,0.394864224227336,805.275246439005,159.999428573469,114.812947327552,1038.36871306595,617.287785356311,12.1238825533087,1
0.743097768563385,0.743097768563385,0,0.0255011245501721,0.316853817741761,742.383687249833,127.999542858775,117.464587493411,1413.96372731568,1227.70074910631,30.9672146320222,0.473684210526316
0.96647037912573,0.96647037912573,0,0.273180522356946,0.284710785620959,742.600397365354,143.999485716122,115.54158330592,1156.11730078254,495.862785502129,23.2180797358689,1
0.60375782197745,0.60375782197745,0,0.849823769813891,0.867304341257625,822.406138443478,167.999400002143,112.092114436688,749.388768423579,723.166973119369,9.52956898037269,1
0.920459007337957,0.920459007337957,0,0.544545024133252,0.483864620988084,854.809915103926,151.999457144796,115.896121292992,1199.81761029929,665.747784948534,24.0115780924468,1
0.896016746922256,0.896016746922256,0,0.803662932545526,0.43061052261411,875.186261710801,161.999421430638,116.124630985787,1181.84985352189,645.651281249268,21.4297819435946,1
0.650771992157905,0.650771992157905,0,0.00113913494142381,0.00851256452276539,973.884799069347,139.999500001786,125.944655972659,2668.15770939802,1565.80980498228,35.9566960200978,0.368421052631579
0.557625957041635,0.557625957041635,0,0.254508786105744,0.870896332487886,765.523047041386,143.999485716122,112.511436247681,862.956620667818,610.031114887425,13.2564076943843,1
0.88197738293932,0.88197738293932,0,0.274658173153894,0.157673872254453,713.690706725595,141.999492858954,122.499123427236,1295.69266710889,1074.61818621456,22.7474955819186,0.473684210526316
0.625120546909065,0.625120546909065,0,0.102518429198643,0.305797450776424,756.030953077699,131.999528573112,118.281619955617,1568.29382081761,1171.6518219528,26.8805288604292,0.526315789473684
0.853348915094502,0.853348915094502,0,0.266005486050075,0.972981848170637,786.396649934377,139.999500001786,112.485583410928,888.126971579269,938.555144065116,11.8440776615625,1
0.694736753755866,0.694736753755866,0,0.366217570162343,0.121772761714528,759.117897104856,143.999485716122,124.873894615954,1633.57726150341,1084.44577124736,31.532863402754,0.368421052631579
0.919382927406023,0.919382927406023,0,0.948229156611425,0.581441893377479,881.43541076101,163.999414287806,115.47619126427,1100.98901682777,743.359695660241,12.6506395608315,1
0.622418739357608,0.622418739357608,0,0.945226594903734,0.272702125881907,795.078542952983,153.999450001964,119.406897737424,1417.6281447974,1248.49005958604,28.5233072785738,0.526315789473684
0.756166901217451,0.756166901217451,0,0.297377021061019,0.473574680094866,603.862868873415,147.999471430459,108.309462029724,561.677487208226,631.20269141932,6.5884789881311,1
0.722731808645921,0.722731808645921,0,0.134685037838775,0.97626386938094,769.50329358991,133.999521430281,111.594115713792,890.309684545949,906.140519761213,12.2302627003502,1
0.697493893286726,0.697493893286726,0,0.57061259701455,0.0854309899748176,704.275722384206,147.999471430459,120.326813051404,1418.00677229371,1259.15597727247,36.9795459400084,0.473684210526316
0.506110687009854,0.506110687009854,0,0.684502412848097,0.699747981545134,725.225139683342,161.999421430638,110.741847322259,664.772279502159,208.961296233544,9.77453650088682,1
0.823833145379338,0.823833145379338,0,0.574374027287944,0.896840486964829,609.250320217235,407.998542862347,-39.7447238233349,2.04180768972016e-05,926.766703086411,13.0024569355421,1
0.718168837048752,0.718168837048752,0,0.966973109316049,0.749050514557961,807.486716269929,167.999400002143,112.126631492965,745.669677047304,824.311083369313,19.7867722743891,1
0.716099472603798,0.716099472603798,0,0.921804234294881,0.317275875750546,731.965484742509,169.999392859311,113.344588269476,833.548954094048,368.655948757483,13.6512278725093,1
0.705581327751862,0.705581327751862,0,0.00706077167576391,0.220935415259373,674.594971602706,129.999535715944,116.466672080036,1350.98263156896,947.625536724454,24.1218282010109,0.526315789473684
0.598144362612476,0.598144362612476,0,0.279658080876593,0.725115446072452,724.382890422514,145.999478573291,111.759219880136,807.346317820901,568.020321069709,18.3527109194848,1
0.604031261351031,0.604031261351031,0,0.194359157570743,0.622892967594651,744.057137552162,141.999492858954,114.138353617116,961.668824877457,443.044886963457,19.0684404337863,1
0.859505523738337,0.859505523738337,0,0.405253935465146,0.930752147919561,992.503037706405,135.999514287449,120.369831119793,1694.33211184356,1354.3337257107,27.012747804348,0.526315789473684
0.565478355533244,0.565478355533244,0,0.440752315548481,0.724639065493509,771.721556629081,153.999450001964,112.610329182807,872.347123595745,492.474574112402,11.8717607119021,1
0.565289248937257,0.565289248937257,0,0.738512295426662,0.855858108814446,942.813831110878,161.999421430638,115.811955028201,1158.14110591057,641.886667278786,17.8482888328228,1
0.798590003297277,0.798590003297277,0,0.828080755027408,0.347177633220951,876.229979054755,165.999407144974,116.529836879311,1199.19358854626,568.943904035413,16.508299290441,1
0.5481325168219,0.5481325168219,0,0.335072243895602,0.763541866455081,709.752402713607,149.999464287628,110.509484639587,712.841668819162,480.803861610044,14.087637807487,1
0.816022461592588,0.816022461592588,0,0.99271348036885,0.570392376051803,609.17281854146,369.998678576148,-51.197860028391,7.47395179599708e-06,767.438044372921,11.8192367956053,1
0.853671488311299,0.853671488311299,0,0.186532899227733,0.115544213917046,615.435018062259,145.999478573291,113.868850704897,922.79123168648,149.292655729531,14.7732013316485,1
0.795184501076004,0.795184501076004,0,0.958300809113869,0.118970276574807,705.147266693455,171.99938571648,114.256789115439,898.839405092181,153.451431512128,14.6254297220503,1
0.743973092148539,0.743973092148539,0,0.24511201970369,0.210091222663635,796.531159571719,137.999507144617,123.310489508016,1586.80383007485,1284.39074573052,24.7540215819104,0.526315789473684
0.524994758104711,0.524994758104711,0,0.747464254082775,0.520095855459453,762.6722794466,159.999428573469,114.174962934453,971.134752738765,0,15.4847831428,0
0.791613731311588,0.791613731311588,0,0.86483330941591,0.0311065136341708,916.998439359506,159.999428573469,121.23205399648,1809.3677556663,1857.20616399429,31.706242145901,0.526315789473684
0.63195193516801,0.63195193516801,0,0.560020885519086,0.787939669805089,661.757980723644,159.999428573469,3.88926361603209,0.0136856514902162,704.931014520541,9.17518790557821,1
0.906169307110726,0.906169307110726,0,0.682407360623801,0.482797059903603,614.894248014672,159.999428573469,103.10450958651,285.267987427551,674.035015588925,12.3502040725593,1
0.938446412938315,0.938446412938315,0,0.512282335599883,0.23760555747559,613.161692286698,157.999435716301,110.732211393295,687.049512831421,463.541318610131,17.1155019396441,1
0.975396701265954,0.975396701265954,0,0.106139919517256,0.230909145976884,752.60181193999,131.999528573112,118.59161934714,1462.64713419656,1206.3958449082,42.3164663768223,0.526315789473684
0.928387702588891,0.928387702588891,0,0.160754897897482,0.523636368908255,894.517120882958,125.999550001607,119.64097100023,1732.99965981513,1637.42623603674,27.0280510085103,0.473684210526316
0.925474848363221,0.925474848363221,0,0.317178446145948,0.549744318506917,664.20092812674,145.999478573291,110.737015364749,727.604949509488,696.356085794427,13.2289621164737,1
0.663613675251381,0.663613675251381,0,0.614105683233517,0.927606539526868,850.724240715666,157.999435716301,113.280444572935,913.587447542746,834.507110195049,22.157148008472,1
0.999411677217659,0.999411677217659,0,0.0941076048730937,0.0383094284928653,609.255289938887,141.999492858954,114.688431185656,1050.05706641339,450.894383603662,33.6347425756341,0.526315789473684
0.615776287666751,0.615776287666751,0,0.214243814046302,0.353169805496322,806.301360156118,133.999521430281,119.9578904043,1635.86417264425,1323.03215414752,30.0369895289814,0.473684210526316
0.963617640520448,0.963617640520448,0,0.179034171781407,0.882020910492735,867.233580984263,127.999542858775,116.050775510836,1386.70541665837,1128.52809348962,38.6262648500795,0.526315789473684
0.957263979348956,0.957263979348956,0,0.571385946886986,0.963330400898832,750.322722294248,153.999450001964,109.151241342694,592.924000205391,918.066393782512,7.54366448599921,1
0.75984703736989,0.75984703736989,0,0.191736370921527,0.733197471982602,769.241682141193,137.999507144617,113.317582639135,976.452188100789,822.108803973378,26.3904990410215,1
0.752913585945254,0.752913585945254,0,0.480729977725604,0.762516884292579,822.309850441385,151.999457144796,113.672134932845,978.402916406676,846.591260672522,14.4910340661303,1
0.693143511433197,0.693143511433197,0,0.762690925765474,0.196618927156274,697.735008766185,163.999414287806,114.542487851094,979.821800854679,0,13.1505514298058,0
0.864720190523656,0.864720190523656,0,0.343110252030121,0.471018252235055,765.313774427466,145.999478573291,114.84434879479,1029.97643612996,657.988630517609,17.1925911722341,1
0.767297733816914,0.767297733816914,0,0.936457622102489,0.96682316874928,860.152327646531,165.999407144974,112.546156746322,789.97780974134,967.748671321407,11.0358505829532,1
0.893385073633267,0.893385073633267,0,0.0491098361763336,0.678310219298107,682.731762434722,129.999535715944,110.691147914083,841.682097656436,766.827526404683,19.5226124379514,1
0.692996799710999,0.692996799710999,0,0.852710737272723,0.286074583719979,811.520507095077,167.999400002143,115.889943444647,1100.70446252194,136.51308960659,12.713079493134,1
0.689392857774878,0.689392857774878,0,0.949078249605233,0.355818692895819,688.181441878954,169.999392859311,111.491042540406,681.839049506242,351.218289453569,9.28591414360551,1
0.638235633026364,0.638235633026364,0,0.708979783723314,0.447113356539312,892.612341080796,161.999421430638,116.702138074727,1251.0693852997,294.866008632179,25.48353153624,1
0.542236235841436,0.542236235841436,0,0.841451796629074,0.285584740148609,602.613933671911,155.999442859133,113.016970141101,870.142719432384,32.5644618474336,34.2591586523488,0.473684210526316
0.878496944007729,0.878496944007729,0,0.327333627802513,0.00223792373243359,664.825055152332,149.999464287628,118.318226381361,1250.29557062787,1169.44176602304,31.1292579870847,0.526315789473684
0.942953307039933,0.942953307039933,0,0.665974988070067,0.216075637428618,841.258565733495,151.999457144796,120.482901805916,1488.97179630244,1320.64195683785,36.4077376808047,0.526315789473684
0.869939733466135,0.869939733466135,0,0.955382100202952,0.341564556291935,918.988100821321,165.999407144974,117.371573168116,1290.5357800447,585.567332670276,17.6385525856347,1
0.596111781814029,0.596111781814029,0,0.587195606554827,0.895342073920487,970.473289004591,155.999442859133,116.385360347441,1274.77245768158,716.661766300201,29.5581893982271,1
0.804352442449154,0.804352442449154,0,0.612750187072291,0.812279046373744,979.471799951187,151.999457144796,117.188484841332,1406.67522201716,890.853775999358,31.2593101459877,1
0.895687085670407,0.895687085670407,0,0.88503933314141,0.347805472758411,961.062421467481,151.999457144796,122.678338805986,1732.92898667508,1548.42375033583,27.2648018353756,0.526315789473684
0.842876794971566,0.842876794971566,0,0.85288630606982,0.661943460455442,857.412486725395,161.999421430638,114.526238135179,1007.27146735856,810.028946793728,18.9829744642335,1
0.709671246064593,0.709671246064593,0,0.632023435182569,0.101457081737159,660.888582348794,151.999457144796,117.396634137146,1212.30575376848,1087.2287182399,40.7452720435114,0.526315789473684
0.704456765767494,0.704456765767494,0,0.213644259080274,0.721542242035233,686.170153965722,141.999492858954,110.538054685456,727.826925107896,758.80366055578,15.8684224462725,1
0.516610134989802,0.516610134989802,0,0.33116144024147,0.294842094155641,680.978046500894,137.999507144617,119.405625515643,1424.29245046752,933.485311744357,33.1793831446421,0.421052631578947
0.61709256866516,0.61709256866516,0,0.491744055285025,0.664903518536319,699.605823441126,155.999442859133,110.144661693409,655.71631671096,565.362368467817,12.7914017289852,1
0.57045988007925,0.57045988007925,0,0.543705794492126,0.100359982925856,697.52040633171,149.999464287628,118.732417132778,1536.94185800419,797.381793000746,35.2943416102016,0.421052631578947
0.535772683734469,0.535772683734469,0,0.614751724397862,0.0789605599608278,809.33297167813,151.999457144796,121.232152818049,1953.95928142301,1086.44480209668,34.0488276805996,0.368421052631579
0.747434825628555,0.747434825628555,0,0.14894483600742,0.309020566928949,672.116058063994,141.999492858954,114.728600125966,956.34903780976,335.085123604644,42.3751001006711,1
0.969982902624857,0.969982902624857,0,0.832978455852371,0.640391753602386,872.750940985663,159.999428573469,115.101303343284,1085.55972453834,762.487376201886,16.434980155283,1
0.819346408338656,0.819346408338656,0,0.0940846340096986,0.13466471464907,727.912294107615,135.999514287449,120.018657114925,1471.61464857145,1103.90592419057,46.7693793135755,0.526315789473684
0.613706616550172,0.613706616550172,0,0.867930886965013,0.218624300084419,692.576518805432,151.999457144796,117.879544313451,1251.80719585096,1089.05003565255,31.4572928114559,0.526315789473684
0.783274928858678,0.783274928858678,0,0.674737377185956,0.0181746972851466,981.958512623851,157.999435716301,123.302354820835,2234.32688447799,1941.57682700127,27.2043501558635,0.421052631578947
0.909381449056623,0.909381449056623,0,0.146841791077653,0.172571967111925,774.208234647753,135.999514287449,120.994955739138,1543.22748756826,1223.9824814232,24.3128871177959,0.526315789473684
0.537500984715616,0.537500984715616,0,0.899198110124954,0.22732837296259,871.260908753924,149.999464287628,123.226258674047,1903.54256103711,1470.12177282953,27.1128212083751,0.368421052631579
0.914876704988521,0.914876704988521,0,0.775413052354946,0.824600452833498,869.371935697265,159.999428573469,114.152587652182,992.273853823671,868.499528492709,10.1377570469909,1
0.807454007440414,0.807454007440414,0,0.672459602803931,0.319835814494562,774.65292906783,161.999421430638,114.564208051726,1000.82052283718,527.476799645177,18.3001624239204,1
0.670399833349337,0.670399833349337,0,0.100565241357847,0.117783108604627,827.084369542268,137.999507144617,122.892630833049,1978.42933509265,1143.43815608116,27.1109283831163,0.421052631578947
0.750921554465999,0.750921554465999,0,0.405041932204243,0.0631358241303946,630.545872936105,145.999478573291,118.659354929135,1198.18098163928,1047.87844282747,19.7684486319992,0.526315789473684
0.565798419377369,0.565798419377369,0,0.827064374872295,0.0726420397982397,679.490249135117,153.999450001964,117.913001085944,1462.32926084573,868.124783216306,49.8799369494915,0.473684210526316
0.725231163005653,0.725231163005653,0,0.988470092849443,0.666934522474506,780.623481630348,167.999400002143,111.728003428981,710.790991400661,785.181243461884,13.7535253174799,1
0.531651452291915,0.531651452291915,0,0.630431945565197,0.185410702385588,624.419231570308,145.999478573291,117.888702454771,1272.48244026754,788.614722071248,39.5147470034174,0.473684210526316
0.884865094010723,0.884865094010723,0,0.211694199529785,0.677668337095053,909.415951517236,125.999550001607,118.967836899018,1671.14561532662,1591.31479179389,27.04996491718,0.473684210526316
0.879397450660482,0.879397450660482,0,0.911270762386515,0.901699810762752,834.389066382723,163.999414287806,112.320160270997,782.366356549039,922.375629812306,11.4585418194084,1
0.723993264990413,0.723993264990413,0,0.840326513365949,0.930470734177508,964.954563158064,161.999421430638,115.830787540962,1156.33709040353,915.381427464452,10.8594123870837,1
0.695569364056956,0.695569364056956,0,0.838719535677107,0.402994500605676,607.354532912368,167.999400002143,91.0861663890062,86.1743851160529,454.913992770518,12.0002538683738,1
0.708055415727198,0.708055415727198,0,0.57311580159045,0.189760787409371,901.430754992795,145.999478573291,124.768750233212,1855.61137663948,1532.40962271635,27.8154716853192,0.578947368421053
0.707707421376666,0.707707421376666,0,0.487500899681629,0.623180478645189,923.023348276931,149.999464287628,117.037505295097,1386.48876039517,709.548249095048,40.0940791644008,1
0.577546316492691,0.577546316492691,0,0.997182895451774,0.390521311966548,817.429424462867,165.999407144974,116.143824436765,1135.38084370988,48.0104878325232,32.4835036769593,0.526315789473684
0.788612604704709,0.788612604704709,0,0.406050082496253,0.267306164699709,850.810642152289,141.999492858954,125.871185971761,1606.93181380382,1457.26609670865,25.5992023512068,0.526315789473684
0.857112685133283,0.857112685133283,0,0.316171695886011,0.13759451720653,719.744008018681,143.999485716122,122.368505422206,1313.96537926289,1130.50473521919,22.7100189231127,0.526315789473684
0.688871289279398,0.688871289279398,0,0.703919982414434,0.100128027742497,761.562937203661,149.999464287628,120.439641452874,1507.47053791339,1418.29117796967,31.9920241613401,0.473684210526316
0.856523851619829,0.856523851619829,0,0.696303880020244,0.0281905427311514,629.15527405057,167.999400002143,113.177334747751,830.148964543291,36.5743261876256,10.7656864590481,1
0.794614024273455,0.794614024273455,0,0.273375456312854,0.111728598684324,668.265935104345,141.999492858954,121.791624976478,1252.46436802632,1051.91541879827,29.3955125081059,0.526315789473684
0.813960486004421,0.813960486004421,0,0.265559714376584,0.184658427551706,756.184991269006,139.999500001786,122.765365462047,1423.79522171794,1226.84968113954,32.0135110071553,0.473684210526316
0.874999373370198,0.874999373370198,0,0.92775204582709,0.934532486180527,783.588055843206,165.999407144974,107.139401251464,432.901102468687,940.150365858331,7.28929408415514,1
0.659487414589451,0.659487414589451,0,0.110694265875887,0.0503937745165034,951.627579832873,141.999492858954,127.293103606419,2473.11435929198,1521.61522468623,27.3027007126301,0.368421052631579
0.772086547110341,0.772086547110341,0,0.596966639531763,0.954099043771241,745.712453933191,157.999435716301,107.067977046216,457.28321763191,953.008156442268,7.87535663032812,1
0.550466266537174,0.550466266537174,0,0.798850200590596,0.223384188567711,619.549230538241,147.999471430459,117.648346731843,1170.98426775896,951.958129844852,31.9578223853052,0.473684210526316
0.896212200714708,0.896212200714708,0,0.708424116685629,0.586357066678114,767.589746684228,157.999435716301,112.729153668867,850.731555779317,743.121933301207,18.6805227562299,1
0.868309644266971,0.868309644266971,0,0.77856906211054,0.178751392513738,810.039098951524,159.999428573469,117.094925167566,1288.96051101337,766.079680905536,25.0467045451027,0.526315789473684
0.584845198591773,0.584845198591773,0,0.00909414218100979,0.937442698136871,661.146626754179,131.999528573112,108.21416913721,644.056675632121,690.746672879476,10.4975986592259,1
0.987595892838267,0.987595892838267,0,0.498908351556384,0.941883614211158,912.258721120148,147.999471430459,115.675291685651,1167.63583385539,901.15332238292,13.0410654040321,1
0.835433360448329,0.835433360448329,0,0.31417052352226,0.351837196647586,734.025519136877,147.999471430459,114.545405981818,1014.05611946177,549.321935059165,30.5500936478067,1
0.703777805710616,0.703777805710616,0,0.166347629693061,0.178612181645704,746.298347876963,137.999507144617,120.874144192998,1576.30657328442,1083.13164793387,30.0158111547274,0.473684210526316
0.741171997872722,0.741171997872722,0,0.622031345566729,0.868291136327973,678.653488787187,403.99855714801,-41.1196683982051,1.8027409588988e-05,895.923309732574,13.0102819855358,1
0.924166642202003,0.924166642202003,0,0.662689409291893,0.631536154375952,768.963459728798,155.999442859133,112.600565030064,850.931790777831,759.98178050463,10.0286093455702,1
0.979486330399464,0.979486330399464,0,0.516544671232958,0.785485257804036,664.25540817017,151.999457144796,103.681212062808,322.931965305983,826.047808006951,5.07802311916418,1
0.942353514046327,0.942353514046327,0,0.817342741805915,0.385161602804966,934.166445457474,149.999464287628,122.668906309884,1647.82669038278,1376.62943424578,26.1262832211295,0.526315789473684
0.928096021591745,0.928096021591745,0,0.227049371686094,0.625593717224261,992.256890152596,125.999550001607,122.233339310361,2018.5187564767,1816.97949397462,27.2595598727586,0.526315789473684
0.699522307081953,0.699522307081953,0,0.669041810795675,0.777023105324598,828.728879439516,159.999428573469,113.337250228702,908.261508285532,805.939355963499,10.3418535369663,1
0.732612000600817,0.732612000600817,0,0.851570004643538,0.356032399279606,775.882693141359,167.999400002143,114.247779251821,932.559433332616,484.978878061383,15.2478641990677,1
0.728884897678332,0.728884897678332,0,0.52328264114451,0.60043335862228,921.852480570473,151.999457144796,117.032871423813,1373.69553365172,723.467970220284,25.3010081592852,1
0.513430687697384,0.513430687697384,0,0.404198502513403,0.314076727674937,836.368983155003,139.999500001786,124.618754187023,1867.4725456638,1350.1568542933,25.9047568850421,0.368421052631579
0.658103216078288,0.658103216078288,0,0.293557423644074,0.346933611147511,872.374466928918,135.999514287449,122.441330661691,1764.61228082094,1596.54379463872,35.7564541579521,0.526315789473684
0.816850434086388,0.816850434086388,0,0.13182040354527,0.718544145367858,827.160140915562,127.999542858775,116.433817473493,1381.30810771071,1160.13889244532,22.9127148411721,0.578947368421053
0.993955238038326,0.993955238038326,0,0.806814657038472,0.81585003601511,768.95537031627,161.999421430638,110.752142132987,675.559135222729,851.091121203749,9.98783609731142,1
0.962338495967426,0.962338495967426,0,0.264804900718773,0.944563498300862,983.162559292398,125.999550001607,119.373188424964,1742.76206108728,1700.26714108573,26.5438366525812,0.526315789473684
0.647907982521409,0.647907982521409,0,0.963092767810321,0.901350078721078,681.672509537608,409.998535719515,-44.601900010825,1.17004165687759e-05,812.743395214237,11.937611493973,1
0.880257730125667,0.880257730125667,0,0.426527727163191,0.287659192826535,601.829035650734,153.999450001964,109.959613073096,645.54439246185,497.722069909003,8.71220569910786,1
0.76239379599356,0.76239379599356,0,0.872133590596931,0.22168588439675,757.156991166922,167.999400002143,114.780937979183,972.795881806808,301.626938270924,11.082360458632,1
0.811442436020222,0.811442436020222,0,0.0578112686606593,0.190555729723333,667.421893583829,131.999528573112,116.704903973644,1242.47808458078,969.115465121149,27.3506365121511,0.526315789473684
0.727278846005619,0.727278846005619,0,0.102974021507449,0.628365232485252,977.088140525421,123.999557144439,120.545659770203,1987.1825932009,1844.4024196746,35.6399872529073,0.578947368421053
0.939315174108192,0.939315174108192,0,0.414450713095377,0.985801892427369,679.928143552525,147.999471430459,83.9843664336968,62.1499646367656,924.862553154948,13.1886959121149,1
0.565979072892543,0.565979072892543,0,0.581375421878914,0.0654381728304084,982.396618002911,151.999457144796,124.408232328136,2497.2976139454,1667.24563399229,29.8989865655943,0.368421052631579
0.765573915758047,0.765573915758047,0,0.498446033743087,0.443360455505021,964.56661199052,139.999500001786,126.368817712374,1823.05416641315,1727.80818578821,23.8251981532744,0.473684210526316
0.560407987875055,0.560407987875055,0,0.583344029678784,0.295222544385159,905.962334141641,143.999485716122,127.591743534462,1965.72930162264,1507.0161325412,38.5644833999672,0.315789473684211
0.500070893266913,0.500070893266913,0,0.979925092821577,0.468104805550182,635.566854807868,163.999414287806,111.411506752451,703.692966828398,0,19.8342892701659,0
0.877573963630346,0.877573963630346,0,0.549139714841298,0.88575584954251,706.790852595128,153.999450001964,105.59765016845,395.727470481213,901.995307945777,4.18106187375529,1
0.959711692516904,0.959711692516904,0,0.267798641134703,0.980026774148553,633.581320021288,143.999485716122,12.5450989649086,0.0411293078232872,910.859872027171,8.38035218730681,1
0.548669322935425,0.548669322935425,0,0.655182471052648,0.872739141509917,692.838550786174,405.998550005179,-42.8194125450242,1.47578359038433e-05,618.007079986178,10.9563633315203,1
0.779396911044431,0.779396911044431,0,0.995447411940931,0.245850337074772,712.089897734103,171.99938571648,113.110429131826,804.782911587658,416.276789374731,16.2968912620234,1
0.642325705153742,0.642325705153742,0,0.0459065577448737,0.784074215322236,642.555117512837,133.999521430281,108.546242421962,652.531539533624,691.688939585455,11.4638284224247,1
0.918245336726302,0.918245336726302,0,0.772820020422208,0.647404674703989,907.56689274959,157.999435716301,115.884924048975,1187.72988076368,774.328432207701,23.7310719542386,1
0.5552575951566,0.5552575951566,0,0.253570607622833,0.264044500623339,816.21562455858,137.999507144617,122.291629793585,1856.44507541719,1260.70165080309,27.7836653217981,0.421052631578947
0.689200177399293,0.689200177399293,0,0.0889441886045239,0.701920529101292,749.393629643258,133.999521430281,112.599554824126,1004.57700114592,715.227104236365,23.4711884514378,1
0.804249930671553,0.804249930671553,0,0.326289370022831,0.542134431521205,907.486593673881,133.999521430281,120.658189209035,1664.82013319684,1515.06801295509,26.4261120304684,0.526315789473684
0.706671767575415,0.706671767575415,0,0.272033672563188,0.213291303197549,786.542789137727,137.999507144617,123.69941628362,1606.26455276869,1210.01828054192,29.6760828192655,0.526315789473684
0.808758383737345,0.808758383737345,0,0.510434386094486,0.280105007674218,746.631885755295,157.999435716301,114.39087794155,1008.40385569021,457.266827294142,16.3686868389368,1
0.911151945204102,0.911151945204102,0,0.955381895966228,0.0996699353594155,772.467831252119,171.99938571648,115.782066546968,1054.50304174867,332.784608353401,13.8525194316027,1
0.957227115225818,0.957227115225818,0,0.856732897797949,0.767644115455434,620.136587987202,391.998600005,-45.112309210855,1.24981917718793e-05,832.758259498596,13.112463091891,1
0.957438377596934,0.957438377596934,0,0.310273354423527,0.186599703411983,862.116857930569,139.999500001786,124.917103770446,1712.13329068571,1419.7901407673,31.8164114403874,0.578947368421053
0.901933726678174,0.901933726678174,0,0.710867019203313,0.863542652360563,672.384451706357,403.99855714801,-41.4991038515181,1.65015055656262e-05,889.267790967765,13.6331841608113,1
0.525273939454096,0.525273939454096,0,0.725745263950923,0.779470564982458,706.855905148575,163.999414287806,101.289379932711,227.283415197674,465.987538874997,6.93983936629469,1
0.795757177863817,0.795757177863817,0,0.18157109928707,0.65892156542121,771.650833452219,137.999507144617,113.587241840096,1045.99352900638,787.930999409376,20.5708437475007,1
0.986281266250964,0.986281266250964,0,0.421968600796206,0.224671336573216,923.157740999568,141.999492858954,126.510353659592,1883.01204853548,1631.25196085301,19.942447021585,0.578947368421053
0.806349524899185,0.806349524899185,0,0.0142589888961426,0.756352787132661,698.37043430663,127.999542858775,110.614728432947,852.922383526963,833.416301978419,15.4296987444378,1
0.793214475144522,0.793214475144522,0,0.401250364248049,0.156273100140551,879.395499690046,143.999485716122,126.191693009082,1790.77365390266,1527.55764372138,44.2420247498726,0.578947368421053
0.913151493587426,0.913151493587426,0,0.106001951967146,0.235756079418173,862.734699292299,133.999521430281,120.719484368258,1796.24236543333,1341.80411427024,30.2853587834785,0.578947368421053
0.853590977354721,0.853590977354721,0,0.293219021494854,0.270497163094732,731.712291212236,147.999471430459,115.143734539983,1065.81311428354,455.682968629294,28.355903768083,1
0.736870212468558,0.736870212468558,0,0.26710299543492,0.585512639820602,958.480192178746,129.999535715944,120.747472912352,1860.47068050725,1806.91426967415,21.571045240703,0.473684210526316
0.94559809799529,0.94559809799529,0,0.294479942133055,0.228641489578412,956.969086819713,137.999507144617,124.551916810372,1983.48104812406,1697.99263544771,32.895959644758,0.631578947368421
0.775553546719036,0.775553546719036,0,0.375820485865648,0.371683226027504,962.038322705062,139.999500001786,124.435809671556,1916.59447160465,1803.18920065449,20.5361689200193,0.526315789473684
0.597335643117963,0.597335643117963,0,0.28190879517927,0.649724717942246,807.170816198862,143.999485716122,115.69174403306,1081.91576586211,472.980561278054,15.6400855348472,1
0.93496328137637,0.93496328137637,0,0.495141570219777,0.633155840346594,775.935127221136,149.999464287628,113.256544102086,933.976518728218,751.630473206223,11.4018199913362,1
0.913581513126912,0.913581513126912,0,0.346051386928664,0.430805076115264,635.483992063333,149.999464287628,110.284949052199,692.130455717685,619.689261290667,12.1970386258116,1
0.802258280898748,0.802258280898748,0,0.302308791017961,0.471434883356877,736.689605610129,145.999478573291,114.058052945239,960.535094552735,659.692570687564,17.2967977360852,1
0.830812897191214,0.830812897191214,0,0.0378082346592566,0.874828072194692,835.686380849979,119.999571430102,116.384116039872,1368.42814490156,1350.75969914426,22.6184063022162,0.473684210526316
0.918343112403718,0.918343112403718,0,0.687008369974257,0.206562264440437,619.547130081645,163.999414287806,110.815667535338,664.583868985871,438.036311698133,16.8582625894084,1
0.70597968261527,0.70597968261527,0,0.348417219817111,0.00312443236650839,662.853453908169,147.999471430459,118.699119581813,1445.91696703787,865.698314531936,42.0830754749361,0.473684210526316
0.880372374204909,0.880372374204909,0,0.275838618336182,0.694644615749917,673.15477422793,143.999485716122,109.986389919846,688.133572400694,791.708426051869,9.98217723688634,1
0.709449544738305,0.709449544738305,0,0.890786577627622,0.347142088338313,995.051904484225,151.999457144796,122.6283076624,1823.42992946099,1672.3830334523,37.8071704852117,0.526315789473684
0.737732772775122,0.737732772775122,0,0.466647111249637,0.838599113771156,888.927640832926,149.999464287628,115.213122562999,1132.42636743091,872.981514404707,24.9212393835664,1
0.96338402918158,0.96338402918158,0,0.535844686403909,0.770448511637746,909.874504954156,149.999464287628,116.109788064654,1232.93109737336,821.371519025172,31.9335714711609,1
0.878124183188044,0.878124183188044,0,0.614714026630068,0.835883228360933,710.549015223257,155.999442859133,106.41549194548,426.746299964136,880.188185692757,4.64895203041679,1
0.733864147781842,0.733864147781842,0,0.342306501590167,0.510467777468764,961.730961426874,135.999514287449,121.882806345088,1881.27108939605,1852.84496499923,23.8566710557968,0.526315789473684
0.772369812854941,0.772369812854941,0,0.38492379449669,0.973417444029144,602.568337501017,419.998500005357,-35.0857536650843,2.97143399837808e-05,952.81493790447,12.7539821503398,1
0.621051347339151,0.621051347339151,0,0.160603993789063,0.517349108321431,916.35058792029,129.999535715944,121.122662899326,1844.02908800372,1752.38834543086,28.9156468785568,0.473684210526316
0.667021646088615,0.667021646088615,0,0.286321009343389,0.242941785809136,983.737299156126,137.999507144617,124.891937172639,2334.83149885352,1814.37780435898,26.8391542871459,0.473684210526316
0.948968258844396,0.948968258844396,0,0.962339338057492,0.75159665292764,786.251916095491,165.999407144974,111.60037046381,720.194262083285,829.805453472482,11.067125148876,1
0.500283280464574,0.500283280464574,0,0.314362863437203,0.150651528523231,993.734171147417,141.999492858954,127.480195352008,2570.50689069113,1836.67213897457,47.8981343888122,0.315789473684211
0.944006226230935,0.944006226230935,0,0.851394368670422,0.847041574092599,718.807680094581,161.999421430638,54.4893543200476,2.61276921329124,875.112145099704,10.5050286148489,1
0.954787975940333,0.954787975940333,0,0.299244588687909,0.750187007147542,829.726864120418,139.999500001786,114.878394965892,1132.65003970625,802.186560582625,30.3394379807684,1
0.839675253233028,0.839675253233028,0,0.221151479205683,0.387658082333431,955.626606151115,133.999521430281,121.88194704241,2019.75605196223,1803.49701255053,23.7849267272352,0.578947368421053
0.535060364277809,0.535060364277809,0,0.315222654253188,0.0823106191508588,809.51147843673,145.999478573291,122.988165105637,2018.78087036404,1108.63843491322,29.1055771682936,0.368421052631579
0.703686390773295,0.703686390773295,0,0.258556316438806,0.0083578722080303,785.601210352379,147.999471430459,122.220599266952,1862.26232267896,1029.74102940018,38.7828277651569,0.368421052631579
0.573080510196124,0.573080510196124,0,0.224519074647714,0.035858182938347,977.015694755982,145.999478573291,127.156590403973,2615.38925639332,1661.35945687786,24.8580664077244,0.315789473684211
0.666961051978575,0.666961051978575,0,0.860703142394148,0.000312751024593605,705.388850515089,157.999435716301,118.679137869266,1502.45517168221,1159.33571302309,31.0482466251865,0.473684210526316
0.517990495716086,0.517990495716086,0,0.787983797785738,0.540565966119535,747.384430727575,161.999421430638,113.58216295889,903.161570189107,0,8.19855377903321,0
0.523221041208073,0.523221041208073,0,0.509783201568647,0.900999932472262,829.257049648035,155.999442859133,113.117775173504,907.028349595219,577.454868797621,17.9657239686533,1
0.501654760337486,0.501654760337486,0,0.0386585947599103,0.295491564841396,963.095407903903,129.999535715944,121.959159591188,2482.9834360482,2309.06243529856,21.9618722715559,0.421052631578947
0.593503271530881,0.593503271530881,0,0.387892822956371,0.464669657122877,877.715961881794,137.999507144617,123.349449334477,1665.63026964349,1550.54797407938,27.8688496855682,0.526315789473684
0.623492476186175,0.623492476186175,0,0.835571428610663,0.400734947404511,831.201456201802,165.999407144974,115.825770444484,1109.78397578687,51.6228131130973,13.9069303500599,1
0.577028165880559,0.577028165880559,0,0.421695450252374,0.570617114717185,802.313800763974,151.999457144796,114.65655104079,1062.45733074816,238.221293367228,22.9359648265482,1
0.924183124341074,0.924183124341074,0,0.771798212670962,0.914348616454993,805.719126507878,159.999428573469,111.573814148936,743.671147597014,909.648859705854,3.83244256198834,1
0.749082184947146,0.749082184947146,0,0.364247568277523,0.675026251302439,713.990649721759,147.999471430459,111.128236620052,761.357546885759,788.360726573098,6.04339708944408,1
0.684844634083272,0.684844634083272,0,0.493379572420928,0.628682210785583,794.905980573151,153.999450001964,113.60495613712,960.133789136635,674.573881493348,14.6581195606821,1
0.754516152014982,0.754516152014982,0,0.712996443972265,0.513771000667978,969.396076664897,147.999471430459,124.382871824918,1703.76995386667,1402.27138821732,23.5491695307839,0.473684210526316
0.569549209234878,0.569549209234878,0,0.898531473326886,0.901965399927902,849.925287509115,169.999392859311,112.778263897365,796.918017470658,690.537224621884,11.917656150137,1
0.947228069414894,0.947228069414894,0,0.713992440672016,0.971070583975556,752.044177042618,159.999428573469,106.115968738756,405.374160474327,929.147661976596,6.97904437491265,1
0.89756334805471,0.89756334805471,0,0.358989013748301,0.809827093896521,915.116013746383,137.999507144617,118.758109306177,1474.08429667967,968.244920579093,32.89975155948,0.578947368421053
0.512610314118254,0.512610314118254,0,0.227829699462117,0.969788138710943,865.548147774048,139.999500001786,114.969794489351,1134.10347398378,590.042104232296,17.7321734844954,1
0.614194485199707,0.614194485199707,0,0.127606318842055,0.733803313812483,860.436493498871,127.999542858775,117.50152005962,1498.6609461426,1339.52838751452,25.9190437085233,0.578947368421053
0.670233514453259,0.670233514453259,0,0.200783928630793,0.541035312853687,820.020471972924,133.999521430281,118.467006789891,1424.3170360292,1162.56531967347,30.5535640870961,0.473684210526316
0.660840414815285,0.660840414815285,0,0.056161750463642,0.63525008619055,876.578941487107,121.99956428727,118.906638770293,1620.54040472663,1562.16128377657,33.6222212849128,0.526315789473684
0.584377914152621,0.584377914152621,0,0.534675738136542,0.978603216221739,727.79007863702,157.999435716301,102.025732507021,258.510151777734,745.079503681074,8.88611913659362,1
0.54839019256294,0.54839019256294,0,0.241585009599342,0.420365266602392,700.144937500688,133.999521430281,117.451842948341,1280.02189739156,1030.18299458672,25.232314055736,0.526315789473684
0.617814453185029,0.617814453185029,0,0.797702100334291,0.827916552123207,839.514747466825,163.999414287806,113.161948436837,856.128608121998,719.23526998302,12.1011193487008,1
0.575458224849137,0.575458224849137,0,0.509556920624085,0.179088959418592,803.014119915814,145.999478573291,123.905674492588,1820.96001340115,1191.34700366243,19.1680385900309,0.368421052631579
0.869069678066657,0.869069678066657,0,0.322155250928187,0.831026128093785,861.260966583094,141.999492858954,115.377353924613,1164.00229175139,868.39160742736,31.6909323366734,1
0.838895426448161,0.838895426448161,0,0.979645011991554,0.0362692626162661,731.875470826209,173.999378573648,115.554312405268,1006.11131150912,81.1810600417532,14.2510016757894,1
0.568329499912716,0.568329499912716,0,0.343316709757372,0.040236822953979,701.062418093783,145.999478573291,117.859741279952,1596.91252969272,569.28303710717,21.5490656222158,0.368421052631579
0.792834227772474,0.792834227772474,0,0.61435969184745,0.937635479508569,831.049533647962,155.999442859133,112.625382010805,861.104389121209,950.908537030034,6.83247045616403,1
0.644001540489275,0.644001540489275,0,0.000759917408269306,0.739305126564132,656.377457730401,129.999535715944,109.52334132413,744.516471604762,657.765228559799,18.1455738263592,1
0.931943625514217,0.931943625514217,0,0.0941157610840506,0.561866260839865,613.212236089823,135.999514287449,109.142041280325,681.773429627038,691.634619178821,8.37387391918969,1
0.86001160569716,0.86001160569716,0,0.30138630893123,0.969130274617343,937.198584079062,133.999521430281,117.566634603431,1490.21946970669,1090.5304241243,20.8770073152353,0.526315789473684
0.540612970538341,0.540612970538341,0,0.584645015843305,0.376347389288745,683.870211896419,151.999457144796,114.212935068239,1000.12326597843,122.560198565685,27.3231145892366,0.473684210526316
0.733198854274326,0.733198854274326,0,0.292236740708525,0.589925030361474,793.594637194285,143.999485716122,115.610931694591,1060.80609466853,708.626102602949,26.7676485635166,1
0.950518154712047,0.950518154712047,0,0.262643677994681,0.685946602695646,980.49706689719,125.999550001607,121.358942642888,1898.71186660541,1776.79425632112,23.5612108139647,0.526315789473684
0.654271424028127,0.654271424028127,0,0.311995981809099,0.674665896559595,977.128479247446,131.999528573112,121.059668945582,1847.6467517077,1844.83245116962,29.3821984161588,0.473684210526316
0.558915960516269,0.558915960516269,0,0.87975336150396,0.704507365325161,972.247855497116,165.999407144974,117.036281688412,1273.5844659037,485.64040924826,19.4720808785098,1
0.706800646020976,0.706800646020976,0,0.119324283809919,0.152486092862043,806.218677835819,137.999507144617,122.17071185873,1810.80197597134,1114.20742296792,37.9777824126193,0.421052631578947
0.841339014811919,0.841339014811919,0,0.363714082475983,0.862524208074866,740.80875394359,145.999478573291,110.884681604974,751.862938788428,896.115045069787,11.5752129490787,1
0.573745574453793,0.573745574453793,0,0.920111058365234,0.971790724341685,663.062285246164,417.998507148189,-43.7457366242136,1.2082170604711e-05,740.426819315919,12.5691268060856,1
0.993934193352985,0.993934193352985,0,0.104126090523831,0.653477492306467,812.938079465527,123.999557144439,116.990872641574,1415.64261364142,1315.16351881473,27.3199370719507,0.526315789473684
0.504727625650655,0.504727625650655,0,0.880578724250158,0.127630318367147,733.103558584218,153.999450001964,119.22960862381,1639.37619351097,888.140754060651,33.9154103329408,0.421052631578947
0.655146848003739,0.655146848003739,0,0.132521680486445,0.923034955599313,728.081676605732,135.999514287449,110.680181737898,793.699107632054,798.92711443685,9.64576258302377,1
0.883955415884295,0.883955415884295,0,0.0631267539449655,0.120624181278309,673.26635093296,133.999521430281,117.661632506131,1307.41121026357,1047.77954644029,40.7671107039032,0.526315789473684
0.97356434630083,0.97356434630083,0,0.193970799004924,0.59581227110097,934.10202018364,123.999557144439,120.028684409665,1823.32605496178,1696.59059734538,26.4795485647182,0.473684210526316
0.793954885108388,0.793954885108388,0,0.374719855644487,0.927557943378762,946.560197335389,141.999492858954,116.758001173643,1385.4315098702,936.262041548489,32.2839420620179,1
0.895997084444206,0.895997084444206,0,0.460729427172956,0.946373464818695,799.969413352103,149.999464287628,112.158860352926,850.635658854333,920.55918590144,10.868741972221,1
0.509950087163207,0.509950087163207,0,0.301170549430817,0.928266918234476,695.303905065857,147.999471430459,107.786694000302,531.299025183232,553.075920259359,7.38381677296802,1
0.629472571158738,0.629472571158738,0,0.601539653802035,0.33619048682088,789.62612188361,147.999471430459,121.48940271178,1400.12198570145,1158.26002069803,27.4551019708452,0.526315789473684
0.765182233020531,0.765182233020531,0,0.1440987919731,0.772058705142507,875.554894141624,125.999550001607,117.492026564081,1505.96137475458,1389.20285702849,25.2158457615488,0.578947368421053
0.93732790897024,0.93732790897024,0,0.820119035131983,0.43076107360819,655.044502199002,163.999414287806,109.126534818653,549.543507903117,639.682350901884,14.3568052065166,1
0.814166660758698,0.814166660758698,0,0.899222598273413,0.772532791052431,958.447051474496,161.999421430638,116.264898399448,1206.60622678123,879.508875366891,19.3421447656408,1
0.986676731632714,0.986676731632714,0,0.230217403528999,0.972873056173344,660.484857894989,139.999500001786,105.505482152286,438.548617823442,902.186115173014,7.85952944459989,1
0.957041431272855,0.957041431272855,0,0.304053393750315,0.887487137540357,635.066159357885,143.999485716122,93.5795926017079,126.779366932709,869.971034854279,11.5488930709305,1
0.912571683294331,0.912571683294331,0,0.313671701753407,0.628991503360754,786.974082407583,141.999492858954,115.367313694623,1037.92897001895,746.413874254909,19.6330811666969,1
0.94938570747204,0.94938570747204,0,0.856658455623391,0.0381554038770088,909.569710981133,159.999428573469,120.372455503589,1696.24372955189,1731.92901090765,39.8813108679317,0.473684210526316
0.736372898203189,0.736372898203189,0,0.160108441191957,0.733280365872545,619.232456127704,139.999500001786,106.952504924883,518.915549553994,802.805275698098,11.6926275073799,1
0.982086248022508,0.982086248022508,0,0.593570449429478,0.595469139376663,626.354485945147,155.999442859133,103.215669179678,299.656878499121,726.857308624119,5.30770499541024,1
0.700222006589903,0.700222006589903,0,0.785041228881382,0.854081446844206,738.60722077221,163.999414287806,100.195673653123,209.459440071517,850.945141503869,7.44189234541826,1
0.895226211926446,0.895226211926446,0,0.894446172669516,0.866644785126912,876.170348001724,163.999414287806,113.945557924826,945.284174920462,899.365851291383,9.62403637422531,1
0.693241761827934,0.693241761827934,0,0.233014381246015,0.764525934576549,701.863205205904,141.999492858954,110.762771854639,740.999837840084,771.227439646519,12.1118821559936,1
0.500508366869193,0.500508366869193,0,0.319139059806808,0.887473969354376,970.687904058732,135.999514287449,121.07699958405,1694.45994668395,1442.47633799859,29.0085702622328,0.473684210526316
0.730682454442653,0.730682454442653,0,0.605571242642574,0.325860450925608,850.304568997738,159.999428573469,116.39157712633,1221.35829691425,391.294008544775,29.0194296249338,1
0.791778962601973,0.791778962601973,0,0.0124489208530347,0.0180101086911271,828.964652349439,139.999500001786,124.381176936258,2011.80550300676,1013.53577881691,33.2876412114281,0.421052631578947
0.597363247666553,0.597363247666553,0,0.428529996286208,0.830426880512994,936.619980164176,147.999471430459,116.516803905097,1337.97696593669,667.87102733011,28.6972598116092,1
0.737586289053571,0.737586289053571,0,0.284040762278258,0.468081598745317,615.740329563582,147.999471430459,109.112602933851,614.980167322622,598.971154273071,8.11594153404565,1
0.509573852820899,0.509573852820899,0,0.410572468752742,0.809518302287416,713.270933459981,153.999450001964,109.913373549726,650.796857120283,421.203574357208,10.6031871904309,1
0.725503891209346,0.725503891209346,0,0.280693314970998,0.980830275192963,721.070468426384,143.999485716122,109.301444486898,648.221024829338,918.203929901479,9.61647518556833,1
0.907582164008234,0.907582164008234,0,0.0815610842432916,0.895059428689594,700.245899836015,131.999528573112,109.862720050967,769.030427662678,872.697215272631,12.7529982471155,1
0.626786297196425,0.626786297196425,0,0.684813220805678,0.568988998517271,685.504762347528,161.999421430638,109.565329031589,581.783597208276,485.740010405086,8.77489777569602,1
0.960050422057232,0.960050422057232,0,0.156369978560706,0.347210125989707,935.684238521834,129.999535715944,121.008858839005,1978.6282213096,1631.63452021601,27.8993573828847,0.578947368421053
0.664206557381463,0.664206557381463,0,0.478460281548033,0.626375487361568,749.363350041694,153.999450001964,112.321549981287,839.417512353483,630.646974249136,20.1073752189507,1
0.872791999274473,0.872791999274473,0,0.906296157473793,0.981718393281228,945.642667882163,163.999414287806,115.171075345527,1079.95413679488,962.292312271663,12.5999889093105,1
0.952495587219796,0.952495587219796,0,0.0650461916457431,0.826760053039657,679.939842080437,129.999535715944,109.636591298718,754.795160392226,828.233767221559,12.8423331767867,1
0.958841942927836,0.958841942927836,0,0.445254865783962,0.574344656770233,665.002991166017,149.999464287628,109.855370220441,659.495793426584,711.131909787157,6.15258359590385,1
0.691219011335989,0.691219011335989,0,0.678612518539518,0.91461265827184,668.005463049402,409.998535719515,-41.2827412399618,1.66446475200789e-05,865.321046949821,13.6076811343053,1
0.954525400676339,0.954525400676339,0,0.62651684452051,0.408822735947764,661.371425783861,157.999435716301,110.579534033175,672.28652331656,613.701270157726,11.910814991008,1
0.969830682582484,0.969830682582484,0,0.725380174628482,0.723307064190794,937.002432668224,155.999442859133,116.279520435328,1252.42734011962,803.390450258928,26.0610803828845,1
0.850526967371806,0.850526967371806,0,0.06587951283057,0.250858502211273,614.11212110612,137.999507144617,112.544230074356,873.198924585155,403.165439626034,17.2184432739154,1
0.54183157714535,0.54183157714535,0,0.801979525013186,0.0590978229850747,854.507155359272,155.999442859133,121.795850947431,2080.2551053998,1218.52919543409,34.4463519475658,0.368421052631579
0.875764153892268,0.875764153892268,0,0.731707993791429,0.0692296247611328,969.052394029033,157.999435716301,121.591020750881,1916.84367336297,1979.03626171381,27.1326678805483,0.526315789473684
0.521917280311075,0.521917280311075,0,0.485733597132367,0.89585868715435,844.946087784517,153.999450001964,113.654987007651,967.08817827289,566.55424803913,15.6255570628083,1
0.677580335470354,0.677580335470354,0,0.436395964424522,0.849179622790461,632.482368420883,401.998564290842,-39.3462331513783,2.17950855930724e-05,805.963573454621,15.6601876302538,1
0.579605583165612,0.579605583165612,0,0.890312498286143,0.664741533599326,694.64756349197,167.999400002143,92.41751892506,130.468676948593,496.075829044581,8.74570706986766,1
0.899469008995921,0.899469008995921,0,0.735677512944879,0.532091572094528,636.882680110707,159.999428573469,103.738835000347,304.506055731179,710.06745221277,8.84215626999788,1
0.543870996324922,0.543870996324922,0,0.506387879734535,0.110969274266823,941.444442042056,147.999471430459,124.881158406528,2365.05513097945,1571.00187520347,24.5148331586858,0.315789473684211
0.865464185302153,0.865464185302153,0,0.954726302835562,0.538656385558069,956.735338604064,163.999414287806,117.180699341459,1307.44641456442,732.577111577775,30.4947250837813,1
0.936695354500628,0.936695354500628,0,0.564631008839251,0.446744057945154,754.570119950516,155.999442859133,113.515146622104,937.76644110406,638.581969002856,12.9053919859582,1
0.988205588773212,0.988205588773212,0,0.497760827551223,0.488514698037663,939.532648250042,137.999507144617,123.531893741487,1756.13017103445,1649.07782440968,28.0305952987095,0.526315789473684
0.814528021353373,0.814528021353373,0,0.986989853475753,0.139101502289222,602.872260518274,171.99938571648,110.341379470944,594.048815955812,271.947469310662,18.751112326703,1
0.821536968516889,0.821536968516889,0,0.194126185305294,0.389085991739289,968.742587006157,131.999528573112,121.979580660209,2070.97456293682,1809.85900899843,26.0814181314495,0.526315789473684
0.643685901729008,0.643685901729008,0,0.769425813161283,0.3736499542061,645.604120664637,165.999407144974,110.549418654634,635.21016663956,88.3394160707657,6.64904649898615,1
0.586957520758696,0.586957520758696,0,0.287368156620203,0.283820773438574,976.17279097392,137.999507144617,123.175832563889,2280.81987267121,1847.67688479932,28.4084020814978,0.421052631578947
0.754118355011135,0.754118355011135,0,0.983149148002792,0.2344857856402,973.340625851154,157.999435716301,121.304298518006,1760.51162223123,1651.3244998358,20.1085207836464,0.526315789473684
0.637633798287062,0.637633798287062,0,0.715883276702819,0.681744225232058,657.376518885614,163.999414287806,-2.09938054224429,0.00689145661809118,642.003169753754,10.4306353868103,1
0.821489673397763,0.821489673397763,0,0.182702675717868,0.366541603180617,706.088410217897,141.999492858954,115.094441969746,990.841480720376,550.415405940876,36.4122172761408,1
0.621625162965828,0.621625162965828,0,0.99664670121126,0.917690670588095,906.875210183375,169.999392859311,114.329772123315,935.121925542753,785.452828735925,19.2379091969793,1
0.823786054848524,0.823786054848524,0,0.991759043107701,0.0947308617684259,665.866651871264,171.99938571648,113.213838920011,801.453940328096,194.310630734116,17.2533544050805,1
0.889932805336647,0.889932805336647,0,0.367523670760888,0.0715380661662481,758.470587555215,145.999478573291,121.268412475291,1429.95884072483,1338.70373137012,29.1250575275984,0.526315789473684
0.520931040982474,0.520931040982474,0,0.852324588579483,0.30399654655921,837.918892707515,145.999478573291,125.391066794023,1740.72135442713,1441.76440534552,18.5237044819726,0.315789473684211
0.644896104090652,0.644896104090652,0,0.309437731006688,0.564460846464204,688.366147129534,147.999471430459,111.379387163549,775.29150166761,497.313810331559,10.6817119876441,1
0.834039861669756,0.834039861669756,0,0.605123583425725,0.79309072817364,618.862404484498,393.998592862168,-42.4313383985825,1.67946684120554e-05,874.081981437531,12.5301974928594,1
0.560611516220289,0.560611516220289,0,0.599239164372379,0.566094112449101,743.387342713997,159.999428573469,112.749205459103,848.822632615364,145.981283208951,10.5724609923403,1
0.882698932995849,0.882698932995849,0,0.584404763172632,0.215610133774612,998.227981925987,149.999464287628,122.953735770742,2038.599261746,1925.11267049293,23.9974776465363,0.526315789473684
0.662135414315655,0.662135414315655,0,0.620049521203031,0.73446962689342,854.795406919669,157.999435716301,114.371226538383,1022.84611635424,722.31096552738,16.5529717932596,1
0.826821102635031,0.826821102635031,0,0.589462776989114,0.325176618859686,620.404710382547,159.999428573469,109.627242462884,596.852594775119,537.280214780002,8.30105232248037,1
0.936921071994331,0.936921071994331,0,0.676267273686103,0.949707117518444,652.865977348425,415.99851429102,-39.2664956692073,1.98941827638313e-05,919.746426758838,14.9963668941596,1
0.579719348598849,0.579719348598849,0,0.364614211057789,0.993098856082383,676.87018313287,151.999457144796,15.976661065931,0.0539970850640579,736.702174612677,7.8722623886627,1
0.709991893643956,0.709991893643956,0,0.77448717528876,0.427580002399834,868.393755208433,163.999414287806,116.056787957238,1155.1172776942,529.536735970961,22.7529904515102,1
0.989451830406744,0.989451830406744,0,0.110808610120133,0.851210916512204,614.504735823423,133.999521430281,105.77960595019,475.93589592693,837.81525045722,6.29627534389166,1
0.666773989112038,0.666773989112038,0,0.692599546085648,0.0939410981540962,953.143612269883,149.999464287628,124.249417151938,2121.3770501477,1630.03851548558,31.3806819624556,0.315789473684211
0.735475585485907,0.735475585485907,0,0.722656770080846,0.682015555864655,612.515502658477,379.99864286199,-46.416556155304,1.15752538305293e-05,795.84251853619,12.1217603823701,1
0.503292420180165,0.503292420180165,0,0.309156802853103,0.945416343090485,976.109273045358,135.999514287449,120.478869383708,1656.32899231121,1302.23253888847,24.8730617573144,0.578947368421053
0.821262474064136,0.821262474064136,0,0.553372929789817,0.66368491394292,966.219952267759,139.999500001786,125.420695059064,1696.6423030145,1410.63447023721,26.131623753207,0.526315789473684
0.532918809234687,0.532918809234687,0,0.398446160464222,0.164694266966744,845.038291970981,143.999485716122,125.11544372451,2047.23341500641,1336.16801715098,28.0970603633445,0.315789473684211
0.951500273138644,0.951500273138644,0,0.689027021485288,0.450376459896917,727.814470128019,159.999428573469,112.479946751341,821.799545887875,644.748055538332,11.4577455793604,1
0.677049950606161,0.677049950606161,0,0.192399938263364,0.182233861759418,684.045086273174,135.999514287449,119.352822433214,1407.23236593105,982.658165120142,28.9519403916288,0.526315789473684
0.694546576229624,0.694546576229624,0,0.957124942515596,0.233037998949856,798.17730535395,167.999400002143,116.179253029367,1111.14202247085,21.6789786846586,15.1812811661595,0.526315789473684
0.578017241798987,0.578017241798987,0,0.419465367454735,0.855806906123955,601.765016565974,401.998564290842,-39.7700558190995,2.01484656866743e-05,650.469379329325,14.4463880716926,1
0.54891952648821,0.54891952648821,0,0.933113093743654,0.291344152412518,990.401492237678,149.999464287628,124.482784971451,2242.36957286768,1953.43246955622,19.6093215161253,0.315789473684211
0.734185281537663,0.734185281537663,0,0.920480117100601,0.881417634137321,768.192652425462,167.999400002143,103.329548372416,278.291039255773,905.850176736743,8.52001358351774,1
0.881266606613178,0.881266606613178,0,0.422979351923603,0.19764631435903,954.93407964751,143.999485716122,127.026652896802,1987.9369966394,1629.59390313524,30.8797866663638,0.631578947368421
0.677477557315254,0.677477557315254,0,0.907937540932835,0.487738633926165,609.569176510221,361.998707147474,-53.9301068432938,5.83727705928683e-06,536.979426385085,12.6498211733134,1
0.683821024627108,0.683821024627108,0,0.65889229993747,0.383664530380227,677.528047116444,161.999421430638,111.473348384026,719.200826411826,346.061348748064,9.43390920334225,1
0.75546796328294,0.75546796328294,0,0.864703351988198,0.450938318508797,752.204049411431,165.999407144974,112.742061156511,803.064095511496,645.482585093905,8.77082184283988,1
0.831166057367696,0.831166057367696,0,0.486110152825355,0.561369155470547,626.624913809089,153.999450001964,106.172612298148,423.569342258966,736.830940817591,12.4592159575901,1
0.970794104396307,0.970794104396307,0,0.520002173832548,0.76573539096547,660.251888815881,151.999457144796,103.678346975234,322.106552976676,817.370699184641,4.6866964143693,1
0.869624243522104,0.869624243522104,0,0.232902528373605,0.485522972408697,670.928963790493,143.999485716122,112.268614503462,812.341823869593,662.114276722144,11.1302654808621,1
0.887017906860984,0.887017906860984,0,0.254365850109122,0.402105656357544,684.644560505686,143.999485716122,113.418345869639,886.144351293536,595.227556284367,8.55535155657183,1
0.624169463023498,0.624169463023498,0,0.0266942886137408,0.0420369478425294,639.632285580387,135.999514287449,116.030532145662,1431.9314206449,348.103242050734,36.8488855634835,0.368421052631579
0.703254036425895,0.703254036425895,0,0.103696523323962,0.484512826773176,746.428636128737,135.999514287449,114.252907965159,1137.35014770243,527.759305551751,38.7558856454053,1
0.624523015542227,0.624523015542227,0,0.244433437287677,0.842465688678996,605.072978094609,145.999478573291,-11.0565541018309,0.00264491514063644,712.597755096022,9.88086740930839,1
0.995761202028646,0.995761202028646,0,0.0988271258173181,0.981409304706574,825.775832211931,125.999550001607,114.215566175779,1218.96473095602,971.511437390291,29.5484697154637,0.473684210526316
0.969506739374659,0.969506739374659,0,0.152931624509597,0.523855117632967,830.952245815153,125.999550001607,118.171490420192,1524.95822028248,1429.10009329253,33.681104452884,0.473684210526316
0.505100301964674,0.505100301964674,0,0.641458109771245,0.900729841235004,825.252967664284,161.999421430638,112.711812909889,834.611226934551,540.169571260926,9.40426353068055,1
0.770588225469323,0.770588225469323,0,0.883890969745651,0.736389136219388,642.52652173941,389.998607147832,-46.3092169670867,1.10878567070004e-05,857.650464591286,13.0804535468562,1
0.964331675881653,0.964331675881653,0,0.0979041810005931,0.928912250785701,788.860861676634,129.999535715944,112.637713841575,1055.96883688716,876.447142749158,24.6398615465285,1
0.612712499039344,0.612712499039344,0,0.98755168259308,0.197766004137597,692.310020699542,155.999442859133,117.374093283125,1241.64317609254,1106.16798149188,27.7916904193563,0.526315789473684
0.852136110093465,0.852136110093465,0,0.549679812737562,0.524337302661062,865.919473048025,151.999457144796,115.861866045726,1195.0270274248,709.413092567969,28.5788005358065,1
0.634640641127497,0.634640641127497,0,0.483608727975385,0.461594370340446,692.073790080541,155.999442859133,111.890375324211,787.937495895493,271.874184259601,12.2806915345888,1
0.824914655963671,0.824914655963671,0,0.324370643204819,0.705730763400531,769.052671323462,143.999485716122,113.757127952081,934.288883527131,818.721416445947,15.4039599748974,1
0.977564942028517,0.977564942028517,0,0.415468387079444,0.763291779368099,850.923090031954,145.999478573291,115.805750851788,1113.3150235987,810.682176195512,33.2393245445863,1
0.947558614573549,0.947558614573549,0,0.845508715943673,0.25688718756254,821.580464793305,165.999407144974,115.906772714061,1121.39303296611,504.90237847983,17.3125494705131,1
0.99839466343035,0.99839466343035,0,0.775804996706092,0.0881912609764613,819.221935241451,157.999435716301,118.656729196399,1433.39056600955,1358.44385457214,45.2440870328561,0.526315789473684
0.959244846761595,0.959244846761595,0,0.416244703416408,0.0153980980591384,969.149611261731,151.999457144796,123.070250292939,2139.1879698143,1874.95477114662,22.541986092058,0.578947368421053
0.735367213524552,0.735367213524552,0,0.953482725367151,0.155267416938142,638.001886327951,169.999392859311,112.540593692894,762.281211513002,0,12.3517352287664,0
0.605378145173964,0.605378145173964,0,0.41126243664684,0.0760702909491919,647.893139416833,145.999478573291,117.686291615852,1396.70410520854,643.967068098581,25.5734279458559,0.473684210526316
0.588909869948112,0.588909869948112,0,0.984093530577157,0.622731700786885,735.746395764852,169.999392859311,110.173464992366,588.470785943633,473.929541524513,5.84909204817691,1
0.923267375176375,0.923267375176375,0,0.871445888317128,0.8525855464568,709.387053455529,401.998564290842,-43.2623796133183,1.38794277720206e-05,883.374943529175,13.7998171057275,1
0.79912609445752,0.79912609445752,0,0.493329650510809,0.748044443081313,689.139464586301,153.999450001964,108.190592055712,535.824312599433,853.008709722925,5.91142387025522,1
0.914439477702218,0.914439477702218,0,0.477516528626535,0.84072186344279,603.358209777156,401.998564290842,-39.1437531411762,2.28056946157545e-05,864.90662738924,14.6971303233744,1
0.560170367795058,0.560170367795058,0,0.46872488702491,0.0590093659261319,817.447051168013,149.999464287628,121.648527765827,1995.10323282538,1108.31637696649,34.4202106698722,0.315789473684211
0.643671755765565,0.643671755765565,0,0.542640848274071,0.796007697406438,795.677600994283,155.999442859133,112.526585077918,851.145054497559,728.761714576191,19.2515807359292,1
0.660877203695789,0.660877203695789,0,0.366764349760439,0.531619213853534,768.405872588089,149.999464287628,113.970885876938,989.922850133842,502.826135479117,18.7333372409141,1
0.547436601252997,0.547436601252997,0,0.344957216351424,0.0896733218555532,934.359238463672,145.999478573291,126.092096854808,2412.1272448804,1565.18014186569,25.2886144330979,0.315789473684211
0.819787696029642,0.819787696029642,0,0.495023905916817,0.995655999264856,954.138516966913,147.999471430459,116.223145592696,1245.02060489637,969.805949521062,21.6024666419745,1
0.585615281731671,0.585615281731671,0,0.0781921230775963,0.633685311917091,689.62685265294,135.999514287449,111.590613843506,865.342586119074,373.69528452479,20.0570307974364,1
0.960135258037466,0.960135258037466,0,0.557375310755784,0.84567582401214,800.610046630925,151.999457144796,112.525552567563,869.345926807497,860.501234126373,11.3547774468022,1
0.897935159829811,0.897935159829811,0,0.160370259460774,0.652291518235047,627.702518746176,137.999507144617,108.709845526186,634.871702763784,756.727636708206,19.0692381412844,1
0.825581820696736,0.825581820696736,0,0.513718727732617,0.3310042630037,777.660518870226,155.999442859133,114.809749630719,1059.18772708739,538.560084179165,19.9742518197458,1
0.707394681572332,0.707394681572332,0,0.0944672605955053,0.333607353746553,638.000888291145,139.999500001786,112.887542118976,887.936894782329,200.966221016531,16.1258070004068,1
0.530494202918173,0.530494202918173,0,0.887428570798037,0.00711512522065727,848.676944369662,159.999428573469,121.722427336605,2104.69176547627,1090.07093229307,27.6390885992551,0.368421052631579
0.753715253624424,0.753715253624424,0,0.618719714819158,0.896558348427133,936.895322997831,153.999450001964,115.601092470337,1178.28609714678,918.48194062718,10.3996799064622,1
0.568018323850605,0.568018323850605,0,0.447251275069364,0.34151455213113,998.530647433908,139.999500001786,125.941871478772,2240.55440562774,1839.1680658015,26.2514255363017,0.368421052631579
0.992129853609974,0.992129853609974,0,0.421629505665535,0.858121413539641,974.729448937439,133.999521430281,120.505243796289,1706.43469016693,1486.34954407151,25.9277551356806,0.473684210526316
0.725829533310779,0.725829533310779,0,0.142120973284571,0.764640357064717,899.131876892194,123.999557144439,118.588974743371,1612.18590518259,1601.67135536096,25.5941610851006,0.578947368421053
0.916322648037024,0.916322648037024,0,0.735276262246556,0.199037867614485,889.080640267393,151.999457144796,120.786154860744,1610.02819012035,1504.57737400992,30.4782355642102,0.526315789473684
0.781827349475049,0.781827349475049,0,0.381061518622699,0.917276165923026,692.162581838025,149.999464287628,106.081565841208,436.576507161925,930.370447297253,5.65273516888331,1
0.966442985840189,0.966442985840189,0,0.587659326935507,0.504591887263499,761.025681949501,153.999450001964,113.320140034335,923.941144730259,674.281363787908,14.6759344144442,1
0.833919237056757,0.833919237056757,0,0.24607391394128,0.347131945650761,845.092757134502,133.999521430281,120.519735762431,1602.40305010323,1453.19021501243,25.9080281153946,0.526315789473684
0.886543918943474,0.886543918943474,0,0.431579473776275,0.37528554714259,690.96911155252,151.999457144796,112.381208487688,843.591290128747,582.957998727509,9.11346034407121,1
0.635639512535983,0.635639512535983,0,0.579716680651965,0.83438480226728,786.369038272794,157.999435716301,111.84495942323,780.829921990084,742.405493103035,16.5710491902376,1
0.67351597437716,0.67351597437716,0,0.741513905354622,0.522691031270411,790.837916768442,163.999414287806,113.719728297255,913.58414391378,558.337135859893,16.0989658304188,1
0.743435339681418,0.743435339681418,0,0.198851087528187,0.78384055625037,666.352775717343,139.999500001786,108.944826580872,636.759516359935,838.321666702132,7.54471753924928,1
0.89727812171283,0.89727812171283,0,0.504893518706371,0.667099102907575,771.149218787522,151.999457144796,112.80370166356,894.335632309733,781.186881864782,13.8460817319108,1
0.550282596502383,0.550282596502383,0,0.378658671884701,0.0964423265117864,964.683477163006,145.999478573291,126.318820615468,2475.87482695343,1672.6559558054,33.2099977665802,0.315789473684211
0.977486515211589,0.977486515211589,0,0.167723616311243,0.361487658901359,832.54037211232,129.999535715944,119.066780965912,1609.64932047188,1447.84344917061,25.3443460083077,0.526315789473684
0.61433695296212,0.61433695296212,0,0.804714158013491,0.386579648336684,959.763160831062,149.999464287628,124.027403111971,1824.4684428655,1661.04689252689,30.2270875202278,0.473684210526316
0.572535952554126,0.572535952554126,0,0.641294468913496,0.541406230256311,898.073699272266,157.999435716301,116.584778897573,1267.72791515982,159.211859515669,27.2547838764608,1
0.919071228130119,0.919071228130119,0,0.950874876020684,0.245717846812899,894.556476113096,167.999400002143,117.397026427512,1281.82757862357,498.520585793692,17.87148286674,1
0.631294673219005,0.631294673219005,0,0.1771008762099,0.452995797258069,894.234188708195,129.999535715944,120.020774332059,1768.93490756796,1550.21408890206,22.7602434739463,0.473684210526316
0.940009015436467,0.940009015436467,0,0.0776120666283261,0.575558619714676,727.365651226996,129.999535715944,112.891850789573,1057.59662687251,697.474914403945,25.3376126428135,1
0.896813113122155,0.896813113122155,0,0.368959761471558,0.0303559979703822,985.712634977831,145.999478573291,126.112723771787,2055.94197499175,1596.76336013539,21.0503702509806,0.526315789473684
0.954386842522947,0.954386842522947,0,0.941646709731088,0.787384434655505,916.125036272655,161.999421430638,115.336323462299,1094.99773093106,846.272047141279,11.0425039966314,1
0.69855638871549,0.69855638871549,0,0.225517712023988,0.137468092935393,722.420814135383,139.999500001786,122.477435505375,1544.30746064248,982.686735953385,35.6141922871419,0.526315789473684
0.881975534625149,0.881975534625149,0,0.0540610596595681,0.12422698660445,690.40740905597,133.999521430281,118.286141314565,1363.5475561863,1055.49756688025,28.72266029709,0.526315789473684
0.515915114242953,0.515915114242953,0,0.447042937440683,0.545247934435214,697.532652004474,151.999457144796,112.752285262122,879.670452915691,0,9.60137680111865,0
0.736182614427218,0.736182614427218,0,0.547170213129478,0.754124707165147,888.29502038158,153.999450001964,115.245203033903,1136.60078672672,831.609912498654,21.5071828502337,1
0.818371217517712,0.818371217517712,0,0.44515144735496,0.548257342435627,683.907557156949,151.999457144796,110.663715855084,710.299002068264,727.15618094942,13.9730323165427,1
0.534147087760806,0.534147087760806,0,0.129482652308961,0.338910211949607,780.615828517875,131.999528573112,118.847399979201,1712.61618972311,1183.86757091063,36.9441545457833,0.473684210526316
0.657027320680001,0.657027320680001,0,0.0981318127739549,0.750942931898819,739.852438025522,133.999521430281,112.085706722153,928.294896692068,696.521984840701,15.0929118166091,1
0.984422340056244,0.984422340056244,0,0.941076038898992,0.878410532535936,670.795749102331,405.998550005179,-43.5389366735464,1.32818866582091e-05,887.55778491079,13.8516711859785,1
0.643067943268316,0.643067943268316,0,0.5216532476857,0.962316721610685,906.824166390267,153.999450001964,114.801478259702,1097.73879298936,820.374058446373,15.6621839033031,1
0.763972065282821,0.763972065282821,0,0.655780437917933,0.381904713816788,826.938717025147,159.999428573469,115.432775614813,1105.84623595556,564.374363726591,13.5961841913174,1
0.940705412693599,0.940705412693599,0,0.501192685605456,0.466331697626436,786.315711283376,151.999457144796,114.450624836603,1037.29549601667,648.170341276244,18.625061002177,1
0.894089484924952,0.894089484924952,0,0.463921940611914,0.413240300459496,937.092988026913,139.999500001786,124.735164105735,1787.75288735675,1726.27419329999,30.2081879779873,0.473684210526316
0.692555211883431,0.692555211883431,0,0.880172492671221,0.743740689611908,900.190964392737,163.999414287806,115.138287052682,1053.69558083931,785.502405663411,11.8042060993743,1
0.763795186401269,0.763795186401269,0,0.489012626024519,0.142702662277728,986.179439790446,145.999478573291,126.502315769431,2172.0061732768,1742.26386507122,29.4796316840264,0.631578947368421
0.943328854849762,0.943328854849762,0,0.536335483558075,0.924955314699012,893.675532846589,149.999464287628,114.877482228967,1104.19227448582,901.033187750592,18.2750322540292,1
0.71161804559576,0.71161804559576,0,0.0168238546277679,0.346675402655633,670.235931163179,133.999521430281,113.194992391059,1056.99202105015,436.711202601451,24.6164704331261,0.526315789473684
0.672591137187621,0.672591137187621,0,0.687111588395787,0.339243109702197,671.110648490697,163.999414287806,111.911334270569,748.02117739437,150.759708161398,11.6338826532277,1
0.782360671538967,0.782360671538967,0,0.765801041222677,0.536857301976683,624.28796366583,163.999414287806,44.9114130197969,1.08664565484146,731.418649222741,9.54657174457954,1
0.97544194327765,0.97544194327765,0,0.0589751003195675,0.4819497818686,906.375980671805,123.999557144439,119.48061723039,1819.51730576688,1534.52747673163,26.8409740200137,0.526315789473684
0.606655175035199,0.606655175035199,0,0.435877885736826,0.928681886452248,616.669225342305,411.998528576684,-38.1089672064896,2.25286712570751e-05,746.584923423179,13.8485223159003,1
0.69813392302503,0.69813392302503,0,0.266850459910287,0.775299314952911,990.531842558941,127.999542858775,120.394461832719,1870.56424731614,1856.98724183423,25.4794994973534,0.473684210526316
0.943841654131093,0.943841654131093,0,0.109509024581837,0.549449638156459,864.343375599501,123.999557144439,118.847924495967,1620.59919117136,1501.56920539142,30.0443347481415,0.473684210526316
0.584275049496204,0.584275049496204,0,0.426413569691752,0.221016798316843,857.699370093624,143.999485716122,126.374809039275,1947.96229253512,1369.58168970329,22.7882382848726,0.368421052631579
0.55162435214869,0.55162435214869,0,0.740289720445137,0.113408417272125,641.591266137837,149.999464287628,117.000624243939,1337.45233347294,773.655698956864,29.2446778976766,0.473684210526316
0.953768641428716,0.953768641428716,0,0.520322598042531,0.564986139641927,790.618975471661,151.999457144796,113.999615456179,999.664675223298,709.508641546147,20.1512360385767,1
0.870157347189013,0.870157347189013,0,0.450852140352412,0.857409248324057,745.958259591896,149.999464287628,110.725481611399,728.788996575801,886.831786079389,16.8307044006461,1
0.527177756860221,0.527177756860221,0,0.934113643481997,0.506551292344011,974.126049687326,149.999464287628,124.672763560371,1818.46864253488,1614.86663886702,34.783924216893,0.526315789473684
0.674403988842993,0.674403988842993,0,0.673900613176145,0.0110083941134188,871.088359763908,155.999442859133,121.89516812091,2002.34439424103,1370.82794998291,28.2979211256755,0.421052631578947
0.952565768375308,0.952565768375308,0,0.249481094849886,0.375571585185971,734.355514434142,143.999485716122,115.76182600577,1050.71285629421,569.265868144675,14.2403642354459,1
0.529692841490128,0.529692841490128,0,0.146877243228156,0.280350328829434,653.312369023609,131.999528573112,116.220438720435,1366.19558496037,809.670577425534,24.1167019493352,0.526315789473684
0.952962557722338,0.952962557722338,0,0.124471149059135,0.754080242922413,626.847930286134,135.999514287449,107.841701001844,594.863076336335,795.653635709775,10.0978820267354,1
0.538368446919018,0.538368446919018,0,0.288100465951828,0.224378921696637,756.893801543266,139.999500001786,121.965123896957,1718.47698308032,1051.70679911985,31.5876053013859,0.368421052631579
0.768851493962028,0.768851493962028,0,0.491348558922409,0.265562443726148,975.754589954619,145.999478573291,124.202476206423,1983.41963383659,1884.28246727583,15.1540032649667,0.526315789473684
0.71299983154418,0.71299983154418,0,0.384564173729097,0.736531114434628,743.407913915927,149.999464287628,111.659825863679,803.805702905996,788.787179605793,14.4830005365608,1
0.684480705004435,0.684480705004435,0,0.556760764501918,0.945962691028218,863.665566560705,155.999442859133,113.664429867305,969.764106842776,866.895151913124,10.7403140984508,1
0.818045251091833,0.818045251091833,0,0.673729751449427,0.470439849462036,800.675045813049,159.999428573469,114.288331484225,994.056340886115,680.331385631527,15.1895000255665,1
0.656761403085594,0.656761403085594,0,0.126480149922698,0.377289872253151,785.073133470425,129.999535715944,118.455132424208,1513.56853687522,1360.21894795217,37.2886787515792,0.526315789473684
0.970853768029373,0.970853768029373,0,0.125170985667259,0.155502274852418,642.811669287761,141.999492858954,114.694208213129,1005.89641208867,355.703369076597,23.8097979456803,1
0.90671901813479,0.90671901813479,0,0.54455955511753,0.411551646437614,737.512239338234,155.999442859133,113.264188486317,911.808173696462,616.375636339105,14.8406350374839,1
0.874011451550659,0.874011451550659,0,0.238690065131398,0.0337411999940491,650.634254626127,143.999485716122,119.681670191072,1214.98086462692,1058.57904629241,29.3316542403296,0.526315789473684
0.909226296673224,0.909226296673224,0,0.135021524595603,0.711597878904889,862.32608635648,123.999557144439,117.853638028883,1522.279223253,1509.6395370295,33.138387970246,0.578947368421053
0.669796732394034,0.669796732394034,0,0.771190529342546,0.722207649164836,632.585932494761,385.998621433495,-46.2470497286709,1.10590250065185e-05,732.616005207623,13.1257328637487,1
0.899745106058686,0.899745106058686,0,0.0531896223427484,0.415389305348125,934.032515841332,127.999542858775,120.105226325465,1955.61124224687,1538.88252174863,26.6061133748051,0.526315789473684
0.988115432502342,0.988115432502342,0,0.665359928119308,0.4832993396818,898.01387171797,149.999464287628,120.350154116402,1474.09499177582,914.400479313461,30.3117204282415,0.473684210526316
0.654054124953556,0.654054124953556,0,0.745495155740905,0.299612303984548,739.671228465868,161.999421430638,114.660535588385,999.425680137591,0,10.4916554607051,0
0.63854231958531,0.63854231958531,0,0.248941041530621,0.777066928417889,691.980655603998,143.999485716122,110.032861367996,691.411747360223,692.97673715262,4.06418571710329,1
0.821947650387882,0.821947650387882,0,0.882703187050442,0.762983073688033,948.744540460269,161.999421430638,116.108067288125,1191.44923781895,872.345906967123,17.9143885869722,1
0.709293082597002,0.709293082597002,0,0.265285039359411,0.0275200783559805,954.798264684996,147.999471430459,126.150401943072,2370.78150204627,1494.24419163728,32.73853188939,0.368421052631579
0.948695569406875,0.948695569406875,0,0.836261424865392,0.458175902294264,974.392200711892,147.999471430459,124.927315216482,1755.07731818423,1534.60462249761,21.1582836155425,0.526315789473684
0.508572425555382,0.508572425555382,0,0.0600281534656929,0.500872087194199,958.468249525932,125.999550001607,121.593271191148,2250.55208086951,2080.64033351231,21.4297683513633,0.421052631578947
0.577839303269706,0.577839303269706,0,0.228526402353146,0.959813016363532,708.645831281886,143.999485716122,109.21343099452,644.345659068944,708.185729809269,10.6018220006025,1
0.818234928217789,0.818234928217789,0,0.637882561601376,0.483677002770594,844.162010953201,157.999435716301,115.315018854826,1115.76780701984,689.837818735045,18.5985545263737,1
0.971378428628985,0.971378428628985,0,0.656423756046504,0.0831296885216867,787.545592573342,155.999442859133,118.380369565742,1379.55324491685,1288.0310950895,28.9773224597143,0.526315789473684
0.637351315142931,0.637351315142931,0,0.57346473091338,0.39202119308367,843.937564200183,147.999471430459,122.14736748237,1472.99641390639,1167.87243462629,26.5021483956453,0.526315789473684
0.611984766577232,0.611984766577232,0,0.983991685539097,0.278381315465961,962.176857676369,155.999442859133,122.447688695977,1943.1886051233,1859.99801017519,26.6660919985235,0.473684210526316
0.98405369032648,0.98405369032648,0,0.557349163342345,0.924276418989353,653.854890389526,411.998528576684,-38.0605615356513,2.39479467072784e-05,895.611216597323,12.4049527548035,1
0.588155329765455,0.588155329765455,0,0.780442248841045,0.0375473256965272,613.074876710662,153.999450001964,116.05711022732,1249.52789618206,547.445971453868,31.8533271957467,0.473684210526316
0.533727077617518,0.533727077617518,0,0.593252621502802,0.735287939245186,821.019166520847,157.999435716301,113.730543493231,948.457504859027,417.631153998742,10.7696329708529,1
0.733108787184563,0.733108787184563,0,0.34363325295109,0.498537586752155,713.506969704495,149.999464287628,112.488016108699,860.170298060851,628.983104961588,7.78516217759845,1
0.787812450963053,0.787812450963053,0,0.154736715946981,0.811358407748871,965.153551020969,121.99956428727,119.557885301541,1789.03400001331,1849.34290767715,27.4219981218773,0.578947368421053
0.542443421724016,0.542443421724016,0,0.471319627372551,0.717706077566905,975.710496910314,139.999500001786,125.649099317377,1741.17957594527,1476.65097233417,25.2889977137284,0.526315789473684
0.581445013466901,0.581445013466901,0,0.137629344279268,0.415176557287177,606.11715526881,137.999507144617,111.756240355519,827.70821886675,44.6184470172834,32.2196028080699,0.473684210526316
0.663000583746147,0.663000583746147,0,0.337670047571304,0.898079694715904,710.23034297282,147.999471430459,109.021643461684,612.203443447871,807.556413915402,5.16088558508857,1
0.661486894722176,0.661486894722176,0,0.586259848303999,0.460218007389892,805.548767409979,157.999435716301,114.752853641696,1045.96645713536,408.998051072855,14.8335174164085,1
0.680137876291433,0.680137876291433,0,0.025699218884217,0.907144142842118,643.811296975936,131.999528573112,107.531723352115,595.070956751014,817.916291783134,14.1075407664688,1
0.604668271072264,0.604668271072264,0,0.371556163234576,0.6930857338209,786.003409734494,149.999464287628,113.514591663597,957.348678399167,555.814326202013,10.8459074741944,1
0.616227068960213,0.616227068960213,0,0.178446063169723,0.321296058354403,706.407343192233,131.999528573112,117.794221175679,1376.93088518991,1149.90085593495,46.004205438607,0.473684210526316
0.802315261466068,0.802315261466068,0,0.884022714296901,0.140545355070888,814.222274381197,161.999421430638,118.140289550515,1370.44917738363,1207.58298005414,26.6844829319423,0.473684210526316
0.984733342033906,0.984733342033906,0,0.0201752482211932,0.69369227499985,830.33991688209,117.999578572934,118.84456709959,1475.83516198845,1520.41136805782,24.949193764205,0.526315789473684
0.565530249287308,0.565530249287308,0,0.93706289344995,0.184540740201443,904.260160481976,149.999464287628,123.129444876136,1975.9376409054,1530.432583941,31.4371198075952,0.368421052631579
0.897714962483095,0.897714962483095,0,0.104418905839593,0.764482458242482,782.800483724148,129.999535715944,113.284127342811,1115.34348685358,813.610949247128,38.5599940987733,1
0.556162803926611,0.556162803926611,0,0.140435320544129,0.398583255291048,605.171259354378,135.999514287449,112.157911215267,899.11405871154,214.313230882302,31.2491720741172,0.473684210526316
0.533052487618848,0.533052487618848,0,0.999480668643662,0.30529143243676,759.524747792867,149.999464287628,120.694025888989,1448.26264523265,1301.17698522853,38.0676924870326,0.473684210526316
0.649914789952251,0.649914789952251,0,0.133733315385976,0.453595168725793,995.898513464374,129.999535715944,122.598714542221,2213.43461777285,1988.21854506598,27.2866103772529,0.526315789473684
0.788088821880532,0.788088821880532,0,0.818630580796509,0.281902180134237,652.407066931279,167.999400002143,110.861744773279,648.682365417382,470.880163545413,10.9059269713872,1
0.772695307786846,0.772695307786846,0,0.0570956758404082,0.033057272074562,712.965902352252,139.999500001786,120.800549254765,1603.26899338067,779.985632624091,36.1508520581146,0.473684210526316
0.811244823678116,0.811244823678116,0,0.679765200501176,0.630112026047963,950.092662452815,155.999442859133,117.224673635877,1373.40065282938,792.5499563442,23.8092484610059,1
0.62308570192509,0.62308570192509,0,0.202564381376804,0.462056663772451,898.141151812426,131.999528573112,120.661031180651,1792.78085463795,1681.20285276959,28.5280926912667,0.526315789473684
0.582896911975749,0.582896911975749,0,0.695429788277777,0.551748378285446,699.544565622469,163.999414287806,110.881742504475,673.068951954188,273.83521982675,8.28333180850789,1
0.646032308701622,0.646032308701622,0,0.823228589951054,0.393936868918345,724.567368832126,165.999407144974,112.922384427941,815.541268745602,202.657913434279,10.1315198312544,1
0.758508979432717,0.758508979432717,0,0.590427806782705,0.192844078949252,881.180200584232,149.999464287628,122.438828855587,1672.52125605785,1600.51294561209,31.6724267141485,0.526315789473684
0.969922952745586,0.969922952745586,0,0.876206325986976,0.855342162021061,675.915435071285,403.99855714801,-43.3869977640462,1.40964663444647e-05,875.708700768459,12.3259879878958,1
0.608349701885897,0.608349701885897,0,0.0923944878927019,0.397054194121552,904.688047214452,129.999535715944,120.67298277715,1998.68312514355,1617.14628571396,28.8937983512373,0.526315789473684
0.913385440205499,0.913385440205499,0,0.93509650183379,0.490044203119009,636.844041555319,165.999407144974,89.5155509669366,76.2953460976493,687.847130182014,7.78267254372168,1
0.641636222542901,0.641636222542901,0,0.0255364595502527,0.0533294717837897,746.815236625919,137.999507144617,119.210182834856,1813.57676520288,820.710295831065,30.6714295547724,0.368421052631579
0.506204640467423,0.506204640467423,0,0.115236728656779,0.542906971168772,889.020712710649,127.999542858775,120.511640066052,1907.17614940057,1710.10971736044,26.6535990638646,0.526315789473684
0.814960426476187,0.814960426476187,0,0.210801432484484,0.510189846216937,980.021076750961,129.999535715944,122.295370985351,2032.82581864779,1862.89149583507,27.6273578096708,0.473684210526316
0.917201266426507,0.917201266426507,0,0.468764941970664,0.675776762292186,773.146637434167,149.999464287628,113.001775071831,912.573155551774,778.462989862788,19.4038300549357,1
0.735301073691269,0.735301073691269,0,0.900855148666676,0.685092592313516,803.54326033491,165.999407144974,112.667393773329,803.206834393436,804.453411016578,20.6145181973986,1
0.517317712313579,0.517317712313579,0,0.344066213973474,0.379014313096885,713.065714906073,135.999514287449,119.452604291297,1420.39679281633,1147.30580996265,30.109164949749,0.473684210526316
0.704556123323493,0.704556123323493,0,0.209788034073965,0.122698328249099,749.405891927862,139.999500001786,123.34134132103,1643.06157530301,1012.12493094166,20.3995284347647,0.473684210526316
0.954258382249537,0.954258382249537,0,0.785493891631696,0.403180948493832,701.389783883071,161.999421430638,111.747389675351,741.541341340971,616.724164285339,7.82935617538491,1
0.515587287805564,0.515587287805564,0,0.873923431025575,0.640062752297933,975.811538703959,163.999414287806,117.603301500824,1355.89174751235,126.195798616302,29.1318200788948,0.526315789473684
0.885650545334767,0.885650545334767,0,0.695042432604634,0.0966487829631747,896.486769859452,153.999450001964,120.686393474408,1684.53908745583,1699.90752397719,29.3369103177124,0.473684210526316
0.550346530799544,0.550346530799544,0,0.300806608955317,0.069659154023077,728.664418103871,145.999478573291,119.058601414551,1706.26615326441,728.120150253589,32.2722201850528,0.368421052631579
0.90629232821352,0.90629232821352,0,0.778212304897634,0.730784708152307,858.208339255516,159.999428573469,114.325486622913,1007.91459672143,822.946609123551,8.99869672647848,1
0.950990255579573,0.950990255579573,0,0.130415787928764,0.386027233464546,884.476954145159,127.999542858775,119.641266073624,1773.70734826447,1483.4487541549,25.5080322248971,0.473684210526316
0.694156592609157,0.694156592609157,0,0.712451235586218,0.144733138199791,984.90156782404,153.999450001964,122.934755224571,2217.07196232914,1859.96446555328,20.5427320409687,0.368421052631579
0.979343503624863,0.979343503624863,0,0.636631613557693,0.33546072925975,715.340078607031,159.999428573469,113.008864782675,869.699336892211,559.639186228411,10.5526762040792,1
0.830639819090504,0.830639819090504,0,0.931725651598205,0.345345378427322,768.621587837462,167.999400002143,113.970958620443,902.690000930066,585.911114269344,18.5338556308659,1
0.771727400191175,0.771727400191175,0,0.686702500189869,0.29121210924119,735.983137081317,163.999414287806,113.801516843337,914.048815527277,444.309208038876,14.9599547251852,1
0.635518846193648,0.635518846193648,0,0.776550104519893,0.280157551752898,914.665733475262,149.999464287628,122.942775714829,1813.70839626858,1698.5583961917,23.9783823158033,0.473684210526316
0.880634501976527,0.880634501976527,0,0.0893157693450156,0.14710833985507,708.474595568704,133.999521430281,118.839802660422,1390.16045757129,1112.93676572397,30.7028062537268,0.526315789473684
0.92099390041969,0.92099390041969,0,0.226116863356213,0.0393279853411656,896.191448014533,143.999485716122,127.977864574433,1943.10131890757,1383.0294924459,27.9834770494966,0.631578947368421
0.610336634314815,0.610336634314815,0,0.872688762888489,0.999652483205,770.889732463985,421.998492862525,-41.9467896784176,1.41791497163327e-05,806.656289376573,11.8437018391247,1
0.622542421510116,0.622542421510116,0,0.0688484471466548,0.431954704817377,729.376004432686,127.999542858775,116.486875265216,1322.72390461369,1122.26208890632,25.4538551738825,0.526315789473684
0.657630040930946,0.657630040930946,0,0.594538639831707,0.644198360748345,613.933930225855,373.998664290485,-46.5063834401612,1.17379074125387e-05,641.507385816766,12.9940172653396,1
0.84386821251364,0.84386821251364,0,0.40858176546424,0.622410413031321,714.725888042055,149.999464287628,111.481677357502,785.954669035769,767.966330865035,10.2442282430784,1
0.678466204822969,0.678466204822969,0,0.636630584436113,0.498421466062555,825.392903284734,159.999428573469,114.86943558546,1054.34007975485,531.479059319123,17.418106669102,1
0.866176352295912,0.866176352295912,0,0.350332143635426,0.682027730336233,989.599889136956,129.999535715944,120.981643405276,1892.2706938169,1910.14225490582,22.557210008939,0.473684210526316
0.655435799033109,0.655435799033109,0,0.0422166720468877,0.425296930562062,734.224959904177,127.999542858775,116.449398250184,1323.9739070243,1127.62929825454,34.1395976855121,0.526315789473684
0.739904236597648,0.739904236597648,0,0.849125988857484,0.181196672330424,702.400492308,167.999400002143,114.034674555167,902.147483289257,30.8535874745775,19.1130889046052,1
0.506276605861413,0.506276605861413,0,0.648235873409005,0.678216565894587,727.930486941212,161.999421430638,111.3551596573,720.532213478744,121.991892865448,7.85253761016354,1
0.964205508077679,0.964205508077679,0,0.410075718406364,0.262632703978838,834.915512895266,139.999500001786,124.934477547721,1568.95168067616,1417.39350485799,25.3818151138655,0.526315789473684
0.59133195839079,0.59133195839079,0,0.827290235879098,0.678165406347626,755.111164306719,165.999407144974,111.207175600963,680.48670930994,539.382114765094,6.97590311268193,1
0.72509078687306,0.72509078687306,0,0.0312087602278308,0.451147605475349,940.562142813108,125.999550001607,120.301140214179,1986.7735205726,1631.37924862874,30.6047127541802,0.526315789473684
0.656500183384257,0.656500183384257,0,0.908191026528265,0.383082105773816,766.178250450634,167.999400002143,114.071692434304,906.056306291535,249.957374927649,13.9101512806787,1
0.835100198136877,0.835100198136877,0,0.288479666722787,0.934161597314928,737.066121550636,143.999485716122,110.631394262358,741.923971656655,928.345836527438,11.6528539676033,1
0.503997438403456,0.503997438403456,0,0.0597243405585377,0.131589676746383,863.031245883786,133.999521430281,120.714287773681,2265.07637645594,1398.43976004155,25.3750889144615,0.368421052631579
0.593763329085073,0.593763329085073,0,0.963391727628474,0.0836841869264198,695.450023449144,153.999450001964,118.469794349668,1471.74697736611,1081.86509955166,32.0250361506885,0.473684210526316
0.556509912010116,0.556509912010116,0,0.977255798324027,0.278485117552051,950.794799259109,149.999464287628,123.962202207959,2089.04085347412,1825.30564831665,23.2915894312518,0.315789473684211
0.88796756989542,0.88796756989542,0,0.0820124072265196,0.514805472412701,839.268474313327,123.999557144439,118.557011575765,1563.55379617388,1452.18102288866,25.2558594349406,0.473684210526316
0.75648329199943,0.75648329199943,0,0.919748954708086,0.029506968777493,647.27420966933,163.999414287806,115.264997891615,1051.85497679054,644.220618190739,40.0466304689598,0.473684210526316
0.573491112421847,0.573491112421847,0,0.653848601273283,0.620784819784935,639.307986438725,161.999421430638,83.2175583035389,54.4870542749675,379.324446404442,9.58765132151701,1
0.775809316652229,0.775809316652229,0,0.31123486300137,0.247797314741827,950.129661660062,137.999507144617,125.054782391312,2020.71644950756,1696.64361727976,27.9636130604639,0.631578947368421
0.606755656672967,0.606755656672967,0,0.0692084369934752,0.662255407411576,907.654756871344,121.99956428727,119.249221086594,1700.26319823985,1626.94020270146,31.6445956550093,0.526315789473684
0.671303810450325,0.671303810450325,0,0.313548846592383,0.431279086726894,982.041001361574,137.999507144617,122.88631813826,2001.30758425551,1875.17202852108,25.1249488994789,0.526315789473684
0.962926040615192,0.962926040615192,0,0.122038007141497,0.336537941879602,774.782728912722,129.999535715944,118.021198890516,1455.65145392089,1270.71965283847,32.4379800906683,0.526315789473684
0.851218684741656,0.851218684741656,0,0.0648893177601315,0.0397800102349964,632.178506458201,137.999507144617,117.876588407138,1279.16515097957,885.011497017016,27.5727832221554,0.526315789473684
0.590004778942909,0.590004778942909,0,0.789778493848741,0.0799968851055639,747.103688804127,153.999450001964,119.539569899805,1657.28727955919,1079.09682493467,22.7813279686321,0.473684210526316
0.643795838876429,0.643795838876429,0,0.284155361567844,0.264604406264744,972.148416439976,137.999507144617,124.659095209952,2302.51955144023,1813.98759631762,27.7565041828637,0.473684210526316
0.85024471510386,0.85024471510386,0,0.28914733928843,0.121291144069849,700.952101766363,143.999485716122,122.085851948452,1284.54290277741,1097.06002508094,34.3788038566008,0.526315789473684
0.833209483032691,0.833209483032691,0,0.538385363304419,0.781352100689057,741.97942888684,153.999450001964,110.742695074121,710.914511883191,865.742245562474,20.1658117371458,1
0.618402730141117,0.618402730141117,0,0.636872758222892,0.420312078784544,954.597820728008,145.999478573291,126.456490715749,1819.84239203799,1677.32311057546,25.0998940616575,0.473684210526316
0.753119689166168,0.753119689166168,0,0.540233894315385,0.168090201682332,925.126687059022,147.999471430459,124.256084268613,1891.43252525822,1605.70877559272,35.206138821984,0.473684210526316
0.953008229184676,0.953008229184676,0,0.847098250170567,0.805379329246098,649.953543122903,395.998585719337,-44.2057506963888,1.3158807756538e-05,852.496353398245,13.4133156267673,1
0.701017577970931,0.701017577970931,0,0.747613750763738,0.779281745090201,618.461933185553,393.998592862168,-45.0507905605295,1.27801518825209e-05,812.492470801192,13.7642654517568,1
0.933373275279169,0.933373275279169,0,0.143863428073027,0.356857972081305,928.430029350129,129.999535715944,120.781212747639,1952.81417595184,1605.82018372559,43.5896887426567,0.578947368421053
0.583079482454461,0.583079482454461,0,0.808745653403129,0.635428720996251,655.449735061268,167.999400002143,9.87247152359265,0.0251051388219792,456.953810408727,9.45599498142404,1
0.782207873441847,0.782207873441847,0,0.595304184351703,0.970778905559584,773.468707878755,155.999442859133,109.92311454455,635.473398569668,963.008543723479,9.92662392125968,1
0.826561034216158,0.826561034216158,0,0.223414559709466,0.606703106750258,668.466625614566,141.999492858954,110.881368799318,742.549485217138,753.796581277074,15.7940152342536,1
0.978460622282004,0.978460622282004,0,0.968629744793329,0.193412991219933,654.770561409403,169.999392859311,111.713794610228,704.677913908402,461.52772212222,12.2498276309593,1
0.74849346829992,0.74849346829992,0,0.452581996497654,0.0470973001936453,765.357310532178,147.999471430459,121.922037871787,1621.9274547275,1241.20181269664,31.0105377671441,0.473684210526316
0.972291155313145,0.972291155313145,0,0.33099949244291,0.562447163185936,958.544405990368,131.999528573112,120.924244792989,1875.7348405006,1854.24888447266,22.7566608864505,0.473684210526316
0.750987149168758,0.750987149168758,0,0.392616860238641,0.573651145672224,647.892922918799,151.999457144796,108.884545517502,589.188371975457,721.192558196749,12.3629417001613,1
0.524112599021588,0.524112599021588,0,0.485445526526588,0.618844344675329,944.317063764669,139.999500001786,125.373347660191,1744.76360691418,1579.34819404379,28.0510046764783,0.526315789473684
0.798984238785221,0.798984238785221,0,0.52718578967725,0.731587031352506,627.576484623548,385.998621433495,-42.960273249377,1.93165272731159e-05,846.159338597862,13.895287953363,1
0.511068839666057,0.511068839666057,0,0.178908686273605,0.482537622955737,643.842695632586,137.999507144617,112.77386832605,963.517639037961,313.368532577757,20.4073161258129,0.473684210526316
0.828236075209689,0.828236075209689,0,0.88847269847678,0.188524931219722,636.97689833444,169.999392859311,111.238653293539,666.475501659256,376.476631423048,10.5855167730176,1
0.715987445558679,0.715987445558679,0,0.21914128459828,0.708310784748815,718.06659875983,141.999492858954,112.085159578486,827.819596803198,766.746814503743,15.6899311415512,1
0.863536803049412,0.863536803049412,0,0.256433242007978,0.905901156761327,655.959998344356,141.999492858954,105.343737193756,422.909116207706,903.444222965351,7.42858833711634,1
0.844526063145592,0.844526063145592,0,0.0815730013496909,0.990204910131598,815.987311317982,127.999542858775,113.426678151338,1147.8532973807,938.170105607794,26.6687830313683,1
0.528967782401304,0.528967782401304,0,0.755628084043024,0.0337507498221923,974.058760379502,155.999442859133,123.958539331352,2519.84670216552,1544.30572961223,45.5781060437702,0.368421052631579
0.953802627715713,0.953802627715713,0,0.354146364297633,0.292971230049005,966.908338521861,137.999507144617,123.942180162938,2035.86124893774,1764.04588545358,22.2387807759861,0.631578947368421
0.542532846764043,0.542532846764043,0,0.817058966363903,0.413855032635999,697.860066080178,161.999421430638,113.578447996962,905.469553758864,0,11.0723231624046,0
0.539635103194044,0.539635103194044,0,0.09947251644977,0.0959730746148907,754.128769733284,137.999507144617,118.895538591214,1854.73037389311,880.943942374835,40.9012806930284,0.368421052631579
0.517956683989963,0.517956683989963,0,0.222089730334067,0.855545500991869,993.703026240197,127.999542858775,120.812273765699,1860.78180994231,1791.66164631493,26.4763872133268,0.526315789473684
0.713006250008787,0.713006250008787,0,0.978711520570237,0.607450361029489,872.029732134749,167.999400002143,115.057090486022,1022.38552032795,729.119146962063,13.4223581261272,1
0.939637479629537,0.939637479629537,0,0.120230941911076,0.247372142141772,942.617476652569,133.999521430281,122.045860934575,2065.63680177449,1571.15707171782,25.7610685082752,0.631578947368421
0.665763788456198,0.665763788456198,0,0.731694147834507,0.844471975724066,715.253275571758,163.999414287806,51.4094592810331,1.86925314037996,798.953617248405,9.5001361123776,1
0.629707932697664,0.629707932697664,0,0.374280887550734,0.838783429124153,603.933220086161,399.998571433673,-38.946832770149,2.27413382179395e-05,726.438212134514,12.5673799801456,1
0.755940534810008,0.755940534810008,0,0.759752164924556,0.383297616974062,707.500224092511,165.999407144974,112.019540905515,750.538593642368,562.629815623661,10.388332011255,1
0.95170541471527,0.95170541471527,0,0.956544206019534,0.815178936365567,768.726635735041,165.999407144974,109.312903265357,555.525015955869,861.259176614292,5.40452364399668,1
0.759431158823591,0.759431158823591,0,0.887600593448047,0.174674620886352,886.40854306633,157.999435716301,120.162508197844,1587.72045509371,1513.91591026139,30.7992867086544,0.526315789473684
0.682598387353263,0.682598387353263,0,0.769001521080395,0.634086765461855,931.29894325992,161.999421430638,116.38459486692,1227.50822750605,689.056361160116,19.2941947180604,1
0.898101075581874,0.898101075581874,0,0.448062082152152,0.518111704473389,626.718673378536,151.999457144796,108.312106440962,547.72587813013,688.771557575769,11.6664973384317,1
0.535782633095878,0.535782633095878,0,0.432816729947143,0.128361403140819,870.887304559967,145.999478573291,124.585870763644,2159.73589506568,1401.52222063485,24.5168505950724,0.315789473684211
0.541560130579571,0.541560130579571,0,0.695513539446432,0.237598211483367,850.893884432074,147.999471430459,124.149949758126,1891.87406798657,1384.06568317265,26.9680009040746,0.315789473684211
0.80165820581105,0.80165820581105,0,0.379956593654601,0.942511376405596,601.499489352327,415.99851429102,-35.4683916336713,2.9526176208855e-05,943.249506585848,12.8672358166369,1
0.863894766843961,0.863894766843961,0,0.541123722434655,0.2188165339939,676.761327075167,159.999428573469,112.926674889876,857.147496552641,415.74367814434,9.71925789544843,1
0.743577329895443,0.743577329895443,0,0.704272789974024,0.073887740654299,990.746547722979,157.999435716301,123.086118118259,2231.95530359459,1933.19906506044,22.1678180452903,0.421052631578947
0.718174756849203,0.718174756849203,0,0.634355145776951,0.34787696917943,603.267974476954,161.999421430638,108.089450655203,493.386351177751,399.132329077888,6.77366660499673,1
0.935690053019024,0.935690053019024,0,0.0120138920397971,0.192870423457702,823.613423879482,131.999528573112,119.651312979919,1751.73561374254,1232.30615946265,26.2705124920319,0.526315789473684
0.652047731325833,0.652047731325833,0,0.26985449962742,0.3349685641408,935.533797864098,135.999514287449,123.219293801017,2022.08861396235,1591.67880696927,28.1278986545288,0.578947368421053
0.680137120047331,0.680137120047331,0,0.033658071053986,0.142551942783316,720.794728833178,133.999521430281,118.230882238622,1607.13255079774,858.049749011064,27.8661217754075,0.421052631578947
0.684739319247108,0.684739319247108,0,0.206891174025747,0.936783189519901,985.105731111239,125.999550001607,119.504587445488,1782.37147602119,1778.01208184993,28.2945985687526,0.578947368421053
0.939310284591277,0.939310284591277,0,0.663951784120085,0.0203575195111952,711.366526408281,165.999407144974,115.109042094172,1019.44968817795,214.07042047563,14.7538046970165,1
0.520599097229248,0.520599097229248,0,0.999940137793752,0.736853209184449,765.677375014057,171.99938571648,110.118060483263,578.533583628742,412.181986501638,11.4914483608455,1
0.706999365377119,0.706999365377119,0,0.850768183437694,0.210481226786358,684.883239692024,167.999400002143,113.623835781199,871.720180146375,0,11.1054115001464,0
0.942061396960064,0.942061396960064,0,0.17660523361455,0.278735226921739,748.64757658176,133.999521430281,118.710003863268,1383.10956271159,1182.28955866077,31.728347073646,0.526315789473684
0.581531553450425,0.581531553450425,0,0.163701172085418,0.550556214950293,600.139356563673,141.999492858954,108.953593127168,621.219269972434,125.408539151404,12.5001607975167,1
0.583408630717984,0.583408630717984,0,0.559754288636965,0.705342492913508,789.187074844415,157.999435716301,112.944386430492,880.916406805568,530.81703135969,14.5964334512896,1
0.544797646447354,0.544797646447354,0,0.361376969454531,0.626873127927889,949.663145949735,135.999514287449,122.138847030134,1788.18202633681,1702.66258809574,28.6045697048967,0.473684210526316
0.782876050349053,0.782876050349053,0,0.514503475498792,0.400798780558196,856.261258109455,153.999450001964,116.31963779461,1251.14539021524,593.761351801437,27.1233655343346,1
0.889123518140807,0.889123518140807,0,0.159729488502843,0.532984797954462,707.543914078257,137.999507144617,112.825936039453,928.784800649956,685.943893501724,21.0883897728121,1
0.883793618318632,0.883793618318632,0,0.875277446065758,0.559919967269562,714.719884382738,163.999414287806,110.45750315468,637.516409394512,737.320918941216,11.2014374318601,1
0.690914360350994,0.690914360350994,0,0.458864362611627,0.160676268208152,847.039055989636,145.999478573291,126.832728121641,1814.36606239367,1289.95341054635,31.8679862185686,0.315789473684211
0.708151306667725,0.708151306667725,0,0.80707590633415,0.601499297700234,859.32412837238,163.999414287806,114.915679928628,1038.12915810011,708.896913424061,9.30368551062816,1
0.959159265181295,0.959159265181295,0,0.715143998176773,0.727474165645945,702.71317610814,159.999428573469,107.658901917489,483.368500072497,806.581450999516,9.40412781769689,1
0.575317454829901,0.575317454829901,0,0.00309068262175516,0.58456238567498,819.329543577387,121.99956428727,118.264023218161,1533.2348469937,1474.81476837956,25.2131227930391,0.526315789473684
0.686210652411232,0.686210652411232,0,0.956310872498516,0.622352380353232,879.315719196564,167.999400002143,115.195041604668,1039.94531545649,695.053631805346,11.5394718432573,1
0.733454067738119,0.733454067738119,0,0.996467408345383,0.471727197224956,995.543831953783,155.999442859133,121.549773257169,1713.97180913092,1404.04254267158,30.7650450522599,0.473684210526316
0.970627973146952,0.970627973146952,0,0.136865633928255,0.32211275851279,909.102174797524,131.999528573112,120.593437895348,1908.22910891564,1517.22573777045,31.4816824031427,0.578947368421053
0.502763280321336,0.502763280321336,0,0.938045429034531,0.460636287472727,787.033938980099,161.999421430638,115.646901728974,1114.50156660865,100.115824250005,24.6232405161797,0.473684210526316
0.706813073988847,0.706813073988847,0,0.0139369750856351,0.208761096456544,833.476784555859,131.999528573112,119.936598908847,1879.53039462716,1235.37973367411,25.2374239572007,0.578947368421053
0.778256105123354,0.778256105123354,0,0.390843637084399,0.880480280284176,829.040793447464,147.999471430459,113.808509619071,983.272890999287,913.283802469337,12.2455917637593,1
0.965789468746089,0.965789468746089,0,0.595171819297794,0.539547840729551,727.838389501411,155.999442859133,112.072167590617,810.827860797478,695.930703416488,12.3501456939294,1
0.997020180513869,0.997020180513869,0,0.881272748578414,0.497321182931933,800.520653503317,161.999421430638,114.023690434087,949.907589051832,679.247093107427,9.76524592316402,1
0.802737534921532,0.802737534921532,0,0.77483485064705,0.891121995068621,905.004623810703,159.999428573469,114.676560109926,1040.8505958424,935.063815873198,18.7489656799027,1
0.845335161624823,0.845335161624823,0,0.927136716681902,0.228608265353307,777.527556049432,169.999392859311,115.040321653749,998.199957600449,456.404675809954,13.1767077436696,1
0.797051738562981,0.797051738562981,0,0.746507369482023,0.718705456355763,862.386962542865,159.999428573469,114.451502595059,1017.21540681965,847.425510183434,18.2393543484792,1
0.793901643224256,0.793901643224256,0,0.935625671581217,0.638777624788521,689.469798500405,165.999407144974,85.9278399313293,55.0136387609739,808.366642483486,9.19728717594694,1
0.584670005776108,0.584670005776108,0,0.390938781202662,0.45901141916301,938.177197908691,137.999507144617,123.400148465503,1889.58395151424,1773.57605825037,26.7722218355298,0.526315789473684
0.766641639662295,0.766641639662295,0,0.0712790994550572,0.353618097635513,971.184772103505,129.999535715944,121.654148532105,2147.21833738143,1690.9978150952,26.0688016662654,0.526315789473684
0.707123986137107,0.707123986137107,0,0.368953828327902,0.85089607825178,919.040944965708,143.999485716122,116.370857249322,1325.79845744172,842.286199727926,32.2717111202824,1
0.675117794115167,0.675117794115167,0,0.776399016660156,0.0484701682151539,836.108276041592,153.999450001964,121.453664662614,1825.02128489316,1392.61088220954,43.6460115267196,0.473684210526316
0.579118837197187,0.579118837197187,0,0.937622240029232,0.208507496450647,763.210897759415,149.999464287628,121.018139130702,1529.34329324904,1361.17989446154,27.1829499753373,0.473684210526316
0.780339432320888,0.780339432320888,0,0.412655018619747,0.269013184413698,906.184809323544,141.999492858954,126.656778417658,1788.9978395305,1613.86050081108,28.7343746895785,0.526315789473684
0.60322857508861,0.60322857508861,0,0.614634286657941,0.940915724539768,764.205803618825,159.999428573469,108.902521359816,551.27835490798,756.81020960137,4.60594220295694,1
0.513343976247283,0.513343976247283,0,0.504141520390684,0.0227676987161874,703.702966889414,149.999464287628,117.629950925737,1570.78753520024,457.268866618368,30.200244505003,0.315789473684211
0.583671132531824,0.583671132531824,0,0.829965628106585,0.425913006389827,679.235137284741,165.999407144974,112.033944356597,751.026659291732,0,11.6741077840631,0
0.904281968826961,0.904281968826961,0,0.629178589752453,0.234788572321452,606.763664422647,161.999421430638,110.103209966974,622.785056535035,461.236584092163,17.365493232969,1
0.669794616577309,0.669794616577309,0,0.369515926579256,0.806961734501883,811.748395352389,147.999471430459,113.680140532155,971.529639164046,768.428040650875,13.4776673979676,1
0.592037504075124,0.592037504075124,0,0.642756699162697,0.168354265007364,684.069715005055,147.999471430459,120.266595011294,1421.10281410743,1007.69074436917,22.4102231474574,0.473684210526316
0.700143484045881,0.700143484045881,0,0.00118582249665289,0.587480546183653,664.725072852071,129.999535715944,110.827515023451,846.125866815137,633.367334919881,29.8612509741628,1
0.75661617223222,0.75661617223222,0,0.533155542742839,0.772015056418022,757.374187215268,153.999450001964,111.360993699095,756.684868744877,856.449907950955,11.9105261446457,1
0.554465890913709,0.554465890913709,0,0.699340616294946,0.476833486804929,976.502916860696,147.999471430459,125.391185176693,1925.47218422989,1852.43292817756,23.1018622280902,0.526315789473684
0.576372039021945,0.576372039021945,0,0.0187102154731975,0.80162057891874,641.723527937433,131.999528573112,108.510490419552,656.742138435025,569.406831423242,10.1211485679345,1
0.748655430491743,0.748655430491743,0,0.0364294419327079,0.497062686079759,941.730624507288,125.999550001607,119.990522525785,1942.5369966092,1623.74354993785,27.3121674780686,0.526315789473684
0.542532960418748,0.542532960418748,0,0.357530319483666,0.424586638464576,602.91327430589,145.999478573291,111.745162221192,777.495089432913,0,13.0812945728794,0
0.817866121669817,0.817866121669817,0,0.334794315391685,0.282113097183295,719.974480989753,149.999464287628,114.32000924969,1007.41892440485,451.42411388944,23.1250230030195,1
0.608878835442657,0.608878835442657,0,0.42668393200355,0.102162621171967,812.778677727119,147.999471430459,123.05971215474,1913.27643591138,1175.87303668516,35.0052098489037,0.315789473684211
0.774633346688699,0.774633346688699,0,0.516215710816309,0.537140564679979,830.442680985014,153.999450001964,114.95869720745,1093.29756334104,716.323236076671,21.6692283313204,1
0.777335354626557,0.777335354626557,0,0.963563226516016,0.762418816793524,861.08154652143,165.999407144974,113.894867501879,914.834970996229,876.33503055199,17.0323347319256,1
0.681108869799222,0.681108869799222,0,0.26070192327088,0.959953999988159,896.157817866562,139.999500001786,115.379851386083,1253.39290051677,856.726674166746,23.6255828458347,1
0.579165051413138,0.579165051413138,0,0.236558827500526,0.521876445233518,663.815527365506,143.999485716122,112.164380651412,810.221825681708,0,11.4371807645381,0
0.927586207653697,0.927586207653697,0,0.718890858515072,0.599302907133006,750.864742617614,157.999435716301,112.107532005715,795.750307833698,742.851321615335,8.34069609822377,1
0.763819005415385,0.763819005415385,0,0.287619699980272,0.86957039076289,805.140127256549,141.999492858954,114.065929712954,967.494508204386,898.576856186635,9.30218019290185,1
0.560793072539278,0.560793072539278,0,0.136590116280269,0.773513257775547,984.977320441421,123.999557144439,120.247628836467,1910.083491215,1805.10300230392,25.312563979705,0.578947368421053
0.830302482439751,0.830302482439751,0,0.417794243167078,0.239318092025457,939.447197323593,141.999492858954,127.085259445349,1918.60035414812,1643.98402621744,25.3785519697085,0.578947368421053
0.642601159681211,0.642601159681211,0,0.670409340640196,0.843502763085515,833.643922548663,159.999428573469,113.132587910195,882.377263121987,762.293060626877,14.7287180780092,1
0.533513146623913,0.533513146623913,0,0.505638084857398,0.511587330320119,659.185659326062,153.999450001964,111.561825922717,769.311666947014,0,19.7829699500458,0
0.873264198904581,0.873264198904581,0,0.925342675674144,0.152405429855188,742.821872850666,169.999392859311,114.741001185348,958.720466685814,370.527049606955,19.6274169033036,1
0.642890977100458,0.642890977100458,0,0.554574476511848,0.407303745646389,967.375461586087,143.999485716122,127.042644628096,1881.34130433752,1802.52501862664,28.7622407012495,0.473684210526316
0.705626346550855,0.705626346550855,0,0.332925516276825,0.712154117608097,732.436958454305,147.999471430459,111.745297342394,809.941990535192,760.26757341804,10.0310171814154,1
0.770785738861216,0.770785738861216,0,0.22679940603611,0.689349218015391,641.042818131585,141.999492858954,108.432917378928,593.481842139024,804.012818608232,11.0251162239655,1
0.681118884072682,0.681118884072682,0,0.0334651651080081,0.941985552970288,776.138149081289,127.999542858775,111.795053275492,967.376474705862,836.250555268728,23.3128412994393,1
0.590733146236427,0.590733146236427,0,0.867053474430421,0.581646009581834,620.989337858477,371.998671433316,-51.2216038221893,7.21679411109372e-06,402.107552234455,14.9258488078759,1
0.94355025052835,0.94355025052835,0,0.0598561364217647,0.908642226810661,811.961849436119,123.999557144439,114.349122192199,1230.48115135255,1051.07471101372,34.521947279048,0.473684210526316
0.709149798013391,0.709149798013391,0,0.396027383243462,0.919955031142306,918.199631243838,145.999478573291,116.039767942274,1229.64521177794,879.043653955207,30.4586617340172,1
0.898740839639139,0.898740839639139,0,0.254279032999973,0.713979406881368,751.113064211321,139.999500001786,113.229475076829,921.350835819019,795.115943922699,16.6986078932318,1
0.812322265139365,0.812322265139365,0,0.334986688421983,0.516721017330693,941.422240881697,133.999521430281,121.240085132302,1808.94379308091,1772.87258299085,24.311156732641,0.526315789473684
0.769255875269219,0.769255875269219,0,0.916496737605165,0.873900302705694,782.733236288626,165.999407144974,108.314895344868,490.558658038782,926.698344529312,8.596176896602,1
0.712551696328634,0.712551696328634,0,0.438700072748296,0.258603824407169,605.237017432307,155.999442859133,111.078200491416,721.396048112047,15.5834022119973,10.2590265053973,1
0.964232362604798,0.964232362604798,0,0.741803667839483,0.503201125109261,610.227279999662,159.999428573469,86.22289915067,47.8789448465445,680.319272663903,8.3680795476821,1
0.8791160643777,0.8791160643777,0,0.308118461187853,0.0628623309243893,663.863898259332,151.999457144796,114.988082836384,1087.7778864323,449.834923927523,32.5803374408231,0.526315789473684
0.959490022196918,0.959490022196918,0,0.389672155937342,0.191012459327341,898.334117396565,141.999492858954,126.459571161093,1831.99073491841,1593.44221600551,25.6613983013918,0.578947368421053
0.726483369078031,0.726483369078031,0,0.916164659629072,0.201290429697127,944.495475699974,155.999442859133,121.172596388301,1746.33054798494,1699.01480345245,30.6630817628861,0.526315789473684
0.887777153388787,0.887777153388787,0,0.0718157565311742,0.228422774610654,611.062244371331,137.999507144617,112.728589523753,878.239084385414,395.905483242414,23.8477127210798,1
0.992707064342966,0.992707064342966,0,0.687082350724544,0.154482165387131,877.228192560073,151.999457144796,120.913298643943,1608.83652371643,1512.5912120722,29.9906497425155,0.526315789473684
0.839092802074063,0.839092802074063,0,0.972541685897289,0.803322868425118,629.280669861852,397.998578576505,-45.5467853008,1.11952948539211e-05,890.886342329079,16.7548921490088,1
0.989542838024705,0.989542838024705,0,0.576900796990581,0.474274286923336,682.728353165965,155.999442859133,111.023118732142,721.867641955671,652.74514518573,15.5216753646449,1
0.921318734439839,0.921318734439839,0,0.605122523612289,0.331647859101992,880.988313935487,145.999478573291,124.494362386226,1583.11080559735,1354.86907800231,38.9914009645254,0.473684210526316
0.813666472130433,0.813666472130433,0,0.241717970002806,0.598074965118283,960.254077240708,127.999542858775,121.507740544267,1887.10005885089,1834.18109627925,32.4199977822729,0.473684210526316
0.865715780569873,0.865715780569873,0,0.633925157310842,0.204588528320697,638.475907486211,161.999421430638,111.651242550325,733.430796176635,407.239371667686,9.7319334917076,1
0.787406737741458,0.787406737741458,0,0.314545961296893,0.884987836997066,792.548361724635,143.999485716122,113.254487231537,914.325990362934,913.49551162451,16.3590878127028,1
0.669134323724081,0.669134323724081,0,0.393842815618738,0.653757421849603,704.57745654778,151.999457144796,110.792921357213,727.394713313957,659.663783570687,10.0788270896255,1
0.981323106361901,0.981323106361901,0,0.790666333967939,0.0999668051741162,822.721413543399,157.999435716301,118.641097157653,1432.11259754361,1343.27003026719,34.8435061143205,0.526315789473684
0.707795058482061,0.707795058482061,0,0.265914559113181,0.460864170225792,680.559862524347,147.999471430459,112.180063803737,826.807071183056,521.901887215222,9.9052972594498,1
0.848732640456077,0.848732640456077,0,0.0235147337923383,0.174171814947742,854.541764218597,133.999521430281,120.738529970826,1856.77683552936,1252.94816583578,22.9939536916865,0.578947368421053
0.826309834754817,0.826309834754817,0,0.737229690988618,0.671357507798475,617.130278370622,379.99864286199,-46.3594291912561,1.19168154619383e-05,815.807332643752,12.9382848724141,1
0.996979965554977,0.996979965554977,0,0.298973881124279,0.806671575723277,672.925987453484,143.999485716122,108.744677299698,612.463174987251,825.644850421416,4.70436192582606,1
0.736021508724388,0.736021508724388,0,0.511821527886501,0.928432935536847,821.418676165227,153.999450001964,112.611922643407,876.934431971941,915.355022087824,14.0959100874757,1
0.759942737508117,0.759942737508117,0,0.387258893326326,0.19213590514502,774.28875365576,143.999485716122,124.001986300996,1440.70508349861,1277.49775093327,46.289103928812,0.526315789473684
0.624149883203592,0.624149883203592,0,0.449320864251324,0.925797555552396,741.195524048486,153.999450001964,109.588494344417,626.576241460586,771.691102147328,5.72767525165855,1
0.997281253113974,0.997281253113974,0,0.778860015323621,0.880635619104122,839.674256435754,159.999428573469,113.049010536967,882.330931683467,882.008328464458,18.3763395507654,1
0.550509859777427,0.550509859777427,0,0.926551369573007,0.285345151919133,721.498470662178,149.999464287628,119.709173535107,1357.14826731016,1195.34142533651,25.7399802001891,0.473684210526316
0.719397462171755,0.719397462171755,0,0.892161808557311,0.578487903092393,721.653842268194,167.999400002143,110.086400127788,597.85447529853,712.674007794339,8.47586044895593,1
0.513296607356594,0.513296607356594,0,0.860932696267526,0.93321728425813,831.214431531976,169.999392859311,111.876915748274,720.164191360639,602.460117981996,6.18382684847756,1
0.671976001349878,0.671976001349878,0,0.241486183108952,0.163513239707759,860.456204108407,141.999492858954,125.831854225889,1971.16085166986,1273.60880627206,23.2886932031913,0.368421052631579
0.606974531614392,0.606974531614392,0,0.37721399526942,0.710316066085691,828.572182288556,147.999471430459,114.728349282176,1063.50014236027,580.312891055058,14.3589112978148,1
0.805548364633462,0.805548364633462,0,0.37070246625639,0.0902283750450209,974.40046422211,143.999485716122,129.062687962712,2152.61617143484,1552.16068258806,23.7727181893671,0.684210526315789
0.918826152586588,0.918826152586588,0,0.922892480210745,0.344624931522267,738.37988944278,165.999407144974,113.174130413015,838.958925773867,582.48109837575,8.44693502929979,1
0.650292512073457,0.650292512073457,0,0.694323192656789,0.758225288214889,645.009422916033,389.998607147832,-45.0219587484793,1.23552248618673e-05,722.003068832997,14.0016273940887,1
0.893787630022019,0.893787630022019,0,0.271455200778436,0.518437961103352,714.414582469894,143.999485716122,113.676450369077,903.364654537079,681.619136356475,15.8761176178857,1
0.568012632810857,0.568012632810857,0,0.622477918137404,0.468543411359849,812.997346507023,157.999435716301,115.579201280151,1140.57637111036,103.613749923619,22.1838312610062,0.526315789473684
0.722225327428765,0.722225327428765,0,0.808032822727521,0.660112847803919,998.513418251905,159.999428573469,117.634639074667,1407.51152701426,771.08847285709,21.2927975475199,1
0.712756364819511,0.712756364819511,0,0.311849438016452,0.182277279327668,877.103970497932,141.999492858954,127.227086601725,1903.8682272975,1297.19504841829,26.8791231281736,0.368421052631579
0.649208279127192,0.649208279127192,0,0.444220688161704,0.397435931191168,955.845684820821,139.999500001786,125.955679722781,1906.87342099522,1763.33075597596,21.2822183396383,0.526315789473684
0.681401726385664,0.681401726385664,0,0.185131109552365,0.921076272008583,602.802838258526,417.998507148189,-32.2473191744016,4.20117233644775e-05,835.669891354959,11.5851224878763,1
0.752512240531706,0.752512240531706,0,0.85953220070201,0.26378139874116,795.315104173702,167.999400002143,115.396041558677,1040.30434842776,366.751253292108,20.148341292764,1
0.77499479570591,0.77499479570591,0,0.131450943993078,0.262005547147892,735.151723810404,133.999521430281,118.510945022432,1373.86562762127,1170.68058891183,25.2204881360703,0.526315789473684
0.806963151279301,0.806963151279301,0,0.816516762777003,0.433128248926102,607.254789255252,163.999414287806,77.4853271616679,17.7680014316779,656.067662174214,10.6619701071012,1
0.592807406305466,0.592807406305466,0,0.677348059280357,0.691205769192687,659.607668435128,163.999414287806,37.2058570947652,0.572078857495899,548.393265640655,10.9525261484079,1
0.771569398825406,0.771569398825406,0,0.0889938350101998,0.495602361949104,752.379058072955,131.999528573112,115.260802803745,1234.27370512344,820.482866549422,28.1256752563954,0.578947368421053
0.849505159455981,0.849505159455981,0,0.736283800987925,0.358391872042247,990.741372325962,147.999471430459,124.72920689303,1862.01715231618,1722.0076445881,28.2869758385294,0.473684210526316
0.600116780097679,0.600116780097679,0,0.223831035862962,0.797545159516934,745.429036327526,141.999492858954,112.5580148007,858.148145052682,634.223486849214,11.253624724798,1
0.583163326417481,0.583163326417481,0,0.480419644017324,0.474459915410421,662.754225910052,155.999442859133,111.41410813582,755.153329548645,0,11.5808444238348,0
0.659373436775018,0.659373436775018,0,0.0475102111603037,0.262700190724421,862.719642067436,131.999528573112,120.184721258312,1937.84050310933,1311.24865949838,44.6214660368172,0.578947368421053
0.708204113292639,0.708204113292639,0,0.268512701065791,0.50949210957445,708.766172552429,145.999478573291,112.921169517831,876.342449000843,586.959974146262,12.0210981763997,1
0.891759445357193,0.891759445357193,0,0.151422659193757,0.437706708442537,846.982485823512,127.999542858775,119.016725922299,1605.74592356479,1500.92303916184,35.9992488711799,0.473684210526316
0.879283870573081,0.879283870573081,0,0.454251390855691,0.492931211698562,775.422347899668,149.999464287628,114.120192542691,1004.60631545047,676.431741765051,10.9418794231884,1
0.740422932681403,0.740422932681403,0,0.425451111705953,0.274326837077075,745.2886958331,153.999450001964,114.770472917549,1055.11586288727,266.527778997985,18.3638636789299,1
0.787825549354278,0.787825549354278,0,0.685953760716073,0.862014074630764,734.154074645036,159.999428573469,106.441029688718,417.56166840339,917.801861427457,14.4711187494173,1
0.542575663368312,0.542575663368312,0,0.782342517132145,0.538031297742647,828.056027352065,161.999421430638,115.263975754551,1075.6404751799,1.48659361797849,13.7073766602037,0.526315789473684
0.816734116050799,0.816734116050799,0,0.241707697667867,0.576992501086152,904.287808013659,127.999542858775,119.399481812062,1681.77441775552,1626.89210503595,26.5239957028314,0.473684210526316
0.764307472437427,0.764307472437427,0,0.0426239910889966,0.263284204080171,731.465526468132,127.999542858775,117.564651951612,1408.39753688177,1187.83803049148,28.6010168444568,0.526315789473684
0.802870366948578,0.802870366948578,0,0.112401861408074,0.34189193143674,856.670064955738,129.999535715944,119.766214092033,1731.84669489835,1467.45907307436,28.1060714480651,0.473684210526316
0.578011787322338,0.578011787322338,0,0.23338745057084,0.872337970754649,749.879788211951,143.999485716122,111.997874341832,827.212245389225,650.611964609752,10.4700097824481,1
0.615950652206624,0.615950652206624,0,0.825834057253302,0.862129912236774,621.197514102397,403.99855714801,-44.6538511843891,1.16080329484909e-05,738.532782531026,13.3132702238531,1
0.74718894815896,0.74718894815896,0,0.709939569254157,0.568780815173383,939.317823121485,157.999435716301,116.84132265544,1299.73830875954,730.569048235202,25.2665400399425,1
0.559498952457699,0.559498952457699,0,0.800039354863844,0.375984419961479,995.704976620746,153.999450001964,122.126872982499,2069.82585624845,1919.10082780011,17.8918016082197,0.473684210526316
0.937876267136677,0.937876267136677,0,0.860660634194263,0.98238022459953,636.256937120902,417.998507148189,-40.9711644579982,1.58181802617334e-05,941.722212640445,11.6367729093423,1
0.713895148980597,0.713895148980597,0,0.520430641621787,0.585927423076235,712.379670540394,155.999442859133,111.14470371784,730.928593960552,690.836562540366,16.8071541765571,1
0.633889093188961,0.633889093188961,0,0.764975601713156,0.824415605051788,937.74011482279,161.999421430638,115.754703156787,1151.86570738752,741.189941001802,17.9009301278034,1
0.556699614824796,0.556699614824796,0,0.718210317284161,0.7901973140675,780.170934179447,163.999414287806,111.597682389266,726.08774268147,565.429290028722,7.70228375684704,1
0.55569819964564,0.55569819964564,0,0.790668519728751,0.95874509260023,910.487269367778,165.999407144974,114.55036278762,994.992245292696,698.002659198818,8.71821242450171,1
0.550206932614206,0.550206932614206,0,0.0674738432408669,0.25271033931424,600.77737305142,129.999535715944,114.494300888321,1222.55521551348,654.641988764126,42.5765613510549,0.473684210526316
0.802184625267112,0.802184625267112,0,0.648785094502939,0.552664393794992,695.616775432141,159.999428573469,110.306002877241,649.130698390798,741.07267278756,4.91573762441342,1
0.59688327502065,0.59688327502065,0,0.80258135678957,0.170803104576981,947.855272262241,149.999464287628,124.426089994141,2078.38897239386,1646.02622949473,26.0844247359524,0.315789473684211
0.783849415579828,0.783849415579828,0,0.214775739716047,0.837900117986619,969.447399836755,123.999557144439,119.658522422965,1788.99648513532,1783.5564185172,25.4363071783831,0.526315789473684
0.643969516044432,0.643969516044432,0,0.49663928944526,0.428773979921599,810.388215217729,155.999442859133,115.335447921261,1124.51006523905,229.792098905353,23.2071569461427,1
0.989021534318927,0.989021534318927,0,0.89654723447049,0.959830559822336,690.769117895996,415.99851429102,-41.3452853009351,1.59126180656645e-05,924.931559764966,12.7020800251889,1
0.561897459493818,0.561897459493818,0,0.669564113614573,0.831883430396611,683.392666313679,399.998571433673,-43.7902109966793,1.35358532650683e-05,612.521049249519,13.4927885971849,1
0.836466721354001,0.836466721354001,0,0.84073610932569,0.960218536181338,910.455383699025,161.999421430638,114.445272660893,1004.92569870254,962.593964890678,17.5657236780274,1
0.561728521777048,0.561728521777048,0,0.580540075160651,0.335017595841577,946.208234278568,141.999492858954,127.885213006085,2019.12514559393,1621.90066889259,21.6439773489531,0.368421052631579
0.920496502440239,0.920496502440239,0,0.310004417555309,0.819970018169082,823.836688603234,141.999492858954,114.959205411979,1051.21216282425,845.412087313019,15.277460921236,1
0.845068508768485,0.845068508768485,0,0.617387982520278,0.90591175939546,682.807767196317,409.998535719515,-39.6065092072773,2.05001405933179e-05,926.154128994746,12.9410211062304,1
0.534290801757024,0.534290801757024,0,0.915632614669373,0.110126317093788,909.619929160251,155.999442859133,122.76049782495,2191.41693222496,1446.35508786986,34.2297883457777,0.368421052631579
0.733815483679954,0.733815483679954,0,0.262350530647366,0.652652336895193,769.173883755687,141.999492858954,114.595250565395,978.52197552746,754.281092801139,11.1917462403993,1
0.657813716963084,0.657813716963084,0,0.109943320997325,0.136966560482164,657.687144219533,135.999514287449,117.155852772045,1409.14863044413,727.921997289965,40.4964396547222,0.473684210526316
0.846626610510846,0.846626610510846,0,0.629657091842641,0.961511747405499,841.314311340554,155.999442859133,112.846022009288,883.380385755432,952.152905831085,18.463391997456,1
0.884454891522764,0.884454891522764,0,0.393179574099898,0.742079817327918,985.74402912571,131.999528573112,120.662443015375,1810.31145108617,1740.64360551149,24.5463206388759,0.473684210526316
0.68535885493792,0.68535885493792,0,0.00363151189069799,0.0899137512048108,645.394355364451,133.999521430281,116.070641405339,1417.80948134718,546.598951972978,35.5303957437675,0.368421052631579
0.504319667909108,0.504319667909108,0,0.200889288190516,0.924191443315518,682.418851882972,143.999485716122,108.372119467537,588.965778202953,525.539055421532,12.1547313736882,1
0.749097433343389,0.749097433343389,0,0.478515095408095,0.995446358181724,969.31532323173,147.999471430459,116.443972772584,1322.92517377803,952.887906847803,26.6928821658447,1
0.698960087675189,0.698960087675189,0,0.430619587133853,0.115042721140066,969.155051798056,145.999478573291,127.42007350797,2240.46400158832,1546.64371157789,27.9929258115977,0.315789473684211
0.808331742931217,0.808331742931217,0,0.324668837362688,0.556012427371115,692.686977691674,147.999471430459,111.538330033407,787.137513822339,727.255888868549,10.2028649221567,1
0.580383821190853,0.580383821190853,0,0.0723918122522395,0.942450632887136,851.54503475767,127.999542858775,115.052198332864,1313.71207812437,1018.91672190232,28.999280071455,0.473684210526316
0.687372569859424,0.687372569859424,0,0.77405383622222,0.0679062233783716,975.046962128294,151.999457144796,123.558100875757,2280.05673436812,1845.9313614741,24.4327619907464,0.368421052631579
0.949428731528567,0.949428731528567,0,0.474901864962251,0.0868227522824795,890.418124831338,147.999471430459,122.615489566507,1782.10659477902,1677.45688900165,21.4022298225755,0.526315789473684
0.531001574614405,0.531001574614405,0,0.123907431260153,0.156037221212846,779.519809686676,135.999514287449,119.74166300815,1904.1869235101,1083.85724955661,20.2415858336391,0.368421052631579
0.552346495617106,0.552346495617106,0,0.825055627390604,0.873896319382804,873.738439587307,165.999407144974,113.941620788007,920.822869970208,635.088989340488,8.16475343304094,1
0.896077569639611,0.896077569639611,0,0.175014561394279,0.560306728731876,661.377155796357,139.999500001786,111.063960036983,779.147172771402,703.263260915938,11.6050666178098,1
0.836380702704976,0.836380702704976,0,0.99608729067861,0.022537607503811,728.718387056524,173.999378573648,115.662121545764,1010.16558128535,25.563608943637,12.1059846554884,1
0.723218119973239,0.723218119973239,0,0.662676439885076,0.844830146251142,711.950779490376,159.999428573469,92.2674158049101,116.9077041804,869.55716601652,8.64453223306601,1
0.802467040186163,0.802467040186163,0,0.317207728618141,0.154854494843012,924.070526640738,141.999492858954,128.174655463541,1930.26171911314,1497.23527783853,31.1039014282236,0.631578947368421
0.612321462266457,0.612321462266457,0,0.0992087348400118,0.80851431372101,608.514623827194,137.999507144617,105.204137333041,433.285204203559,659.047854764973,11.933749413079,1
0.869056670232235,0.869056670232235,0,0.448439780403739,0.766103487044513,936.829111644017,141.999492858954,121.236152612305,1516.73365053923,906.709833247397,28.1035418678367,0.526315789473684
0.831200706711533,0.831200706711533,0,0.58166813488306,0.593548963629934,729.68522936136,155.999442859133,111.619993373034,769.593048482003,761.415869458465,19.4404455916771,1
0.613687995177002,0.613687995177002,0,0.350311329398917,0.355441371103194,640.31518615167,147.999471430459,112.835179595162,868.424453394444,4.75357716278932,9.62756194212094,0.526315789473684
0.695768750096407,0.695768750096407,0,0.1244540945667,0.864532647460854,601.038268674225,137.999507144617,98.4795121776905,200.741818683013,823.649802291819,4.73010946708266,1
0.586003475917426,0.586003475917426,0,0.292637137302001,0.485299083027219,622.901768955162,147.999471430459,110.438410436403,703.061233540598,0,15.2393889493362,0
0.566625695785823,0.566625695785823,0,0.509586938994278,0.308310684523265,874.296330178371,141.999492858954,127.062515919251,1876.86913257233,1429.21375037825,22.441631200949,0.368421052631579
0.54481308572324,0.54481308572324,0,0.611491352489341,0.799822741010038,787.327303096371,159.999428573469,112.159182810067,794.018673625322,539.156311971362,13.875630309484,1
0.90577495605771,0.90577495605771,0,0.223112584350313,0.722760547503539,744.460990064917,137.999507144617,112.731575993204,913.451630707797,795.989950427336,16.5027610571504,1
0.763547448870225,0.763547448870225,0,0.591995270140983,0.279306694325209,977.69878465192,147.999471430459,123.763086838438,1920.01638866501,1891.86079299272,21.8993606314569,0.526315789473684
0.71046811112267,0.71046811112267,0,0.225312125963638,0.215298900458651,746.994283751139,135.999514287449,121.177368620172,1487.75729503343,1200.34922919333,24.2209047557812,0.526315789473684
0.8721314856142,0.8721314856142,0,0.952284472745637,0.526451749993791,686.159898418358,165.999407144974,108.078995574294,478.571907702418,722.845587259057,5.5378123352378,1
0.670945320619424,0.670945320619424,0,0.282693104336776,0.00825848410967123,758.242174602569,147.999471430459,121.162840265193,1793.25713400743,916.313899038109,25.9959103769258,0.368421052631579
0.956672335314912,0.956672335314912,0,0.184990198190945,0.525353488568854,737.149275557004,137.999507144617,113.634838280914,1025.88260096018,669.844476713341,24.7707280180947,1
0.615721779467311,0.615721779467311,0,0.72971628936958,0.37275000538959,974.301759199716,151.999457144796,122.065852929331,1880.4425663726,1808.10239054692,24.6781309001639,0.526315789473684
0.906024853932374,0.906024853932374,0,0.00969334544164657,0.855664059695778,820.668373069757,117.999578572934,116.787496570115,1336.39092851537,1373.34566566026,22.3208067292492,0.473684210526316
0.540347646391616,0.540347646391616,0,0.719892960275171,0.613642297481585,974.600616213704,157.999435716301,118.317890609069,1494.01496372792,463.052591692916,25.351731458086,0.526315789473684
0.85026755444943,0.85026755444943,0,0.0610849943274316,0.0075457969379038,665.169462922045,139.999500001786,120.079388964617,1427.79870238055,854.189525687166,24.4338646713423,0.526315789473684
0.82782058377575,0.82782058377575,0,0.923970852905814,0.374408732852064,956.259755746227,153.999450001964,121.288688002631,1663.98676316118,1401.41856159511,33.5202361153622,0.526315789473684
0.98404772355935,0.98404772355935,0,0.233911788699145,0.65629031796507,842.2188002086,129.999535715944,117.342985264709,1440.78397587016,1189.90785471046,24.816501825751,0.526315789473684
0.885990808364505,0.885990808364505,0,0.435428914880741,0.125546081740986,607.965663188633,157.999435716301,111.933082998287,782.657112096965,280.858256819695,12.7168654145817,1
0.599391903852424,0.599391903852424,0,0.294459506063436,0.710921984669563,808.5588207364,143.999485716122,115.158922101235,1046.17495532721,557.495653961296,25.642237718862,1
0.747442208507011,0.747442208507011,0,0.915369492539103,0.620522830603057,856.056780815584,165.999407144974,114.605761640715,990.482535147763,776.481527885928,17.3431905575779,1
0.792923034783528,0.792923034783528,0,0.96417383972073,0.602898422984675,910.246175800946,165.999407144974,115.929526284378,1139.56034698966,787.280840097317,16.6541578700168,1
0.652212740171268,0.652212740171268,0,0.845956730222925,0.0224001357964337,943.138732641555,155.999442859133,122.698525444425,2162.7241179776,1542.75119054005,21.4339397312903,0.368421052631579
0.931043483407136,0.931043483407136,0,0.482744145395266,0.702530188752173,910.48556451886,145.999478573291,116.706220701994,1348.95304218466,790.191169721936,33.7598452924945,1
0.533697954267149,0.533697954267149,0,0.180280687519123,0.488305055801788,942.57984692004,131.999528573112,121.61221766386,2114.48058784032,1930.99124580328,23.3172603942392,0.526315789473684
0.984565449635513,0.984565449635513,0,0.925580561995725,0.789992954059928,756.316093353125,163.999414287806,109.182326930571,551.615056397983,842.888932814783,5.27622511016778,1
0.586763213789881,0.586763213789881,0,0.312452108444876,0.136744784942144,813.015698393283,143.999485716122,124.856395593251,1931.5773198654,1180.73365302732,22.7416911085498,0.315789473684211
0.676498187826779,0.676498187826779,0,0.972175834921851,0.805487654962706,854.881141977955,167.999400002143,113.417830788118,855.986895754582,801.501307281787,5.33652073129966,1
0.505893389443127,0.505893389443127,0,0.406191798016768,0.749471469399836,793.727628074113,151.999457144796,113.405330343224,950.936372864009,288.022267725279,16.7710187534535,1
0.874090454427747,0.874090454427747,0,0.771904386528145,0.682616182406411,656.456167630707,161.999421430638,35.8910967172779,0.372346630284157,807.546676603774,9.30507798405931,1
0.865270398767288,0.865270398767288,0,0.55300331834284,0.518367777887499,911.307840982388,143.999485716122,125.832731755494,1591.44033771573,1312.88381041728,28.0456133644523,0.526315789473684
0.621947256631246,0.621947256631246,0,0.602097237491878,0.152838801112291,826.475887744722,147.999471430459,123.517154076292,1834.84040761784,1308.14887784992,26.8098486335899,0.315789473684211
0.777193591666742,0.777193591666742,0,0.147322317242,0.60533282564623,890.035546956282,125.999550001607,119.023813828449,1655.27905786869,1577.13096311506,24.4911773733836,0.473684210526316
0.97489540564941,0.97489540564941,0,0.816190955298778,0.428861640970165,758.317048685114,161.999421430638,113.353223201355,882.441202979658,634.35732175574,14.8633162358543,1
0.670173503020368,0.670173503020368,0,0.570389220262225,0.122703391678317,929.624286041708,147.999471430459,125.700075234818,2060.0281250114,1559.51019034651,26.2599367232765,0.315789473684211
0.989341699463957,0.989341699463957,0,0.715331868542109,0.711674727193384,694.043808911972,157.999435716301,107.189683460367,458.615930379651,794.504224389907,7.09008526816571,1
0.852227803065527,0.852227803065527,0,0.054227101154196,0.646666121679795,668.682443814453,131.999528573112,110.477152820518,811.771381177,762.547155515633,14.4630374213926,1
0.683266740318045,0.683266740318045,0,0.650777510578634,0.736563851050717,614.542030571711,387.998614290663,-45.1621244312619,1.28755368454699e-05,757.614640448974,13.9578935095007,1
0.971792750006004,0.971792750006004,0,0.163691266753904,0.0226065283456578,843.981890863026,141.999492858954,127.141142332177,1829.06645579647,1273.47771570894,29.1336393759448,0.631578947368421
0.750183838719009,0.750183838719009,0,0.328343956208859,0.880975048638358,988.702248589476,131.999528573112,119.946969761927,1759.96467482086,1598.09011115649,22.5217828992016,0.473684210526316
0.5407325655351,0.5407325655351,0,0.0180764468052689,0.923522726204228,707.373157463477,131.999528573112,110.085278853893,789.766706259475,597.121378437605,12.485079244012,1
0.666774232760947,0.666774232760947,0,0.629166867487159,0.758450185118034,844.297829388845,157.999435716301,113.963605094067,977.808466004587,745.066832318575,20.0544066431944,1
0.904556696711727,0.904556696711727,0,0.988237439551247,0.126085638941869,687.301751462032,171.99938571648,113.379394692107,824.282958255894,365.229265020448,13.6990602585896,1
0.810560364128599,0.810560364128599,0,0.273014863811995,0.411308795923301,837.026321941425,135.999514287449,120.515086085376,1522.97072537989,1326.56918147375,32.6010521163614,0.526315789473684
0.59143663630272,0.59143663630272,0,0.874355839398424,0.98199965266144,987.003905246031,165.999407144974,116.169432141165,1172.21262936096,770.461464117501,19.161958010265,1
0.503719739811756,0.503719739811756,0,0.886442540944496,0.798886808994034,897.028791885777,167.999400002143,115.046460353039,1020.04997156243,434.127469673603,22.440900169258,1
0.779142427432888,0.779142427432888,0,0.523911167987738,0.352681936830518,747.679893642251,157.999435716301,113.886185308393,961.632951530528,533.096054348517,15.7242502221844,1
0.699914053238743,0.699914053238743,0,0.830143110059662,0.808520787847114,851.479754642053,163.999414287806,113.544108882418,895.462037048682,829.058443263414,15.3563211730051,1
0.995346359618682,0.995346359618682,0,0.183754794606734,0.574007078618386,890.675742754208,125.999550001607,119.806768647586,1709.47890433644,1660.38534349772,34.1038417385631,0.473684210526316
0.532404935840877,0.532404935840877,0,0.898165757336151,0.324314070543637,824.025150566141,145.999478573291,123.931343015095,1660.12718145944,1423.1299056226,28.002515529871,0.473684210526316
0.961719247475614,0.961719247475614,0,0.378357151498989,0.964235691059172,694.872899179297,147.999471430459,106.43124718553,460.66435096548,909.071643641569,8.52697956269563,1
0.717856956267456,0.717856956267456,0,0.299892550022321,0.961084813685854,734.046684934682,145.999478573291,109.997668465015,693.921456209013,902.473316077902,13.0619770056708,1
0.740006330080738,0.740006330080738,0,0.458462828174218,0.723413290148563,937.796843154363,147.999471430459,117.065409943692,1409.53158275611,813.697105334411,21.708133498476,1
0.743656544720256,0.743656544720256,0,0.230866773597382,0.473721158636396,809.558642773557,137.999507144617,119.051581255892,1362.67147228012,912.782789268553,33.8644250811708,0.473684210526316
0.557001819220924,0.557001819220924,0,0.216975091988118,0.671914472553967,944.099874282312,129.999535715944,120.465761636866,1811.48087070856,1826.36959518063,22.3335028473193,0.473684210526316
0.537023751048211,0.537023751048211,0,0.480140729574592,0.763539043412499,781.430859230871,155.999442859133,112.600102091021,862.697703947908,458.949620285431,10.9314803128345,1
0.746667371732886,0.746667371732886,0,0.722558335864791,0.664633131945567,698.787706950044,161.999421430638,107.401760361568,458.861919879583,796.211475824743,10.8589742323903,1
0.942946675799243,0.942946675799243,0,0.837957359691517,0.964929009245832,671.07048500919,415.99851429102,-40.7423200509431,1.62414876469716e-05,931.646352861958,12.7674301819562,1
0.532660547795548,0.532660547795548,0,0.573779687581059,0.435124092146499,626.299295060242,153.999450001964,111.652199677057,772.040531014558,0,8.08916859830158,0
0.828618650242191,0.828618650242191,0,0.707144994657793,0.60999558936682,839.777834597564,157.999435716301,114.499873225189,1028.3522725527,777.758314067314,12.1778872191559,1
0.857933710634645,0.857933710634645,0,0.321993827504003,0.322200337352019,690.223044506244,149.999464287628,113.251573989751,912.540914322243,522.80523229852,15.5048494638244,1
0.959649089290083,0.959649089290083,0,0.844866520271457,0.490466993000362,704.080627373208,163.999414287806,110.933582919901,677.088681927238,676.838261833039,11.0280864384284,1
0.863074186373554,0.863074186373554,0,0.820692014485331,0.988809373114165,839.773162499084,161.999421430638,112.124487146329,778.598840830747,966.118215435038,9.40545498107363,1
0.880307369865595,0.880307369865595,0,0.153945001611674,0.689340202638614,934.108399964136,121.99956428727,119.572188836672,1734.76313281428,1647.97339038643,29.8041507772498,0.526315789473684
0.883227826094162,0.883227826094162,0,0.0319606918308881,0.22858913745581,756.176849371587,129.999535715944,118.168460358704,1504.23308225826,1174.20306617233,43.3633726876415,0.526315789473684
0.898947022599918,0.898947022599918,0,0.194395135318348,0.516753858688428,748.359549498547,137.999507144617,114.093518664405,1062.82854230059,675.481832467478,20.5281804949017,1
0.70010930103545,0.70010930103545,0,0.314452880012363,0.600235088537509,978.10489104014,131.999528573112,121.286663378156,1898.71036057334,1847.01630805626,17.1764036201846,0.526315789473684
0.708278880237329,0.708278880237329,0,0.330837515707518,0.754940904872502,820.75941945976,145.999478573291,115.003752225658,1040.63986570078,790.426203127595,30.1265405449148,1
0.641017505737276,0.641017505737276,0,0.585572376787889,0.883772296423429,734.786326151098,157.999435716301,107.507696836233,475.609515094712,779.462102052318,7.46576196506528,1
0.638338270222109,0.638338270222109,0,0.0688436770759616,0.681138788893408,642.704343943012,135.999514287449,109.387820839016,700.289062296434,599.801646101503,13.6659380551476,1
0.920209615500253,0.920209615500253,0,0.572121205241918,0.683129364047958,801.95219364467,153.999450001964,113.459997270557,950.150633979702,785.930817356405,15.3743013367213,1
0.530705838118823,0.530705838118823,0,0.848241279957632,0.528479264992328,714.157144618074,163.999414287806,112.453453979476,787.403812710641,0,11.9886099367149,0
0.856444628020411,0.856444628020411,0,0.0859328862727594,0.25126818335919,662.965735524242,137.999507144617,113.906801192807,1020.25046379148,409.927734923707,27.4703898318917,1
0.954520817535956,0.954520817535956,0,0.00026636350472653,0.70519966492286,752.745076669394,121.99956428727,114.993038312283,1207.33444193035,1079.24599174056,24.7399779598761,0.473684210526316
0.71609439829824,0.71609439829824,0,0.0407159193370262,0.687043669652504,922.153058037179,119.999571430102,119.46276895381,1730.88207733671,1701.87638266616,38.2638226391573,0.526315789473684
0.753025998057048,0.753025998057048,0,0.184082116168205,0.851319227430887,948.90770853399,123.999557144439,119.166198590552,1707.44536088072,1698.28827339327,27.7318988744522,0.526315789473684
0.834032357858029,0.834032357858029,0,0.0908698424529325,0.320971106650767,889.263918865442,129.999535715944,120.201514023871,1833.98544739281,1417.69796710957,29.5480500853339,0.473684210526316
0.821000481875469,0.821000481875469,0,0.352759091261785,0.499319032689604,894.115168671043,135.999514287449,121.519131143398,1632.29267972774,1490.30116132068,26.2133624397795,0.526315789473684
0.760137419080566,0.760137419080566,0,0.809030165606849,0.600669526664662,607.663965023524,371.998671433316,-49.2270948431695,8.82884911013182e-06,768.59766094724,13.2589114465966,1
0.624657374752932,0.624657374752932,0,0.0880261576860544,0.253649527379358,903.99405561778,133.999521430281,121.208446303703,2113.38253010391,1389.94264452684,35.4744615936799,0.421052631578947
0.719932949564227,0.719932949564227,0,0.547801175932304,0.80498843054726,815.326523017347,153.999450001964,113.043535427502,905.499196564063,841.357120317963,15.1052997247661,1
0.989241798763454,0.989241798763454,0,0.20616312204492,0.923923987876734,641.657447081615,139.999500001786,104.845656226657,409.776543980385,877.934580134768,8.70435327829663,1
0.566257018062698,0.566257018062698,0,0.623214413574179,0.486660024957024,985.651271808621,145.999478573291,124.762294172003,1943.83847956018,1825.57472341422,19.7708748039364,0.526315789473684
0.867781816526321,0.867781816526321,0,0.231277127597221,0.649562521262718,664.653558869851,141.999492858954,110.265891529449,710.098640223081,768.367553850912,13.6792230961704,1
0.51424655603737,0.51424655603737,0,0.867626227766682,0.161668828692116,915.621855373992,153.999450001964,123.10264480309,2185.15054017709,1493.66803636797,25.9914513394206,0.368421052631579
0.542419245167894,0.542419245167894,0,0.240396805890916,0.179058265015677,944.971288995756,139.999500001786,125.230580630476,2358.06652452279,1642.51962423677,27.7974661366981,0.315789473684211
0.693879129476612,0.693879129476612,0,0.576467568898758,0.68229659521503,734.056116299407,157.999435716301,111.000976832099,713.386117391792,735.049047435518,13.3791594883075,1
0.960037040640339,0.960037040640339,0,0.736268656975894,0.363327432109711,667.243929495513,161.999421430638,110.939506052307,681.581543332687,585.267247991753,12.2001430532054,1
0.761844879848354,0.761844879848354,0,0.209966818648063,0.447330865847915,865.512725839572,129.999535715944,119.610424022938,1630.98874631917,1511.52486784884,29.512370383933,0.526315789473684
0.983890346840068,0.983890346840068,0,0.0122830412458882,0.836089123558806,870.820085080823,115.999585715765,120.322426706027,1515.46978901498,1669.25146106957,18.5484622778054,0.473684210526316
0.898318491316131,0.898318491316131,0,0.476156622820977,0.79060075157702,860.825805967321,147.999471430459,114.995536262325,1094.3514623594,844.925433971426,19.8011548023626,1
0.773329435326519,0.773329435326519,0,0.516060217963395,0.11631343787982,801.422738105932,147.999471430459,121.600770481344,1527.71391930924,1459.64747804866,23.7822122600592,0.526315789473684
0.651217964505216,0.651217964505216,0,0.446517336669821,0.920239809188087,978.60756096444,147.999471430459,117.112119014041,1433.45356937925,806.619025496914,22.294156742296,1
0.796624909956968,0.796624909956968,0,0.339292120327974,0.799885115121153,803.299206828246,143.999485716122,114.140547785977,974.112242476453,873.948295437572,12.7105468975446,1
0.618903199232986,0.618903199232986,0,0.755055755084104,0.945855344379406,917.496328209743,161.999421430638,114.798684791332,1039.16674122061,787.946814580784,9.89691260668323,1
0.869084204556742,0.869084204556742,0,0.877692164477243,0.592301930220318,812.79227378249,163.999414287806,113.73862375569,917.807974531158,761.457233952691,6.55306222392761,1
0.588962324518918,0.588962324518918,0,0.488385755661522,0.346832620088338,868.171823784938,139.999500001786,126.023991705571,1791.77822028551,1446.31406960968,40.0903465438982,0.526315789473684
0.787920541632482,0.787920541632482,0,0.613356379810539,0.250691310045576,849.953087249109,149.999464287628,120.989338954423,1505.16890803292,1323.9634937751,30.2678560106271,0.526315789473684
0.751573264189114,0.751573264189114,0,0.585005497588642,0.771073254409569,856.224151479821,155.999442859133,114.269624589381,1026.56449153089,854.659434210827,16.9756707335582,1
0.836305101209883,0.836305101209883,0,0.0169522226959751,0.897426706107786,949.933546925437,115.999585715765,120.953877202868,1739.53277403305,1847.21750376459,13.6122352698884,0.526315789473684
0.654389784454563,0.654389784454563,0,0.436404467634111,0.91626733873634,836.799076658872,149.999464287628,113.408779325672,959.062477364828,809.204858939075,14.2505077495258,1
0.650519621315039,0.650519621315039,0,0.939562679111388,0.906155127707869,818.432076225646,169.999392859311,110.717747281725,632.757874192435,817.094193975451,6.43489685080155,1
0.725477618668841,0.725477618668841,0,0.948566100807623,0.126393042242769,826.020282664531,157.999435716301,119.68892137476,1517.22478789886,1507.23693623502,32.6496723419598,0.526315789473684
0.58983897709522,0.58983897709522,0,0.0938244150123806,0.112809744918898,969.879492376302,137.999507144617,124.094013223151,2523.433792931,1670.58910795322,30.5603722471833,0.315789473684211
0.543178880871729,0.543178880871729,0,0.62774578827356,0.436030511296577,617.719662432189,157.999435716301,110.995392971789,709.782630946816,0,11.7054780809903,0
0.986124561726412,0.986124561726412,0,0.646277589148366,0.602462384156059,886.810104347016,153.999450001964,115.905949733591,1203.42852946259,732.510811101636,22.0891420189791,1
0.979752811197557,0.979752811197557,0,0.864116970321254,0.357154306743038,740.633960914954,163.999414287806,113.274340663565,860.587397539167,586.788174357963,15.9636157634547,1
0.783945710156606,0.783945710156606,0,0.850889094714951,0.169229463666761,854.211563899362,157.999435716301,119.522049960434,1501.28299804426,1417.66099487276,31.1211126730876,0.473684210526316
0.697365869097281,0.697365869097281,0,0.422583047685126,0.827088069620707,970.021801524074,139.999500001786,122.50930071739,1632.23163328965,1188.73004319525,25.9807473361644,0.526315789473684
0.856706193861503,0.856706193861503,0,0.622914804114655,0.594039142729076,855.044736766408,153.999450001964,115.122528829915,1110.7458605876,756.510167309349,19.6746670223408,1
0.592794026066383,0.592794026066383,0,0.978597346067704,0.454914560257603,772.076437690558,169.999392859311,113.980118755064,894.937562603207,64.0681732518643,16.8818534511055,1
0.849871950790462,0.849871950790462,0,0.0313480708607252,0.349008202090995,720.876765435736,127.999542858775,116.391708558352,1309.56575466824,1101.41688792226,29.0832716475042,0.473684210526316
0.607002149732705,0.607002149732705,0,0.920023790227544,0.538217791416869,955.789355075861,165.999407144974,117.437145814682,1305.74988313835,389.160609327342,26.4576241255789,1
0.588617295371116,0.588617295371116,0,0.40675690238723,0.779434869591507,618.520642090776,391.998600005,-41.2807461364913,1.91373753866478e-05,608.388980986879,13.8815918634026,1
0.987673635746482,0.987673635746482,0,0.903881267287288,0.641463600925372,831.911406961285,161.999421430638,114.023951114267,955.210109531176,763.774506548695,18.8885473961761,1
0.883723843666022,0.883723843666022,0,0.158781054448351,0.271281711590111,626.769314677267,141.999492858954,113.208738798238,848.637751107221,457.295566681934,13.1819556354288,1
0.542575826361344,0.542575826361344,0,0.742375983426989,0.11129063886474,805.26087455481,153.999450001964,121.20259360892,1886.73560934597,1140.54638599575,23.4142966699803,0.368421052631579
0.604919547795502,0.604919547795502,0,0.345848821680267,0.329678548369453,664.376608148669,145.999478573291,114.482865116457,999.478524280193,172.094613864849,17.9308140151158,0.526315789473684
0.598089990431174,0.598089990431174,0,0.376095161312239,0.0981003487205534,835.013163350736,147.999471430459,123.816824197868,2013.50339295722,1230.33146918769,25.1322040130588,0.315789473684211
0.602014200815858,0.602014200815858,0,0.936859818503511,0.846130355005845,670.437322430473,403.99855714801,-45.4651764358153,1.08520273388139e-05,710.498969096006,11.5299886965788,1
0.834844167943752,0.834844167943752,0,0.94713299166816,0.0834491281645499,834.118034928428,163.999414287806,118.753119335463,1445.39097987611,1378.55333015735,30.8380527854367,0.526315789473684
0.576326915308932,0.576326915308932,0,0.998536012540155,0.982008510344114,943.634879207031,169.999392859311,115.061760436119,1005.33462093109,752.987353822548,9.85419364494624,1
0.72409689059038,0.72409689059038,0,0.475380503432216,0.435611710392143,965.835830069504,139.999500001786,125.991479123695,1822.16730906579,1638.24050381188,25.5237087076559,0.526315789473684
0.521117744289939,0.521117744289939,0,0.112093907138954,0.201951764742676,958.761695423123,133.999521430281,122.038841416776,2490.12663238152,1916.91207111465,35.6033674538745,0.368421052631579
0.549436127118825,0.549436127118825,0,0.17033857996644,0.342145550768226,783.852080778667,131.999528573112,119.189639321744,1687.82580945596,1178.05997206729,38.6241984514392,0.526315789473684
0.847564454357598,0.847564454357598,0,0.387994078295257,0.868254725898466,740.397143832813,147.999471430459,110.684098915697,734.717187316743,897.528160872343,18.9518220443984,1
0.866074915845443,0.866074915845443,0,0.00975978090469698,0.464066734912757,972.763340081466,123.999557144439,120.534119574746,2088.32120920785,1740.70080374037,28.5136522128414,0.578947368421053
0.874896469647945,0.874896469647945,0,0.786627663037651,0.582135688940047,997.198509187275,145.999478573291,125.828950471124,1770.80698716316,1511.66765940223,23.3729007130042,0.526315789473684
0.930303007490942,0.930303007490942,0,0.0357974666559048,0.290153855748165,618.071167349513,135.999514287449,111.846982739007,878.665771566521,480.388005120587,14.8532593278579,1
0.815510199708035,0.815510199708035,0,0.65867199158346,0.541493412033651,608.868791479698,159.999428573469,62.1165314325099,5.19410731672477,733.501592916353,9.24553337774227,1
0.62968482498395,0.62968482498395,0,0.213619893839271,0.307202052034387,800.593949955176,135.999514287449,120.60709032314,1654.18278088339,1222.60304568631,28.6239500693111,0.526315789473684
0.85193171772684,0.85193171772684,0,0.813582534674943,0.779156478413866,669.844350542356,393.998592862168,-44.6836617403203,1.33182493354013e-05,868.414023005633,12.3694702314722,1
0.836206239711772,0.836206239711772,0,0.901435729761876,0.488796868080702,999.891758896506,149.999464287628,123.741137127619,1776.74269370958,1496.79051507013,29.8976739500947,0.526315789473684
0.819351493854598,0.819351493854598,0,0.80506478882016,0.126413472437743,975.661455176746,157.999435716301,121.639311859771,1903.62327735112,1989.0531575638,25.4045434220026,0.526315789473684
0.691865539645421,0.691865539645421,0,0.652588867166269,0.209917921213801,648.461449935588,159.999428573469,113.223643017292,872.14101957145,0,13.2303891178062,0
0.624867422833839,0.624867422833839,0,0.134545295148767,0.151461360872362,793.223480874257,137.999507144617,121.59668708121,1868.91779033797,1090.69347476411,28.6680364295394,0.421052631578947
0.733266819858217,0.733266819858217,0,0.736505117572694,0.587238010910701,732.52554562307,161.999421430638,111.217827741318,701.992154611446,729.745713727467,12.8399353300647,1
0.71384289200201,0.71384289200201,0,0.0417414240194599,0.284640236782783,720.760185537752,127.999542858775,117.283343963188,1388.89123724944,1164.60247731766,32.6543786232155,0.526315789473684
0.53415762343223,0.53415762343223,0,0.473511881364592,0.298497054818146,788.842546348403,141.999492858954,125.088115541152,1699.80162602521,1217.68870154379,27.3699673362706,0.368421052631579
0.58538464024688,0.58538464024688,0,0.779767304674743,0.997970875386768,850.574652196467,165.999407144974,112.41877422299,788.633609192262,766.406327955534,12.7275683799695,1
0.559811308214097,0.559811308214097,0,0.32832982876991,0.832862729080835,984.777548862115,133.999521430281,120.968741283085,1762.99458017879,1592.21468023212,23.5034334995622,0.473684210526316
0.570777620425113,0.570777620425113,0,0.316116495090584,0.115434986602157,807.710123275244,143.999485716122,123.865261749516,1947.82296175754,1145.83565023922,20.6966884038194,0.315789473684211
0.697786607334619,0.697786607334619,0,0.656925741327496,0.653457286843679,843.843834908429,157.999435716301,114.44002509032,1020.87480769205,724.048343302072,14.060685587745,1
0.656792587345305,0.656792587345305,0,0.395439565309592,0.2737749425529,641.04459250161,149.999464287628,113.259564936244,906.771743449705,27.5955128334682,20.8624905744073,0.526315789473684
0.536626422949293,0.536626422949293,0,0.671570829412362,0.682985987767558,961.758999649557,157.999435716301,117.237098011206,1375.35240367063,343.239810151761,26.2726750986329,1
0.61197238477681,0.61197238477681,0,0.355648366502489,0.169782655521329,951.626230370653,143.999485716122,128.171436781108,2268.14298224971,1607.43750928479,24.1634112701062,0.315789473684211
0.657752479081966,0.657752479081966,0,0.434453119074273,0.595266120378497,656.579104163181,153.999450001964,108.947423346763,581.312239922142,582.725373785237,18.6509962222674,1
0.929151977450532,0.929151977450532,0,0.694619252216962,0.399892251130315,925.20795810177,145.999478573291,125.13804118084,1662.96869663093,1430.7389333451,22.9973741064727,0.526315789473684
0.905585156555533,0.905585156555533,0,0.537030992785934,0.0799104889420366,969.381819705679,153.999450001964,122.621060428654,2012.70539457959,1836.65035701437,17.3529606227567,0.526315789473684
0.860268733592626,0.860268733592626,0,0.174130776690364,0.0140908480803391,645.002706204606,141.999492858954,120.70612853986,1288.64089647706,1071.29360924236,26.5534035964089,0.526315789473684
0.851624013722111,0.851624013722111,0,0.912720497027482,0.172847176876461,776.058945171771,169.999392859311,115.417388053906,1030.97496604035,380.118297030994,14.9715338180786,1
0.646330387678346,0.646330387678346,0,0.122507676661735,0.142780279544455,796.884387089105,137.999507144617,121.884469523909,1871.61048334175,1098.93502579211,24.8642469148802,0.421052631578947
0.503987025669162,0.503987025669162,0,0.47733421684099,0.441757262771258,933.114130481408,137.999507144617,123.741755198451,2020.49199815022,1692.0958611765,27.8671037782063,0.368421052631579
0.774965968740243,0.774965968740243,0,0.634480337747188,0.837813755991438,698.1331160987,157.999435716301,80.379260127805,24.7688987612032,901.73380533119,9.28562778507247,1
0.637917946343274,0.637917946343274,0,0.817563358509446,0.169287218718178,987.952343951773,151.999457144796,124.148104295554,2259.69899273156,1931.15205133035,24.702067251767,0.315789473684211
0.631473114524897,0.631473114524897,0,0.104263008985094,0.457365388868447,713.154889423798,135.999514287449,113.853222928028,1076.6248788502,384.490298607828,27.7220208439985,0.526315789473684
0.708068239201257,0.708068239201257,0,0.0150875213345235,0.495416116430974,965.948877283103,125.999550001607,120.423199668539,2040.46131976413,1716.53378409609,30.8833239345733,0.578947368421053
0.501233623059893,0.501233623059893,0,0.847960760848662,0.762920281538477,846.531100347979,167.999400002143,113.988290030311,917.751191363401,359.979396248724,15.0819346185037,1
0.503224278031938,0.503224278031938,0,0.0307540376554336,0.250969640908169,943.283741297588,129.999535715944,121.536268441888,2421.31307741808,2207.82368226558,29.8306213062319,0.421052631578947
0.715898646170159,0.715898646170159,0,0.771539163082366,0.366565788028543,883.336622971966,163.999414287806,116.721438077044,1228.07706694766,447.029190559547,30.1972240748228,1
0.616702559118414,0.616702559118414,0,0.28111357003339,0.758666605890736,640.481542005055,147.999471430459,106.03302718828,440.602261365319,639.894737197419,5.47610376734649,1
0.698232286320777,0.698232286320777,0,0.275973037047438,0.668142802765621,797.551160335704,143.999485716122,115.383363744019,1042.88843615986,716.880865324718,11.4616046161279,1
0.575537841346797,0.575537841346797,0,0.225828919513177,0.418911029067845,914.585883841435,133.999521430281,121.372110076516,2011.75978722605,1735.14228587269,25.920316874903,0.578947368421053
0.745002702874535,0.745002702874535,0,0.87639200232513,0.250026018175525,687.891607175972,169.999392859311,112.619347944598,775.457103794132,310.034103614213,11.8084008646341,1
0.765320314552062,0.765320314552062,0,0.0720775076311145,0.416660918883812,925.738730702797,127.999542858775,120.45304080956,1940.52940765847,1612.59252144844,28.052986190653,0.526315789473684
0.966266618968326,0.966266618968326,0,0.953414699516971,0.53059518949638,601.776834752071,363.998700004643,-51.4612017936633,7.44707068364367e-06,704.911767553112,12.8853265057847,1
0.673748230057573,0.673748230057573,0,0.174260919942737,0.502621005509685,863.389182163553,129.999535715944,119.129947728422,1622.64971725728,1524.2728645655,25.516972365151,0.473684210526316
0.503275233776086,0.503275233776086,0,0.631169513766095,0.284818754685333,617.853723213775,141.999492858954,119.665798124705,1194.006280814,932.506149049564,30.8346271755579,0.473684210526316
0.627216875383306,0.627216875383306,0,0.516839799859151,0.466134432643954,925.857844924526,141.999492858954,127.344050984577,1713.81688748094,1569.16009025777,25.0108066652512,0.526315789473684
0.700169141731767,0.700169141731767,0,0.294130931871058,0.675855199121681,628.339400804029,147.999471430459,106.595595624524,469.720867954354,726.716988919599,5.27984871534177,1
0.923730210953967,0.923730210953967,0,0.325349296676329,0.0156229855102568,752.140294935641,147.999471430459,120.871754731039,1455.58792482838,1406.74610436033,28.3144663771764,0.526315789473684
0.858198405628541,0.858198405628541,0,0.597702057666142,0.154704277470026,940.750006927985,151.999457144796,121.892082661265,1859.29754769048,1802.89578059902,19.3001333761389,0.526315789473684
0.886349417522376,0.886349417522376,0,0.56570954721393,0.850294262269117,927.713396941176,149.999464287628,115.91004679224,1214.78904856387,882.270551999374,16.8086405078775,1
0.889023793367195,0.889023793367195,0,0.225337422794381,0.645415788029253,624.453420159188,141.999492858954,108.244844759265,585.880891558701,758.606015708964,8.45453278137644,1
0.950223762665029,0.950223762665029,0,0.291208938289919,0.521504724002226,838.452969490963,133.999521430281,119.213266537684,1485.02692367092,1283.55365867433,28.9891695914327,0.473684210526316
0.584371454636888,0.584371454636888,0,0.824174701291708,0.376559331948116,745.237850511558,161.999421430638,114.677402483086,1002.95970076298,3.46446421078753,17.0038834893254,0.526315789473684
0.740561015035462,0.740561015035462,0,0.042800000357725,0.448081301152376,700.464514803329,133.999521430281,113.089056284301,1048.98779836825,558.16781545922,33.2605068072764,1
0.633872562636887,0.633872562636887,0,0.439266521196506,0.726677106924047,762.899410433711,151.999457144796,112.223492871161,840.573071206768,657.095710204807,11.1628270562186,1
0.610380290460082,0.610380290460082,0,0.368310301687008,0.977204033933225,938.125924918245,145.999478573291,116.253462046694,1289.25693461037,775.212340049645,28.1990808037264,1
0.658396559573261,0.658396559573261,0,0.904019975848389,0.979056367168031,823.52289087706,167.999400002143,109.956191401048,584.646447837654,861.629090724834,5.39797130535028,1
0.510683972597188,0.510683972597188,0,0.635270217394725,0.824555761853473,982.113540070971,157.999435716301,116.909869339771,1325.5638837731,471.224179402145,42.606812241453,1
0.510940179451337,0.510940179451337,0,0.646310494185278,0.461196298187048,846.792583060115,141.999492858954,126.456664553301,1617.88851113824,1368.29805845824,25.9949023343413,0.473684210526316
0.542199502987565,0.542199502987565,0,0.22648152714107,0.321402588770945,907.028223092197,135.999514287449,121.998943084236,2115.73408604014,1584.5894906338,25.9724038584954,0.421052631578947
0.669734563439,0.669734563439,0,0.477516302902195,0.875464218570155,853.339766737456,151.999457144796,113.942888644682,1007.59054910952,810.235564772359,24.572256937726,1
0.532543912373969,0.532543912373969,0,0.581905647660179,0.4540466003174,996.339825329857,145.999478573291,122.680222321303,2066.80981873345,1952.09857906089,27.3675931004927,0.473684210526316
0.568778793282552,0.568778793282552,0,0.687329549607773,0.828048712264652,751.318719522756,163.999414287806,109.321174052985,565.225879837795,624.330740746462,7.49388059919764,1
0.805801759344075,0.805801759344075,0,0.0113413324015431,0.296333221688119,902.475022113711,129.999535715944,120.130835726512,1935.34793814428,1395.79688874639,24.5245722008668,0.526315789473684
0.83609578071618,0.83609578071618,0,0.991102964311203,0.495381621342138,996.732489460942,153.999450001964,122.069901099965,1731.80631454624,1422.20991435552,33.371534922805,0.473684210526316
0.592385976963544,0.592385976963544,0,0.813393338569081,0.219837251023477,897.028378425917,145.999478573291,125.07361693055,1865.02902792111,1520.24275489256,21.4304300266415,0.315789473684211
0.503240220909061,0.503240220909061,0,0.249935031405052,0.427117303930891,925.021240812463,133.999521430281,121.184024015472,2160.28846746085,1857.25217014871,22.0342308844115,0.526315789473684
0.91906521403229,0.91906521403229,0,0.137523496333593,0.308427152959996,989.770489459883,131.999528573112,122.172606758256,2207.89034556399,1756.72024193996,24.2803780757514,0.631578947368421
0.845467614076124,0.845467614076124,0,0.791982066287621,0.577749150122008,916.739850216936,159.999428573469,116.31440252831,1225.28901784487,756.828067826268,31.0893539719121,1
0.814894543631663,0.814894543631663,0,0.918601054367462,0.672312182427997,948.827232850591,161.999421430638,116.455961765853,1224.73240707211,825.733768181836,13.5139594783435,1
0.961374514241976,0.961374514241976,0,0.188558563606672,0.898726780985621,870.001245628011,129.999535715944,115.745971358927,1364.32832403444,1011.03640776903,37.1341129942561,0.526315789473684
0.84349273349828,0.84349273349828,0,0.654445303491631,0.565343193148695,949.278234830171,145.999478573291,125.554371081405,1648.05899248109,1340.86716596121,30.1348112912858,0.526315789473684
0.837600157751378,0.837600157751378,0,0.610142871459292,0.83976684735218,976.411609537993,151.999457144796,117.020940969627,1389.8522109179,896.555970978509,28.6249181883277,1
0.579695268492246,0.579695268492246,0,0.0387923525733924,0.497224100249624,850.799212860256,125.999550001607,118.825710238659,1697.06138071045,1443.40163750217,30.9819312749713,0.526315789473684
0.99711278468683,0.99711278468683,0,0.317355788602437,0.473449356964029,932.745602556007,131.999528573112,120.954706422964,1847.26510114776,1782.59751740106,28.16857943695,0.473684210526316
0.704433936860047,0.704433936860047,0,0.480338613004377,0.409705029524115,954.349148173045,139.999500001786,126.650357614858,1833.3913413518,1741.70705264798,20.4745069698753,0.473684210526316
0.947969832994886,0.947969832994886,0,0.213644833811529,0.52177606958934,880.841724893321,127.999542858775,119.230988947542,1652.15332144806,1585.34258757918,25.5931292869091,0.473684210526316
0.912311614442315,0.912311614442315,0,0.152454905017011,0.505110510636565,810.006467243072,127.999542858775,117.726491890339,1462.9164229053,1338.78805275929,36.8964845584259,0.473684210526316
0.718813157619724,0.718813157619724,0,0.60873135140188,0.536343733441636,619.455164305725,159.999428573469,94.9536985895971,130.091182704498,659.392828019679,7.35581861576398,1
0.788522307969992,0.788522307969992,0,0.0708148246673094,0.552522105596212,819.005410598993,123.999557144439,117.960368466899,1495.96203997303,1400.71126864671,25.2239474651489,0.526315789473684
0.941012418191809,0.941012418191809,0,0.044535453864069,0.524148308082563,642.280208966055,131.999528573112,110.55166430809,811.636752946754,664.054068530238,16.9619872902779,1
0.97979113872712,0.97979113872712,0,0.849185665269662,0.674400724800745,735.28563657528,161.999421430638,110.469092969665,648.030896585242,780.555405751886,15.3939120483174,1
0.533377749196112,0.533377749196112,0,0.487363057004577,0.226100708036696,976.703846428571,143.999485716122,128.101510307533,2295.26391151063,1741.247224642,26.3278386078488,0.315789473684211
0.831601274566778,0.831601274566778,0,0.385462232738013,0.225476459554929,764.282649306326,151.999457144796,115.913897460214,1198.40845612975,402.330125217863,30.4930700385234,0.526315789473684
0.95084939430002,0.95084939430002,0,0.477593543920129,0.225520897350732,702.405177174452,155.999442859133,113.726688109755,948.33147341077,450.689938587995,19.7500566467692,1
0.833306401725053,0.833306401725053,0,0.842212307300661,0.785752236249848,815.437525113645,163.999414287806,112.573251944834,813.952479825411,879.429439784682,12.6311167969426,1
0.952786945304031,0.952786945304031,0,0.287863690481228,0.611861789881953,760.507070541631,141.999492858954,114.597193954988,987.893928024355,727.117899032702,32.5665403358362,1
0.77257699012764,0.77257699012764,0,0.470671260608514,0.0504910587833178,787.238219657445,147.999471430459,121.971165011458,1608.59659332876,1401.08101218032,23.3898898860406,0.473684210526316
0.629372277897452,0.629372277897452,0,0.968327299899302,0.747839109027397,626.586622194412,391.998600005,-47.7282131107354,9.51684369331074e-06,691.262489164855,15.0382626699387,1
0.715137962966057,0.715137962966057,0,0.710019259836653,0.569864369247666,665.605208790981,161.999421430638,106.208237508326,398.252630183278,689.186462174466,6.24530747718606,1
0.887351649784366,0.887351649784366,0,0.0577146309811917,0.00527478556340355,955.939931427917,141.999492858954,128.894650720014,2319.18306097515,1324.07424971148,26.1035493601481,0.684210526315789
0.539652645627437,0.539652645627437,0,0.35174565898205,0.782333676113501,630.810543006536,149.999464287628,81.280820342626,40.6490093893107,481.078003135904,9.68391422567351,1
0.741202732430651,0.741202732430651,0,0.36723260399796,0.764222667714143,935.83065160525,135.999514287449,120.863979186233,1601.39425209204,1277.51854818958,25.984970040389,0.473684210526316
0.767986621124076,0.767986621124076,0,0.0472136465693899,0.253993107535123,653.321525688118,135.999514287449,113.554954463887,1044.35461645859,365.899758472429,21.7174765844714,0.526315789473684
0.818581759655394,0.818581759655394,0,0.564994793162161,0.392510866060953,710.160937583703,157.999435716301,112.455221292268,825.924908610114,605.962219412174,13.6016941548896,1
0.74427310399611,0.74427310399611,0,0.578759139403658,0.402271542211913,752.627827968042,159.999428573469,113.602226013087,926.679113172269,552.872045096745,11.1990756690845,1
0.548790799791748,0.548790799791748,0,0.547025113126586,0.314688893014441,648.605066913319,143.999485716122,120.783647094554,1182.80360273344,880.913939747318,31.1690752175301,0.473684210526316
0.9851880059024,0.9851880059024,0,0.828117154104136,0.806889671148469,618.368582691807,395.998585719337,-44.1071701000611,1.29754189164e-05,848.168146810114,12.5050729229104,1
0.73701942670392,0.73701942670392,0,0.659291890000238,0.662697104134307,930.826131918716,155.999442859133,116.349403653468,1253.29127014035,782.453140804732,26.7853760412639,1
0.799921385430877,0.799921385430877,0,0.551423813733694,0.378401809205272,629.873292997117,157.999435716301,109.516881974122,596.959441083661,583.588040873499,8.47679092699126,1
0.530996092309114,0.530996092309114,0,0.745852989281116,0.776988034389773,683.819730070776,393.998592862168,-45.5766334674401,1.16645911137601e-05,483.085753527642,13.2339714384185,1
0.51939724138705,0.51939724138705,0,0.635348194071585,0.582977997805827,979.912841471281,143.999485716122,127.728378768152,1868.55130883881,1780.73015305413,26.9688806423632,0.473684210526316
0.911186216596317,0.911186216596317,0,0.63287637815615,0.983726205294166,779.803002524492,155.999442859133,110.29282090981,663.467219033615,940.562678230536,6.3796953493969,1
0.974310890568728,0.974310890568728,0,0.478002278925025,0.461537016530633,620.116775592998,153.999450001964,108.65305110353,565.565252241801,641.230767286842,9.31538185268955,1
0.539423850234153,0.539423850234153,0,0.757594285565652,0.647376241440918,834.557442271642,163.999414287806,114.464769875343,988.480367988726,290.075441918063,17.9801334912665,1
0.978482343831947,0.978482343831947,0,0.190691829802985,0.0116587089516694,893.575840707829,143.999485716122,127.566999451786,1970.96238556983,1375.95936298708,21.5320350301932,0.684210526315789
0.822979261809731,0.822979261809731,0,0.168907156379196,0.0748102638964496,785.865694776764,141.999492858954,125.539100084114,1692.92131564453,1110.53222785496,22.5516216599563,0.631578947368421
0.506978490262513,0.506978490262513,0,0.79325042117557,0.639463542625507,693.097689013745,165.999407144974,109.942356309931,596.315732415822,0,8.86089405908633,0
0.669967495120593,0.669967495120593,0,0.269744132091047,0.25849683693744,784.538218604363,137.999507144617,122.404764834239,1593.59793515469,1231.70182980424,32.865938332432,0.526315789473684
0.601752401621277,0.601752401621277,0,0.99704068116036,0.34272135916322,949.963163081075,151.999457144796,122.571166382226,1768.87856832095,1564.28367988021,25.6781642660217,0.526315789473684
0.975704390359968,0.975704390359968,0,0.129974219186145,0.424483547718917,686.920604221129,135.999514287449,112.944464770988,949.006510302241,598.46506716728,23.1188659535536,1
0.658906920858473,0.658906920858473,0,0.0062594556928276,0.592139290538276,802.596745650606,121.99956428727,117.56914263765,1439.34544906726,1363.19171312638,34.9075281235329,0.578947368421053
0.802274900458952,0.802274900458952,0,0.878678787279815,0.639123024170818,966.936754190464,161.999421430638,116.973663195477,1297.61659760502,806.824845583882,24.7214381249801,1
0.646944490550523,0.646944490550523,0,0.667568556598273,0.61530248550701,757.66856771081,161.999421430638,112.240134757075,793.964757047748,594.450206867587,10.1054640683655,1
0.581820564021525,0.581820564021525,0,0.536091303858963,0.924695997308228,904.764190504738,153.999450001964,114.900188899173,1099.54371732406,710.029238745876,11.787153026189,1
0.892164091796801,0.892164091796801,0,0.773071032809493,0.332493939843033,627.562179534262,163.999414287806,109.137631721359,547.370128667961,566.125677243766,6.78094244245501,1
0.956821250700158,0.956821250700158,0,0.0498899026290884,0.254895737280816,721.464065941795,127.999542858775,117.242220566116,1375.18930528315,1158.7021993827,28.2266778614593,0.526315789473684
0.527487814047104,0.527487814047104,0,0.82980344410641,0.438070098979871,608.012187141153,161.999421430638,110.551973853303,652.19173595316,0,17.9070131230238,0
0.625007998386238,0.625007998386238,0,0.542449893484098,0.915108191437638,609.241741683307,409.998535719515,-40.1162203729138,1.93100468341006e-05,771.393909357717,17.0800530319291,1
0.924440419754072,0.924440419754072,0,0.919825802533362,0.654133280792428,986.039677818284,159.999428573469,117.306983389454,1353.47141338224,782.006472901044,25.6189859979029,1
0.974851249434099,0.974851249434099,0,0.755458968506449,0.0613440540877087,853.941657794726,157.999435716301,119.72865196597,1554.43827653427,1553.47524171843,30.343557552863,0.526315789473684
0.721825109125147,0.721825109125147,0,0.547908061790289,0.284075828159496,781.339969599142,157.999435716301,115.353672374312,1101.95016349886,232.532539096823,20.9548212799127,1
0.75652476566225,0.75652476566225,0,0.219386383487939,0.796923791971669,669.880473039314,141.999492858954,108.874113839357,627.744963022566,855.755153474066,14.5398823567091,1
0.842874812426915,0.842874812426915,0,0.839844127504135,0.902269259996292,633.431539502678,409.998535719515,-42.7472148369131,1.43031843964289e-05,933.375165814322,13.4655538326989,1
0.819984282332615,0.819984282332615,0,0.465051884999995,0.280839105604597,628.734090881966,155.999442859133,110.951565012978,709.109661216324,465.041604360093,9.24725027451414,1
0.679064362604729,0.679064362604729,0,0.96932888325129,0.44759441708096,859.953976811265,167.999400002143,115.730830557733,1077.36644647963,490.172904125374,12.6674512067782,1
0.674361857890131,0.674361857890131,0,0.528403393838386,0.449803258129219,872.271318253127,155.999442859133,116.557153245044,1288.40934341377,429.578985288681,21.3075466990289,1
0.995748247913,0.995748247913,0,0.965496074379303,0.308633596690525,678.502401589166,167.999400002143,111.471027968768,694.226632850644,556.926977929688,6.42763697080109,1
0.925122551112262,0.925122551112262,0,0.547605440768275,0.878358541164667,994.037913042718,143.999485716122,122.190924571736,1604.09052170096,928.803174594128,22.0155949942939,0.526315789473684
0.517414608606044,0.517414608606044,0,0.378858365715112,0.496797855235404,928.892514664111,135.999514287449,121.955605573131,1986.03088717179,1786.99457990244,24.8916366725662,0.473684210526316
0.785097622517939,0.785097622517939,0,0.68019043169528,0.896070730362032,749.23701296239,159.999428573469,107.623577715916,478.013581308495,933.046833034429,12.3823732050481,1
0.852729362305225,0.852729362305225,0,0.758480991267188,0.240625250428603,805.339992549386,163.999414287806,115.708142882104,1101.27966518043,460.022933485025,15.9634678105186,1
0.627292926915437,0.627292926915437,0,0.0225260988693813,0.870499573946388,865.25897030342,119.999571430102,117.830653963085,1484.23333669977,1536.88907315493,29.6319707900981,0.526315789473684
0.943670839775291,0.943670839775291,0,0.939606832646425,0.434290745391675,811.867976477944,165.999407144974,114.605227221547,989.139483971162,646.464405915115,13.5050069547084,1
0.658198331279992,0.658198331279992,0,0.694653744625406,0.956098307254989,871.910235028397,159.999428573469,113.600717071728,927.26367163799,843.133224388911,13.3003327018896,1
0.906927108895153,0.906927108895153,0,0.893711954142939,0.874941928881434,627.995724689672,405.998550005179,-43.5713814826201,1.31247806134556e-05,899.767390136141,14.2216156736748,1
0.884114465675611,0.884114465675611,0,0.464419292115812,0.953824050911391,788.45333502678,149.999464287628,111.657276289932,807.161446458729,928.297444640183,20.5004022691762,1
0.524553340123796,0.524553340123796,0,0.113426956595119,0.214266568399354,917.038748794978,133.999521430281,121.520587531878,2289.05436117892,1656.20141558978,36.430059660774,0.315789473684211
0.617672722615089,0.617672722615089,0,0.922378101613898,0.395128057274766,809.987448665208,167.999400002143,115.426122831094,1048.62393157343,0,15.5161140255924,0
0.694091720427729,0.694091720427729,0,0.718754514452151,0.924856248632878,867.397790671188,159.999428573469,113.562912734441,922.325020314112,875.561035251057,12.7668505036751,1
0.741903324866514,0.741903324866514,0,0.789593059242904,0.00787513231712977,962.660046050585,157.999435716301,123.109511915922,2209.73817099964,1924.74192884475,24.4449234408945,0.473684210526316
0.572350350272705,0.572350350272705,0,0.758378016184285,0.00471653950563655,665.425497478378,155.999442859133,117.411274550393,1408.62452130047,401.514531459244,22.8009883484588,0.368421052631579
0.514774829275137,0.514774829275137,0,0.325489609879996,0.846185699855423,912.15672196254,143.999485716122,116.398278183004,1330.54176336746,493.834654613068,31.7671676510423,0.526315789473684
0.740496737283054,0.740496737283054,0,0.389771472239028,0.41402806381261,945.466003834767,137.999507144617,124.000663263882,1840.72251900191,1748.08967417761,19.040285378731,0.526315789473684
0.719840225997162,0.719840225997162,0,0.970401602148596,0.705821591134839,951.565872104361,165.999407144974,116.369542937885,1188.18796737326,801.888629634999,19.3208676749541,1
0.576897151334126,0.576897151334126,0,0.310030679625354,0.836340842680731,716.319652494955,147.999471430459,110.193081564568,696.637933893479,626.110015540367,18.4278836365045,1
0.914766669921507,0.914766669921507,0,0.88919669081378,0.138360341788554,880.686436148473,157.999435716301,119.904434936606,1567.77109064653,1501.45096229659,30.5554555105212,0.473684210526316
0.577923262645896,0.577923262645896,0,0.103295808636797,0.957556240604274,604.739919538219,137.999507144617,46.075117770284,1.2537144675866,699.122310645193,5.76625203397721,1
0.60207277097461,0.60207277097461,0,0.168015742277263,0.889117857027454,722.378527757421,139.999500001786,110.797494870693,772.274381915353,700.579556007023,14.6331640128428,1
0.956736498658155,0.956736498658155,0,0.993151450725898,0.0394544991495187,707.915787216644,173.999378573648,114.620348203115,923.650650579515,296.798726143014,15.0735556972123,1
0.510307408598244,0.510307408598244,0,0.225425996789197,0.847330088357425,828.529797335188,141.999492858954,115.196369081444,1073.02044951147,456.81378001872,25.3785692276287,1
0.578126848347194,0.578126848347194,0,0.201012307736074,0.666333176077169,722.713443606386,141.999492858954,113.03453246997,878.898223765908,421.548678453377,15.3541971931978,1
0.66688286257742,0.66688286257742,0,0.328543608701681,0.304330601320051,696.752520341161,147.999471430459,114.652882436769,1019.62820409979,113.036649012878,19.2301755272773,0.526315789473684
0.614007936242372,0.614007936242372,0,0.227032285946521,0.49608668838635,873.546166150418,131.999528573112,120.039922929787,1667.90314078882,1577.18223230773,28.8192641996057,0.526315789473684
0.937426694197525,0.937426694197525,0,0.199971621797154,0.389633659450884,819.003963579877,131.999528573112,118.945017836916,1535.0557632551,1400.26954762457,26.8575954970518,0.526315789473684
0.62246584069175,0.62246584069175,0,0.612767540188999,0.274109994602934,753.418248173057,145.999478573291,123.394379085171,1417.25285544778,1212.62348602874,34.6369483171232,0.473684210526316
0.707289758998088,0.707289758998088,0,0.218314880891999,0.490674893651478,800.625146743625,141.999492858954,115.868114633462,1228.12765276313,557.600918886098,23.9645129512937,1
0.627339169504694,0.627339169504694,0,0.438182197005835,0.136059074100034,869.132955836332,147.999471430459,125.099296349007,2025.67965121237,1359.69454778906,29.0544911577598,0.315789473684211
0.769305198248676,0.769305198248676,0,0.577047353607773,0.244044635417065,791.49685027904,159.999428573469,115.651535840204,1127.43151614663,323.912705539752,40.8044790168749,1
0.578578551365339,0.578578551365339,0,0.119702880476745,0.790912034373393,758.869021544871,135.999514287449,112.585381493999,952.845465568782,574.616280504524,36.9177901255171,1
0.748924335598982,0.748924335598982,0,0.320526020584864,0.376855950593363,759.427868200184,147.999471430459,114.963098022511,1062.37940687805,499.024338076278,17.8042359157397,1
0.863864386807237,0.863864386807237,0,0.476585075516474,0.6522445995549,843.675412733755,149.999464287628,115.172007341304,1108.6956356246,782.583983143859,33.2847388897259,1
0.860009697229067,0.860009697229067,0,0.847376932038372,0.124611003814244,989.531532893884,159.999428573469,121.678998070795,1927.74211963685,2017.98377621005,17.0542628393803,0.526315789473684
0.604709818898615,0.604709818898615,0,0.048175038281931,0.882180449073305,633.690724125815,133.999521430281,107.091464056251,554.170066309535,693.292389358066,3.86926784834361,1
0.554170187685998,0.554170187685998,0,0.222770335650337,0.842579413998694,706.011723922608,143.999485716122,110.329715201245,714.24517006704,575.112946471191,15.2706731643026,1
0.501350040093627,0.501350040093627,0,0.793071976277033,0.0510480959811264,844.074214036162,155.999442859133,121.677362311846,2094.37500203339,1054.77956607108,25.9477091651071,0.368421052631579
0.551149968195531,0.551149968195531,0,0.246573116011758,0.398346724438899,924.293897596581,133.999521430281,121.500395163006,2135.50617004477,1809.58836550588,25.3975288535981,0.526315789473684
0.856571670391756,0.856571670391756,0,0.757996819709327,0.957620271660712,902.17533314478,159.999428573469,114.356377039304,1016.43391133031,951.764934012417,14.9346960839217,1
0.978810592682585,0.978810592682585,0,0.276097130692725,0.673921478295519,948.746646428439,127.999542858775,120.667691312513,1804.58682390803,1774.875539134,24.9120986740758,0.473684210526316
0.534263953760336,0.534263953760336,0,0.509270366490821,0.230879879087116,918.971644396041,143.999485716122,126.782331509912,2149.17056681442,1547.28787428482,30.8451462928581,0.368421052631579
0.670624306453516,0.670624306453516,0,0.0310370618850102,0.880555417195042,898.505216089767,117.999578572934,119.082404391155,1568.82653531242,1661.42803451013,27.8396408807685,0.526315789473684
0.697653956204355,0.697653956204355,0,0.97848804301043,0.787599834002527,712.328696558565,395.998585719337,-46.0129227672936,1.07575974495587e-05,820.684598743675,14.1484477765486,1
0.513059234972841,0.513059234972841,0,0.91483302032291,0.627917296605133,774.883719939816,167.999400002143,113.028773846106,820.873392463355,46.3091845377968,27.8688853090547,1
0.515716849268107,0.515716849268107,0,0.103875938482577,0.833789488945183,784.755475842543,133.999521430281,113.074962291335,1039.55543221963,441.770404342777,21.4115896954188,1
0.846947680111574,0.846947680111574,0,0.813643674639981,0.300279785168129,722.6992764278,165.999407144974,113.137910321308,838.755129317367,533.487829131114,14.0353176134926,1
0.790702626839325,0.790702626839325,0,0.720179150793915,0.0432732247940798,693.688542584606,157.999435716301,116.929772785408,1216.62199227501,1108.12884825872,35.1175445399808,0.526315789473684
0.753563230553763,0.753563230553763,0,0.239839670630624,0.423869566210697,998.273447790381,133.999521430281,122.204215001549,2125.81890655813,1911.75220460397,19.3193049004606,0.578947368421053
0.97449576807542,0.97449576807542,0,0.717057423343587,0.472246007211677,918.914173892493,147.999471430459,123.822109251377,1594.78724413754,1293.28997692296,24.2028969933263,0.526315789473684
0.516963350258819,0.516963350258819,0,0.555346427583925,0.864496137888583,762.568593910338,159.999428573469,110.839298975132,692.507523045623,529.440525362075,10.2854470801855,1
0.864220195109122,0.864220195109122,0,0.012054683725626,0.265926511692181,893.041697898028,129.999535715944,120.137357873118,1924.78130542232,1358.73924831469,30.4393084418248,0.473684210526316
0.625225509546269,0.625225509546269,0,0.233840367369603,0.233283702259775,616.086747650897,135.999514287449,116.751456238399,1178.31210227984,869.177403424668,42.3952601131723,0.473684210526316
0.764488030263425,0.764488030263425,0,0.355264260548316,0.644478462749639,729.558036913553,147.999471430459,112.050934978879,830.24528182504,779.033727394466,14.0742346074481,1
0.924213885158217,0.924213885158217,0,0.40037918415097,0.212713244179087,847.595976268993,141.999492858954,125.577703540678,1629.71829970825,1479.98712796805,34.4147419296334,0.526315789473684
0.698397523870494,0.698397523870494,0,0.233023651528356,0.214581562391608,607.274990323513,143.999485716122,114.194619750522,910.609331934295,77.8711963626591,22.5837598254996,0.526315789473684
0.647599198643551,0.647599198643551,0,0.750659902260277,0.382937646075772,748.888398727825,163.999414287806,113.86255645367,913.553540507556,154.539539584323,17.6556142388375,1
0.506218459839101,0.506218459839101,0,0.332151874064515,0.0818715617154959,781.395662712145,145.999478573291,120.826147043909,1910.78386465534,906.617579262197,29.3340051749445,0.368421052631579
0.659287076289429,0.659287076289429,0,0.923487190018537,0.552596775183717,721.96447431427,167.999400002143,110.537847517828,620.859314360277,572.248875489734,10.7938278554234,1
0.524262946366402,0.524262946366402,0,0.036713039856717,0.747525922312725,742.262485737186,131.999528573112,112.588873645742,1028.97083475227,382.257859983435,27.4522276109528,0.526315789473684
0.633588935168821,0.633588935168821,0,0.880737520507547,0.738700840503851,978.123954804096,163.999414287806,116.869270241821,1265.44603694691,688.89137737464,17.3506667431337,1
0.708240199304632,0.708240199304632,0,0.0981798768369953,0.404379978434266,643.148813061884,139.999500001786,112.145231105649,842.129098769235,404.863131767528,11.6481311651305,1
0.734526416416432,0.734526416416432,0,0.707289948135493,0.993356232521823,905.63837384072,159.999428573469,114.303417410825,1009.92454223722,948.615142174212,14.5453772568047,1
0.692609598107616,0.692609598107616,0,0.190557030375336,0.415062390519304,854.736572044943,131.999528573112,119.667749074477,1615.7094704097,1451.77661267918,29.5288549482051,0.526315789473684
0.540070353809435,0.540070353809435,0,0.0388684174411033,0.0246606795094726,940.669216066728,139.999500001786,123.994169245481,2636.25410489334,1515.26622497776,30.6284528665259,0.368421052631579
0.590731894578541,0.590731894578541,0,0.347532108375648,0.939191383553097,703.490507632303,149.999464287628,107.348778396027,500.639977034357,723.658006202873,16.4641657723907,1
0.902391267587589,0.902391267587589,0,0.665498157366882,0.690483605365372,989.491704679833,143.999485716122,126.872772745065,1728.96117519236,1419.95862401163,23.2134653239495,0.526315789473684
0.805899164430496,0.805899164430496,0,0.197245667017694,0.915831180688246,847.068108937728,135.999514287449,114.195812687592,1171.08649857261,921.794989735807,26.1462019309813,1
0.579558473219949,0.579558473219949,0,0.35660811929623,0.617151777396887,639.977056174325,151.999457144796,108.58936065667,570.328791297698,357.779736412442,11.4393167211972,1
0.927982257283095,0.927982257283095,0,0.124145875824676,0.519590560797511,678.810774076624,135.999514287449,111.876047649845,876.321358477871,667.668560293197,31.9874615081307,1
0.557386922271382,0.557386922271382,0,0.386170355041182,0.95965921679972,815.701599789199,149.999464287628,112.699664075691,897.011425205647,681.479719973648,14.2075319277846,1
0.842759190308304,0.842759190308304,0,0.92661425289474,0.244741256413786,640.072540518107,169.999392859311,110.51281434644,615.804433611834,475.373737936445,7.90419144335036,1
0.713234595855213,0.713234595855213,0,0.565481822436778,0.440560471374197,768.903214818025,157.999435716301,113.857831831381,956.085816424779,536.029815945814,12.2680771871385,1
0.890270751828993,0.890270751828993,0,0.934948771225418,0.366624159723675,748.806064487988,167.999400002143,113.284071231566,847.126635575652,603.599597546472,11.7183833883866,1
0.879162086130483,0.879162086130483,0,0.0815449670815184,0.814001847652742,916.110820432002,117.999578572934,119.38556549511,1660.76354293335,1791.05724561511,24.4900055168991,0.526315789473684
0.611019300878976,0.611019300878976,0,0.523117747029123,0.318263974643712,817.02342027978,141.999492858954,125.609721035838,1576.61549457364,1325.14516325659,24.6774911911007,0.473684210526316
0.846732866897263,0.846732866897263,0,0.0478917544816202,0.958037663284256,986.745783085798,115.999585715765,120.970450787214,1816.49471961921,1923.1466180737,15.0944301799292,0.526315789473684
0.562660466388131,0.562660466388131,0,0.364854928223593,0.362279163449255,901.019736183279,137.999507144617,123.885070722919,1973.08589652855,1491.21721361492,26.5363011453814,0.421052631578947
0.922193880531587,0.922193880531587,0,0.273385038752002,0.902684920811859,614.334962811539,143.999485716122,-2.31405287240089,0.00774441886411837,883.190296809392,9.41688668909879,1
0.733211320707971,0.733211320707971,0,0.593609182795324,0.65392089885558,854.965205971217,155.999442859133,114.800610503379,1075.17516921164,770.337393509814,9.46984725928956,1
0.743910342632629,0.743910342632629,0,0.566354692821809,0.793004248054775,935.006613224101,151.999457144796,116.11174903128,1240.10868110868,859.529203971446,16.7611115739198,1
0.861106174868552,0.861106174868552,0,0.223882122283404,0.0794776358215691,859.821971348204,141.999492858954,127.571236776466,1834.98979223174,1304.7285148919,34.2829194235939,0.631578947368421
0.850506369479592,0.850506369479592,0,0.519979378469082,0.850697650282102,971.189014263084,147.999471430459,117.154433615312,1436.69529686464,893.683119377503,27.4602984639692,1
0.539188368377367,0.539188368377367,0,0.374786779754062,0.175984194039234,647.213760697113,141.999492858954,118.429701979716,1376.16747075645,672.213228275231,38.0145474110374,0.421052631578947
0.80090124763757,0.80090124763757,0,0.728186334481692,0.539753474135185,894.955524875215,159.999428573469,116.060105464753,1194.10871456422,735.244498173362,18.6468365150377,1
0.990301333184303,0.990301333184303,0,0.276593916556045,0.701511232676829,832.394533618103,137.999507144617,115.110765495258,1221.72950673647,771.109252829768,42.4663515130364,1
0.990595898634148,0.990595898634148,0,0.324431803709413,0.954345480353259,618.002083358208,419.998500005357,-33.2568579964207,3.66253218074888e-05,898.481803259553,15.201538058129,1
0.530751491068933,0.530751491068933,0,0.116976486824536,0.330347323351129,876.015250654245,131.999528573112,120.520401063789,2086.11499841928,1588.92442467908,30.3626871877971,0.473684210526316
0.751230624621279,0.751230624621279,0,0.917051773731966,0.221318020267629,647.586055742517,169.999392859311,111.477618226457,680.866278535245,266.107617257294,19.4186459398794,1
0.758908548476684,0.758908548476684,0,0.570819916964961,0.549317090047846,855.904278640352,155.999442859133,115.378102047305,1134.31577434325,718.557037838567,18.26243225211,1
0.63015416021686,0.63015416021686,0,0.503879855853357,0.077563161808697,690.36320257171,147.999471430459,119.150657274755,1503.16741479787,904.531708460905,31.4086667645205,0.421052631578947
0.843301168546179,0.843301168546179,0,0.395355795381741,0.587790318661293,764.188940931268,147.999471430459,113.560693619386,949.160385917594,746.368500123276,16.4646047009322,1
0.599989103984566,0.599989103984566,0,0.279045033863422,0.756330871254768,785.48242174304,143.999485716122,114.116621923863,965.406896426462,602.740772888446,11.9838371758173,1
0.816852127551782,0.816852127551782,0,0.248809175645367,0.653000681943098,787.914131359683,139.999500001786,114.815535735825,1046.2329028265,786.46584898136,25.5414077111303,1
0.73050952422747,0.73050952422747,0,0.409839733699481,0.757350957354666,639.746884140256,151.999457144796,94.6402834305524,135.038693340931,822.32382069746,7.61925734885239,1
0.942858877724766,0.942858877724766,0,0.777231732079868,0.378644693875213,747.800809669509,161.999421430638,113.416138047731,886.349634601022,599.950674305188,14.4674786384824,1
0.716920048966724,0.716920048966724,0,0.767300360901982,0.779424387280024,785.482558587097,163.999414287806,111.578176777539,729.606402926747,832.643841944424,11.9679279848326,1
0.844674944635973,0.844674944635973,0,0.9294880097105,0.416262224823679,901.161978498099,165.999407144974,116.66186297644,1213.73682221804,649.327009633957,17.3440918895789,1
0.511271734019829,0.511271734019829,0,0.851213561212072,0.119555745777131,654.350616103468,151.999457144796,116.882000344005,1366.64097479626,644.642829202809,41.6831162595399,0.473684210526316
0.663156321075381,0.663156321075381,0,0.882473279900292,0.511092703778184,836.393084093141,165.999407144974,114.870083823394,1003.54503201302,527.150485089917,13.4842092301087,1
0.986296717491173,0.986296717491173,0,0.53774703954175,0.468656784185838,773.843592961276,153.999450001964,114.031653493349,994.701963601262,647.748364854319,9.47631691410602,1
0.608959809522042,0.608959809522042,0,0.683001658534678,0.925650729146231,708.879010482955,411.998528576684,-41.3943898291192,1.57045469835991e-05,759.245088876831,13.0357391793892,1
0.511040051220272,0.511040051220272,0,0.617134674247906,0.0318621301518722,955.454048335269,153.999450001964,123.922526746309,2527.39535604962,1484.89917036279,24.7955538288588,0.368421052631579
0.646339453389017,0.646339453389017,0,0.0498349306753414,0.216970571952985,644.279904773057,129.999535715944,115.94564003076,1314.5010556122,831.606722921062,27.3748964519768,0.526315789473684
0.800639771006733,0.800639771006733,0,0.187492174190494,0.832771419420947,772.705828328352,137.999507144617,112.659609430628,944.815635121942,882.472301119033,11.405532236107,1
0.866134863461734,0.866134863461734,0,0.189385157880403,0.198535562011153,699.345308907843,137.999507144617,119.776091458564,1258.84467639252,984.76836774861,32.9433532130656,0.526315789473684
0.506047078707904,0.506047078707904,0,0.444678629252264,0.552083461150748,769.027028932456,149.999464287628,114.99885603599,1099.15125067763,197.94494614944,24.2268413153462,0.526315789473684
0.833577042118942,0.833577042118942,0,0.281859772333742,0.890104295103918,926.489459789379,131.999528573112,118.144621282901,1548.43849468851,1270.38165213448,28.1437348028232,0.578947368421053
0.869944357666444,0.869944357666444,0,0.760498149334335,0.44035816072347,836.185887237218,161.999421430638,115.255680686878,1083.6611544016,655.307342222267,13.5888526983575,1
0.532068160816499,0.532068160816499,0,0.30036285228269,0.344474396913598,657.097900113807,133.999521430281,117.456603862935,1277.18723166628,1028.69567222701,25.0205361255266,0.473684210526316
0.855689035550497,0.855689035550497,0,0.111694653067615,0.909227517559895,949.506683029604,119.999571430102,119.183116944483,1721.61068222992,1850.38585986456,26.8065769581671,0.526315789473684
0.986280615450096,0.986280615450096,0,0.540030982237566,0.638551582041179,997.186367210943,135.999514287449,123.027915382823,1857.49553077067,1733.14358905276,30.0923191283788,0.526315789473684
0.771174674429109,0.771174674429109,0,0.462668217478853,0.0206096328270228,622.921815620735,149.999464287628,117.315352082699,1185.44558453519,1052.41976986387,36.0300097732422,0.526315789473684
0.860074429317549,0.860074429317549,0,0.513196152632444,0.549554149984015,602.89421206997,153.999450001964,100.104394400773,212.695153224053,722.352156169305,5.82380024127889,1
0.804120008385323,0.804120008385323,0,0.926900176826088,0.652414879886489,873.354801288278,163.999414287806,114.868647486985,1027.34570086493,815.892374396617,11.9065601132383,1
0.746015148542904,0.746015148542904,0,0.0254387009513646,0.0685943732860244,903.871218484551,137.999507144617,124.59926276566,2239.59401807691,1299.85918817133,35.1580434270985,0.421052631578947
0.520918318013598,0.520918318013598,0,0.63314575376882,0.911206015663563,887.080456020207,159.999428573469,114.424510333385,1015.43751765902,588.326995488393,14.2750399443275,1
0.905024575340444,0.905024575340444,0,0.968299913065671,0.427186554108797,917.510814869932,163.999414287806,116.926734418787,1254.15610178113,648.780362486621,18.8310537123928,1
0.902200046839067,0.902200046839067,0,0.00796949840581418,0.482610463921642,606.86825918302,131.999528573112,109.687687791359,747.642796478841,640.897042354111,11.3472668216207,1
0.868710684908087,0.868710684908087,0,0.292548434588407,0.0431792608504344,846.821316023823,143.999485716122,125.730957543499,1796.27467328892,1374.205834615,32.6292097812673,0.526315789473684
0.800428581119356,0.800428581119356,0,0.957801691439172,0.343334081824617,865.393240804131,167.999400002143,116.297767255129,1142.96704582922,573.893770129748,20.0267415533934,1
0.510553701310466,0.510553701310466,0,0.301389490131831,0.321896254728566,927.698319489456,135.999514287449,122.856764998341,2178.50440644143,1756.3209626564,30.3057654015334,0.368421052631579
0.773165979690093,0.773165979690093,0,0.397320917750919,0.258740714130641,837.20332084457,141.999492858954,125.786777378961,1576.86592119467,1417.62914177465,42.4440684515903,0.526315789473684
0.503498869567958,0.503498869567958,0,0.860966842615257,0.563715857906469,790.377555128705,163.999414287806,114.541806069062,990.958399775547,0,17.8784880053989,0
0.657156676038624,0.657156676038624,0,0.0485842445213951,0.773623123996011,614.331292642656,133.999521430281,107.185102229661,559.474917265551,709.98918773556,10.5416050484461,1
0.744414573129926,0.744414573129926,0,0.478771548352247,0.50747859165311,808.071110403231,153.999450001964,114.647850098958,1058.13000298754,662.619975225709,13.2579954658122,1
0.650309236991429,0.650309236991429,0,0.458940563410485,0.445311068153431,869.814493751568,143.999485716122,125.570295560737,1539.97289828416,1284.66758006148,21.6373289367039,0.526315789473684
0.655376622052836,0.655376622052836,0,0.189258342001727,0.171969970446564,602.372242247616,135.999514287449,116.273237687988,1196.23406656671,820.583557765741,30.2510367270495,0.473684210526316
0.982412342895796,0.982412342895796,0,0.123694763867012,0.314059520762517,694.164017879445,137.999507144617,114.108600550599,1080.85960391266,513.007326716352,29.1452556581693,1
0.67389570385986,0.67389570385986,0,0.228348847218646,0.81819556994656,753.85630630337,141.999492858954,112.602078639735,870.297011139146,774.434776149653,9.54145676368977,1
0.891722047804875,0.891722047804875,0,0.372716022568768,0.41859477425246,883.503542903704,135.999514287449,122.179989326137,1638.71846408571,1501.04519098888,24.4839910400459,0.526315789473684
0.994957486447986,0.994957486447986,0,0.682238637902859,0.857916293390204,791.382165669368,157.999435716301,111.798213990025,782.668175769201,867.480847418449,10.782767015037,1
0.523670409247144,0.523670409247144,0,0.566129041687991,0.233022017660652,912.470095161184,145.999478573291,126.108019782195,2125.51079086587,1535.76930055418,35.6216269068582,0.315789473684211
0.57186477146329,0.57186477146329,0,0.555106460745547,0.402726301269282,800.81193032868,143.999485716122,125.624120931259,1481.66813138853,1272.32705977209,34.6974924626143,0.526315789473684
0.938568356633853,0.938568356633853,0,0.861702145302965,0.521904434498876,895.531802802488,161.999421430638,116.111753413293,1189.02791064506,700.359204943062,20.0554646847252,1
0.811040786101532,0.811040786101532,0,0.597434306916762,0.633835559266137,746.26330606517,155.999442859133,111.846591753792,786.569102842936,791.279766558069,16.9615708727647,1
0.801060863140582,0.801060863140582,0,0.380597315595102,0.179320722630999,728.980326249016,147.999471430459,119.078204631997,1256.35022011415,914.53396022021,34.7798475018913,0.526315789473684
0.619128303066344,0.619128303066344,0,0.999568097487769,0.752464390958163,890.808369904116,169.999392859311,114.813914179372,986.10744667523,678.908485530642,19.7644132545953,1
0.592114560521756,0.592114560521756,0,0.874430502797773,0.725295011909315,759.70082835745,167.999400002143,110.444004142608,618.001611387277,595.09664329685,13.908856841126,1
0.663312826038598,0.663312826038598,0,0.354673783530089,0.171938290185526,899.245828057568,143.999485716122,127.582065645563,2045.85576994399,1381.24104738624,28.5014944050869,0.315789473684211
0.885878906226869,0.885878906226869,0,0.478907377637655,0.830010093533642,826.532803870527,149.999464287628,113.634193863677,976.900927680411,868.955909204868,14.9939467558006,1
0.964039066334325,0.964039066334325,0,0.391006267512221,0.364543881406675,641.915375368146,151.999457144796,111.006306686279,737.816857884472,568.825336038583,6.95544353990525,1
0.559795997309278,0.559795997309278,0,0.257373364784114,0.317266365348367,774.886544256209,135.999514287449,120.352000353789,1649.83482684938,1180.02157082383,40.5803415440973,0.421052631578947
0.619791303317467,0.619791303317467,0,0.855876897296165,0.301288698091987,684.313742216457,163.999414287806,113.631787923357,890.577344444699,0,19.3067035957629,0
0.940961807292428,0.940961807292428,0,0.439825027199847,0.581729070113604,974.203391557418,133.999521430281,121.857555074492,1845.68046977173,1792.10253859204,25.3899030959658,0.526315789473684
0.583800528275246,0.583800528275246,0,0.923201089004581,0.170854456766795,974.944374528627,149.999464287628,123.949909125633,2062.24276839871,1659.83252896178,25.4289867027962,0.368421052631579
0.620012853084522,0.620012853084522,0,0.495105769968445,0.850045764970451,726.251932001935,155.999442859133,109.163152037457,587.481559434084,723.622529408188,5.57437610787213,1
0.527073112683573,0.527073112683573,0,0.615483232553804,0.574135386784318,672.565644655873,159.999428573469,110.748602710241,683.061110525019,0,9.59083740676449,0
0.586449786171747,0.586449786171747,0,0.876867804332505,0.650313054801024,807.659684603027,167.999400002143,113.326010251872,853.515771218746,495.435377662897,16.1586823688803,1
0.844537702719564,0.844537702719564,0,0.65571181391369,0.717875548942825,913.366275338996,153.999450001964,115.828807142757,1197.10902882734,832.948111557138,17.5551998215054,1
0.83180545814198,0.83180545814198,0,0.0899609767247044,0.377457272450307,869.428561826084,127.999542858775,119.417342525797,1759.86653793458,1518.81361743646,32.5465669182861,0.473684210526316
0.615776472821435,0.615776472821435,0,0.140924710696313,0.853338239494047,891.72535435356,127.999542858775,117.483463662604,1520.03388960832,1366.70588830766,24.3669315983367,0.578947368421053
0.664353733792627,0.664353733792627,0,0.080242465053074,0.744991086393041,884.831543291614,121.99956428727,118.647421766549,1588.45051811176,1636.35014267625,28.227435449449,0.578947368421053
0.71947482440872,0.71947482440872,0,0.209259203270752,0.884978855397097,976.290123724519,125.999550001607,119.495659371236,1779.94769966682,1770.22966777919,26.9427630845081,0.526315789473684
0.623730533625082,0.623730533625082,0,0.602554435085944,0.635948783934263,620.181691425219,161.999421430638,-39.9364343915629,9.55754863272984e-05,557.331183723328,14.8917516252914,1
0.793249156113417,0.793249156113417,0,0.590831310841468,0.382811691554177,960.045730699154,143.999485716122,127.496981704141,1775.04321850264,1560.63086142089,23.9083654835705,0.526315789473684
0.840983917547075,0.840983917547075,0,0.841948202932489,0.870703145002759,804.725715622694,163.999414287806,111.476572265557,719.358963827646,918.861010809353,9.95268316644383,1
0.54577077765085,0.54577077765085,0,0.763298531916819,0.568761208029169,807.043424501418,163.999414287806,114.393903053876,980.643791743523,66.6859306313495,16.364647014298,1
0.976965206958023,0.976965206958023,0,0.737450803559972,0.414810970295525,968.364050618831,145.999478573291,126.843018019514,1791.98658562027,1629.20253110423,25.0281359988824,0.526315789473684
0.809743644893727,0.809743644893727,0,0.554673743257988,0.0697869213819686,930.584789065843,151.999457144796,122.523816927594,1974.20006143749,1787.3503684313,19.6919569000557,0.473684210526316
0.533189278000578,0.533189278000578,0,0.42955709538195,0.838347025664549,736.377950439258,153.999450001964,110.503172823196,692.977010420887,535.449244114699,20.0392539569572,1
0.595201473218396,0.595201473218396,0,0.853007235854237,0.0642751632745731,741.953910319858,155.999442859133,119.40504692838,1641.11738333077,1092.00860437608,27.1649585503768,0.473684210526316
0.770725312251291,0.770725312251291,0,0.209034914029947,0.994250961938468,714.529179280826,139.999500001786,109.361435424517,673.808200262612,952.764997638086,15.2650915017669,1
0.937490837964479,0.937490837964479,0,0.36951730993827,0.39005442976629,688.734702760864,149.999464287628,112.55847979904,860.736345828296,587.795028971407,14.018916780474,1
0.631868058823783,0.631868058823783,0,0.85875841456971,0.0186795771469924,887.210792291856,157.999435716301,121.856048352755,2053.81190555276,1405.84500455462,32.0249129627375,0.421052631578947
0.587909712184737,0.587909712184737,0,0.368463039074396,0.839535745554309,935.517270954282,145.999478573291,116.843555676516,1380.64910585838,652.849250429709,24.8486915895995,1
0.996778818153324,0.996778818153324,0,0.655785719832626,0.29775951871701,615.428425223996,159.999428573469,109.699899626566,600.901476382558,531.875028326012,8.31724587699448,1
0.780610881838443,0.780610881838443,0,0.681112666974098,0.844680339390706,986.257892110589,155.999442859133,116.732858980535,1317.5706397468,908.167990998685,21.9042992514624,1
0.968844242157381,0.968844242157381,0,0.612034013050351,0.917675438683172,898.143862496734,151.999457144796,114.771970770068,1092.72851094952,896.386284575431,17.1347479740846,1
0.724328863540441,0.724328863540441,0,0.100980840262443,0.38203814274107,664.972713527278,137.999507144617,113.099777258255,913.095885270252,415.349060154022,20.4069494615835,1
0.676148562345604,0.676148562345604,0,0.65614209764785,0.405578786528157,911.511283770152,149.999464287628,122.943866820526,1612.98286166938,1332.5633837459,28.7755055771588,0.526315789473684
0.553900908671245,0.553900908671245,0,0.951600329526381,0.208059161159085,990.119504455585,147.999471430459,124.624703242088,2123.10320361734,1732.89091831945,20.3530347714743,0.315789473684211
0.752190511520562,0.752190511520562,0,0.507128239928844,0.853316319748382,616.884006225929,401.998564290842,-40.0409619089837,2.03099510408429e-05,893.470171462677,14.3237849380967,1
0.635968826658566,0.635968826658566,0,0.667229889822717,0.956503517432564,990.999764780725,157.999435716301,116.4525311209,1273.96118204144,813.321736168061,19.6572108709659,1
0.810381635464981,0.810381635464981,0,0.766392634639004,0.30584542532647,761.004424567924,165.999407144974,114.20463395952,945.180281196791,520.811562902554,9.86336858270793,1
0.767265360523731,0.767265360523731,0,0.933428875672465,0.203645899578808,847.430454505075,159.999428573469,118.434500034726,1411.62262649088,1186.94941850722,31.9668214689221,0.473684210526316
0.856739055735842,0.856739055735842,0,0.0472265205911424,0.59040043989378,843.405592984398,119.999571430102,118.678611491945,1560.42512847281,1531.49022381091,24.9398483165271,0.526315789473684
0.591030192801938,0.591030192801938,0,0.486687606497609,0.252652540171244,629.315838785558,143.999485716122,119.226466387844,1144.70583730371,811.074905617408,23.0333519902433,0.473684210526316
0.795754341040773,0.795754341040773,0,0.828617163891307,0.295440308163653,693.044188603076,167.999400002143,112.218252231041,752.564078313071,499.634069345102,9.17756342879478,1
0.526117235701226,0.526117235701226,0,0.103876257880191,0.752982744659051,890.033449530815,123.999557144439,118.642196082913,1625.95140846563,1596.67436997184,25.3221557424768,0.526315789473684
0.715416985433027,0.715416985433027,0,0.120531906665338,0.40024637767746,797.197063193988,129.999535715944,118.30717257455,1481.17394320093,1305.46408745789,31.7662423213553,0.473684210526316
0.746604810251719,0.746604810251719,0,0.323016226654755,0.168845559323894,980.414012031701,141.999492858954,128.680314897662,2223.92519786582,1592.8559856453,39.3369078837231,0.684210526315789
0.766416257224493,0.766416257224493,0,0.739370064344511,0.509798540237166,949.495380096329,159.999428573469,117.395325559397,1388.35865500733,701.805904472063,26.6750813746749,1
0.796274494565625,0.796274494565625,0,0.583904612975908,0.989718374244304,680.942821320865,419.998500005357,-37.5845823484976,2.2682022113394e-05,972.935446402046,13.6677595870976,1
0.742121908596435,0.742121908596435,0,0.049236425051416,0.390684269632706,730.216130615699,129.999535715944,116.330791039822,1298.06010307867,1056.2035201032,28.6951922986531,0.473684210526316
0.824487061445688,0.824487061445688,0,0.380852084478497,0.687336077807981,727.446227381165,147.999471430459,111.598792550263,798.010259405843,810.689884630987,19.9208231671923,1
0.554390163358537,0.554390163358537,0,0.880542493369695,0.937474031323918,934.468837386896,167.999400002143,115.167034637726,1041.93511846779,686.799709613923,15.0039878790538,1
0.966820653404736,0.966820653404736,0,0.98247360986824,0.30590886876352,939.386654877076,153.999450001964,121.054944882265,1650.37914614889,1452.30509260075,34.6695935301217,0.526315789473684
0.80698803781808,0.80698803781808,0,0.498316539584658,0.879838128434738,921.878971470476,149.999464287628,115.838939195929,1200.57283351149,918.817855347566,15.1464835003514,1
0.902844297342793,0.902844297342793,0,0.0773184104933359,0.631694128056099,637.09813514619,133.999521430281,109.50199504162,722.647228377175,739.325483773827,10.6662384661363,1
0.58666146563567,0.58666146563567,0,0.288183444873623,0.563959956787446,697.929541285707,147.999471430459,112.173396697017,832.666471733334,248.339888898491,14.8796406851629,1
0.908529680081923,0.908529680081923,0,0.0699008210254407,0.904751748135437,892.775748737801,117.999578572934,118.715431634855,1526.03427716338,1605.91342459923,31.4005180617862,0.526315789473684
0.599983968305838,0.599983968305838,0,0.668237546415369,0.536003497111402,658.787148786023,161.999421430638,108.752607785641,530.968173520238,318.579071705584,6.30147950055719,1
0.71404625159423,0.71404625159423,0,0.932190722749042,0.188711371604913,683.086931361593,167.999400002143,113.72426981204,868.028203694382,0,16.4783510850303,0
0.791587755367601,0.791587755367601,0,0.278114172043802,0.779362134448893,693.529323187179,143.999485716122,109.947518940192,687.489538364242,860.105244929771,20.7166739282152,1
0.567733823507348,0.567733823507348,0,0.770703964709568,0.0018573990504106,956.708543654657,157.999435716301,123.512494151294,2433.20556844799,1499.01157709843,31.7420796401884,0.368421052631579
0.545654151806622,0.545654151806622,0,0.00983239539581937,0.793099226150979,786.058241996571,125.999550001607,114.285615409596,1221.56403264701,932.863169245404,39.6563419644526,0.473684210526316
0.750012441764849,0.750012441764849,0,0.0288667175323514,0.786741274356459,779.312911984902,125.999550001607,113.91220292447,1182.58510053334,882.579481662172,26.2709364027533,0.473684210526316
0.858803121703442,0.858803121703442,0,0.0926691474460104,0.963146916026253,697.105125020277,131.999528573112,109.259564135832,715.408412121099,921.726598355413,11.9408523506863,1
0.774769388343124,0.774769388343124,0,0.129304142467403,0.007221452327977,976.852714923641,145.999478573291,128.203099410232,2461.78437636771,1492.14900914127,21.3797837818576,0.368421052631579
0.759914095203907,0.759914095203907,0,0.173203494602105,0.460960730948865,751.422359259991,139.999500001786,114.665968032537,1104.36308933058,613.716350663927,43.416916071533,1
0.785605117134206,0.785605117134206,0,0.10435962824608,0.338638951965479,678.54907284113,137.999507144617,113.83847798442,971.274220310452,476.953681083824,19.8979348864937,1
0.618863734490566,0.618863734490566,0,0.266618547941316,0.473056955498215,991.527292917375,133.999521430281,122.21426184934,2108.44640102848,1960.13228670822,22.6788344326999,0.526315789473684
0.502618341359311,0.502618341359311,0,0.750520738962834,0.90605203628484,629.172143585748,409.998535719515,-43.9690889106885,1.21686459194671e-05,547.081648154366,13.9190751589157,1
0.83019539171885,0.83019539171885,0,0.411390165100552,0.00617967492375582,842.485101566626,149.999464287628,122.732724213905,1781.65943290418,1437.12618622606,27.1156988237931,0.473684210526316
0.608698452271891,0.608698452271891,0,0.186348350852244,0.0317302972522757,843.09647978871,145.999478573291,124.249269913744,2153.33145649487,1166.82599556153,25.7473045414595,0.368421052631579
0.846881845988437,0.846881845988437,0,0.298208511865049,0.404442677680837,604.533907880932,147.999471430459,109.307862310529,625.817969389966,602.655093855084,4.10198036864011,1
0.757084103871839,0.757084103871839,0,0.64502876168435,0.827829339343913,768.02031584428,157.999435716301,110.892754208566,697.549830731559,889.03116399484,10.9722988060034,1
0.774327795723702,0.774327795723702,0,0.273413839961387,0.654539617155043,631.150043759274,145.999478573291,107.804465667028,546.548510465217,785.850068291721,9.59516998249848,1
0.845020985346993,0.845020985346993,0,0.327987412130353,0.481263282377119,863.913544821618,135.999514287449,120.946304539126,1552.65911795982,1341.46657931891,29.6135135227242,0.526315789473684
0.753533806028236,0.753533806028236,0,0.264558741384683,0.529197803187887,852.852967947287,133.999521430281,119.732656928363,1514.45825785137,1312.18844254348,28.9522205110015,0.473684210526316
0.858972650399118,0.858972650399118,0,0.187025026615792,0.0886684676038945,922.009597742732,141.999492858954,128.22198343876,2045.36074875452,1393.05779724434,32.6259327805171,0.684210526315789
0.643503230708009,0.643503230708009,0,0.586498912040351,0.0688765334050147,815.959085111032,151.999457144796,121.820043742951,1868.72248780386,1250.22939935279,32.0735010176743,0.315789473684211
0.949007409332456,0.949007409332456,0,0.411364143808151,0.398201480628743,905.144725811484,137.999507144617,122.954423330499,1719.36731334637,1626.29714309503,32.2049067095721,0.473684210526316
0.905599380939622,0.905599380939622,0,0.534273502528957,0.786553306917227,999.646713706499,137.999507144617,123.493175665032,1762.0658083229,1506.30942197233,32.5164968139191,0.473684210526316
0.988355724029856,0.988355724029856,0,0.483405378169823,0.120359432836401,766.721623187014,147.999471430459,120.313546171147,1389.19701424125,1261.02714388159,21.1021901678918,0.526315789473684
0.817749258932703,0.817749258932703,0,0.542963553178032,0.492554017573231,780.930396954475,155.999442859133,113.890818568628,976.025224114368,691.778305535619,11.1107093065921,1
0.804394617393055,0.804394617393055,0,0.386396274209978,0.0182430283185951,783.470284076728,147.999471430459,122.435820673396,1658.83066918039,1285.76337686375,24.6658744470767,0.473684210526316
0.590361901174899,0.590361901174899,0,0.709493358188255,0.29973753816419,608.768161166646,157.999435716301,112.192758371493,796.16987061735,0,19.50254078439,0
0.562296033381583,0.562296033381583,0,0.504579088799871,0.946426687376112,903.793811922855,153.999450001964,114.856333795175,1099.91158084673,687.621599962305,20.8676479490617,1
0.802450837035838,0.802450837035838,0,0.696677286632872,0.957309122991067,977.337988912539,155.999442859133,116.128331035182,1240.45969913921,962.853084602841,29.5584983746672,1
0.642088626142629,0.642088626142629,0,0.216256014878135,0.460289561910415,688.13366890811,143.999485716122,113.544616712909,891.266173577282,254.62241491031,6.00344959458067,1
0.859114662012785,0.859114662012785,0,0.374692552793096,0.37287190160054,661.773723097985,151.999457144796,111.595663999091,783.111208375684,578.228761232246,14.5996547699866,1
0.581070884372259,0.581070884372259,0,0.387981798989956,0.224967767856368,934.620955078012,141.999492858954,127.621460282896,2178.79270454396,1600.34095097508,19.1754569177895,0.315789473684211
0.922022233851351,0.922022233851351,0,0.826684309720801,0.761571753822591,921.837280952481,159.999428573469,115.629929948997,1153.39622054333,836.298560666666,13.0965928677205,1
0.939621458464273,0.939621458464273,0,0.128674185586222,0.896204173152751,757.173548042434,131.999528573112,111.618933700734,910.629744909368,867.831008951334,17.6323540918489,1
0.612819490631429,0.612819490631429,0,0.492882955751133,0.517741605468819,699.611825118413,155.999442859133,111.663011416876,769.433076759392,309.544652854359,4.31817663056232,1
0.834362228058607,0.834362228058607,0,0.0545091452381952,0.436214101935552,934.883739253286,125.999550001607,120.283405495578,1963.92921055301,1612.4742549075,28.2992201747114,0.526315789473684
0.681906727616817,0.681906727616817,0,0.7426763999538,0.0442828839469362,620.152938670912,151.999457144796,116.862562818768,1204.16418202634,1013.86861693016,24.7820205401523,0.473684210526316
0.712775892269828,0.712775892269828,0,0.832736886058192,0.43567051036614,970.209974562366,151.999457144796,122.746166077125,1714.80529769592,1427.79913053851,34.0107981062991,0.526315789473684
0.572682749792415,0.572682749792415,0,0.4841089460548,0.0625948794781657,840.556238483784,149.999464287628,122.495794491727,2071.49236472172,1247.23034641481,22.7492003267658,0.315789473684211
0.992491015836061,0.992491015836061,0,0.0837443477944944,0.785977503115203,999.68352596497,119.999571430102,120.397195494696,1922.82895650303,1957.63205004452,17.907373018081,0.578947368421053
0.814487795979759,0.814487795979759,0,0.429355980550726,0.927864316468531,744.966004730611,149.999464287628,110.091984718882,681.55147105463,937.438912120679,15.9792377155993,1
0.934798547360805,0.934798547360805,0,0.252960806462903,0.286855828863726,766.505248263406,137.999507144617,120.444377983511,1393.22347158956,1181.55284741945,35.140361032138,0.526315789473684
0.897865453705756,0.897865453705756,0,0.515971189594878,0.399921140313551,822.115213736574,153.999450001964,115.56395679859,1151.7686032613,606.420671795917,25.9465446745041,1
0.51657487670814,0.51657487670814,0,0.449739964202054,0.720180476125526,957.761966480013,139.999500001786,125.315181453913,1695.09955327208,1396.32284871057,27.1192212748102,0.473684210526316
0.741834719251282,0.741834719251282,0,0.362195023875263,0.73228942878028,847.582899427891,145.999478573291,115.732744988296,1113.76701205736,816.20295704386,19.8904044709032,1
0.963222793359258,0.963222793359258,0,0.362395745343366,0.84260102324582,807.485692916798,143.999485716122,114.18362233126,974.744896153667,849.989410596344,19.0458129672769,1
0.936115295728866,0.936115295728866,0,0.479269769596735,0.356693597141214,623.694068856227,153.999450001964,109.989626368824,647.664246504235,566.935584904885,10.6509225521109,1
0.560375045495119,0.560375045495119,0,0.817210540472672,0.608915411798311,969.001208880148,163.999414287806,117.460748684917,1345.71007907525,317.142492464975,21.5279258044474,1
0.835591167831887,0.835591167831887,0,0.0210551626620525,0.568278468684808,931.804874241199,121.99956428727,119.685356327076,1838.11719744418,1665.83249523288,34.7739679033462,0.578947368421053
0.597421612830777,0.597421612830777,0,0.225234916792894,0.541131454967468,645.547680762916,145.999478573291,110.734556096566,724.194792048687,231.993288798083,14.0603523119493,1
0.83913301769204,0.83913301769204,0,0.123666743756806,0.190679086244211,765.975388217309,133.999521430281,120.116881924045,1517.63260612641,1223.4981734989,27.4093298979948,0.526315789473684
0.896918937685022,0.896918937685022,0,0.908521756656977,0.39012091475871,613.717087371378,165.999407144974,101.809843154737,234.491586216478,620.067137205884,5.80614073808984,1
0.944426480875576,0.944426480875576,0,0.817751387002113,0.703645250677022,994.418032776791,157.999435716301,117.73175152453,1441.94869902024,800.572104006591,27.3151045694818,1
0.889746500704438,0.889746500704438,0,0.949180861579501,0.0117237552929602,641.043463058012,173.999378573648,113.16350508671,791.271547909788,164.876264718076,11.3483443041145,1
0.610831614224451,0.610831614224451,0,0.203453882688668,0.71146961003971,908.304107070432,129.999535715944,118.892301715592,1630.70628375885,1491.36762280041,29.1571833288256,0.473684210526316
0.56093145956885,0.56093145956885,0,0.53567403790192,0.780861395993018,747.464749535413,157.999435716301,111.008115483928,712.627458586659,554.672550020042,14.2760021599281,1
0.640152153172837,0.640152153172837,0,0.0460555879174839,0.631992292002557,893.070823580205,121.99956428727,119.104921034306,1676.91372912493,1596.29674493093,37.0891752454343,0.526315789473684
0.523060119395087,0.523060119395087,0,0.0930708956541059,0.620901781881722,787.214492716144,125.999550001607,117.043909778393,1405.71175751725,1230.08744681976,35.4851012005293,0.526315789473684
0.719243926458583,0.719243926458583,0,0.874914773075547,0.327654521055499,830.811585325225,167.999400002143,115.819813963808,1090.33335087693,395.473371551809,10.7610719316171,1
0.703907522308291,0.703907522308291,0,0.556381143269497,0.650913810445496,835.731351696111,155.999442859133,114.418680604771,1036.91338340426,727.736841162761,12.5461444760639,1
0.929650918895172,0.929650918895172,0,0.0327679879574417,0.824595409609513,984.796542112756,115.999585715765,120.756927766116,1812.00114863686,1867.49180903503,21.6762947425054,0.526315789473684
0.787067042114792,0.787067042114792,0,0.129569515851346,0.778082137415965,991.146331925822,121.99956428727,120.069223140243,1872.17542332459,1862.16171869452,25.1404892799768,0.578947368421053
0.791789758250854,0.791789758250854,0,0.802969915270557,0.247753166695407,603.27565576122,167.999400002143,108.995254012254,526.941228513548,417.098129144359,7.77276364107551,1
0.966523669724362,0.966523669724362,0,0.386075278003838,0.590795922514023,795.488059201385,145.999478573291,115.289595593684,1054.34999584434,717.338639787542,19.2405883492617,1
0.61259565085279,0.61259565085279,0,0.69359773410877,0.761627056201732,733.273250993146,161.999421430638,109.064309837741,550.350492000706,658.662742241423,5.82484296426945,1
0.82119343302729,0.82119343302729,0,0.635116128551032,0.0875613457997571,709.28456520074,163.999414287806,114.89095787278,1014.22274668795,67.0034388334277,13.8849614014689,1
0.560706972316113,0.560706972316113,0,0.800955341793631,0.672579671655007,674.912789838427,167.999400002143,56.4626752428684,4.4000817983333,437.889357981601,9.25911730783067,1
0.528049064098316,0.528049064098316,0,0.884627034126117,0.0817349732532144,714.128923849329,155.999442859133,118.77242541247,1589.86314101742,822.389181376969,24.7617385759316,0.421052631578947
0.929025353571353,0.929025353571353,0,0.0499806779617346,0.811190291902393,717.348493495661,127.999542858775,110.864604167132,872.921899155747,824.732136342183,19.9404632036675,1
0.736686401862103,0.736686401862103,0,0.101908978120218,0.705442962174343,686.602020923075,135.999514287449,110.67896901452,799.538473668867,783.458227360126,11.8856876295842,1
0.555449103429513,0.555449103429513,0,0.0167312570659583,0.233563706764491,798.423055953423,129.999535715944,118.924438521734,1901.87502003459,1269.7641039708,38.2109377717914,0.368421052631579
0.852118912463246,0.852118912463246,0,0.258299295465361,0.213115913626859,845.552785979831,137.999507144617,123.727506026412,1695.10586595892,1409.32289921505,31.4575159817315,0.526315789473684
0.669194472924029,0.669194472924029,0,0.995732286582041,0.487972713284818,936.931781455497,167.999400002143,117.163555032346,1249.77716074827,522.509404249245,23.7487359413135,1
0.896827288608559,0.896827288608559,0,0.270997228512175,0.838307760190727,778.081098549429,139.999500001786,113.233045780671,928.949722930183,859.637095510457,13.1529687442183,1
0.702041053951928,0.702041053951928,0,0.401708477228458,0.877872599138793,785.845840336217,149.999464287628,112.140903383209,847.001001076778,850.443781429944,13.7852575864165,1
0.90766822755684,0.90766822755684,0,0.541885395684378,0.777003146518476,659.84629564874,153.999450001964,95.2313363390581,142.457471389207,837.579210381686,8.46039629657497,1
0.7864816553616,0.7864816553616,0,0.99331143082593,0.655855362036282,883.963158785516,165.999407144974,115.060114508834,1034.13887316838,819.992808410987,18.0565194299839,1
0.784700162271297,0.784700162271297,0,0.941549708471945,0.181122659851995,814.17466064439,169.999392859311,116.329617077332,1121.62625082835,283.610498636799,23.3954855952415,1
0.907045871642027,0.907045871642027,0,0.796215849946319,0.766367672786876,638.782933351631,391.998600005,-44.7615317310383,1.33694704070562e-05,842.187883863099,15.2042697257269,1
0.920121857900213,0.920121857900213,0,0.566060693628984,0.243785699505915,980.773364873645,147.999471430459,124.314290966924,1985.25478585321,1877.01541077821,20.4465117485489,0.526315789473684
0.806044833670367,0.806044833670367,0,0.721110586050208,0.849347884315405,608.730693274056,401.998564290842,-42.8336063839013,1.45627764946803e-05,912.922141280954,12.5063669600583,1
0.539939595907603,0.539939595907603,0,0.817339169929649,0.658197953437056,850.015547466388,165.999407144974,114.704146610602,1002.31528957832,326.471759862393,14.9652782229875,1
0.641275920297161,0.641275920297161,0,0.897845544558805,0.559473448731426,992.57774383329,163.999414287806,117.923818744444,1403.5841517672,532.845217618417,22.1899834815938,1
0.731454406471229,0.731454406471229,0,0.791325708709968,0.339161810150161,685.274832855733,165.999407144974,111.676537320468,714.369973014707,446.990035282394,7.7328900506804,1
0.78660242879092,0.78660242879092,0,0.0350818068748625,0.35128682534698,878.342000905649,127.999542858775,119.557138835258,1809.75717246838,1413.47418482363,29.4356017983729,0.473684210526316
0.516648740178487,0.516648740178487,0,0.734883500314655,0.317382504061524,713.860252884347,143.999485716122,123.539997126413,1411.86928046426,1169.96527461943,22.445290651187,0.473684210526316
0.542005196642661,0.542005196642661,0,0.200972562690643,0.385595045949547,763.538541602847,131.999528573112,118.745249928504,1567.41590029411,1219.02566973115,28.4332893655424,0.526315789473684
0.506515530456071,0.506515530456071,0,0.915872364695276,0.952902703968742,734.298643168793,415.99851429102,-43.9249204103206,1.13988501255179e-05,606.174117247988,12.9612637832117,1
0.750371308499826,0.750371308499826,0,0.0599284177906017,0.0718184959339817,637.518879331861,135.999514287449,116.892512600501,1345.08497559661,718.839917014791,24.1424809633848,0.473684210526316
0.936827713692141,0.936827713692141,0,0.725278497260387,0.454271401881638,829.406936184934,159.999428573469,115.107552734558,1081.23895075494,651.686369121273,11.6965822311675,1
0.530207133127681,0.530207133127681,0,0.0799818004418905,0.417244030462268,878.419455329878,127.999542858775,120.885630778544,2013.03335695705,1720.13663540238,31.7030257636918,0.421052631578947
0.682774189812202,0.682774189812202,0,0.432248797604446,0.311192149029717,642.407291337897,153.999450001964,111.915422625964,793.184064017733,8.90926082910262,12.2747809928206,1
0.823270273039443,0.823270273039443,0,0.79750142594033,0.604418332858844,605.590942672924,371.998671433316,-48.7802199869821,9.89600453448966e-06,779.400036424625,14.2484429616291,1
0.708684006642183,0.708684006642183,0,0.967448340792286,0.33659741071768,781.059595845175,169.999392859311,114.537674275617,939.609473186121,388.225544153785,18.1336259118741,1
0.558247164256146,0.558247164256146,0,0.0423399653566854,0.997542060833775,830.481178680529,125.999550001607,114.360526338931,1233.26121466953,973.40078587195,33.2733267568084,0.473684210526316
0.70873283538767,0.70873283538767,0,0.799652137393275,0.359543590791754,828.456986499799,165.999407144974,115.614994145833,1086.3491398575,412.355778248303,9.07992575565429,1
0.973372187776961,0.973372187776961,0,0.57357465460953,0.069653782511178,662.074171567768,161.999421430638,113.607758433513,902.938856577385,301.619425710241,13.3185789552475,1
0.882060732534796,0.882060732534796,0,0.0447371349425627,0.747159764850994,619.000426105093,131.999528573112,107.848407201904,615.946828205811,806.590493631415,5.94863708571246,1
0.594777133167734,0.594777133167734,0,0.917554991772613,0.0185017755043214,899.398274700321,159.999428573469,122.295813133901,2163.304638973,1393.14806006258,31.1824173930039,0.368421052631579
0.988122018156021,0.988122018156021,0,0.0818426166373531,0.839728974451284,985.186931612365,117.999578572934,120.330910591576,1818.18464898699,1874.72521313147,21.5285423266867,0.578947368421053
0.611344236672506,0.611344236672506,0,0.0591992106361274,0.507292731620723,986.050268539301,125.999550001607,122.293564565591,2182.15541409401,1933.96555567961,27.9411304426843,0.526315789473684
0.667409083932803,0.667409083932803,0,0.327733952610346,0.294121055742002,964.028534745378,137.999507144617,124.532990166549,2161.14292344665,1752.72480122459,27.1643770795162,0.578947368421053
0.546318731883741,0.546318731883741,0,0.299612508781156,0.38503365611106,782.205826478943,135.999514287449,120.206404174709,1585.80885399409,1256.21751283106,30.3988203377531,0.473684210526316
0.553690865380178,0.553690865380178,0,0.636045758176948,0.308011854429438,950.916498454665,143.999485716122,128.109708632748,2042.44330378747,1603.20827810525,41.7336653799239,0.368421052631579
0.901331880527006,0.901331880527006,0,0.801815141132208,0.574016057162697,815.4719109204,159.999428573469,114.027282053507,962.545617508978,737.59647499257,18.3639392477248,1
0.893621509883221,0.893621509883221,0,0.508652212168326,0.977275199174483,859.028535274706,149.999464287628,113.671992878221,988.642715238328,937.830443115975,8.59724032785109,1
0.817777762458856,0.817777762458856,0,0.86351126613127,0.0714235012562442,686.948761583436,169.999392859311,114.268523649987,908.166211210316,69.8399169300212,11.6907688273139,1
0.970869607558165,0.970869607558165,0,0.680754769718901,0.330944293721976,770.604942153846,159.999428573469,114.44409198057,1002.69874823176,557.597082719921,19.6650614276066,1
0.787582076670672,0.787582076670672,0,0.458440891868012,0.0309323605106487,653.436358009765,149.999464287628,117.852059697348,1234.00448137054,1138.77566891838,34.5946617429567,0.526315789473684
0.753025938250119,0.753025938250119,0,0.498094571712454,0.38973137127342,988.753293923029,143.999485716122,125.466070754082,1946.37676422766,1919.28799818341,20.6725609720256,0.473684210526316
0.568227692457358,0.568227692457358,0,0.48570165179124,0.567153533212491,836.790011723164,153.999450001964,115.350574678303,1138.92334234751,180.715476943626,22.7967350987059,1
0.696710605273009,0.696710605273009,0,0.852022384482155,0.00409577042202103,854.070120870699,155.999442859133,121.229484743857,1843.37187884951,1505.13513659326,32.1180293868911,0.473684210526316
0.847747270911977,0.847747270911977,0,0.896467911834779,0.638543447400628,877.448686378472,161.999421430638,115.094635551547,1062.58119381217,796.382591358495,14.9334673933406,1
0.923816813835329,0.923816813835329,0,0.548966152989422,0.570942552119791,842.532034692386,151.999457144796,115.236279485694,1123.97089056981,719.849968998808,25.0088483274658,1
0.836301535810006,0.836301535810006,0,0.338283780348542,0.212989632822177,737.932653029547,151.999457144796,115.193208917951,1119.45280477979,356.594186139711,21.0610923230426,1
0.540704079907565,0.540704079907565,0,0.125110289102221,0.865580846144681,929.63560282959,123.999557144439,118.904842768662,1661.93936283065,1674.67081286207,27.7161399394296,0.578947368421053
0.533089867127328,0.533089867127328,0,0.570757059557764,0.409636552341519,843.999509115249,139.999500001786,125.536082866178,1701.01120342822,1470.41063183897,23.2516230694847,0.473684210526316
0.895714345874967,0.895714345874967,0,0.19690157957087,0.303745037633277,693.889887507783,143.999485716122,115.308949411011,993.519221689048,500.432992827882,18.1690849699946,1
0.927700127663765,0.927700127663765,0,0.914829547663263,0.294795428561848,775.399555054176,165.999407144974,114.546442569766,966.903900604585,541.333045552823,10.7292151699587,1
0.749093382700615,0.749093382700615,0,0.550186921125921,0.746039230770283,762.585868151731,155.999442859133,111.678075249186,780.446860889453,837.898656901811,7.63941672140361,1
0.617757665928467,0.617757665928467,0,0.676920348233335,0.73560957383943,630.073154383834,387.998614290663,-45.487893597594,1.19236911468555e-05,645.663971145471,13.2876676094489,1
0.906829435411224,0.906829435411224,0,0.534873212215884,0.196937993028317,664.248595045767,159.999428573469,112.746928770499,843.704489802774,409.927177269751,13.6813334113009,1
0.67745778592944,0.67745778592944,0,0.926011921219291,0.477386790166767,994.063765116656,153.999450001964,122.100404013933,1733.73511211081,1408.50365865232,36.7181850854764,0.526315789473684
0.717789460383019,0.717789460383019,0,0.0131300079815885,0.333579814139935,708.837523470753,127.999542858775,116.368268021824,1305.4467285635,1092.68314806071,28.0152782261169,0.473684210526316
0.714272453174531,0.714272453174531,0,0.694385989088284,0.710293780910107,617.926686030983,383.998628576326,-45.8012392917355,1.22606941418101e-05,787.663840256746,12.3859291832312,1
0.570473805992165,0.570473805992165,0,0.72963218945164,0.0879687622848279,924.423169498227,153.999450001964,123.166961028678,2249.18881223415,1500.27655381394,28.9050675959602,0.368421052631579
0.844135326284232,0.844135326284232,0,0.034107709576484,0.417737964663001,916.46327548065,125.999550001607,119.85775130979,1890.66410847842,1477.66105122041,34.0669351937974,0.526315789473684
0.658692249724263,0.658692249724263,0,0.0815947730198581,0.218909869241598,658.424993716979,131.999528573112,116.610259079623,1337.64232144484,911.316450730423,30.0836358941762,0.526315789473684
0.868747629423621,0.868747629423621,0,0.693437841762512,0.772173631959711,944.366144109297,155.999442859133,116.210896540037,1246.50485253582,854.243857823771,16.5209071016773,1
0.642117182139402,0.642117182139402,0,0.582876048485553,0.284086042458069,795.305991828694,145.999478573291,124.765064615114,1500.23726244223,1317.98322669703,33.7694838310344,0.473684210526316
0.523004297795477,0.523004297795477,0,0.623190211820285,0.908851707530647,891.681135240132,159.999428573469,114.564242654626,1033.81658409805,590.106215568233,20.3876948670294,1
0.87524725604347,0.87524725604347,0,0.913771736003906,0.315139294502818,914.451579587647,165.999407144974,117.432726154054,1301.15530483494,557.919446082273,30.5675920049553,1
0.685698537495343,0.685698537495343,0,0.535724830579755,0.49775113751268,751.51568853621,157.999435716301,113.105269941123,890.881060463835,540.823043722707,9.82730981677019,1
0.924663963008898,0.924663963008898,0,0.260194275730302,0.152553387441859,802.004636944844,139.999500001786,123.949947759657,1589.07593139571,1337.52236674,33.6184936081567,0.526315789473684
0.901390770169211,0.901390770169211,0,0.0276424973941876,0.431973252686244,693.880152759411,129.999535715944,113.018932738258,1066.21098403229,604.146876015871,31.1180082872272,1
0.899989020539253,0.899989020539253,0,0.753538383879185,0.944333723381068,901.546623125698,157.999435716301,114.45143416142,1029.76664533029,930.192957093641,13.5553838592461,1
0.902519940327729,0.902519940327729,0,0.117908829293621,0.717577266801178,621.416664198621,135.999514287449,107.937600465198,599.188250740056,788.900741581488,7.60596956823625,1
0.969947957411584,0.969947957411584,0,0.192583398589531,0.366076403361057,805.798874599447,131.999528573112,118.832745900929,1509.17764327943,1366.14635834641,27.6728135253423,0.526315789473684
0.935579229237566,0.935579229237566,0,0.0336295925947392,0.502372597874344,698.622415998321,129.999535715944,112.569664656271,1031.35546311869,649.888759216712,31.3807837099127,1
0.886477617855833,0.886477617855833,0,0.648727349270086,0.127954192200908,711.285781381037,163.999414287806,114.388159976202,968.06265730049,313.716650449257,20.7175469260322,1
0.952701642883633,0.952701642883633,0,0.928835081662212,0.524791293654665,610.579152621549,361.998707147474,-51.5057578891239,7.30385565396452e-06,702.125400100644,12.5475395504091,1
0.605424532203759,0.605424532203759,0,0.463174530412842,0.820462434550185,732.758631055314,153.999450001964,110.223162719176,669.483952198364,677.813172527098,4.92619191684142,1
0.902165033284583,0.902165033284583,0,0.211290060103235,0.767916094960664,644.686139775594,139.999500001786,108.058339129407,584.225513157807,819.965331197348,6.03834736986333,1
0.740282650219611,0.740282650219611,0,0.544447936588894,0.475985927976485,650.260130481537,157.999435716301,109.325724854798,586.436619582079,630.353884452204,14.8600778531729,1
0.538112203275395,0.538112203275395,0,0.832074680122394,0.730730430031199,792.127766906806,167.999400002143,112.361844085362,771.000758859403,449.999331987456,10.0704431271299,1
0.533454651536642,0.533454651536642,0,0.552751355866197,0.492078175559482,998.664862656176,145.999478573291,123.33801238144,2013.82352410395,1977.72801527613,24.9729914465765,0.473684210526316
0.696854714791391,0.696854714791391,0,0.700376272774723,0.357047511968107,998.340729340512,147.999471430459,124.448461046914,1905.21844916034,1779.6261230275,31.7221289877049,0.473684210526316
0.617273877282231,0.617273877282231,0,0.0942696776648169,0.76424503602117,942.254028631141,121.99956428727,119.509717582695,1732.77843242915,1718.48245763913,31.5189939016551,0.526315789473684
0.696758267398602,0.696758267398602,0,0.200819685220825,0.23730769758389,600.726499412711,143.999485716122,113.798365707708,874.77474804576,48.8786560392574,20.7768342905433,0.526315789473684
0.723989614648276,0.723989614648276,0,0.0839809059521494,0.917049845613933,775.677199136874,131.999528573112,111.960216460164,956.657774434854,879.213605792763,23.0703203799639,1
0.688879092761312,0.688879092761312,0,0.687196550526594,0.653512976679006,705.96519149792,161.999421430638,109.116195264978,558.185363476545,711.832701587302,8.56042092360416,1
0.783900287087271,0.783900287087271,0,0.665389586967221,0.739213769133126,610.375246221804,387.998614290663,-44.7640634296544,1.3818915900899e-05,854.344219795859,12.594342926431,1
0.732403173973853,0.732403173973853,0,0.133390028259355,0.749120651041156,903.283653266829,123.999557144439,118.814809795664,1619.32692009566,1580.34010491829,28.0318898575923,0.526315789473684
0.623635786233495,0.623635786233495,0,0.96299467657841,0.247781779913031,953.557532548914,151.999457144796,122.872960215168,1974.76658868595,1797.80450785012,24.4749853923112,0.473684210526316
0.73651879147446,0.73651879147446,0,0.358101972114611,0.0703187302378167,741.710291000615,145.999478573291,123.530967526762,1587.33395475249,1066.22945457644,25.2649797399409,0.421052631578947
0.796985023496909,0.796985023496909,0,0.353885204414633,0.650683127182281,818.140412034117,145.999478573291,115.544685631781,1079.91973514443,792.019977312891,16.0430646874569,1
0.611706017499347,0.611706017499347,0,0.238384178135458,0.319614806305391,841.726538949645,135.999514287449,121.493625497571,1782.31129461986,1310.32139885627,31.1486708717446,0.473684210526316
0.793531998266374,0.793531998266374,0,0.456169797620972,0.266641997447141,707.960802696574,155.999442859133,113.617947674933,937.6965359966,408.500375364806,16.4375397635182,1
0.996475080599438,0.996475080599438,0,0.645873391932503,0.480181396500184,851.44305825778,155.999442859133,115.648776872885,1161.50721233778,659.457657607557,21.2253506356562,1
0.924455447570849,0.924455447570849,0,0.243255433769133,0.138814782470227,714.605483767911,139.999500001786,121.853357101596,1326.65316553765,1134.23211933166,32.1541686979661,0.526315789473684
0.813887860283703,0.813887860283703,0,0.203139656977265,0.657483667214623,762.840754231584,137.999507144617,113.680698252756,995.310998714331,786.632438018297,30.7837307897821,1
0.923371760131747,0.923371760131747,0,0.7649804251153,0.988201290268816,938.056994254479,157.999435716301,115.149153438973,1111.78658965622,944.376953293778,18.0062735947451,1
0.955168492040669,0.955168492040669,0,0.482730667904748,0.47629805306154,745.007616363395,151.999457144796,113.29789413175,929.491882441936,652.359972875888,16.8526885565468,1
0.9571877689895,0.9571877689895,0,0.0600065993380271,0.992815725358951,752.920094024633,127.999542858775,110.885108252728,884.642688485971,903.805246472527,12.1123076933278,1
0.690935660336564,0.690935660336564,0,0.615518010577783,0.299665822285195,854.86031129271,147.999471430459,122.392420234952,1543.07350658175,1347.15568828296,29.3975281308957,0.526315789473684
0.921320483060739,0.921320483060739,0,0.918426777157224,0.399098821461799,756.364710668039,165.999407144974,113.328222026711,858.925027730387,623.759209328516,20.2817972128046,1
0.553790821470781,0.553790821470781,0,0.465689043963665,0.606208512479399,790.774205390985,153.999450001964,114.035620779788,1000.37077450887,203.505598524644,17.0846854904852,1
0.945896730932262,0.945896730932262,0,0.402470116257179,0.130988191248634,694.46885589313,155.999442859133,114.381332469222,1013.78513133536,338.483335049342,17.9767385552411,1
0.819578849903778,0.819578849903778,0,0.000642485476822108,0.00731084732875364,999.459329960404,141.999492858954,127.958002045625,2564.90266284294,1469.55870109497,36.2543747591107,0.368421052631579
0.870018889309015,0.870018889309015,0,0.851136760834507,0.301298458552911,663.56489393709,165.999407144974,111.021707458339,664.525512331036,540.31903334656,10.9041271789498,1
0.773968380193451,0.773968380193451,0,0.428886705744607,0.149546752151914,727.462634935496,147.999471430459,120.713030805573,1322.74392766546,1146.89359672519,30.3721574639907,0.526315789473684
0.891588933263437,0.891588933263437,0,0.753656791695214,0.448477479875491,830.847996099791,159.999428573469,115.096589821987,1071.83724089536,656.889364542954,10.5926152043806,1
0.970303304948005,0.970303304948005,0,0.269388422538831,0.421004581118207,819.085299197192,133.999521430281,119.460389366976,1484.11561952314,1284.39363334192,28.1437721067254,0.526315789473684
0.557980583453547,0.557980583453547,0,0.984948108495482,0.390735507572472,801.770352506855,163.999414287806,116.060492228115,1136.87010810557,75.472379604239,25.1212060205471,0.473684210526316
0.90180284649891,0.90180284649891,0,0.964201105472656,0.569150866968475,644.588622249691,167.999400002143,5.42677959289149,0.0165111002016385,741.235065554142,9.55096227154576,1
0.865487369674892,0.865487369674892,0,0.830664545640134,0.923675833629512,780.069875093658,163.999414287806,108.726783722686,528.518862310887,935.157809809253,4.26478532931097,1
0.919053528689366,0.919053528689366,0,0.647167550031969,0.349704284408471,941.983224538682,143.999485716122,126.591939166726,1759.64597619743,1610.33135101515,28.1943031875591,0.526315789473684
0.843677115196446,0.843677115196446,0,0.898309125424408,0.109577974600496,878.743411873311,159.999428573469,119.686904618751,1566.7423853338,1546.64601885661,29.6943920343158,0.526315789473684
0.602983765330287,0.602983765330287,0,0.78221292500624,0.549550172172553,676.129806779479,165.999407144974,108.509469410594,504.243092459272,378.694590474137,15.6687628781521,1
0.554834078529274,0.554834078529274,0,0.553605589554848,0.578374810127992,708.225080750939,157.999435716301,111.628090721361,758.684682387414,132.341027960153,21.8712960551201,1
0.903916808205485,0.903916808205485,0,0.629175061040379,0.686244062790132,971.80829010636,141.999492858954,126.434338995194,1687.70712757199,1364.8035510217,26.633988091303,0.526315789473684
0.604635918162244,0.604635918162244,0,0.421040862652265,0.435069053831078,674.197552566013,151.999457144796,112.261074759855,831.74364064291,0,15.0060302248844,0
0.868045760761453,0.868045760761453,0,0.260317954336096,0.906914249310023,769.541573087907,139.999500001786,112.369152942103,874.220052932455,902.342374439958,17.2501290641445,1
0.599871632564517,0.599871632564517,0,0.378847126398714,0.543581757931408,917.178744639421,137.999507144617,123.217110578658,1704.0603241925,1583.81449037979,24.7507251577645,0.526315789473684
0.84740894059147,0.84740894059147,0,0.541303142429275,0.464761452569453,812.473023630244,153.999450001964,114.875316020754,1079.08672900493,666.259472769351,15.6840948777837,1
0.631532517161892,0.631532517161892,0,0.427889552222765,0.579717303147554,908.838272424144,139.999500001786,125.079800666978,1601.90013059472,1339.07289163399,30.9385732764704,0.526315789473684
0.652872109429921,0.652872109429921,0,0.134295349897661,0.869694884473091,957.100026146461,121.99956428727,119.332187013227,1744.46917902704,1836.66170244061,23.9328906195311,0.578947368421053
0.959951516846538,0.959951516846538,0,0.365500175746907,0.340705234000295,968.351419012905,135.999514287449,123.354253244668,2007.79132136424,1784.41755162125,15.4203911476428,0.578947368421053
0.998554479642245,0.998554479642245,0,0.959213526120175,0.101057616148012,749.247734995287,169.999392859311,115.195890773561,1001.76494563505,381.327921164703,13.7725330338402,1
0.806628956007482,0.806628956007482,0,0.759496197189904,0.628957973590077,964.966072513643,157.999435716301,117.174479494846,1357.12678710833,796.004998510152,48.3395561156727,1
0.51682463017112,0.51682463017112,0,0.852325345672008,0.00827473417436442,617.519225106398,151.999457144796,115.73750850021,1235.87961268774,142.447481171396,23.4661287922726,0.315789473684211
0.600015883417242,0.600015883417242,0,0.827943727542546,0.368466572263771,785.284923538203,163.999414287806,115.49679891171,1087.16035475108,40.5680203057161,22.7532598306474,0.526315789473684
0.525209931035146,0.525209931035146,0,0.32748987296376,0.0938783094589882,774.039393021529,145.999478573291,121.304880432635,1872.43437765559,949.022158041468,23.3399213556676,0.368421052631579
0.963683792198252,0.963683792198252,0,0.745986197580045,0.471407122724485,693.518223688196,159.999428573469,110.959509316695,689.976605430028,659.95189087264,10.6412414657184,1
0.715351455072934,0.715351455072934,0,0.606317462252556,0.42589223880705,701.963183736225,159.999428573469,111.891945065306,764.412416215271,524.934739517233,14.7040682146898,1
0.755198345035842,0.755198345035842,0,0.853054433608105,0.881757841110104,870.558518576144,163.999414287806,113.645956711303,908.008003048916,920.552085024066,19.1803169589628,1
0.832258129866143,0.832258129866143,0,0.955010374523201,0.457997555836107,927.949137512215,165.999407144974,116.979457938003,1256.95767290613,685.010205504879,18.1031888800546,1
0.751886280765023,0.751886280765023,0,0.969835437729679,0.487866076658025,886.456618845949,167.999400002143,115.984084460804,1120.48079626889,682.11401474898,11.6870267543845,1
0.539691836060541,0.539691836060541,0,0.431696842392213,0.727288410199719,737.575062063782,153.999450001964,111.549742383626,778.683287741492,408.050739601802,14.9380456013444,1
0.855239647366523,0.855239647366523,0,0.48090713882308,0.0185022795909449,675.420410769811,153.999450001964,117.07638631199,1208.34482807995,1111.25879284398,36.5878142302342,0.526315789473684
0.720652901454187,0.720652901454187,0,0.906254711034904,0.939599964890296,825.323396438162,167.999400002143,111.11052854823,671.263548307841,918.433184989822,4.882876605746,1
0.805648784160826,0.805648784160826,0,0.89128977064448,0.505982441853786,686.030799031954,165.999407144974,108.717620686312,514.535040716288,718.69448907995,5.43477203302015,1
0.851166568070428,0.851166568070428,0,0.806623597045281,0.671124954042416,811.941592355246,161.999421430638,113.309429859937,890.020717479918,810.581733836081,7.77030921618896,1
0.956542370425848,0.956542370425848,0,0.302967275695105,0.305778701853905,807.841954858804,137.999507144617,121.549790252298,1500.12231912751,1319.14626188593,24.5080589514638,0.473684210526316
0.689926107179652,0.689926107179652,0,0.418378062544129,0.706455920342571,787.882744220088,149.999464287628,113.219785060406,932.870669567947,738.428368686567,17.1751782940979,1
0.969391998273247,0.969391998273247,0,0.758634590163251,0.491797900756341,623.514969526228,161.999421430638,103.200770643527,285.813601423765,673.268488306709,9.32433144644835,1
0.981922233789364,0.981922233789364,0,0.492064811466081,0.499731256766493,831.975355545911,149.999464287628,115.634958054747,1154.4039144734,665.843711561838,31.7230633325977,1
0.659781218901538,0.659781218901538,0,0.316381703720366,0.226246565715496,658.674343900646,139.999500001786,120.316711600932,1230.20504274452,946.741090296487,30.7981407012183,0.526315789473684
0.767528221947061,0.767528221947061,0,0.728044276014325,0.558317172742649,643.641204521669,161.999421430638,96.3338473472332,148.222203372539,738.940343418722,7.12640580795352,1
0.944263943726746,0.944263943726746,0,0.190786806842012,0.801435290920129,826.577522697324,133.999521430281,114.258859903199,1194.30225875726,824.555137030388,24.1783278768267,1
0.622108824117371,0.622108824117371,0,0.334664349526447,0.697786900160499,929.584334583731,133.999521430281,121.033542780885,1645.77826719413,1444.09872178703,28.4357856782017,0.473684210526316
0.637860582486667,0.637860582486667,0,0.466932277796392,0.0665088498636873,733.527294836607,149.999464287628,120.510159363488,1651.06079377969,981.968396261555,25.6266053582385,0.368421052631579
0.884069846163688,0.884069846163688,0,0.384495217030236,0.646282432764486,718.109901375223,147.999471430459,111.663008192338,800.630398041347,768.469350508183,15.631309916482,1
0.713217834413551,0.713217834413551,0,0.605147121927539,0.925528993400169,994.756815726627,153.999450001964,116.75751733245,1337.02732338189,894.058206354051,24.2131489149538,1
0.885270598638025,0.885270598638025,0,0.550191629329066,0.386587000010434,628.291102357112,157.999435716301,109.497723140405,601.012298959674,599.432007803487,9.49891367018221,1
0.897962639168528,0.897962639168528,0,0.0133545844098796,0.481782892526736,624.151630605468,131.999528573112,110.278868840526,794.110040547495,641.140190274724,13.9842854999256,1
0.524438352922942,0.524438352922942,0,0.38791887533949,0.531391883271564,925.930350861764,137.999507144617,121.924343889243,1864.69465921991,1800.96324223487,25.2729882466507,0.473684210526316
0.991492017030267,0.991492017030267,0,0.765290629187821,0.453422987095312,695.17672730896,161.999421430638,111.15860522874,703.676938979428,647.635047782938,13.5369664017583,1
0.919827405462769,0.919827405462769,0,0.661265403354817,0.184472009010134,796.021393988439,153.999450001964,118.211815915399,1343.00893668361,1067.28115316652,32.546049671288,0.526315789473684
0.814375985784235,0.814375985784235,0,0.0450842436601039,0.566079356995831,651.168129212661,131.999528573112,110.51182835609,802.174994192276,719.001807583178,14.2088032743803,1
0.518140537556361,0.518140537556361,0,0.436202253786853,0.594922134322986,946.382127467167,135.999514287449,123.085309345958,1830.87973880368,1775.59490846214,23.180453458856,0.526315789473684
0.760247733887418,0.760247733887418,0,0.998810067123375,0.0578150767360721,859.690528730607,159.999428573469,119.999242803584,1613.23054243278,1588.13568733717,29.7318631344096,0.526315789473684
0.874960217815893,0.874960217815893,0,0.976313193501949,0.096117075570471,718.006393200115,171.99938571648,114.528582904985,921.950285609965,292.20534365934,17.8913528001474,1
0.908979224968754,0.908979224968754,0,0.925537973091102,0.741205515764732,827.812784370111,163.999414287806,113.222135769985,867.094751149986,832.960663879606,15.7308482741283,1
0.519727590028965,0.519727590028965,0,0.802030215433403,0.452848323079904,973.153327131444,147.999471430459,124.295080072505,1994.03799769446,1906.21996885351,17.7337177666763,0.473684210526316
0.903761401620158,0.903761401620158,0,0.946400335347115,0.787964998435007,945.292578486516,161.999421430638,115.9495297718,1166.0832800264,859.436416027527,10.9700589508894,1
0.98762168975645,0.98762168975645,0,0.419248298809311,0.0172199828015898,681.128672353091,157.999435716301,115.232996156708,1089.67142875352,463.588724546168,22.5921140943345,0.526315789473684
0.953659478526864,0.953659478526864,0,0.207485785280752,0.612480344693653,943.530231134315,125.999550001607,120.231009326117,1833.86766296924,1690.67834664211,33.9636566846724,0.473684210526316
0.60970912169265,0.60970912169265,0,0.0527421441831022,0.567143977650518,908.231817704109,123.999557144439,119.360139215956,1770.36034933739,1589.5584838465,26.8832970218473,0.526315789473684
0.880819936453382,0.880819936453382,0,0.315795548185361,0.327105936620047,872.829650609477,135.999514287449,122.190646040434,1693.70202705099,1585.64772922594,26.1387182404762,0.526315789473684
0.627471092953966,0.627471092953966,0,0.810143023558979,0.662119402642954,845.440266964117,163.999414287806,114.320491879452,969.609825417567,607.83101631946,12.557960810422,1
0.778088967673182,0.778088967673182,0,0.4098705826341,0.509838151397316,640.497859763788,151.999457144796,109.151055201342,601.427824910841,690.205552299613,4.86826770178421,1
0.968939239320687,0.968939239320687,0,0.805198694054192,0.050686948353159,617.57727536542,169.999392859311,112.087200245981,733.237741405166,301.171382818989,12.9017649545286,1
0.707069154464042,0.707069154464042,0,0.525403702426565,0.632366768261819,710.220796814284,155.999442859133,110.650876224216,692.959779665998,716.580933961638,13.6596982341776,1
0.802603765678977,0.802603765678977,0,0.824586399044125,0.809982443539372,851.476348573062,161.999421430638,113.566157957223,910.096268397439,897.350883488499,7.25726177572906,1
0.699998720624526,0.699998720624526,0,0.445999199491446,0.275435201670341,952.990622991755,141.999492858954,127.454802352561,1994.36059794961,1690.79543691964,17.885155331247,0.631578947368421
0.628622449786797,0.628622449786797,0,0.325536153213259,0.124001915504071,607.35405560711,141.999492858954,117.689316767878,1246.41711747682,695.611759554095,24.1301913150301,0.473684210526316
0.584260087902484,0.584260087902484,0,0.209688362189637,0.831050199474011,810.322492807434,139.999500001786,114.429229303037,1032.65215620027,629.740734424528,24.84778744865,1
0.583650944544388,0.583650944544388,0,0.69034085293608,0.210765747180685,845.705551883249,147.999471430459,124.44642376811,1842.53513920979,1397.11599712186,24.0917362724034,0.315789473684211
0.792833859609254,0.792833859609254,0,0.0479422128002365,0.428682575472667,941.119970235663,125.999550001607,120.441012775166,1988.27228057741,1626.1492964536,26.2749962594884,0.526315789473684
0.71102063105314,0.71102063105314,0,0.235088189958911,0.651763638926444,628.260545319374,143.999485716122,107.980093790828,560.48603886524,721.66926063745,8.48814492796724,1
0.574122528247392,0.574122528247392,0,0.0139796666692719,0.433777197057421,940.699225334584,125.999550001607,121.447526209744,2177.63081435788,1931.58692592179,25.2742790401071,0.473684210526316
0.79302718019483,0.79302718019483,0,0.595779660307338,0.672402518726976,950.755015767477,151.999457144796,117.175466515736,1395.25059225654,815.565559615614,29.5777620535031,1
0.532654741890429,0.532654741890429,0,0.208564678075442,0.458247159951771,679.192206929478,137.999507144617,114.135493377462,1081.19943728457,466.319478612179,30.2397851672954,0.473684210526316
0.830244378745681,0.830244378745681,0,0.390026810853826,0.563105342383948,815.511978978072,147.999471430459,115.434120863831,1101.02883169909,733.354514544821,28.4901182729295,1
0.808889201651708,0.808889201651708,0,0.17784790054081,0.327894388658813,609.648188281633,143.999485716122,111.422870754064,750.443405886513,493.873993832808,16.2063881301516,1
0.972217104934567,0.972217104934567,0,0.67696803826283,0.305301440298796,719.10304709109,159.999428573469,113.258022829486,882.480047142427,537.782132035683,9.66041338146439,1
0.535810081539848,0.535810081539848,0,0.75277227261174,0.531599194966301,723.415715214955,161.999421430638,112.766940888033,828.026119688775,0,10.4610851007679,0
0.703419903174618,0.703419903174618,0,0.453793937745588,0.903761363527827,707.461282705627,153.999450001964,106.358456071175,436.646259893876,867.006809942713,6.64726626073428,1
0.659777089160698,0.659777089160698,0,0.64834293109996,0.789518047034701,954.274120578346,155.999442859133,116.357918235588,1257.37356406928,755.631172653202,18.5697780365814,1
0.51804268183502,0.51804268183502,0,0.702342146895876,0.716399616549102,642.953938313117,385.998621433495,-46.6848368018082,1.11812288486161e-05,327.886914358242,14.5301896923247,1
0.617326484963369,0.617326484963369,0,0.556781354858881,0.360674255791844,802.699161137047,145.999478573291,123.82688161142,1455.02186134308,1203.46518249691,26.1895451321937,0.526315789473684
0.552815263733677,0.552815263733677,0,0.345885157188835,0.603349168283765,868.880792495602,137.999507144617,122.423627583797,1516.83350746064,1191.93827112157,30.8820812483982,0.473684210526316
0.724807751938674,0.724807751938674,0,0.553532089155317,0.483784097237461,607.877835023456,157.999435716301,103.568258954668,303.568722052032,613.284778863634,5.50368875205007,1
0.630457996370924,0.630457996370924,0,0.311656828161106,0.921731001202105,710.159080789079,147.999471430459,108.977291900801,612.744924822547,771.932582447355,6.36488940033631,1
0.875903844629457,0.875903844629457,0,0.663274539766505,0.477350078867805,735.337044879647,159.999428573469,112.503129048563,825.318415206479,676.192893541681,8.70582599401803,1
0.516323725028944,0.516323725028944,0,0.587334083547322,0.0547445293108955,692.796838201709,149.999464287628,117.433814345163,1512.92714878312,474.136011606442,35.3998833781572,0.315789473684211
0.744731769175676,0.744731769175676,0,0.803632865425462,0.121026971085189,851.838500686482,155.999442859133,120.297190310663,1609.0783608485,1612.59812044114,38.6348914796398,0.526315789473684
0.776602229180864,0.776602229180864,0,0.88263166668678,0.990312176217094,613.813326781909,419.998500005357,-41.9333557620522,1.4212642835635e-05,980.075781541355,12.0959525282351,1
0.710036699173267,0.710036699173267,0,0.377724977654691,0.379862300730407,832.056800101315,141.999492858954,124.688153765414,1481.05230632072,1242.74493105623,25.7187685133012,0.526315789473684
0.790030389906919,0.790030389906919,0,0.986893825098713,0.761286944600905,714.352541713172,169.999392859311,-7.26745284683107,0.00369532340073779,878.220408936188,9.78331399172414,1
0.623729724794045,0.623729724794045,0,0.973517195482012,0.0272846915336735,778.930627129844,157.999435716301,120.118536042072,1736.19635085246,1231.05092490019,39.7835302985943,0.473684210526316
0.843270520792287,0.843270520792287,0,0.445135030198304,0.691415850999686,659.396935146157,151.999457144796,107.49206243814,503.647993330016,810.54173293477,6.80123087620876,1
0.656056087980583,0.656056087980583,0,0.125787353406446,0.658454142932855,942.175777130242,123.999557144439,119.949182543889,1833.61283087558,1705.17909177291,30.8889621598526,0.526315789473684
0.783945980422081,0.783945980422081,0,0.815328766719107,0.321200404570021,817.749512206667,165.999407144974,115.452754286999,1066.94005138848,521.58414125501,22.0239250069085,1
0.976168328106588,0.976168328106588,0,0.950809867769282,0.0462493498967674,891.141930255194,161.999421430638,119.942314712427,1620.03247719432,1624.09034746741,30.1227731017801,0.526315789473684
0.630241870682608,0.630241870682608,0,0.941290522387294,0.624478832987347,764.198862238523,167.999400002143,111.727197198442,708.041786748141,584.816954440609,10.953246324569,1
0.655966001053124,0.655966001053124,0,0.45968706795366,0.73211148685913,937.172880751617,147.999471430459,116.977322659928,1389.53960865659,701.490656052631,25.579336216882,1
0.577588575972652,0.577588575972652,0,0.625945378528581,0.604853339623777,959.584930393217,145.999478573291,124.745859657877,1673.63463597138,1353.39344159456,34.7387832742822,0.526315789473684
0.890403309395834,0.890403309395834,0,0.00667432834157555,0.808476375962733,634.802881885313,127.999542858775,108.130050704966,652.471993288951,832.46984633355,12.6651722314095,1
0.978974268455603,0.978974268455603,0,0.0109829355695071,0.227275454248079,816.950628215496,129.999535715944,119.10014486264,1706.98301092829,1222.96799864979,46.8928764813962,0.526315789473684
0.823645565632992,0.823645565632992,0,0.192195711846166,0.626900288837472,815.094618869803,133.999521430281,115.819512320414,1301.26445555745,834.071046451975,28.5198242772458,0.578947368421053
0.974445545830212,0.974445545830212,0,0.219801171693237,0.367041044596996,756.416255031599,137.999507144617,118.048314519448,1285.46627113321,861.001868502996,27.7673017550677,0.473684210526316
0.582291730902596,0.582291730902596,0,0.467280944510352,0.427499956761242,811.863650231533,141.999492858954,125.188303488005,1488.29790518652,1268.74991655507,22.7786189752608,0.526315789473684
0.760231389353351,0.760231389353351,0,0.34497055572686,0.359257549916591,865.031758758007,137.999507144617,123.395402900006,1609.14047348269,1441.44997280185,25.9714864613413,0.526315789473684
0.983527257259285,0.983527257259285,0,0.413282035825833,0.877735984828288,700.842118824176,147.999471430459,108.56101625517,581.157037696391,866.94085659351,4.74270112856374,1
0.991637617894905,0.991637617894905,0,0.65210535346835,0.215819356842991,686.445732422609,161.999421430638,113.058231799625,857.873197806123,462.923514022669,12.813434094997,1
0.559163455711553,0.559163455711553,0,0.164345973312761,0.36757022235943,601.287695320692,135.999514287449,112.501710120272,938.138762683474,299.640345151658,27.5529380435945,0.473684210526316
0.90886199599725,0.90886199599725,0,0.458044983067304,0.193940601746918,918.060396485099,143.999485716122,126.490661096047,1842.0777118408,1636.37228297452,28.7504624786576,0.578947368421053
0.669392543387761,0.669392543387761,0,0.0969462816996294,0.901754383869903,914.153977974494,121.99956428727,118.088942294206,1574.11903416484,1563.15926466928,37.7028082729468,0.526315789473684
0.997404981757882,0.997404981757882,0,0.934300673533707,0.554112965138863,703.278809668942,163.999414287806,109.940582513176,600.898339469529,715.201602733778,9.74398712753848,1
0.751415446033272,0.751415446033272,0,0.464576796691644,0.160405321542629,958.117179477466,143.999485716122,129.100246776694,1982.7015587097,1500.05040070801,35.3191816170208,0.631578947368421
0.619850095725362,0.619850095725362,0,0.684743976126551,0.560343389025281,951.112616821461,159.999428573469,117.491036294066,1393.76332239509,449.335241529459,20.9715029927113,1
0.668991477822575,0.668991477822575,0,0.0853166983069337,0.732443977520003,601.977096778158,135.999514287449,106.571633873559,510.491001955378,703.047115421103,8.24032777571853,1
0.669739652377093,0.669739652377093,0,0.439876357867134,0.174139695472254,779.639454414295,143.999485716122,126.111217758352,1639.90729697285,1153.41680173489,24.8328613247269,0.473684210526316
0.897987072790432,0.897987072790432,0,0.0878809215677623,0.414209905761964,832.008731864804,125.999550001607,118.639489338826,1608.98403452234,1443.44064778471,24.8740559318808,0.473684210526316
0.953670841869967,0.953670841869967,0,0.0102669004944632,0.768873421803593,853.130260825835,115.999585715765,119.675392640971,1499.6380949038,1583.85456662825,24.357975694041,0.526315789473684
0.878420883060537,0.878420883060537,0,0.718930109567717,0.67916493073148,798.068034550975,157.999435716301,113.02857235885,880.947373478848,802.465592625093,7.66101178134058,1
0.8735785555724,0.8735785555724,0,0.776167331916038,0.217508915596938,842.987917140427,155.999442859133,119.488838851032,1455.43121161213,1253.8522193574,29.1591724627421,0.526315789473684
0.88886491744182,0.88886491744182,0,0.48635315635868,0.943861220130925,829.634439012823,149.999464287628,113.042963393107,928.013120953459,922.877187836463,20.5921993064068,1
0.516069600304691,0.516069600304691,0,0.715147969143078,0.691176394368057,953.063909284164,159.999428573469,116.910394623347,1302.88740672227,257.548394422273,24.7508567538442,1
0.595690590213925,0.595690590213925,0,0.905242756931079,0.0676778421734,629.911610579432,153.999450001964,116.830672207007,1284.62607366228,845.821957817687,29.5391503863888,0.473684210526316
0.708650590075739,0.708650590075739,0,0.698009724018747,0.0855330370534458,645.069935659867,153.999450001964,116.822286680547,1175.03654783596,1034.48553920845,30.0060041418389,0.526315789473684
0.923079779906078,0.923079779906078,0,0.383934432195714,0.271414821800732,793.967941330744,141.999492858954,124.119089021389,1427.46055673061,1203.00180207452,24.8518956299979,0.526315789473684
0.879693635992101,0.879693635992101,0,0.369331434940316,0.555434485775799,641.748268725269,147.999471430459,109.180614482739,618.448083259207,713.816851017668,12.2676617346571,1
0.990942320580286,0.990942320580286,0,0.751708816683757,0.0643971238651799,994.764048633441,157.999435716301,122.097663637642,2010.36747332564,2044.49172775956,23.845625487308,0.526315789473684
0.711903603884375,0.711903603884375,0,0.0290452866615635,0.0966676310570069,731.89188680818,135.999514287449,119.118673780995,1661.42182837434,853.694719106145,36.1552545205708,0.421052631578947
0.835440663419322,0.835440663419322,0,0.895349378567984,0.882257421100892,949.44568144761,161.999421430638,115.660992520181,1134.53389820995,928.124723454678,11.5647048931481,1
0.806030787179933,0.806030787179933,0,0.47608369843353,0.0366525878864182,656.02629243888,151.999457144796,117.281262719001,1199.1663761325,1088.58015750773,30.13159885404,0.526315789473684
0.922143370818134,0.922143370818134,0,0.0211130278488669,0.208673563515867,861.897099533685,131.999528573112,120.211474516998,1857.67846636602,1285.4462406588,28.1660406712815,0.526315789473684
0.581005843413478,0.581005843413478,0,0.813442705688202,0.784849279097883,751.654757851009,165.999407144974,108.659433894019,509.980161396513,620.278747389694,7.3202501492605,1
0.538536361992979,0.538536361992979,0,0.718094218662032,0.439167876995258,976.236816654524,147.999471430459,123.189543951318,2010.62941483003,1944.16632247784,26.5555318046104,0.526315789473684
0.772830493781623,0.772830493781623,0,0.685734334322333,0.193746414006334,873.638408321956,151.999457144796,120.679548798363,1591.90503131062,1502.55282898843,26.1418730477406,0.526315789473684
0.99395083976166,0.99395083976166,0,0.076444182986155,0.514302386097721,626.008249023487,133.999521430281,110.092632001047,758.812359365404,654.644306747872,14.8049567552835,1
0.838803002722062,0.838803002722062,0,0.348843441292199,0.63579709402903,746.450992275549,145.999478573291,113.064277101545,896.428900135313,774.905241313677,18.1097697825306,1
0.550260100791,0.550260100791,0,0.216525650083259,0.972716963650368,854.819481039371,139.999500001786,114.763451007465,1089.3217264565,667.29729865685,27.2122835330227,1
0.638013641891791,0.638013641891791,0,0.261685886021817,0.506314642772862,827.415505435634,137.999507144617,120.55334184944,1447.1102669174,1145.29566565998,36.8980664469928,0.473684210526316
0.861826530058359,0.861826530058359,0,0.248771873830287,0.961522132508092,671.760650800782,141.999492858954,106.27836451551,472.263261248008,929.323138490797,8.90898364652191,1
0.842194524556398,0.842194524556398,0,0.749555151044963,0.170076556733805,964.436046801554,155.999442859133,121.59110217273,1855.74074846992,1874.24531080537,22.3003804766739,0.526315789473684
0.623237691241109,0.623237691241109,0,0.558310878761413,0.0981633046493013,653.373310095527,147.999471430459,118.651864082477,1374.54152259944,921.86466163513,31.8746818589712,0.473684210526316
0.830977524505698,0.830977524505698,0,0.984331469084761,0.0960159705453659,895.49917296206,161.999421430638,119.92026280438,1606.30983067044,1595.76374281292,40.0324679368254,0.526315789473684
0.718946163188786,0.718946163188786,0,0.884735507925797,0.353891966380064,798.766613114199,167.999400002143,114.865322907489,988.238449011068,447.277085922194,17.6698196497747,1
0.646236941170457,0.646236941170457,0,0.969198784885315,0.78338969650136,795.237536400311,169.999392859311,111.118442126614,658.907488314703,743.212764296714,12.2389940918369,1
0.619587069282624,0.619587069282624,0,0.591296116090279,0.985026005074956,838.586139220265,157.999435716301,112.649947007283,853.147169057042,801.549627625788,18.5948145458137,1
0.697900066756077,0.697900066756077,0,0.647827094638221,0.956041713601892,648.01025193839,415.99851429102,-39.9592242641848,1.80179831016196e-05,891.637843025463,14.0555835592927,1
0.951290146428533,0.951290146428533,0,0.566045061709379,0.245019308082333,763.407061033161,157.999435716301,114.952299596511,1062.77301068846,476.796494260595,28.1001463175388,1
0.520256029106452,0.520256029106452,0,0.0502779099783286,0.738942467505219,870.390389469108,121.99956428727,118.575802294047,1589.21223937038,1600.7206454807,27.0461220609041,0.578947368421053
0.849013504294618,0.849013504294618,0,0.614400366847918,0.430839987039899,731.566641735959,157.999435716301,112.753019979906,851.325706984662,643.758172233444,11.4404178427621,1
0.902652012304373,0.902652012304373,0,0.872531218515477,0.789021473523089,970.219772784652,159.999428573469,116.49279370992,1254.57518757787,857.623183954365,31.42178797114,1
0.918618196488941,0.918618196488941,0,0.444275044208371,0.383281715215426,679.161703582703,151.999457144796,111.927966342561,805.803806809538,587.325907217936,9.93057472058113,1
0.754633508858102,0.754633508858102,0,0.0536421955174904,0.723237068480491,706.540847475254,131.999528573112,111.118418497352,871.277874341481,806.093973352673,18.522275455468,1
0.810693293992071,0.810693293992071,0,0.485694884428433,0.353591993251079,819.087780012682,153.999450001964,115.710201481736,1165.19332706422,555.437130269908,18.7067598351473,1
0.901936206679705,0.901936206679705,0,0.717449554792858,0.418487792028064,874.863390555736,159.999428573469,116.268965263806,1213.07333590437,630.986644413251,21.6846610709427,1
0.729284482398446,0.729284482398446,0,0.593572492667788,0.278182545049042,949.876826866437,147.999471430459,124.707911435975,1840.98678883693,1722.82390873169,23.0547336917822,0.473684210526316
0.928622631010222,0.928622631010222,0,0.600261641233137,0.321281908594493,667.347623462271,159.999428573469,111.646549931922,752.079618778511,544.714747742075,13.0961039874983,1
0.885400109688271,0.885400109688271,0,0.0274389604570118,0.203904442240626,696.049322289235,129.999535715944,117.007594987839,1339.07964129791,1102.89340026585,25.7569069665349,0.526315789473684
0.718834112263116,0.718834112263116,0,0.139625764638872,0.41826677942072,680.239749715403,139.999500001786,113.595593433238,912.026396875513,471.897127519309,16.1741820304008,1
0.89301964164836,0.89301964164836,0,0.444850560941182,0.775027633069837,883.819249707787,145.999478573291,116.03369653614,1187.16339110918,837.274211359187,26.9891482051008,1
0.944470642889187,0.944470642889187,0,0.925612253597735,0.390123132192565,838.996692914127,163.999414287806,115.491766147504,1083.57307707587,614.799245078986,9.46070832499136,1
0.651361665564169,0.651361665564169,0,0.91910624505219,0.241443335227084,946.933392062502,155.999442859133,121.81234534295,1895.69239414066,1847.40204726504,27.2768958901166,0.526315789473684
0.56986108433261,0.56986108433261,0,0.749392054065028,0.851631054923496,885.227074103053,163.999414287806,114.46204061969,996.150576709101,648.763049918631,10.4199594399987,1
0.558684725505373,0.558684725505373,0,0.339662124837829,0.657351266635384,651.340426542656,149.999464287628,108.902554465471,594.682879943737,344.055499286145,5.72516400434314,1
0.661641167820829,0.661641167820829,0,0.656174632692444,0.458512896572225,821.534165694576,159.999428573469,115.036773337945,1064.63322162042,415.385387038491,14.035302557181,1
0.615417292488061,0.615417292488061,0,0.330821840802754,0.880048890117791,912.624058780671,143.999485716122,116.253330922662,1288.60907615154,726.416091009076,42.2904045637002,1
0.708187362623459,0.708187362623459,0,0.352489889586871,0.904516104131115,897.306055312015,143.999485716122,115.944541058212,1197.99705925478,869.094048951182,32.7176184115978,1
0.933249043073386,0.933249043073386,0,0.783178500062894,0.620120339669931,618.060959661876,371.998671433316,-47.6659060315949,1.10642377963537e-05,756.136527459723,15.7938524176671,1
0.998557537813461,0.998557537813461,0,0.094627103956259,0.743051890149494,736.992390050128,129.999535715944,111.843950796973,947.9824414308,782.896242837128,25.8172916139741,1
0.530452119855115,0.530452119855115,0,0.239777950252699,0.594183471661078,677.792319324005,143.999485716122,112.493219373344,829.615322773149,0,8.68009247126829,0
0.892289728552059,0.892289728552059,0,0.845848845258095,0.278475480570413,801.694462371146,165.999407144974,115.327502393162,1053.15149660355,519.6660656534,20.1569430651576,1
0.538656597354902,0.538656597354902,0,0.551649579643091,0.862033241614444,630.394874642437,403.99855714801,-41.9833002080558,1.62797569478942e-05,580.179375524076,16.5799982649815,1
0.871347681982115,0.871347681982115,0,0.894234044649629,0.875220588418198,819.826522244436,163.999414287806,111.974077682772,755.351732282858,912.121031583416,5.61526534431199,1
0.874262650990988,0.874262650990988,0,0.0807681393632904,0.273796048170762,893.229301404923,131.999528573112,120.51723943712,1880.0865529663,1405.61226700142,26.8648779491494,0.526315789473684
0.803348206883665,0.803348206883665,0,0.222202256206504,0.999490700207588,988.996532245545,123.999557144439,119.078944029726,1746.73105619518,1797.60383178369,29.3405331977166,0.578947368421053
0.880906509706391,0.880906509706391,0,0.249746170716625,0.575621129847772,842.0264227924,131.999528573112,118.330329245421,1473.36909292705,1256.0265248647,22.533718327281,0.473684210526316
0.670497582791054,0.670497582791054,0,0.192476114045278,0.923830212620112,720.009192179972,139.999500001786,110.291719331996,734.276849216839,823.272639421017,13.5513348505097,1
0.970833918473706,0.970833918473706,0,0.23735747642652,0.257397484235606,700.108082294847,145.999478573291,115.438443296846,1024.44910037114,468.593702663531,20.2315480056562,1
0.583538317302454,0.583538317302454,0,0.0610322906506768,0.848653568577311,727.867684452269,133.999521430281,111.152889056747,863.813889343014,631.343462598168,8.96436022425725,1
0.568836845138111,0.568836845138111,0,0.0838116507277782,0.980888094456838,628.814796459338,135.999514287449,103.175543354647,347.562769530119,696.174278252243,8.12784406207543,1
0.991300172205594,0.991300172205594,0,0.117806815848382,0.260022146082193,843.98851845506,131.999528573112,120.069186329495,1723.91115951013,1331.66351078677,31.4763712175412,0.578947368421053
0.64180079667439,0.64180079667439,0,0.296434809359191,0.827883038542136,856.440853142135,143.999485716122,116.003563512774,1121.59942272095,734.065264521434,18.986770213979,1
0.595565369680379,0.595565369680379,0,0.579639821220642,0.838146107035816,660.234535293794,399.998571433673,-42.3577338435287,1.60071747523638e-05,678.122209248586,13.5288291331228,1
0.889841726266428,0.889841726266428,0,0.674969814199511,0.409795246079822,790.278675645132,159.999428573469,114.435384377992,1006.79738613249,623.689706174764,17.4422426884467,1
0.79796269461982,0.79796269461982,0,0.889303442843247,0.533872979270468,646.459691409689,165.999407144974,75.7238981240153,14.0409031798537,738.203433376983,10.5103396484149,1
0.506767528425819,0.506767528425819,0,0.448182601003705,0.878814707427034,951.228091446608,149.999464287628,116.548619461539,1329.92270773016,507.713871666019,20.1626336479382,1
0.525774885248654,0.525774885248654,0,0.771982920854701,0.83722236481966,901.743751603648,163.999414287806,114.997875418776,1044.35993660605,540.158781810636,10.2047209496195,1
0.708438084619122,0.708438084619122,0,0.201068445758248,0.364638415916531,734.799454603843,143.999485716122,115.575514016023,1098.15490936614,328.487897046521,19.4009170771995,1
0.977424839095603,0.977424839095603,0,0.0632493004479868,0.832459631463061,781.257447338115,125.999550001607,113.761088253374,1167.23140849266,881.188232020571,33.6349535732839,0.473684210526316
0.575803971636587,0.575803971636587,0,0.710345309559397,0.767565063769465,987.806353999023,159.999428573469,117.090454736164,1336.66970530588,588.33964406291,22.5994756637135,1
0.987126955023369,0.987126955023369,0,0.00681883210522316,0.751114197874604,676.50082969027,125.999550001607,109.996593998539,810.161987523952,782.509828976271,8.06372944176442,1
0.661094156035013,0.661094156035013,0,0.587200731022016,0.23392773041461,798.380256940949,145.999478573291,124.181210886987,1544.60017603759,1387.31812127206,27.6031626404195,0.473684210526316
0.6185585987464,0.6185585987464,0,0.719362117422785,0.446565036468792,787.768050386016,163.999414287806,114.481213756188,988.729221817952,174.413774813751,10.3637745991329,1
0.648694388645261,0.648694388645261,0,0.413714526579806,0.0118622278798702,930.219833893077,151.999457144796,123.812790916663,2337.84787027604,1480.93573398141,29.9009044745277,0.315789473684211
0.653096117684399,0.653096117684399,0,0.282471016611374,0.557765793332807,898.350086367828,133.999521430281,120.593191657266,1653.9827351972,1512.30767591544,27.1222884292795,0.526315789473684
0.976291612198844,0.976291612198844,0,0.796288254367757,0.116938577178373,810.512517821391,157.999435716301,118.310431371538,1387.56600332277,1251.55342941874,29.904967766791,0.473684210526316
0.971053292201095,0.971053292201095,0,0.634295333672147,0.837706351086576,759.082783510977,155.999442859133,110.809008752364,706.328841098557,858.065776982603,20.7203323582046,1
0.67574221597495,0.67574221597495,0,0.204927339580417,0.947909745809208,943.78286551792,127.999542858775,118.07425396629,1609.83391366379,1459.27851114387,23.8300418300813,0.578947368421053
0.721398474905676,0.721398474905676,0,0.183852830196544,0.583065429427329,791.36183732678,137.999507144617,114.809487247745,1171.89091898127,679.716541254802,29.5595902608633,1
0.694951541446154,0.694951541446154,0,0.512867432097321,0.609245571691931,863.566499863281,153.999450001964,115.43885470732,1148.78702126855,677.102488512577,18.4286052393633,1
0.659781809485694,0.659781809485694,0,0.499711492472511,0.928505921128149,658.344785630423,411.998528576684,-38.5905282806452,2.18622883468508e-05,825.428669248066,14.4624365817463,1
0.886988081081048,0.886988081081048,0,0.597541015576137,0.359066778513141,783.870237030323,157.999435716301,114.678059812493,1039.57269936118,578.515161827052,22.4494171352057,1
0.804797355414031,0.804797355414031,0,0.438576532083583,0.0230230533930684,818.791041675503,147.999471430459,122.52592704265,1711.73193516499,1392.39991388574,31.6534627543828,0.473684210526316
0.901372460320329,0.901372460320329,0,0.556071088524893,0.398536381966834,883.024716314378,143.999485716122,125.487512390138,1567.22258298639,1317.89675678888,26.370186192211,0.473684210526316
0.835764953603697,0.835764953603697,0,0.649654213557431,0.0763486845430215,664.291951558227,165.999407144974,113.772619245443,899.647263784399,96.9164177348637,17.6234619545649,1
0.776120701969309,0.776120701969309,0,0.80316118560971,0.0627295032699141,731.585246553844,159.999428573469,117.644635243899,1293.7959163681,1218.92668336502,28.6921506394316,0.526315789473684
0.867347216971754,0.867347216971754,0,0.721547896994447,0.232381935756503,824.763929494424,163.999414287806,116.190514031305,1166.02785797363,452.915487801738,26.3911924737957,1
0.90621987819066,0.90621987819066,0,0.114624960920183,0.8935014175399,946.734108729945,119.999571430102,119.270390411868,1724.38671795182,1851.8460367244,23.8786883060114,0.526315789473684
0.800465257564828,0.800465257564828,0,0.783883477965753,0.686972774132811,912.034880502279,159.999428573469,115.70511445286,1156.37247781487,831.128786922687,20.0600793340153,1
0.806190872802505,0.806190872802505,0,0.167187896048398,0.72510020767788,678.423378709307,137.999507144617,110.205915196298,737.027835726552,824.998532484838,14.0834352911242,1
0.802558024732103,0.802558024732103,0,0.862810416725397,0.205095519362934,789.885598584876,167.999400002143,115.594390389634,1059.06963096803,364.404258728721,10.0868460321158,1
0.932861553969734,0.932861553969734,0,0.23468392493384,0.937933059464063,736.936475601703,139.999500001786,110.852260610824,781.462813482528,894.923805660358,10.1892302848251,1
0.539917531684734,0.539917531684734,0,0.852946614588116,0.791799478589995,831.055396977472,167.999400002143,113.14096894069,836.076977062523,534.100248819339,15.0395228906531,1
0.579548481675313,0.579548481675313,0,0.731624105868418,0.634413079690282,915.590166910325,161.999421430638,116.255823419752,1207.85832461185,436.082481056793,18.5138225944101,1
0.821044525021804,0.821044525021804,0,0.82664108430071,0.0391921532998496,910.31131150587,159.999428573469,120.703962510254,1750.00246854883,1824.59020547964,24.4578386704295,0.473684210526316
0.915354448238841,0.915354448238841,0,0.357886928319589,0.15271455444174,611.664486208883,153.999450001964,111.990240925847,802.56396129674,340.077707416711,17.9424908064332,1
0.548809756383687,0.548809756383687,0,0.305565290852104,0.970619261188577,944.607826983702,141.999492858954,116.648039749647,1380.61179317601,669.058621159433,29.8399469454677,1
0.525603347345498,0.525603347345498,0,0.375275992783988,0.183594195459075,906.662650454545,143.999485716122,126.536783866126,2223.63393250007,1497.52200513709,24.1157203110246,0.315789473684211
0.506279655701404,0.506279655701404,0,0.802497095409291,0.928416901925276,933.445959647045,165.999407144974,115.320858680585,1072.06089964009,578.807394520648,21.4395875750699,1
0.545848857664802,0.545848857664802,0,0.753189865472863,0.474029121961687,714.194464672409,161.999421430638,113.1807552401,868.8328301786,0,14.1579523736863,0
0.714156978876971,0.714156978876971,0,0.423067781308519,0.472263171896933,836.320443412574,151.999457144796,115.774961800787,1180.70739783221,568.349754546133,19.5136719049038,1
0.783849085366241,0.783849085366241,0,0.343141895001588,0.415754641883111,986.376524157223,135.999514287449,122.737159588289,2010.73722542806,1880.65120040264,22.8649011719611,0.526315789473684
0.89584591391844,0.89584591391844,0,0.994909542976381,0.0237323328380075,620.152831740355,173.999378573648,112.274462252203,720.562750649293,205.242978445608,20.1440578194938,1
0.743499876801918,0.743499876801918,0,0.787458759976447,0.216947052012654,719.12870878434,167.999400002143,114.050809756422,915.009769068772,184.9105287623,13.5232812207992,1
0.989187239264735,0.989187239264735,0,0.296091374924799,0.0344082137918548,729.707405678598,145.999478573291,121.506899926123,1392.46295251593,1301.23040829681,28.5601298711241,0.526315789473684
0.683213981550874,0.683213981550874,0,0.585603021488739,0.170350693900818,624.433210876022,155.999442859133,113.506018122896,915.872354454547,23.2813172764155,16.6073084163013,0.473684210526316
0.563010182315276,0.563010182315276,0,0.690900440976487,0.423128891221723,889.556372351558,145.999478573291,126.544103366807,1688.79483113664,1515.34060830861,34.3143028413502,0.526315789473684
0.820951233195334,0.820951233195334,0,0.62318524916446,0.137194715834514,740.282511923054,163.999414287806,115.159709456736,1052.05759190986,214.267780221552,16.4287687466687,1
0.953422834271922,0.953422834271922,0,0.0728026517029084,0.281272707066049,986.601736933239,131.999528573112,121.904204809612,2240.93623035262,1707.69374164896,27.012875100601,0.631578947368421
0.764706055151645,0.764706055151645,0,0.618212696576954,0.386345161415717,648.160185248773,161.999421430638,110.003437780843,619.145851053836,567.33540987066,12.9358387150903,1
0.805067285292561,0.805067285292561,0,0.4275643689303,0.757431746524582,611.338839211398,389.998607147832,-40.7814218514932,2.06094256786395e-05,855.305742280756,12.5883714611508,1
0.996573355540795,0.996573355540795,0,0.297424930595484,0.14494186278092,985.644583166772,139.999500001786,127.709762844347,2133.07840875547,1721.12648164846,26.8540563095501,0.631578947368421
0.750792397928035,0.750792397928035,0,0.977715708359308,0.846849272606753,998.743980140737,165.999407144974,116.754939634932,1246.74772690071,905.157646949325,9.05534937408588,1
0.82862974637893,0.82862974637893,0,0.450023372524212,0.22999503347976,689.827100905596,155.999442859133,113.396831222174,916.358494890313,391.804950164963,12.7459666125933,1
0.968240573876641,0.968240573876641,0,0.582117419505982,0.673837997197159,881.593389445018,151.999457144796,115.64644496229,1175.70045585064,771.590544556902,23.2209464157487,1
0.829813780906054,0.829813780906054,0,0.983580697985882,0.27283943712925,638.247281524265,169.999392859311,109.788887658066,564.178893515662,509.220060974337,8.27587965906079,1
0.80338623604639,0.80338623604639,0,0.235446700560533,0.886218770295518,655.980359088001,141.999492858954,106.149577487018,463.937164378678,910.163957105221,10.1595980315185,1
0.950981324299484,0.950981324299484,0,0.0247534188392341,0.514389913083867,797.440441960881,119.999571430102,118.133623593199,1477.01245411796,1422.80698117728,24.4737759066583,0.526315789473684
0.93569557199636,0.93569557199636,0,0.332075471879945,0.883262446119236,667.007049375262,145.999478573291,105.960665197404,442.367833328156,873.524057447674,7.68794189656072,1
0.602399811894221,0.602399811894221,0,0.137097795062926,0.478276178651062,956.162810761069,129.999535715944,122.357964552642,2089.55446704623,1895.69484853104,29.5216104744328,0.526315789473684
0.568482088244538,0.568482088244538,0,0.987045241544237,0.758940811581742,983.792162018427,167.999400002143,116.979737302114,1240.82465742927,579.844030118362,18.2712884052706,1
0.516538993537179,0.516538993537179,0,0.4924736277189,0.220623508494921,708.772697479901,143.999485716122,122.001291040781,1542.27605650165,924.203004463196,32.7306498918131,0.368421052631579
0.911575954251936,0.911575954251936,0,0.0961469217470033,0.0409217504419935,677.046754557392,137.999507144617,120.194438965127,1351.25666931191,1054.08242644641,31.4866883152226,0.526315789473684
0.836427589542959,0.836427589542959,0,0.614678454424605,0.506307059558705,893.919212624114,155.999442859133,116.451384529372,1267.97397812086,703.067382488417,21.8863709928619,1
0.824648865276163,0.824648865276163,0,0.751468021015295,0.719925327399299,626.591192113851,385.998621433495,-45.566895262086,1.25817903730112e-05,843.994524314131,14.2149432264306,1
0.968992612879367,0.968992612879367,0,0.225643882503228,0.719727909630681,947.997129541894,123.999557144439,120.055419942533,1802.44574824942,1772.22202154169,24.3365915203607,0.526315789473684
0.601391516598162,0.601391516598162,0,0.31760057942213,0.2976431782579,615.966571205486,143.999485716122,114.305985574379,925.790202651347,121.618951422614,16.2017451139639,0.473684210526316
0.923779558475548,0.923779558475548,0,0.0751206930792342,0.288295369069858,616.489071953836,137.999507144617,112.077695557518,854.391599020906,480.062251267226,21.3627935561371,1
0.948557853571534,0.948557853571534,0,0.198727710403069,0.926185901818357,960.098011522009,123.999557144439,118.911697155216,1674.54883993062,1728.45073785515,29.7709071395375,0.578947368421053
0.99850698403738,0.99850698403738,0,0.854204318512831,0.711062270265039,765.142582189805,161.999421430638,111.466038802229,725.819650394747,798.566252964231,13.184576299372,1
0.506915922130265,0.506915922130265,0,0.557788725622277,0.838524541907756,638.291438474361,399.998571433673,-42.793861967831,1.53252834142643e-05,469.841102262085,14.8675111696225,1
0.54293611277574,0.54293611277574,0,0.763212376079147,0.608203330873415,608.72688446757,373.998664290485,-50.0268532135881,8.15955620127665e-06,200.74352542882,12.9286477528868,1
0.685298280467718,0.685298280467718,0,0.0411754757821891,0.189299266952315,602.691742735319,129.999535715944,114.980881512422,1182.01962425064,809.412701862755,32.8976296711059,0.526315789473684
0.921283132874526,0.921283132874526,0,0.973301869292072,0.397182065520115,869.290798893161,165.999407144974,116.101126446026,1144.67290410238,625.095009804754,14.6580213273293,1
0.858687927594777,0.858687927594777,0,0.900509790236466,0.314675029262005,893.946718321939,165.999407144974,117.042245846776,1249.75484526655,556.633677666839,38.7600705429883,1
0.61013362286426,0.61013362286426,0,0.390523594369881,0.175582391032161,938.808639140956,143.999485716122,127.832550482562,2212.93949259148,1562.70831968647,24.4085061732283,0.315789473684211
0.721128824380572,0.721128824380572,0,0.810828437944482,0.361733249611744,993.319086340841,149.999464287628,123.402533008437,1832.56603239684,1673.66015752945,26.3208380434932,0.526315789473684
0.676121344603816,0.676121344603816,0,0.0661078365150589,0.513100948854856,932.78357824545,125.999550001607,119.841546401643,1892.95605846189,1623.42420770684,27.9998372868628,0.526315789473684
0.856553005735274,0.856553005735274,0,0.219028224836303,0.966902022720409,929.709283983888,127.999542858775,117.724713319142,1560.60496963363,1419.52610281808,28.4250053632004,0.526315789473684
0.637622259442894,0.637622259442894,0,0.544594146744068,0.606596980455155,689.402087818345,157.999435716301,110.001982522198,635.101135750683,553.46297175489,13.4810799611192,1
0.800864192178825,0.800864192178825,0,0.840958283595142,0.457801014168449,821.022802854371,163.999414287806,114.676369688654,1000.61500145216,677.582766048894,14.2506350842027,1
0.840837490929131,0.840837490929131,0,0.30341913514363,0.935218947067029,947.23947466335,131.999528573112,118.449782551431,1586.91413991151,1325.57865087447,26.8707531207873,0.578947368421053
0.803845166322234,0.803845166322234,0,0.0703626513820781,0.624273836534152,648.525646150717,133.999521430281,109.96159290605,752.10904737977,760.005926245029,15.019515793538,1
0.722789956937087,0.722789956937087,0,0.708848949336301,0.16600051258913,932.716032678036,153.999450001964,122.170663325297,1901.0288943504,1762.10467338015,24.3210965225582,0.526315789473684
0.900499305001657,0.900499305001657,0,0.625995500711965,0.920329067373816,959.022101568072,151.999457144796,116.115515544036,1248.46722573439,913.753225252397,27.1262878905659,1
0.934294759036808,0.934294759036808,0,0.053685055984898,0.960420635960129,796.759820209551,123.999557144439,113.534007580586,1142.91803025681,893.516445806972,38.4289464269911,1
0.642506384953873,0.642506384953873,0,0.435887589776537,0.75732137407042,645.934336290954,153.999450001964,91.9630345096592,105.879002834387,695.826961671956,6.33424431018572,1
0.77540366498484,0.77540366498484,0,0.940301167026594,0.57115607300781,789.021374822632,165.999407144974,112.946947152965,823.321086726204,762.196394117879,11.5146893123445,1
0.679054167410791,0.679054167410791,0,0.455002162471141,0.763855773726565,962.501742915283,139.999500001786,124.215888800195,1652.71982311462,1332.95438908468,21.0581738582742,0.473684210526316
0.763804346964881,0.763804346964881,0,0.30493076091969,0.511993061735137,966.612586456014,133.999521430281,121.369928031908,1911.80880184917,1869.39874242839,21.8448032751863,0.473684210526316
0.887775177505703,0.887775177505703,0,0.759369239813945,0.805730140727886,920.127408997403,157.999435716301,115.46093204034,1144.16868611851,866.997682093586,18.931212449071,1
0.770098196649904,0.770098196649904,0,0.334711325973118,0.0416711771361601,638.02885358354,145.999478573291,119.851089919608,1249.45121943119,1108.58348440717,36.1034680370603,0.526315789473684
0.578731945295815,0.578731945295815,0,0.890837210263228,0.496936889602806,722.788670521231,167.999400002143,112.169430733013,746.884290178238,99.2792290093977,25.4203269874074,1
0.837356198457843,0.837356198457843,0,0.691351549363179,0.0233255964518188,997.098796268369,161.999421430638,122.882868252664,2153.72947795494,1841.22043406429,19.4487613703794,0.526315789473684
0.59952831942234,0.59952831942234,0,0.20972385537723,0.150147608104892,965.113395762909,139.999500001786,126.021081350726,2399.54089068338,1666.00605139762,31.4762276363363,0.315789473684211
0.593062951703625,0.593062951703625,0,0.566549065311547,0.516075847543924,959.436592799185,141.999492858954,127.844919421928,1784.62633493306,1626.68389438864,25.573417581215,0.526315789473684
0.951566009537692,0.951566009537692,0,0.922992079425268,0.0807131853795252,921.336422574954,159.999428573469,120.521491228529,1702.00202878149,1726.9465427592,35.6162761244964,0.526315789473684
0.509821257508313,0.509821257508313,0,0.902873662343119,0.855552245378304,672.135057678182,405.998550005179,-45.7386620961795,1.07744240504352e-05,524.837527819187,12.6334449344502,1
0.703323453829028,0.703323453829028,0,0.0590021210718501,0.094309250941642,814.245963967588,137.999507144617,122.328570171606,1945.72714704078,1088.52364808913,37.8358244634803,0.421052631578947
0.857553802316,0.857553802316,0,0.209881795445822,0.536168617575407,875.026744192644,127.999542858775,119.003394678528,1628.53809113659,1576.40033746901,24.046704725786,0.473684210526316
0.963481999133749,0.963481999133749,0,0.882372532902503,0.644569327929938,937.315980629638,159.999428573469,116.43793739398,1242.17687147587,767.812184627521,37.2830592796794,1
0.727651662127428,0.727651662127428,0,0.303935941960058,0.225794326819174,880.382342259915,139.999500001786,125.616286038216,1841.42650858176,1411.27530629166,25.9146129888509,0.631578947368421
0.842916381634821,0.842916381634821,0,0.0245817371433251,0.655636906835675,950.709798851664,119.999571430102,119.971068294078,1862.13070070846,1863.51986858219,23.6006473481686,0.578947368421053
0.963455164977878,0.963455164977878,0,0.765354737681739,0.241288782149235,999.200763879495,151.999457144796,122.825592784446,1964.03991455754,1906.88973534619,21.3438141845929,0.526315789473684
0.658834847606963,0.658834847606963,0,0.539124261663123,0.984884107938399,692.506439800789,419.998500005357,-37.7972204247873,2.24249502430926e-05,851.905374044424,12.6888508690208,1
0.666240936963244,0.666240936963244,0,0.0635308328274543,0.802627930477608,815.587356596947,127.999542858775,114.856113280932,1275.82225731798,955.769780354975,25.5940415427343,0.526315789473684
0.609844201379691,0.609844201379691,0,0.966471830680671,0.182363374712264,902.951091190919,151.999457144796,122.594477317801,1964.14496303461,1603.08474371857,37.9129192545558,0.421052631578947
0.944343720453365,0.944343720453365,0,0.416028591208871,0.839731516318577,806.400561840311,145.999478573291,113.473105267724,948.296739800961,854.477503274482,12.2396171986678,1
0.643184432534289,0.643184432534289,0,0.862547690730965,0.216318714300431,961.617185769578,153.999450001964,123.151269583692,2038.5451678256,1713.05968818487,23.2138182886774,0.473684210526316
0.546229817418746,0.546229817418746,0,0.907223027473486,0.588292231270833,723.533910001055,167.999400002143,111.149577417718,664.789246650671,190.680137613787,8.52130928835824,1
0.752765822197061,0.752765822197061,0,0.94158279761245,0.925820806011295,858.335737281515,167.999400002143,112.754465838534,806.809936700687,941.720012624858,11.5369509410489,1
0.543299930141869,0.543299930141869,0,0.942355484875103,0.30638864671983,737.4818572256,149.999464287628,120.043249309666,1382.48460120549,1221.26300448828,38.8584007736662,0.473684210526316
0.706597433362242,0.706597433362242,0,0.401061884000525,0.88155257417674,732.108317585914,149.999464287628,109.936037558294,668.009151484674,858.534897639934,4.49715191733036,1
0.763952831652479,0.763952831652479,0,0.141763912401998,0.927094227588137,893.163385663615,125.999550001607,117.275458638637,1487.35195841724,1390.13214375078,30.5299033196102,0.526315789473684
0.931730111261647,0.931730111261647,0,0.98183641235097,0.13924464445223,951.75127107132,157.999435716301,120.913597244315,1750.29681893066,1750.34868648075,34.8671430360843,0.473684210526316
0.954637465634207,0.954637465634207,0,0.289403402812724,0.562702727251838,785.450314000526,141.999492858954,115.140113778049,1107.98533729749,697.790057681521,30.1889276382423,1
0.969019136625121,0.969019136625121,0,0.0252694421054597,0.844062155882487,608.452271450403,129.999535715944,106.423485095463,533.664265038207,831.298525173918,18.910809567473,1
0.75211624787196,0.75211624787196,0,0.159440799840538,0.323075598232868,766.825567169246,133.999521430281,118.882135167699,1415.6295732639,1217.8555742348,32.0790776732512,0.526315789473684
0.915226984430605,0.915226984430605,0,0.828297782621105,0.192388599470803,611.221410344343,167.999400002143,110.220785165431,606.663401789468,434.012153620849,10.4707797249931,1
0.520351628556035,0.520351628556035,0,0.318858521522471,0.376247322754477,921.322778573533,135.999514287449,123.052723720459,2037.98662406296,1565.63613988208,26.6830948500153,0.368421052631579
0.978437551470841,0.978437551470841,0,0.780079206588568,0.603101090523284,918.094464004067,157.999435716301,116.33915484315,1242.61364578834,738.932479176905,21.957642264545,1
0.746238793326919,0.746238793326919,0,0.514292484749238,0.284024436462455,780.49395450732,157.999435716301,115.280600382104,1100.25039328616,335.155322156545,25.0682736142671,1
0.938337427650821,0.938337427650821,0,0.235641416180759,0.502185744799022,832.166231817973,131.999528573112,118.615982990887,1497.15298559493,1342.1586976501,36.0300286450905,0.473684210526316
0.651806818765652,0.651806818765652,0,0.132776867074758,0.378381310066834,683.077944928521,139.999500001786,113.960468842549,1021.01624890002,261.580526630254,21.2290621220638,0.526315789473684
0.792962394853483,0.792962394853483,0,0.264173960077965,0.17523157549799,791.621793069669,139.999500001786,123.694104937662,1560.64159327302,1333.27702360987,38.4311925744124,0.526315789473684
0.605387101043524,0.605387101043524,0,0.539592459134781,0.0991587533398859,780.860687526749,149.999464287628,121.410031780241,1789.30860484161,1105.6310824358,42.7202762159807,0.368421052631579
0.983371258690606,0.983371258690606,0,0.722589785558912,0.504668334635873,659.815733853225,159.999428573469,109.004056598285,558.276570830971,678.233642734553,13.3344139780114,1
0.686917076294411,0.686917076294411,0,0.06162295840139,0.650488141563992,800.501047312478,125.999550001607,116.554149368917,1375.74827908285,1223.47510662797,32.8946179226371,0.526315789473684
0.582189792097046,0.582189792097046,0,0.403786343659579,0.743345255426132,762.804910731327,151.999457144796,112.280088403492,849.749112935854,558.036216531922,15.127047054234,1
0.913649309970789,0.913649309970789,0,0.930286415179452,0.534347326334789,771.343631385145,163.999414287806,112.822862238527,824.354008952207,716.066661539945,10.6895901452774,1
0.599670688490237,0.599670688490237,0,0.590610640268964,0.449066306799456,632.408958407903,159.999428573469,109.997245490097,625.431591779178,0,12.2056567956869,0
0.680386669455438,0.680386669455438,0,0.260425034050028,0.387987869665425,801.512707839402,137.999507144617,121.141520560828,1452.54664516433,1237.24303114198,23.435529294735,0.526315789473684
0.895271358774547,0.895271358774547,0,0.396199661679852,0.974257856234923,739.69916221699,147.999471430459,109.764938396175,668.557149971823,930.69782694265,15.3967781146266,1
0.674778665778668,0.674778665778668,0,0.793471786071076,0.0769602078550946,695.836511174159,151.999457144796,118.754295749337,1378.52268721173,1265.24913358664,27.3017048786885,0.473684210526316
0.648009287834592,0.648009287834592,0,0.989185048268761,0.455642432370333,858.035018410751,169.999392859311,115.750782556169,1072.69082340387,399.473082181283,15.9717761696985,1
0.978174010275799,0.978174010275799,0,0.66052614436336,0.686254719567291,784.660621646581,155.999442859133,112.778177746347,872.980315002132,780.244755273044,17.8952156885299,1
0.817906465829029,0.817906465829029,0,0.0584809342787854,0.88296554443837,758.541682747015,129.999535715944,111.590887021197,941.313620852721,896.472675119661,16.246108202455,1
0.985713699147509,0.985713699147509,0,0.647186619115206,0.346964413621039,719.116259136399,159.999428573469,113.022510638372,870.90540322652,569.082112212078,12.8651039273133,1
0.945313038659516,0.945313038659516,0,0.581403098677349,0.153749808163489,604.957693153736,161.999421430638,111.122602986424,700.144487117697,381.560700042372,13.4176458626024,1
0.981974759347645,0.981974759347645,0,0.51394999593902,0.879462000812574,990.84820177896,137.999507144617,122.894851787289,1686.22103839413,1302.1195709475,27.8792757290434,0.473684210526316
0.569436316631097,0.569436316631097,0,0.176510755843276,0.143936191353785,700.988670693915,137.999507144617,118.410975151381,1592.79266874875,792.272985175435,21.4622395004416,0.368421052631579
0.588334101068458,0.588334101068458,0,0.205049544226938,0.254887098175401,787.595980057143,135.999514287449,120.900678091746,1747.62659294829,1178.33271472678,27.0334244541104,0.421052631578947
0.85240019077847,0.85240019077847,0,0.252659572559325,0.312458197555726,740.167162826009,145.999478573291,115.557908299836,1107.43153019454,504.41894566565,25.8934855619149,1
0.813567327565626,0.813567327565626,0,0.0607054309516495,0.754150723831536,811.995526148004,123.999557144439,116.240499612388,1351.55102891436,1253.20310236655,24.998274207369,0.526315789473684
0.866995100469603,0.866995100469603,0,0.465966399040289,0.998466945408977,973.904806158385,145.999478573291,116.788808882511,1396.75042587886,954.909800333381,24.9897562772839,1
0.75464551271645,0.75464551271645,0,0.507862901422636,0.779831936632456,700.884909445919,153.999450001964,108.174175460078,529.939864353388,857.892847599342,4.75306351795882,1
0.957633101087764,0.957633101087764,0,0.0891848683532215,0.558730123689836,711.15664682325,131.999528573112,112.381226950656,989.681043851362,685.607457432424,31.7083148731069,1
0.827409462226509,0.827409462226509,0,0.380790699623014,0.43935678295944,618.707173720633,151.999457144796,109.108632967244,601.215830099119,638.163146592308,12.7252976578419,1
0.766404288494298,0.766404288494298,0,0.72750141240087,0.546682184024682,648.428607031956,161.999421430638,103.321515009851,287.164483984299,730.41637971917,6.45666413787912,1
0.974173905674419,0.974173905674419,0,0.751971594852846,0.298935770910477,708.213962745688,163.999414287806,112.880496241609,834.744627465308,537.357788044781,12.128922707303,1
0.582022374463667,0.582022374463667,0,0.866610984327421,0.0802806947141123,965.492989879042,155.999442859133,123.35336656742,2287.31150019696,1594.82145958755,27.6977725684312,0.315789473684211
0.782764645522234,0.782764645522234,0,0.819669617079679,0.801763533643948,913.893869218026,161.999421430638,115.211537068385,1090.4776690298,892.471095921434,15.1174590969243,1
0.989126827578138,0.989126827578138,0,0.795740076373872,0.513909106195632,675.984237781712,161.999421430638,109.500644950146,582.942505700412,686.710841291143,12.1876448319539,1
0.606764066915108,0.606764066915108,0,0.224994258928996,0.995748871293316,959.909480853933,129.999535715944,118.34574743485,1626.60892389514,1436.38960559015,36.3749112335305,0.578947368421053
0.924206304252428,0.924206304252428,0,0.51900002274968,0.0184055005242949,623.120976885557,161.999421430638,113.120809310195,857.212152838215,161.840605086208,7.80337269844148,1
0.501046735927698,0.501046735927698,0,0.472605696182256,0.167887083709105,908.466667542431,145.999478573291,125.569643377775,2258.21668957676,1537.59254918736,23.9314262586659,0.315789473684211
0.500199714056897,0.500199714056897,0,0.331872448124716,0.845481448449494,688.116034252983,149.999464287628,108.541858139263,571.223810352655,430.896626952864,4.80269438193877,1
0.603286914174193,0.603286914174193,0,0.960582406719227,0.753259587022953,786.300152779505,169.999392859311,111.158988354783,660.202349414518,647.255747488796,11.8602630707749,1
0.65391691309571,0.65391691309571,0,0.827967319299121,0.47887152965314,964.370324422931,153.999450001964,121.815713471234,1671.14147618027,1364.78451802693,33.9003454605205,0.473684210526316
0.958043551223394,0.958043551223394,0,0.955201601620684,0.886377200382392,661.304517890113,407.998542862347,-43.6204694693479,1.31278112295782e-05,895.321640395817,13.4159247986002,1
0.688926502645533,0.688926502645533,0,0.97757112681137,0.990671553266289,692.841065281675,419.998500005357,-42.9664535556172,1.28600062456602e-05,906.006025535072,13.2655453436182,1
0.608411248582862,0.608411248582862,0,0.62649976464685,0.155681856519782,746.727166942048,147.999471430459,121.926660658495,1606.77444190497,1114.4125123369,29.1915040631269,0.368421052631579
0.784252422680534,0.784252422680534,0,0.193392704624012,0.805477060575366,701.936280513655,139.999500001786,110.457314794504,748.118885968186,868.816743193862,14.0690685975963,1
0.957534298869652,0.957534298869652,0,0.89000407234478,0.848102301377885,722.323139016144,163.999414287806,48.3532116913676,1.31409368099594,874.453843414334,10.6380627921294,1
0.632794251967728,0.632794251967728,0,0.0233626585773667,0.535026290855703,656.665457098461,133.999521430281,111.152069692994,850.609585121759,363.33991039361,17.3532433284356,1
0.963607169996081,0.963607169996081,0,0.328265051429619,0.0628731531036286,975.919717747142,143.999485716122,128.28668765999,2050.99566940572,1606.74838229823,28.5400081670714,0.631578947368421
0.80999279841004,0.80999279841004,0,0.124130062940785,0.258819409603298,831.255741038525,133.999521430281,120.403460280409,1674.63798093774,1328.11472740049,26.4702468846789,0.526315789473684
0.993888790023925,0.993888790023925,0,0.8887197001039,0.75789733942961,631.42433725837,389.998607147832,-45.3172312535222,1.19044749101807e-05,824.486693947524,13.5500838824195,1
0.610290662120395,0.610290662120395,0,0.29624848866314,0.564183302764233,953.234663002253,133.999521430281,121.201625351049,1844.15492846139,1790.5431730177,23.8502714595704,0.473684210526316
0.639081534785738,0.639081534785738,0,0.100892243236945,0.266260694015157,752.3899705408,131.999528573112,118.582874339563,1594.37092857198,1119.25534411653,22.9947057558269,0.473684210526316
0.579506993999365,0.579506993999365,0,0.205216034067383,0.11921569031776,602.347200063027,137.999507144617,115.118126739927,1248.80054669722,369.863895072606,21.9860960939685,0.368421052631579
0.530963516980294,0.530963516980294,0,0.256522771123161,0.261155764870471,604.96826027632,135.999514287449,115.481764265384,1210.69965211499,746.739021577575,42.1104118065652,0.473684210526316
0.808864468308128,0.808864468308128,0,0.366673962484386,0.402082908607419,721.41452277764,149.999464287628,113.33683419884,927.752485438503,598.534314466645,17.0242163832977,1
0.591942431623975,0.591942431623975,0,0.931762191210648,0.0128764446108454,665.403982756308,157.999435716301,117.607803951719,1418.81607205216,746.046321858028,28.2163218604923,0.473684210526316
0.559913460761179,0.559913460761179,0,0.179285433726859,0.788413811932436,624.749174270565,141.999492858954,105.899148931966,449.875714300002,530.229314084813,7.55578794178813,1
0.662892472064355,0.662892472064355,0,0.241512925143025,0.801869577067226,622.469938204987,143.999485716122,102.006828991443,283.793901720385,747.974874029251,6.85800799735936,1
0.955404644707383,0.955404644707383,0,0.548739711928158,0.0250379453335925,936.307479041555,153.999450001964,121.317683263217,1871.38972141346,1822.236381436,27.3809882406083,0.473684210526316
0.725083516973101,0.725083516973101,0,0.52245558160416,0.729576649053939,635.942203755678,155.999442859133,30.231583074655,0.212755086468047,805.007197650243,10.2602027889027,1
0.519134483395114,0.519134483395114,0,0.345122835382256,0.997824321001988,966.595359584952,143.999485716122,116.925198489598,1411.15321551156,633.368464365981,30.164452648487,1
0.532555223916371,0.532555223916371,0,0.201143196809375,0.181466939680116,979.073919595007,137.999507144617,124.344087719803,2469.85013477051,1841.00719609955,28.2871169437615,0.315789473684211
0.574575527823875,0.574575527823875,0,0.0891869485303016,0.0935985625269633,770.958962275515,137.999507144617,119.89256953879,1903.49918451153,984.510530488338,31.6666241302622,0.368421052631579
0.605278235890117,0.605278235890117,0,0.549179765827471,0.468970586085987,634.406855777914,157.999435716301,109.632904117907,604.320093510457,109.075296484105,10.4992280548038,1
0.996258838948264,0.996258838948264,0,0.910103942891518,0.0374447980763538,669.536523436608,171.99938571648,113.647696493455,848.207761725992,314.872411360178,11.954387326641,1
0.826457628157126,0.826457628157126,0,0.0555990102045479,0.643751225351025,744.503093730069,129.999535715944,112.924202305281,1077.91252479184,767.948115000258,27.0550787977587,1
0.700876042184507,0.700876042184507,0,0.474225159956137,0.517909926598231,985.940357598137,139.999500001786,125.41120031896,1875.61734543665,1812.24620628039,23.8368971789349,0.526315789473684
0.567012637021778,0.567012637021778,0,0.788848881668026,0.33769618196277,787.654677247835,147.999471430459,122.493214376083,1470.42680394951,1285.4814680188,28.2464278729495,0.473684210526316
0.763912523642767,0.763912523642767,0,0.866483831392619,0.759409510113796,903.213228959157,163.999414287806,115.109475044074,1064.30163471626,866.095275959531,7.32567947897349,1
0.93064168875472,0.93064168875472,0,0.818979624398897,0.390432182980233,687.853587326366,163.999414287806,111.250767124105,695.012116928974,611.520665923665,13.6047260118001,1
0.811521389981945,0.811521389981945,0,0.900288397428932,0.409354869875722,845.10437565947,165.999407144974,115.491247222913,1073.32150660073,640.651939726885,14.2011608618409,1
0.994005238663519,0.994005238663519,0,0.685369266215568,0.114345581981772,779.662607704353,155.999442859133,118.016108247595,1335.19448177115,1169.60565414856,33.9498055972208,0.473684210526316
0.905285832538417,0.905285832538417,0,0.0532518735455679,0.622389108041698,965.279395054634,121.99956428727,119.948761701948,1899.98684496155,1762.9402294262,30.1215688147319,0.578947368421053
0.521452499886339,0.521452499886339,0,0.211248516525589,0.840056659631056,856.78142964322,139.999500001786,115.170619700237,1217.47830954705,481.73628167974,24.8361028363594,1
0.504257168479181,0.504257168479181,0,0.0255011107185542,0.158507362929888,600.609720010887,129.999535715944,114.14797211448,1287.02445061999,364.181092731832,26.4533773237825,0.421052631578947
0.582340376778445,0.582340376778445,0,0.994770779436609,0.479640961976682,779.401048577218,169.999392859311,114.003006412555,894.280677877659,84.9844062265471,11.7562658303149,1
0.818626507958812,0.818626507958812,0,0.480659559562372,0.130068203199858,811.336772756211,147.999471430459,121.491057107924,1513.6023924035,1412.23582652511,25.2190534732489,0.526315789473684
0.709231581616478,0.709231581616478,0,0.960559724668178,0.192942053469541,948.907528128216,155.999442859133,121.488183200341,1809.43829281954,1824.39311847239,29.5564643402708,0.526315789473684
0.868584637997834,0.868584637997834,0,0.573652572952077,0.783239395903478,932.127103969703,151.999457144796,116.240265258557,1259.81286363369,855.344133050851,24.9791794032211,1
0.819466669013045,0.819466669013045,0,0.522003190643171,0.595409099840108,725.454330906173,153.999450001964,111.608517079246,778.247059625873,762.429324407186,19.667620061137,1
0.929146563403368,0.929146563403368,0,0.247483231614996,0.592768651664713,717.231293876609,141.999492858954,113.126159215626,891.675557093641,718.760977549525,13.2313504461742,1
0.642558931893355,0.642558931893355,0,0.0947902468903875,0.22457086628423,981.738496834612,135.999514287449,122.188740252351,2480.3071443075,2069.12415616391,25.8771707497336,0.526315789473684
0.540411363665852,0.540411363665852,0,0.0616427041850518,0.946038006111314,882.802431700423,123.999557144439,117.150518162708,1474.47719096733,1402.01966049601,22.0044809126213,0.526315789473684
0.614447023839516,0.614447023839516,0,0.0828350442137662,0.833485944644694,697.932389161323,133.999521430281,110.270722021805,774.937529115799,679.269514725906,9.31480717806264,1
0.548828728459902,0.548828728459902,0,0.188876486398384,0.738574417525251,836.61089856034,135.999514287449,116.155306695056,1307.29525040417,766.143698711575,42.8536473009692,0.526315789473684
0.872155220234493,0.872155220234493,0,0.635776319358697,0.907171896864576,607.554849100497,409.998535719515,-40.1309303469771,1.90158215779626e-05,917.629312161348,13.8860729130112,1
0.873815820193688,0.873815820193688,0,0.0804095493994348,0.178770014895688,908.310035233548,135.999514287449,122.697521535432,1990.21786242141,1390.9719377116,34.5024964938366,0.631578947368421
0.978091117160822,0.978091117160822,0,0.451551243796808,0.637921829024459,940.541328753788,135.999514287449,121.641990212297,1686.39348016992,1474.58381246309,39.0134846604324,0.473684210526316
0.597817841427444,0.597817841427444,0,0.627923979846167,0.930115755008299,677.2564658802,411.998528576684,-40.8988122685706,1.71448508601985e-05,741.946909607722,14.0502150704395,1
0.573335657625832,0.573335657625832,0,0.157789628883008,0.552640893187683,970.466557187175,127.999542858775,122.61517945645,2053.97582132229,1824.78400801774,28.4063852132447,0.526315789473684
0.57771140122309,0.57771140122309,0,0.175924343382695,0.880486414991911,644.463677644684,141.999492858954,105.836108046896,449.368270654393,652.452058144749,15.8806316560374,1
0.763621662006235,0.763621662006235,0,0.424465793714872,0.156323301014181,756.248721217284,145.999478573291,122.344652997036,1408.86661008842,1271.19040047209,41.2950972664296,0.526315789473684
0.63314459323597,0.63314459323597,0,0.26038210257912,0.18633920332559,763.947363657403,139.999500001786,123.188072855599,1686.83301494905,1063.16192182301,26.8097959794097,0.368421052631579
0.881460863909857,0.881460863909857,0,0.694114197209886,0.212744797954228,636.368880916663,163.999414287806,111.348740533373,702.343735828379,432.282222635023,6.35111686985221,1
0.708584954349593,0.708584954349593,0,0.866737493614963,0.0688307231827362,638.085898447212,157.999435716301,115.912799589836,1118.6320098581,920.878338915625,25.9849414048324,0.526315789473684
0.712918142444543,0.712918142444543,0,0.173809967246524,0.617948985210493,669.333343647207,139.999500001786,110.920781004956,754.53379869651,695.690170856597,11.4020245525058,1
0.867868787840158,0.867868787840158,0,0.982189369563344,0.012853754397585,880.35965712881,163.999414287806,119.872439456023,1604.58776267754,1587.08168256896,34.6245197614998,0.526315789473684
0.532769641837248,0.532769641837248,0,0.432252578877252,0.863983950307435,972.978115083413,147.999471430459,117.32038883711,1453.32498732529,560.955635961024,26.4156979195079,0.526315789473684
0.902930853105844,0.902930853105844,0,0.765864013879465,0.33072326147357,974.822393692019,147.999471430459,124.330722645014,1821.74297474358,1679.42066508324,22.3993362909493,0.526315789473684
0.592952809254949,0.592952809254949,0,0.048960290361734,0.936273986899288,815.332296105564,127.999542858775,114.137672814003,1209.32451339236,889.66001706257,29.04008882647,0.473684210526316
0.976370552574497,0.976370552574497,0,0.388181911811046,0.800742620943704,624.823973420338,147.999471430459,77.6816014235189,19.0231085425845,828.713289326828,7.59446002189993,1
0.652084536868589,0.652084536868589,0,0.693437935026445,0.970057889487954,689.422802238038,417.998507148189,-40.4716217714771,1.72566924942427e-05,842.440915875699,13.3333565048985,1
0.968044665926706,0.968044665926706,0,0.0905953667786653,0.330929900362839,607.426178124466,137.999507144617,111.263128124025,798.781309904063,524.159886607738,12.8139149505372,1
0.949249588507629,0.949249588507629,0,0.240235775666064,0.187525518361512,769.405920238637,137.999507144617,121.705662616957,1477.97063711937,1291.03046276247,32.3521178033458,0.526315789473684
0.959873208766317,0.959873208766317,0,0.838739053538031,0.751297427811816,753.777965142034,161.999421430638,110.513865271773,651.492547369756,823.385911228315,14.007669542546,1
0.719704723855312,0.719704723855312,0,0.729312694427609,0.262403652368334,806.242132346316,163.999414287806,115.902032518944,1122.96475350616,191.60406135582,22.053830827385,1
0.521527369933122,0.521527369933122,0,0.339200932017815,0.182473556065115,918.415461597168,141.999492858954,126.592090955793,2274.93682039128,1558.39907924662,25.7337753994372,0.315789473684211
0.935456223426661,0.935456223426661,0,0.917672740738722,0.260272772230565,990.283516423928,151.999457144796,122.162132932219,1844.05699391116,1762.53581328814,26.9891319291787,0.473684210526316
0.570083655017892,0.570083655017892,0,0.138673001404045,0.466510618489073,851.395579460497,127.999542858775,119.461966624063,1745.29760009099,1515.75618416281,26.5804126302536,0.526315789473684
0.679822890711945,0.679822890711945,0,0.934582775147416,0.696789326222829,879.922516259781,165.999407144974,114.835496549629,1006.57605128923,738.653512933847,16.732646756711,1
0.924545665875935,0.924545665875935,0,0.265334429343144,0.196983157445137,648.700539724013,147.999471430459,113.382371142507,908.602954894891,393.613135920535,16.7963957905589,1
0.753318049489133,0.753318049489133,0,0.00777448903044275,0.230116964292144,611.07583617405,133.999521430281,112.532804772819,960.869755484454,258.038214762169,31.7751646000524,0.526315789473684
0.622297200103317,0.622297200103317,0,0.623044869312913,0.855223674266541,821.19515598942,159.999428573469,112.778323317794,857.464374271294,736.140945059023,11.9450189226711,1
0.721772591130704,0.721772591130704,0,0.254667454993899,0.98806920840511,795.591786613574,141.999492858954,112.800454699294,900.880361281489,915.924973370946,8.77899129010532,1
0.870291719649314,0.870291719649314,0,0.516973953247294,0.0684304089596937,701.48640958549,161.999421430638,114.843316540672,1031.73396303759,149.869590714413,18.5229512680408,1
0.80412469480782,0.80412469480782,0,0.0171369402616603,0.897271484712667,824.336736670814,119.999571430102,116.109006104618,1320.24328960672,1309.062637679,32.863568652932,0.473684210526316
0.957492770832363,0.957492770832363,0,0.0216373185936912,0.761421367378028,906.010668145653,115.999585715765,120.315275918985,1643.00648472129,1716.40422636472,22.4994938402668,0.526315789473684
0.644207783575469,0.644207783575469,0,0.507413504874957,0.52871375209904,997.967747794409,139.999500001786,126.355098029833,1912.77720837804,1832.5156308839,27.0719330816511,0.473684210526316
0.874524414074307,0.874524414074307,0,0.870219143023974,0.792482643600256,892.977604603689,161.999421430638,114.771906450072,1037.72259536596,869.047792322809,19.9332450297337,1
0.656924094892925,0.656924094892925,0,0.660542528799177,0.0170413159118858,743.082568310005,153.999450001964,119.565222006678,1653.96619182517,1117.94605780706,32.5976575628656,0.473684210526316
0.78226563116207,0.78226563116207,0,0.6951187045917,0.476507635652192,905.812762666852,159.999428573469,116.574617763872,1256.51253009475,680.46375947723,24.4570629698645,1
0.863155573827808,0.863155573827808,0,0.358932058594952,0.310586751530131,878.366088347791,137.999507144617,123.539900418552,1696.86254243035,1581.82009433793,25.4656831938113,0.526315789473684
0.705195895684322,0.705195895684322,0,0.948137110707514,0.0745997844841707,676.666753772195,157.999435716301,117.021388124555,1219.87803351759,1104.04218357789,36.2279956811103,0.526315789473684
0.809640377413658,0.809640377413658,0,0.211583109643993,0.565725365607266,985.793597281793,127.999542858775,122.509541341982,2020.17284313566,1854.64303923231,27.4025398089342,0.473684210526316
0.700816769592016,0.700816769592016,0,0.785156601700517,0.432097521253371,895.776225766871,163.999414287806,116.611751261592,1221.96673319313,511.271275194583,24.0897373991087,1
0.55868636717164,0.55868636717164,0,0.498360361565334,0.32174098738016,633.484438064952,147.999471430459,113.821367164822,948.625204088771,125.521617227105,20.0941584461749,0.473684210526316
0.727778347968262,0.727778347968262,0,0.24709872100956,0.0343729994527396,675.25385378449,143.999485716122,121.019555298134,1468.6315840774,818.848993877617,23.073706417519,0.421052631578947
0.839633920413486,0.839633920413486,0,0.5347500408244,0.831365403664731,710.100972748224,153.999450001964,107.901282370814,515.026244477991,888.668415935616,4.6424386941225,1
0.987434884040147,0.987434884040147,0,0.53633421333707,0.0416353745085424,675.684961316376,161.999421430638,114.21547590342,964.095184344359,275.121616163666,16.848516728036,1
0.856349113309299,0.856349113309299,0,0.68065658322222,0.784211822744622,607.917277801375,393.998592862168,-43.6076423047532,1.45263806951117e-05,864.732457195119,10.2187316619708,1
0.718763902624671,0.718763902624671,0,0.818274821348374,0.412605941040834,812.275344912763,165.999407144974,114.824987138689,1003.67877483701,534.510073700772,20.8301743664773,1
0.845201538693604,0.845201538693604,0,0.620555223232293,0.480049475968743,826.006726601333,155.999442859133,114.961822509844,1079.85806431682,682.846049089659,18.4131321778118,1
0.707451842151485,0.707451842151485,0,0.212007188062429,0.104741743994549,776.471334476807,141.999492858954,124.625914689528,1745.51831107543,1031.66374181627,21.573429134191,0.421052631578947
0.823931821716669,0.823931821716669,0,0.608213502656755,0.9495810876346,617.291740653584,415.99851429102,-39.0502587368683,2.07454714756632e-05,952.634156458569,13.1743918405062,1
0.881057285371642,0.881057285371642,0,0.679086938678095,0.90211707774445,900.4773913458,155.999442859133,114.694671146624,1071.30168577452,913.727127933371,20.1708969780907,1
0.619064127759744,0.619064127759744,0,0.881705177855853,0.164759877058826,932.255159668221,149.999464287628,123.509823951059,2070.23885228719,1706.22570368315,20.3194678177242,0.368421052631579
0.50493708382807,0.50493708382807,0,0.0297268758752637,0.371409846608342,851.718272061059,125.999550001607,119.528197020319,1997.10101072725,1691.57971320621,32.9989293485659,0.368421052631579
0.747359399470092,0.747359399470092,0,0.0788776135493536,0.768261617779365,783.109046074647,129.999535715944,113.265981693666,1112.4523111155,826.874927885439,32.5656095188116,1
0.604270707452061,0.604270707452061,0,0.461329200428858,0.951145130902795,959.382855921241,149.999464287628,116.336663152059,1295.57441815289,756.095558538712,32.9160048957763,1
0.711033889725903,0.711033889725903,0,0.170011203462986,0.176236065676652,818.650000830457,137.999507144617,123.009383618908,1794.5626865845,1155.9602626903,22.701481636731,0.526315789473684
0.936807352552616,0.936807352552616,0,0.188965290343581,0.0269184977964116,753.362329773772,141.999492858954,124.16976348222,1532.38087088618,1214.6306445012,29.2901300867255,0.526315789473684
0.517402536532257,0.517402536532257,0,0.256332535061443,0.615471614918392,992.218225750861,131.999528573112,121.735842910683,2116.90071084116,1982.03447453909,21.5678011361217,0.526315789473684
0.589533563124671,0.589533563124671,0,0.966227859323149,0.68813654945948,728.691678040183,169.999392859311,106.788615436003,402.195362863134,556.311098215924,13.3115256878727,1
0.563879725280752,0.563879725280752,0,0.726659948113531,0.97132430689332,906.762946203978,161.999421430638,114.479593230848,1003.49594523052,716.521865185302,15.0522342161726,1
0.700688437583909,0.700688437583909,0,0.885155315281847,0.736326535472947,755.331186723599,165.999407144974,109.410136845263,555.068796222309,792.255280484055,8.61233133698157,1
0.915147824951018,0.915147824951018,0,0.736701705911527,0.650809083877343,702.37003239019,159.999428573469,109.258919211529,574.945025013671,775.795492352595,15.9514694569469,1
0.666218619963803,0.666218619963803,0,0.527717266623342,0.271923833762423,741.586616478868,155.999442859133,115.280438329011,1104.04125106704,120.715581349006,22.6703657974289,0.526315789473684
0.850928722320371,0.850928722320371,0,0.963029277737781,0.733859187220252,688.559728958539,389.998607147832,-46.3181032613499,1.0957346629429e-05,850.331516423728,13.3572887898197,1
0.941524924869516,0.941524924869516,0,0.188048327608265,0.875729517614002,682.655391237734,137.999507144617,109.125306477552,668.772412766783,861.112051445482,22.418214797389,1
0.75820582397329,0.75820582397329,0,0.147494232639479,0.957405835454482,954.465442583808,121.99956428727,118.647904351344,1684.90446380852,1823.2624990148,14.9280877262659,0.526315789473684
0.724715767371334,0.724715767371334,0,0.739128674875536,0.196030659826841,984.70854177054,153.999450001964,122.511576151837,1994.067312899,1887.7633438916,24.6666544321805,0.473684210526316
0.748448111169175,0.748448111169175,0,0.188051667860079,0.894034133209543,685.912848222345,139.999500001786,108.927713429354,644.049093294696,895.40990345196,15.8977953943197,1
0.630536993896041,0.630536993896041,0,0.193736697583484,0.729995896595203,862.275892446574,131.999528573112,117.545738406018,1452.69938514397,1141.70648625737,30.0191224338002,0.526315789473684
0.901747297192178,0.901747297192178,0,0.451839309468717,0.525668467049023,898.505150607966,137.999507144617,123.125914558444,1598.80634969274,1364.11057911674,29.7278042954741,0.526315789473684
0.583257873000448,0.583257873000448,0,0.137961762250679,0.881054305033807,859.873532158398,131.999528573112,115.611780606907,1334.07633662723,896.117203601707,30.917604892581,0.526315789473684
0.995228803511332,0.995228803511332,0,0.32964005662837,0.74547327715113,982.878393462329,127.999542858775,120.196254734951,1858.5563144444,1838.70146861872,27.6638767327327,0.473684210526316
0.88573724770088,0.88573724770088,0,0.646556583216486,0.493126150624862,932.076388329047,143.999485716122,125.831593399021,1641.36604722456,1369.35770935813,20.0684237690854,0.473684210526316
0.795150267540958,0.795150267540958,0,0.278181459511605,0.798896160256231,666.859248055426,143.999485716122,108.225653175663,575.818376776048,870.425254562991,7.49531872079826,1
0.690288564174266,0.690288564174266,0,0.00445385504086115,0.452880723449679,995.999750546366,125.999550001607,122.253468689712,2256.91321767033,1952.25509303906,28.8946343131132,0.526315789473684
0.56390485954683,0.56390485954683,0,0.210364843380908,0.414614511869264,929.859813935277,133.999521430281,121.581785657163,2096.01404750596,1772.86865960999,35.7411061324747,0.526315789473684
0.966507502036887,0.966507502036887,0,0.288916539125879,0.281420122412904,764.168081065137,137.999507144617,121.522581154369,1375.67423450874,1155.51488600338,25.7042087710706,0.526315789473684
0.909993684979025,0.909993684979025,0,0.484208295896431,0.471426932324771,736.068182317637,151.999457144796,113.001943043031,900.904084902587,655.969745289549,12.2955061288023,1
0.812822926892621,0.812822926892621,0,0.057755817729581,0.827730472230111,786.76537101031,125.999550001607,113.825363736459,1174.16609486966,870.999886426491,35.4846595483681,1
0.672122792395342,0.672122792395342,0,0.23623027460736,0.678126721189691,977.730522435063,127.999542858775,120.848628562658,1901.10123835738,1895.85693188681,20.384734396246,0.473684210526316
0.550470591447734,0.550470591447734,0,0.699774020351496,0.389319072879449,631.29719258421,157.999435716301,112.060993252544,787.238169841618,0,20.7801027205023,0
0.913422346259596,0.913422346259596,0,0.702901672128829,0.604434753381221,625.370016624658,159.999428573469,58.6345219212886,4.50594620356512,748.96421484162,9.89603551699485,1
0.797354971550729,0.797354971550729,0,0.392480521433341,0.96814601417291,822.031760765353,147.999471430459,113.029484578853,924.948340129234,955.488438000041,6.4936062616366,1
0.740483868280012,0.740483868280012,0,0.559542395215622,0.0109544807748325,725.481043070017,151.999457144796,119.619076847033,1513.13638131131,1293.063103648,31.7347307852306,0.473684210526316
0.626913288692074,0.626913288692074,0,0.834553991357572,0.830038498599658,611.984405473117,399.998571433673,-45.2156419601207,1.1208566843765e-05,736.769790378406,12.4512456887569,1
0.682496417027292,0.682496417027292,0,0.492971054881643,0.992472085190094,642.359806663841,421.998492862525,-37.0581029695677,2.44641393731468e-05,882.923913677567,14.5449950132449,1
0.971508226521402,0.971508226521402,0,0.270908860549804,0.380773483048213,861.815326872235,131.999528573112,120.286014033825,1658.19864458896,1577.87885501483,35.5517592798573,0.526315789473684
0.580851882047102,0.580851882047102,0,0.109292401581938,0.948803374562994,917.346390201702,123.999557144439,117.90035040646,1561.49973851048,1502.57207968294,35.4132456202796,0.526315789473684
0.922712205346967,0.922712205346967,0,0.0817304624165761,0.594391524298476,621.750064017437,133.999521430281,109.230318986847,696.157000914317,712.398791680849,21.7124451890228,1
0.727728117263768,0.727728117263768,0,0.845731085505537,0.194828882583884,619.987184818935,167.999400002143,111.448296776149,688.920147997413,0,21.8776947040611,0
0.885533961688185,0.885533961688185,0,0.307871730898736,0.735463811870481,642.097581106223,145.999478573291,107.244695544273,513.836078935264,813.089824605074,7.07690168621787,1
0.585634268737239,0.585634268737239,0,0.01937425019114,0.994696045711948,961.375055678779,117.999578572934,119.025583667519,1781.12115442246,2019.46952198015,27.8487539400747,0.473684210526316
0.680874748067919,0.680874748067919,0,0.633478733185087,0.355360894053103,656.16552127579,161.999421430638,111.1667734203,698.013184301191,247.874586553258,13.1924376872846,1
0.897238178340328,0.897238178340328,0,0.148696183477319,0.278844576799803,715.148592146146,135.999514287449,117.373066848188,1239.79205689309,853.468367301697,39.8955159647615,0.473684210526316
0.87449261923427,0.87449261923427,0,0.118538363170875,0.97884119860922,787.676829499126,131.999528573112,111.9830779955,958.233927820951,924.578474760258,21.404676535851,1
0.675999974342732,0.675999974342732,0,0.0862154869639017,0.00981823082072608,801.392330178479,143.999485716122,123.79460635999,2000.72705105228,987.035886115139,23.8106047348625,0.368421052631579
0.725685440339875,0.725685440339875,0,0.947116502246683,0.0649816338997808,615.337075105503,165.999407144974,113.774433326956,884.055975863879,0,20.8273165923371,0
0.639322183084084,0.639322183084084,0,0.522976216760651,0.13954672596596,672.428001383484,145.999478573291,121.014614692481,1375.52794585263,1057.40208117826,24.6644539367099,0.473684210526316
0.530843486551847,0.530843486551847,0,0.582718699780573,0.0652609476576966,755.194999632113,151.999457144796,119.750919818079,1762.99281942715,780.883895631747,31.1691612592854,0.421052631578947
0.846429381542148,0.846429381542148,0,0.970913275986636,0.370535788148452,974.547404807496,153.999450001964,121.742725321882,1714.32399450947,1464.24366036027,28.2961373352999,0.526315789473684
0.951298183768087,0.951298183768087,0,0.2630850212724,0.601149940923294,832.747384168353,133.999521430281,117.478215021643,1384.82917098487,942.893469451527,27.8338226736456,0.526315789473684
0.933564742696693,0.933564742696693,0,0.442401256552972,0.910739085012628,681.80000690769,149.999464287628,103.612336020433,326.918192704374,892.34435120131,6.83626565601298,1
0.748802351694178,0.748802351694178,0,0.0504563389527982,0.726607019964225,913.72112507791,119.999571430102,119.341200913305,1680.33626632334,1734.35751878698,22.1689585418267,0.578947368421053
0.58671810145522,0.58671810145522,0,0.736880079102347,0.301820830116671,727.567031238914,149.999464287628,119.66336124043,1312.82868281687,1086.77241442801,34.7821973380004,0.526315789473684
0.929431845505352,0.929431845505352,0,0.199155606654401,0.976263305652004,970.064674348478,123.999557144439,118.887195521465,1720.54885114163,1849.80707140651,25.8084451655044,0.526315789473684
0.580076204632657,0.580076204632657,0,0.696388047786152,0.291561483970319,994.698328573316,143.999485716122,126.810017212193,2217.3559976605,1845.28876540804,15.8229022194609,0.315789473684211
0.597697328360822,0.597697328360822,0,0.381128595540232,0.811674993527419,733.668173936003,149.999464287628,110.764898057239,727.998702666434,651.626111280524,10.5324989932702,1
0.687290229376782,0.687290229376782,0,0.481790151160567,0.00960056480212224,846.987648220397,151.999457144796,122.075310313709,1991.93506390384,1291.66983041549,26.9005710057271,0.315789473684211
0.926028321988174,0.926028321988174,0,0.403808423670096,0.447305069663509,658.884235096377,149.999464287628,110.858325715904,728.550824667642,632.965462237055,10.3055413444276,1
0.844531094261256,0.844531094261256,0,0.954970876051008,0.819143157566228,985.648180813446,163.999414287806,116.618349689869,1247.4545325016,896.118388162163,13.6435352822122,1
0.757057647251524,0.757057647251524,0,0.291892440028081,0.719685266781052,970.934095953741,129.999535715944,120.28819232083,1809.24841052413,1782.92202679952,30.6772213237125,0.473684210526316
0.750075387633222,0.750075387633222,0,0.630676290535366,0.547585727138493,884.490197778667,157.999435716301,115.901801237071,1189.20428595965,712.035030684973,24.3186238696028,1
0.842585135047787,0.842585135047787,0,0.139420152298511,0.723053996889521,844.241926518017,125.999550001607,117.043048165906,1443.97094193696,1294.09579027735,27.5019905846634,0.578947368421053
0.839885594011089,0.839885594011089,0,0.528151733621797,0.0367119125474197,938.795423049712,153.999450001964,122.33469996767,2021.63505899621,1823.78543844868,15.5146344550432,0.526315789473684
0.735724053597184,0.735724053597184,0,0.224561316686272,0.0273932068309293,641.059265406641,143.999485716122,119.379294075472,1363.45767410769,781.091773480482,23.4744417256518,0.473684210526316
0.541793859746216,0.541793859746216,0,0.682190025814526,0.548419973047958,812.89554202063,159.999428573469,114.908847045224,1057.44902529674,7.25982918309222,19.214524121436,0.526315789473684
0.606779630506015,0.606779630506015,0,0.571773763915182,0.987477931567364,716.417162824562,419.998500005357,-38.5421180539018,2.60828802133017e-05,784.248205680085,11.384186157544,1
0.927000493635908,0.927000493635908,0,0.183026198845998,0.503422801567744,852.152455823321,127.999542858775,118.686851390084,1582.72301440403,1504.71003212814,28.5323346856926,0.473684210526316
0.543734203429655,0.543734203429655,0,0.866350866458273,0.823194565320109,622.007465415236,401.998564290842,-45.9968307844571,1.05587569395292e-05,575.075221527384,12.2570791931694,1
0.925807781334823,0.925807781334823,0,0.86185414528739,0.600200820113675,797.601854990169,161.999421430638,113.317834273062,885.114561535142,749.037413534439,20.4481421813337,1
0.794208481293602,0.794208481293602,0,0.0835561446613875,0.335438630850601,958.132437756463,129.999535715944,121.391597393709,2099.05113448162,1645.79789957603,25.0276123714237,0.631578947368421
0.523303551707351,0.523303551707351,0,0.262825425159627,0.698839035278358,728.556617906399,145.999478573291,112.649143021393,863.355300985469,230.088104314328,12.0998232182853,1
0.797038153009185,0.797038153009185,0,0.786851818682927,0.845687552826443,725.264363224717,161.999421430638,79.2817082476056,21.7259141288678,914.261653147922,9.95815636090446,1
0.963842439519135,0.963842439519135,0,0.59181731775514,0.529801846398888,687.907474952479,155.999442859133,110.688253078103,696.216776471541,690.341231195881,16.0901648173794,1
0.627399270635429,0.627399270635429,0,0.555382267262457,0.497777623741008,637.428064991954,159.999428573469,108.734876131691,544.757283637574,341.280631511009,8.74277988924743,1
0.70568033863909,0.70568033863909,0,0.66714148930031,0.237855883402652,682.111701674554,161.999421430638,113.417023498629,880.659016741747,0,17.917125332542,0
0.834600523528985,0.834600523528985,0,0.823972521719691,0.102256925662872,602.205656175443,169.999392859311,111.180380794915,664.151706831138,207.988288994544,16.1203271132221,1
0.547502836952179,0.547502836952179,0,0.263264477590779,0.370429751678929,961.235123664831,135.999514287449,121.77993640465,2279.72071618283,1950.18876788171,24.4461915548174,0.421052631578947
0.513818442643023,0.513818442643023,0,0.999874961185704,0.366017983023875,906.380761585847,147.999471430459,124.065694246563,1847.7886241112,1599.54376938662,23.4069580936979,0.368421052631579
0.702083047569728,0.702083047569728,0,0.882045578733695,0.742526700163871,709.981769722848,165.999407144974,55.3111772431849,2.8035800676718,798.070698277034,10.0945873321305,1
0.961937792503575,0.961937792503575,0,0.758100045710711,0.804762142324757,733.318102602273,159.999428573469,108.362867206298,518.382968030138,847.527698138176,6.99355940216182,1
0.536940536798687,0.536940536798687,0,0.322087508315595,0.00293063252376569,955.215226103301,149.999464287628,124.782956758031,2591.02469581021,1489.87122542953,38.1758369160072,0.315789473684211
0.679800131860947,0.679800131860947,0,0.148680779940919,0.398119642614078,659.18376642059,141.999492858954,113.355580481155,876.350114165985,266.165460704138,9.17871166596692,1
0.530844773600756,0.530844773600756,0,0.00158419224133532,0.59431360472263,648.054427807624,129.999535715944,110.895003668429,860.588287396073,121.599340318875,25.7454614489063,0.473684210526316
0.511302292861886,0.511302292861886,0,0.584369944781051,0.448284708553381,967.581521653323,139.999500001786,125.32916679431,2122.1871520715,1797.96006030945,24.910439307021,0.368421052631579
0.670578256399059,0.670578256399059,0,0.0209552779597236,0.294822273859291,744.666256073363,127.999542858775,117.644178802924,1516.3530118752,1149.56945360651,26.8992896178498,0.526315789473684
0.893556659209418,0.893556659209418,0,0.114046408289622,0.352422348148903,670.120500154675,137.999507144617,113.288451657326,941.84018835593,541.803591695607,20.8977976148697,1
0.910431542963784,0.910431542963784,0,0.864492464756206,0.910518694900737,889.062911621181,161.999421430638,114.135613240897,972.321832026081,914.800933264355,18.1552964385831,1
0.776576086328982,0.776576086328982,0,0.392580394948141,0.589435265137268,737.700590434929,149.999464287628,112.474984645035,865.212746660826,750.184555812954,16.7693454792777,1
0.722864360321057,0.722864360321057,0,0.328117473846751,0.953586084251122,990.113731861761,133.999521430281,119.610165512795,1697.17736044476,1413.64334864356,29.081169542072,0.578947368421053
0.681609351960465,0.681609351960465,0,0.213063844170563,0.60190812511227,961.840519850325,129.999535715944,121.575908693179,1887.31527452553,1806.61327282515,26.885049156852,0.473684210526316
0.928351608667109,0.928351608667109,0,0.0817420425378593,0.215647372390795,636.772357219933,137.999507144617,113.659975538386,953.666980946461,401.163079925835,26.7941322815289,1
0.745863087703999,0.745863087703999,0,0.0347176955873932,0.436901842799499,786.904802674284,123.999557144439,117.869162338618,1465.06473453023,1349.50716469764,34.443750733231,0.473684210526316
0.992879006379641,0.992879006379641,0,0.976293469660289,0.248662715124966,842.071085272216,167.999400002143,116.344414895213,1154.23515608327,510.25942796623,19.4130890573286,1
0.900293359914433,0.900293359914433,0,0.245881915701552,0.450510299989973,744.021220750352,141.999492858954,115.488930814327,1030.37830170004,630.365533564189,27.3606095310109,1
0.926271284203175,0.926271284203175,0,0.895456604996366,0.640380477801077,956.813190879368,159.999428573469,116.823675786017,1288.20634928696,773.157412433758,23.0414570803271,1
0.643152186484075,0.643152186484075,0,0.525341643815855,0.0881438849252032,940.845166715131,149.999464287628,124.646671867916,2237.75553964328,1553.4726200534,27.8484958219945,0.315789473684211
0.881305856352063,0.881305856352063,0,0.844714712458366,0.48006554212235,900.315826672731,161.999421430638,116.380822329792,1213.23920312364,684.791181699442,39.508029276388,1
0.651489946811612,0.651489946811612,0,0.265645015876785,0.247365455012074,654.787437998267,137.999507144617,118.834476396584,1219.10549250929,925.625471892966,27.0780365414936,0.473684210526316
0.715858469333144,0.715858469333144,0,0.902289146048078,0.39737649417269,945.839627951732,165.999407144974,117.720345169881,1334.07369888424,511.619578992821,26.3648427617289,1
0.917180937797241,0.917180937797241,0,0.573359315021593,0.572268530965455,742.631751160017,153.999450001964,112.345886836399,838.316319345976,723.792758747699,15.2283623030536,1
0.939298595882221,0.939298595882221,0,0.330276677950549,0.39366768714085,846.625486680791,135.999514287449,121.332163595417,1554.43402733872,1378.81312295771,33.5859912582226,0.526315789473684
0.893740104447976,0.893740104447976,0,0.397164412888636,0.178710279518439,993.939158936647,147.999471430459,122.82964406087,2133.76874004482,1906.99224024398,23.7827865957568,0.526315789473684
0.887103377413738,0.887103377413738,0,0.536782889633016,0.354100446899862,816.634778415721,155.999442859133,115.581587958602,1149.17284941155,570.886056005635,23.8612244688867,1
0.558981392757161,0.558981392757161,0,0.768186021460061,0.332871996186182,789.963297437424,145.999478573291,123.67782747762,1511.31390506847,1311.73011422068,29.5649824719065,0.473684210526316
0.817464423092784,0.817464423092784,0,0.388934489909106,0.101916822911536,884.554826754993,143.999485716122,126.569082299581,1785.37500398038,1452.56697509672,23.7632004097592,0.526315789473684
0.617395111381692,0.617395111381692,0,0.941766157549084,0.267153010613816,973.955364560587,155.999442859133,123.229758767609,2018.51531895147,1850.60387967397,34.1833985834462,0.473684210526316
0.788415763975093,0.788415763975093,0,0.820384866173972,0.645883928905832,677.471888890446,163.999414287806,88.7722272809293,81.1633984729852,808.427615131847,9.19218662412187,1
0.62099166055105,0.62099166055105,0,0.170283139869065,0.818115553285138,930.558492148789,125.999550001607,118.925010749131,1665.16004117984,1583.27763499043,26.7044203948655,0.526315789473684
0.786252094367858,0.786252094367858,0,0.404318073931899,0.0755647930704619,933.85719882748,145.999478573291,127.605501665396,2066.48813960486,1498.81944701973,32.1415352180671,0.315789473684211
0.588287273710884,0.588287273710884,0,0.479902971730519,0.662197666696101,630.455187638523,155.999442859133,100.312106757159,215.319965761079,481.637851598195,7.38330021095454,1
0.651545635732098,0.651545635732098,0,0.173381262571109,0.365772766283685,837.296603366585,131.999528573112,119.908607206574,1689.76527174061,1470.2100504271,27.6871451498795,0.526315789473684
0.991462488377532,0.991462488377532,0,0.26025698210153,0.160554005685201,849.176576440826,139.999500001786,124.749607111742,1734.73640271112,1362.95089830547,43.7015295449754,0.631578947368421
0.656136306188736,0.656136306188736,0,0.802637029749812,0.681651646173259,607.353199850318,381.998635719158,-47.8114078659178,1.01940777325581e-05,681.235929621676,12.7140134713445,1
0.947053591220611,0.947053591220611,0,0.487656059270489,0.170009670855101,879.682964280202,145.999478573291,124.410606510034,1706.40009432374,1600.46426479698,46.8812288809268,0.526315789473684
0.815973363206139,0.815973363206139,0,0.866813292161143,0.942498394251697,669.219890500498,413.998521433852,-42.1759100546441,1.43630104012561e-05,960.40997314419,12.0910933318496,1
0.679561590314282,0.679561590314282,0,0.0597083041428338,0.457005729102204,636.799758872469,135.999514287449,111.215708643255,815.34261563808,399.402801281142,10.4572902288485,1
0.884417882983808,0.884417882983808,0,0.0384802382003818,0.220150280682574,775.580011123137,129.999535715944,118.693535278154,1566.17434483771,1182.23464276638,30.6190172829215,0.578947368421053
0.574768350992773,0.574768350992773,0,0.28148111363649,0.497431632349281,849.623488064714,133.999521430281,120.308171617377,1608.73846523636,1485.37575213879,31.8554314614371,0.526315789473684
0.887792575653072,0.887792575653072,0,0.19451777678848,0.863989927035222,606.368392449876,139.999500001786,91.2490707795423,103.986528953905,871.245926702449,8.92573823548298,1
0.527608337378318,0.527608337378318,0,0.105712287179667,0.732174606732383,891.684313709075,123.999557144439,118.755861208056,1645.69595529899,1607.9251059055,21.5407587272131,0.526315789473684
0.883085305925697,0.883085305925697,0,0.716105955281442,0.0381049833394635,893.843351782141,157.999435716301,120.334345001015,1691.08429343887,1747.62304165645,29.2354341155695,0.526315789473684
0.567007574262878,0.567007574262878,0,0.784744460138451,0.487818689904946,667.488547004329,163.999414287806,110.816933673669,659.201357597736,0,12.7914473385932,0
0.979290695532632,0.979290695532632,0,0.569028962456923,0.990058100430735,622.927870219312,421.998492862525,-37.0077637140577,2.42957169140079e-05,927.56270339755,12.451450039971,1
0.914160829606185,0.914160829606185,0,0.779448569449689,0.723575709179479,748.913855876228,159.999428573469,110.774545967244,677.3280092292,817.0836775322,11.0769180737972,1
0.868598033275063,0.868598033275063,0,0.0842045894137622,0.63942439127025,663.079773374957,133.999521430281,110.349499636328,786.977426065333,754.476991353322,14.7115479086534,1
0.660819632960914,0.660819632960914,0,0.412615269275881,0.223212312623651,616.107798017968,149.999464287628,113.354789651459,908.910295051225,49.9555742554984,27.5151445157821,0.473684210526316
0.962652631876652,0.962652631876652,0,0.437033702808533,0.611925090425309,896.364884369075,137.999507144617,121.891175403392,1563.22869844197,1310.16521720153,26.8302814920294,0.473684210526316
0.790117309278953,0.790117309278953,0,0.513171176346966,0.580269237393782,815.192923895778,151.999457144796,114.38374565009,1036.80251536245,753.062734162879,14.0515088806709,1
0.58567880042956,0.58567880042956,0,0.899569664700665,0.776229404695139,899.89936946018,167.999400002143,115.052951624336,1027.86487621661,627.925833052989,18.3560902242091,1
0.84156123071797,0.84156123071797,0,0.108031152234641,0.815145137980483,855.959474117492,123.999557144439,117.151786210515,1443.07278813154,1366.10578366857,26.9886714909329,0.526315789473684
0.866143547705144,0.866143547705144,0,0.0344643853612419,0.0530938155663651,962.303699164438,139.999500001786,126.897585144051,2312.02946915059,1368.20192444928,31.6173821448031,0.631578947368421
0.729223728834734,0.729223728834734,0,0.349380557281762,0.262312749592836,654.909440649021,151.999457144796,112.749581605341,869.534788607585,140.17449380589,17.1751118882285,1
0.887220084153984,0.887220084153984,0,0.810888212367554,0.203627870254596,955.829366994497,153.999450001964,121.825883491315,1785.88190077267,1741.18644427197,25.7808298529914,0.473684210526316
0.675183406671548,0.675183406671548,0,0.0766653775947651,0.0248044044124738,606.719570059863,137.999507144617,115.738235373072,1295.87090558799,268.703394565663,39.6673451207524,0.368421052631579
0.527788172631066,0.527788172631066,0,0.249042788828614,0.518781455942424,940.754140997186,131.999528573112,121.413207729742,2053.99607440212,1880.59407387086,17.5769190206396,0.526315789473684
0.798987564346861,0.798987564346861,0,0.475840849140298,0.584196206657631,998.494193514504,137.999507144617,123.370762756499,1903.7019105045,1860.05314383284,29.3648436489391,0.526315789473684
0.551333718437636,0.551333718437636,0,0.241984085251571,0.813318914288651,890.32850136769,135.999514287449,117.975435963134,1432.64621744261,949.748479306634,26.1597217249486,0.578947368421053
0.527435532147447,0.527435532147447,0,0.76284575609895,0.28629515583441,801.475876445672,145.999478573291,124.316086355232,1685.8328394857,1311.39897487666,19.9613750967864,0.315789473684211
0.600368755433354,0.600368755433354,0,0.81893415097652,0.994655914077037,928.715362275088,165.999407144974,114.7885441601,1021.75641129421,788.211157155241,11.2009578775576,1
0.791565829479224,0.791565829479224,0,0.895496118901012,0.719577909098213,865.336771625417,163.999414287806,114.342674768059,975.233352892615,853.367341308861,15.5174492732046,1
0.583640877988372,0.583640877988372,0,0.393270674868241,0.540122622360968,868.611950908427,139.999500001786,124.423221247681,1530.86224704814,1255.44276228459,27.9365697031614,0.526315789473684
0.884341601726269,0.884341601726269,0,0.281916628540478,0.992949309227963,991.378201482391,127.999542858775,119.032590018173,1752.05639231597,1725.32873383182,25.485732381854,0.578947368421053
0.941895557772603,0.941895557772603,0,0.880040505878052,0.669272444486864,872.125322552102,161.999421430638,114.888464027517,1052.23410189721,784.943348407067,16.4236643898884,1
0.541351788667073,0.541351788667073,0,0.618589474708133,0.147689628433048,966.363404577522,149.999464287628,124.998602160444,2351.57186956699,1671.339089523,30.3032904397831,0.368421052631579
0.9021264350213,0.9021264350213,0,0.00491838594971983,0.743526347461014,601.607329518289,129.999535715944,107.197330946934,585.689482520711,795.822788209604,10.2976903282414,1
0.929786102243532,0.929786102243532,0,0.393660259156825,0.021552933665411,700.065018763367,151.999457144796,117.887954878232,1267.59309257731,1182.31646811611,37.8353984876858,0.526315789473684
0.806993532464807,0.806993532464807,0,0.137785248474638,0.445134988002229,915.673229867889,127.999542858775,119.962576052343,1841.21457861907,1589.47243767935,29.8721671130624,0.473684210526316
0.912054465117501,0.912054465117501,0,0.447182169187214,0.869835324135806,682.463631717258,149.999464287628,105.381653701084,398.222200225721,878.528333776355,4.27155591077823,1
0.570503868314788,0.570503868314788,0,0.112187612616823,0.611545113844114,744.619787492527,135.999514287449,113.507192312127,1063.27037405006,363.313786769879,33.5673912812728,0.526315789473684
0.82148633363402,0.82148633363402,0,0.0324658073478186,0.571490716535471,921.370102061055,121.99956428727,119.555588736971,1800.12262160268,1641.82682740171,33.9504960773101,0.578947368421053
0.712722531009007,0.712722531009007,0,0.826520185890062,0.34484742291767,630.354148043467,167.999400002143,108.831243012398,516.055481080716,402.2114799726,13.7094895352644,1
0.72767471521957,0.72767471521957,0,0.0686941743828752,0.407401419830711,967.889892581799,127.999542858775,122.637952323305,2139.30219670104,1848.67745477807,33.6418987628463,0.526315789473684
0.692848574545214,0.692848574545214,0,0.0437387739498465,0.664175205552325,793.543385849665,123.999557144439,116.263612507741,1342.70845425963,1164.07040749413,25.4326797458968,0.526315789473684
0.885972849996555,0.885972849996555,0,0.347665485820586,0.774154438524864,832.222897911457,143.999485716122,115.616388701251,1075.91743593972,834.853049090516,15.7641422999592,1
0.819360983842441,0.819360983842441,0,0.838722383649486,0.564355951565522,936.715898111409,161.999421430638,116.71374440959,1264.85307065653,755.963406681202,22.1418407275988,1
0.774050595388935,0.774050595388935,0,0.543839096222131,0.920719403684548,627.402968148172,411.998528576684,-38.8944964913063,2.17162873512693e-05,936.899376912084,15.2419688322224,1
0.566797977391758,0.566797977391758,0,0.242719654839833,0.91421664498005,786.205000747306,143.999485716122,113.14619744375,907.550994094969,660.23754287171,7.72887375243449,1
0.74944194749527,0.74944194749527,0,0.0379798607088867,0.880785370668027,767.187502667743,127.999542858775,112.292322959331,1023.9556483019,882.290908700563,36.9020055824271,1
0.616821546360935,0.616821546360935,0,0.46997631950176,0.616211645974595,788.434897428994,153.999450001964,113.651586962046,963.056737585374,502.719614482742,16.2313738416078,1
0.819906214924578,0.819906214924578,0,0.169826549760697,0.451817254549904,746.912551926334,139.999500001786,114.510570516964,1107.17264707457,636.618960090909,26.3573060670772,1
0.959092705779386,0.959092705779386,0,0.567596613723903,0.101019703128072,826.039069685697,151.999457144796,120.329122202987,1523.34825852441,1454.72244843326,23.3440331392793,0.526315789473684
0.662627334812662,0.662627334812662,0,0.809991668141182,0.717980069467224,929.320780676387,161.999421430638,115.970730782576,1167.29945370834,720.657741708963,15.8960986972239,1
0.663952911500891,0.663952911500891,0,0.285019190096358,0.94329951784264,772.497995047515,143.999485716122,112.005762281871,834.009157930053,828.525853163163,10.0685099748099,1
0.666920812160698,0.666920812160698,0,0.234347104583817,0.657302722254748,925.738659605828,129.999535715944,119.519123295576,1712.02880108548,1673.15734635746,24.4781441661959,0.473684210526316
0.687713109466795,0.687713109466795,0,0.951701047700944,0.668417599405641,728.253138797607,167.999400002143,107.392754717627,436.377205126248,731.823234968157,7.30617233434346,1
0.518078254919083,0.518078254919083,0,0.759005179612583,0.951060678140048,814.032411105668,165.999407144974,111.302283031039,690.393065339933,621.551460659006,11.8695396852604,1
0.978409142538468,0.978409142538468,0,0.634834409650883,0.587755803807222,818.095101187486,153.999450001964,114.313974327334,1026.71381767948,724.799971631564,12.6368854308871,1
0.572726689560772,0.572726689560772,0,0.42501819205591,0.64494009195061,640.408253142737,153.999450001964,107.003454829848,465.239363038876,392.987584880755,9.94820185899939,1
0.703489194886727,0.703489194886727,0,0.805198236772779,0.687239038122177,933.142846543942,161.999421430638,116.14962115556,1195.50330818515,762.757901040396,18.0217602049292,1
0.509943420549119,0.509943420549119,0,0.213945581687143,0.498508400223988,806.888027753427,129.999535715944,118.693996479214,1608.6173654095,1442.27986240848,27.4681778467659,0.526315789473684
0.906635257633837,0.906635257633837,0,0.863186923216257,0.086968229011098,888.478977732326,157.999435716301,120.137788197529,1615.87336383121,1599.91482962874,31.5242547881809,0.526315789473684
0.93997086329417,0.93997086329417,0,0.866360122487508,0.529517197724404,952.944298294359,159.999428573469,117.301604511084,1356.91920203453,705.028543977129,49.5312461500498,1
0.648644408890834,0.648644408890834,0,0.756033400457881,0.91273543905371,697.54732397541,409.998535719515,-42.4629655648279,1.4827915317036e-05,811.995292157034,11.929687721359,1
0.612574652683771,0.612574652683771,0,0.584239182804458,0.521090927408856,803.912406858019,157.999435716301,114.473832078073,1020.63241741634,330.570826658855,15.4709948434151,1
0.683733110156348,0.683733110156348,0,0.603363332880251,0.154922011629529,769.730547451383,145.999478573291,122.372541862498,1509.53226964985,1382.72136576344,34.0237917935358,0.473684210526316
0.747918295101647,0.747918295101647,0,0.0166050365603895,0.284023401389413,876.181915138957,129.999535715944,119.921889790663,1870.08162117824,1349.07188743608,48.6730329768726,0.526315789473684
0.963459312776766,0.963459312776766,0,0.447466356346224,0.754436072080319,831.707778412795,147.999471430459,114.723398170725,1049.56212324014,809.578361155031,36.2716860506269,1
0.560973788766481,0.560973788766481,0,0.754901007854292,0.388521502630004,984.035099544009,147.999471430459,124.493445726819,2067.71057175116,1905.51037905019,23.7339078818526,0.526315789473684
0.527124502313197,0.527124502313197,0,0.872098443788171,0.831323837712036,939.472820300189,167.999400002143,115.832400291226,1117.54302535629,543.018489955544,14.2380059678066,1
0.645188373277123,0.645188373277123,0,0.890518236469993,0.543869574372862,951.935847380872,165.999407144974,117.23287574609,1290.5273739123,521.996092478446,19.7839917406746,1
0.687022094784118,0.687022094784118,0,0.731640681404576,0.540548931285856,901.528739587058,161.999421430638,116.224219025623,1202.28639422473,610.677410933281,17.8639234472457,1
0.526830139458567,0.526830139458567,0,0.0573115876200421,0.30487805109267,793.597476024041,129.999535715944,118.642884135413,1821.04205230655,1247.70391061991,28.5660585326734,0.368421052631579
0.523429398247248,0.523429398247248,0,0.112677768646356,0.93033859017551,853.323734282567,131.999528573112,115.237492931877,1302.53075917961,867.075646231068,24.4183606476705,0.526315789473684
0.780349848192184,0.780349848192184,0,0.167108747470512,0.576890906841306,633.099087037424,139.999500001786,109.624670380749,673.456997891603,730.539062066605,10.0897926952851,1
0.636984868569582,0.636984868569582,0,0.284726392760311,0.109482169972408,669.853463784195,141.999492858954,120.409911765227,1447.63906877563,737.392557839399,32.3628819332817,0.368421052631579
0.697914575865961,0.697914575865961,0,0.351368766797055,0.304902188631406,603.649832441766,151.999457144796,110.704067720947,708.671779171769,91.0216504384149,14.9878036342701,1
0.896664200132676,0.896664200132676,0,0.592958106242236,0.427927665286936,859.207585234395,155.999442859133,116.075323614949,1209.31292344669,632.829341291598,16.6133053322389,1
0.947252157534817,0.947252157534817,0,0.254362046396965,0.393907182661941,815.983765340531,133.999521430281,119.480955473469,1491.83527719955,1303.09711485119,36.965968456187,0.526315789473684
0.943366145423235,0.943366145423235,0,0.252937392090432,0.789964063719015,970.280895305954,125.999550001607,120.003987869885,1819.81243245517,1790.83461368636,28.3014055158487,0.526315789473684
0.671504829471489,0.671504829471489,0,0.210642609079241,0.378827616800096,713.860729715897,143.999485716122,115.441444774478,1018.39543701777,160.139259372418,25.0130886811917,1
0.839936537165236,0.839936537165236,0,0.132327020701536,0.149036259775201,937.912347517386,137.999507144617,125.463465826268,2086.81495306488,1422.60268892456,22.3297333662689,0.631578947368421
0.965646381497649,0.965646381497649,0,0.858100965075749,0.60070485439337,820.907129118378,161.999421430638,114.001596612411,957.076378898588,741.924998387292,14.443496055253,1
0.754954362578605,0.754954362578605,0,0.0154565670769217,0.236053054207065,637.460503131812,133.999521430281,113.353994106059,1053.54627921305,438.50674301669,30.417074422153,0.526315789473684
0.90101264180836,0.90101264180836,0,0.229633465876106,0.76987473021635,861.420220170278,129.999535715944,117.034149118143,1426.38410761854,1136.15456793823,27.5996354535545,0.578947368421053
0.685772368985475,0.685772368985475,0,0.901047686545908,0.816272323016924,802.386751282125,167.999400002143,111.431400007242,695.173672858832,817.27968077778,6.04644837623217,1
0.631597237539423,0.631597237539423,0,0.50982769780734,0.334991893482434,638.879197776453,155.999442859133,112.111473144415,805.471907423188,0,14.9457744868271,0
0.506734294387076,0.506734294387076,0,0.0612255107702497,0.792204443476387,602.587122224714,135.999514287449,106.35090338048,499.25007303899,321.099027370516,4.11859194542026,1
0.60100179392312,0.60100179392312,0,0.141532495386509,0.222573750287674,735.819778225423,135.999514287449,119.117542840291,1629.38508959475,1008.97367385098,24.7922794738489,0.473684210526316
0.983480235573684,0.983480235573684,0,0.400113733106596,0.558422311467497,614.12720621417,149.999464287628,107.374154352268,504.919826504576,697.404387633877,5.68481195725096,1
0.867398375911107,0.867398375911107,0,0.186181219975197,0.665327192424855,814.768205823032,131.999528573112,115.54252406723,1290.76866315819,851.800492855279,26.0139198940995,0.578947368421053
0.889951417421334,0.889951417421334,0,0.437629175870556,0.748889611029389,647.957661312216,149.999464287628,104.210647000486,348.855933158012,824.335237780485,5.59246388570551,1
0.814927636376072,0.814927636376072,0,0.299571891798898,0.932960546894337,879.855276998817,139.999500001786,115.191811590361,1176.20540277481,933.67069923022,21.7281042516303,1
0.709360268289096,0.709360268289096,0,0.320204322478356,0.246296896140381,685.295256236042,149.999464287628,114.511830608584,1011.69269930972,99.4126780072259,19.9426621319681,0.526315789473684
0.757160363906939,0.757160363906939,0,0.652150589506685,0.0661106015980327,700.436180494175,153.999450001964,117.847957672795,1285.73200689344,1217.56599725507,41.0015196361586,0.526315789473684
0.908787368121957,0.908787368121957,0,0.986408627389306,0.138952667454233,869.708757813415,161.999421430638,119.008777232263,1495.17927844041,1389.28090473324,28.8104500912929,0.473684210526316
0.690999905308662,0.690999905308662,0,0.215742447889393,0.625766134984241,732.573798799082,141.999492858954,113.548563390867,910.530115341268,666.367156877241,17.0019447872153,1
0.836578804812408,0.836578804812408,0,0.0352069028148709,0.9129565933531,898.009476226986,115.999585715765,119.843241928478,1549.90831593141,1696.68826802206,24.3162975540749,0.473684210526316
0.679312053765367,0.679312053765367,0,0.901454271909334,0.378424533800862,623.238090476143,169.999392859311,106.213065978994,378.754943129071,351.847963175299,8.13186508849049,1
0.63358998934197,0.63358998934197,0,0.961826650250459,0.421658818313812,658.1487913177,169.999392859311,109.297519000356,533.742453873222,243.500378635774,5.11132935361199,1
0.793120718263788,0.793120718263788,0,0.0763600236472717,0.247607797679603,609.600483007274,139.999500001786,112.697353196833,861.97966176926,309.500856430527,19.2419315396555,1
0.506151821128604,0.506151821128604,0,0.731278905256311,0.578254548140343,812.272694567179,159.999428573469,114.979677299333,1063.66355279491,23.4780080363678,25.8956867402994,0.526315789473684
0.695391470852539,0.695391470852539,0,0.144480960686164,0.483481011152556,898.191425149455,127.999542858775,120.745942934975,1787.03587941511,1717.33181874338,27.5377969986956,0.473684210526316
0.911990334721843,0.911990334721843,0,0.479911616168923,0.0197445087894271,694.020359085389,155.999442859133,116.581284886411,1188.03337187698,988.419743690947,29.4235449606483,0.526315789473684
0.965746989809966,0.965746989809966,0,0.279530587323743,0.700681608196217,768.020929719192,139.999500001786,113.991791734338,970.148348616238,773.634889239024,16.8554769691895,1
0.640678169131116,0.640678169131116,0,0.273213965948143,0.935350386543318,723.201382427956,145.999478573291,109.856230440435,683.995177921043,792.285661932893,8.20396004492414,1
0.548708165404291,0.548708165404291,0,0.104389008840936,0.323175425726825,782.69322560609,131.999528573112,118.785830831979,1725.60245806432,1175.25880088435,33.1996538821413,0.526315789473684
0.768169280342724,0.768169280342724,0,0.44454413226332,0.892642448666322,984.862700217683,139.999500001786,122.333831125262,1636.53821946874,1160.45636487282,21.5534701108829,0.526315789473684
0.63814104427431,0.63814104427431,0,0.747777846215666,0.210569554964562,802.478042449975,147.999471430459,121.63672925396,1579.17528538276,1495.46072217734,26.0437261393224,0.526315789473684
0.742611816670396,0.742611816670396,0,0.539507800747843,0.15486234295565,960.033568414719,145.999478573291,126.043879756115,2070.04441120345,1687.82149502788,22.7198782835609,0.631578947368421
0.626838050014251,0.626838050014251,0,0.939277914814992,0.178277091930868,604.607500526473,161.999421430638,113.262718268586,866.60840247218,0,14.7292048546374,0
0.580421392027071,0.580421392027071,0,0.0377579721856671,0.18372504043037,729.520293788525,131.999528573112,117.897624082485,1694.66668042404,950.857155172798,21.8897704091061,0.368421052631579
0.762712605076929,0.762712605076929,0,0.16466564203998,0.956473834793525,808.192872501747,135.999514287449,112.798254898307,995.644561543544,930.733255828418,15.9162641245127,1
0.884958632104943,0.884958632104943,0,0.104672114172544,0.0632643082335075,650.170334119951,137.999507144617,118.98492078254,1260.23363317174,1027.241426223,38.3924334942807,0.526315789473684
0.997282156677353,0.997282156677353,0,0.763920172697094,0.00950849011586385,953.03347827193,159.999428573469,121.333856832849,1851.17056437911,1917.94737127583,28.9964366340105,0.526315789473684
0.83523644506856,0.83523644506856,0,0.818168366011616,0.469854758596114,946.930162483523,151.999457144796,121.713666755632,1619.52681043231,1259.99624490285,25.2234744565547,0.526315789473684
0.671840564318372,0.671840564318372,0,0.559717918015088,0.680596705792695,912.415894425743,153.999450001964,116.09076209413,1230.48970645994,696.910588384097,33.5759271253333,1
0.752468025981801,0.752468025981801,0,0.838716163607524,0.804972170980056,954.42027986047,161.999421430638,116.07144208815,1188.99611775527,881.741070298563,17.8359811472381,1
0.595306072618878,0.595306072618878,0,0.0738929609071288,0.538679352733543,879.854588931807,125.999550001607,119.097858840526,1717.27225057331,1549.86047762312,33.2900123265036,0.526315789473684
0.507310715810067,0.507310715810067,0,0.454125370156574,0.244688159854308,943.68579751145,141.999492858954,127.546758982692,2240.1445106904,1693.57391780182,26.8503296496502,0.315789473684211
0.652476749896095,0.652476749896095,0,0.0569104092554864,0.046408807442174,665.149305805972,137.999507144617,116.759152186661,1494.36664260311,493.892525348622,26.6499077219202,0.368421052631579
0.973162222924464,0.973162222924464,0,0.499577960792408,0.832360480550108,782.356098270913,149.999464287628,112.197530290151,848.079304597296,849.630777095772,7.29868301214459,1
0.888186933604432,0.888186933604432,0,0.208181241410025,0.138587251956838,746.911011736121,137.999507144617,122.194032339664,1454.64695306377,1230.53133665877,23.5467937899769,0.526315789473684
0.810727016014173,0.810727016014173,0,0.744387639458311,0.0468770713907951,974.055657421374,159.999428573469,122.335589406095,2028.82630559712,1986.70883543422,17.6960609618931,0.526315789473684
0.863286559453014,0.863286559453014,0,0.969562298392193,0.519056156473596,637.076671998674,165.999407144974,39.3980886354131,0.537543087537179,721.556536739992,10.0480290963182,1
0.697248290755006,0.697248290755006,0,0.0197209530734975,0.34189173870954,865.40502948431,127.999542858775,119.448987933509,1806.96923139276,1363.22205633542,33.874285949702,0.473684210526316
0.976999216705241,0.976999216705241,0,0.165171757187224,0.333007792257335,610.446861049671,141.999492858954,111.629782153497,770.099675753924,531.129793993699,13.2608120446411,1
0.912506595405924,0.912506595405924,0,0.317968865715238,0.522669580139203,790.444837211317,143.999485716122,115.980097835516,1100.94892843376,682.368969841678,20.114538788385,1
0.889970264458678,0.889970264458678,0,0.454121981400429,0.631475378886807,928.201109293063,135.999514287449,122.21602396187,1642.00317731274,1398.88732056627,25.7848231606014,0.473684210526316
0.714667173000017,0.714667173000017,0,0.748590811019981,0.556163583179509,854.537045764029,161.999421430638,115.068210185815,1064.34019012979,679.286014657359,18.7581474718546,1
0.703566593546827,0.703566593546827,0,0.972981769936469,0.465721171106082,692.583609937147,169.999392859311,109.64098415567,555.825944613417,578.909451320112,13.8642307899281,1
0.559369485288021,0.559369485288021,0,0.687532151056868,0.42416289904962,600.812859097525,159.999428573469,110.055032901788,627.541273246775,0,7.34782996274116,0
0.78604880868152,0.78604880868152,0,0.137051860287588,0.659370679568674,664.679464753459,137.999507144617,110.231682227979,744.457173722299,785.549822722701,16.0912385343755,1
0.865670320765151,0.865670320765151,0,0.585111091879715,0.0143340736717469,749.600186179415,155.999442859133,118.285481747887,1366.83127305921,1339.92535884251,35.0882422309102,0.526315789473684
0.894873454474758,0.894873454474758,0,0.396460368481051,0.446019161324079,740.543053882294,149.999464287628,113.66939881089,957.066663247214,635.898998865134,14.8805479871874,1
0.96029714411218,0.96029714411218,0,0.712099847364616,0.600280827621602,945.286701202095,153.999450001964,117.353771386424,1392.52913191706,736.96113577152,28.4527255058097,1
0.871159692982779,0.871159692982779,0,0.497060529990684,0.380761618412825,948.173101319892,139.999500001786,125.82557616394,1790.37297464933,1584.88075568374,26.2686357371684,0.526315789473684
0.87792998151094,0.87792998151094,0,0.310472677141326,0.666445590271578,830.924136573076,141.999492858954,115.47233746825,1177.27305050091,778.501521172784,22.9939644600419,1
0.937423727320686,0.937423727320686,0,0.759249430792369,0.29821760082297,781.520940522844,163.999414287806,114.796166715608,1019.97237080524,535.105281500162,11.768142107752,1
0.629502541697144,0.629502541697144,0,0.997972351714989,0.107150720933333,757.672595739792,153.999450001964,119.872641048676,1548.75915563606,1371.15639647297,24.9312734303682,0.473684210526316
0.852342961291412,0.852342961291412,0,0.233662440251441,0.66080414663683,614.255528598938,141.999492858954,107.152424219185,518.249758493758,780.069763461713,8.05043841871824,1
0.956936417857454,0.956936417857454,0,0.807941176113628,0.901837170061414,609.007531271269,407.998542862347,-42.0073392888571,1.52799704855079e-05,897.92520791202,12.6019239149128,1
0.94784324015359,0.94784324015359,0,0.864910679853341,0.37330938038112,789.790667030062,163.999414287806,114.471143735491,978.265847278746,600.108492200528,11.0873075703473,1
0.860313914688628,0.860313914688628,0,0.145919185980939,0.410763199000466,895.140434344193,129.999535715944,119.849409504198,1797.53707710788,1552.10570758146,28.3828880156,0.473684210526316
0.734328624460346,0.734328624460346,0,0.666807415931,0.522230601965844,647.587627428893,161.999421430638,106.142864003899,397.962044087626,674.502180946901,6.27607547066681,1
0.943689480739235,0.943689480739235,0,0.948210063972983,0.0810692295100492,608.414583696682,171.99938571648,111.205884579184,656.591260582169,331.650756237392,13.8039071791331,1
0.836855137846795,0.836855137846795,0,0.980744945987187,0.855039166065883,699.502087271762,403.99855714801,-44.3815607008749,1.23151398475664e-05,917.306197861553,11.3542662354447,1
0.667452806288196,0.667452806288196,0,0.529097504267939,0.460990589269743,847.434356802191,155.999442859133,115.796206876321,1176.27908934016,425.216460133272,27.0869590122702,1
0.838732789140007,0.838732789140007,0,0.207979745857267,0.516864457023006,984.756160209894,129.999535715944,122.560812687149,2064.91074424847,1864.28836957065,29.1331197237393,0.473684210526316
0.920939843839664,0.920939843839664,0,0.223039996681004,0.11101538048309,869.464547367325,141.999492858954,126.87836142781,1835.39619798033,1338.16884353215,41.6160905460007,0.631578947368421
0.862897181913214,0.862897181913214,0,0.657336180332872,0.954595110130297,605.827989304458,415.99851429102,-39.4242483028571,1.88919283862499e-05,944.285702029742,12.7910993144064,1
0.695185777125571,0.695185777125571,0,0.944052869033826,0.823179192859815,921.108096139688,165.999407144974,115.213146715325,1050.5863670355,834.667574147634,9.41351604571104,1
0.913160210586783,0.913160210586783,0,0.0754836477257975,0.848277129642409,679.72039165485,131.999528573112,109.471358256463,735.389152276054,848.635429767768,9.22744192117796,1
0.564860098266626,0.564860098266626,0,0.278555844277236,0.301026364499124,953.628138385539,137.999507144617,122.440694941576,2268.88227814924,1923.01745155926,29.3370449377889,0.421052631578947
0.80535339003201,0.80535339003201,0,0.902894195917069,0.650896175305343,720.94201335984,165.999407144974,108.329296352576,495.074928984351,813.983298671509,9.2381985661083,1
0.716652494242746,0.716652494242746,0,0.584008293953861,0.899096723200544,655.381821082894,407.998542862347,-40.1767438668084,1.94270176117825e-05,885.341035362318,12.6941101705574,1
0.891353458688703,0.891353458688703,0,0.045478362734968,0.344347117161155,897.945588904467,127.999542858775,119.843016791082,1876.5884652327,1425.46220620431,30.409751899347,0.526315789473684
0.933378525803819,0.933378525803819,0,0.994809306225289,0.261929446195227,895.770543985045,167.999400002143,117.341941991266,1269.89656950167,517.66679063456,31.5474114220056,1
0.60477945260292,0.60477945260292,0,0.550452986950599,0.113929674410946,997.637636905102,149.999464287628,125.28279967393,2397.49131355116,1664.51296248921,26.0254257439086,0.368421052631579
0.902604667006666,0.902604667006666,0,0.492939077514074,0.580159197576645,984.409631831266,135.999514287449,123.080442990821,1853.61621986338,1797.88406332319,18.513906514946,0.526315789473684
0.877138179327737,0.877138179327737,0,0.318272760281583,0.106927522496883,678.850130604044,151.999457144796,114.515911864726,1028.53892954622,211.612692947139,34.2034174038832,1
0.753232265881739,0.753232265881739,0,0.0269471877806151,0.74587728926871,607.583543666278,131.999528573112,107.24112808673,573.692140239788,815.965042784349,26.0154884083578,1
0.827773099345577,0.827773099345577,0,0.233008819608128,0.979484036953031,951.61427233519,127.999542858775,118.074909441871,1611.3303692956,1473.45470394212,29.7704319881032,0.578947368421053
0.808099024538142,0.808099024538142,0,0.0796461313101591,0.786248354116903,978.915057115105,119.999571430102,119.888331740775,1855.42376482983,1902.30635514656,22.9858517593026,0.578947368421053
0.536900822722015,0.536900822722015,0,0.119818821737418,0.699419050988134,664.334716791138,137.999507144617,110.361571854138,743.135130684072,284.520453141391,12.0262696816465,1
0.981053779120529,0.981053779120529,0,0.664543884419405,0.431181148354001,879.567686700885,155.999442859133,116.493778742073,1266.68396843248,629.232862201109,26.9639218241609,1
0.973876999200861,0.973876999200861,0,0.227266711590347,0.0488613325342407,613.895403212103,149.999464287628,113.551295338454,932.997890880423,235.534396868493,23.6147808248094,1
0.697611116359664,0.697611116359664,0,0.540068918593938,0.283957768555539,948.023845555004,147.999471430459,124.201763847862,1904.3128428377,1854.50234174323,17.8089492231392,0.526315789473684
0.703387118479751,0.703387118479751,0,0.829163091696829,0.981105644278607,645.738335610848,417.998507148189,-41.7754850576664,1.41923776333583e-05,914.465197549662,12.2328225803744,1
0.961948951896424,0.961948951896424,0,0.845966073353846,0.0900926261528133,602.104440363091,169.999392859311,111.059706993531,656.825307491228,343.729831027614,11.5519787117884,1
0.640067733816021,0.640067733816021,0,0.37106050489122,0.483455282187358,892.006801880979,137.999507144617,123.608789032599,1645.76507851145,1493.60343673462,23.7654369173456,0.526315789473684
0.784607063760479,0.784607063760479,0,0.642827162770002,0.356283102871971,895.994424768287,149.999464287628,122.342316792671,1574.29042222812,1313.6212263208,34.1549731594781,0.473684210526316
0.582445653041098,0.582445653041098,0,0.89960524302442,0.224661678583438,926.215982352969,147.999471430459,124.117678899759,2047.58976801339,1726.69811085132,18.8325830272158,0.315789473684211
0.806382525546261,0.806382525546261,0,0.386827771912666,0.409137920756782,989.969653177731,137.999507144617,123.221551347315,2017.3058959589,1918.35859748494,27.2455237791526,0.473684210526316
0.649188973159989,0.649188973159989,0,0.00592288893152171,0.361069250956566,909.722954354558,127.999542858775,120.932086765191,2063.32182982455,1641.74064459171,27.4976118679603,0.526315789473684
0.722896539076518,0.722896539076518,0,0.599155652489014,0.0153489440259374,889.82457823818,153.999450001964,122.648189006456,1987.74219349641,1432.0635179266,31.3639587894268,0.421052631578947
0.631608823975932,0.631608823975932,0,0.270792591693489,0.626326816242112,827.63858198388,143.999485716122,115.674186234165,1208.28708596587,540.111016910625,25.2481821421538,1
0.567631234241088,0.567631234241088,0,0.890911058629183,0.581998341893238,697.315179063681,167.999400002143,109.154726684062,531.375387151438,302.115893497546,4.42201275752743,1
0.921530765559846,0.921530765559846,0,0.103600537853244,0.515377433455505,777.376949375892,127.999542858775,116.569636689347,1361.3177438619,1158.07960888311,33.13281494406,0.526315789473684
0.809266846445302,0.809266846445302,0,0.862588919434566,0.797200283014103,719.054109359368,163.999414287806,68.9616712455853,9.67042163305121,891.807505332339,9.36173447871055,1
0.626032299611192,0.626032299611192,0,0.0136392502395944,0.284341429964621,755.440275858521,129.999535715944,117.891961346917,1625.71152937412,1130.63882067214,38.1033610785643,0.526315789473684
0.939845207909865,0.939845207909865,0,0.809833316778883,0.987016183153794,964.147447049309,159.999428573469,115.693715951335,1171.36898794361,941.64886524225,14.9622190586768,1
0.680021776667627,0.680021776667627,0,0.772051665992024,0.907283167531157,718.5596991392,409.998535719515,-42.3312407900596,1.44518842964785e-05,851.094355879215,12.4341397449886,1
0.898097861691636,0.898097861691636,0,0.489803674395904,0.0887874359658233,775.124397265146,149.999464287628,119.872685584139,1426.01391818311,1357.98977387168,33.0309100085175,0.526315789473684
0.78424940877058,0.78424940877058,0,0.570505092291332,0.976638483291787,669.969989847913,417.998507148189,-37.7742262034421,2.24099614733186e-05,965.213651272575,12.2455001543198,1
0.590283980469875,0.590283980469875,0,0.156491256070708,0.304933836813034,728.874580631907,133.999521430281,118.336234187672,1513.48265423196,1084.44986496592,35.5373938029789,0.473684210526316
0.920209455744969,0.920209455744969,0,0.263226921991982,0.935118426555674,993.652108890489,125.999550001607,119.625094447389,1809.0418149367,1810.57543275205,26.6568754773495,0.526315789473684
0.709590707162506,0.709590707162506,0,0.0712332988403082,0.774049570451871,756.235608669749,131.999528573112,112.364801213644,997.581319424082,790.121367859219,23.2074529204461,1
0.526518406878667,0.526518406878667,0,0.53824458138054,0.518451829409427,681.460739299515,153.999450001964,112.227057985646,821.778690516109,0,13.5225389151418,0
0.528248032706867,0.528248032706867,0,0.267699304772069,0.919272234960955,936.918482694384,135.999514287449,119.135148894298,1548.99221148913,1129.38597587064,39.510077305114,0.578947368421053
0.758790793451678,0.758790793451678,0,0.75721214352948,0.998157404690884,847.715519883633,161.999421430638,112.406904547111,807.854440588645,970.938100785958,19.5563808338356,1
0.740090629679943,0.740090629679943,0,0.257219956882741,0.111733884276796,723.667917145206,141.999492858954,123.918362697009,1514.06554995026,1048.77171684895,28.6683713058484,0.473684210526316
0.556954826647818,0.556954826647818,0,0.472204605983808,0.701778200711657,972.918119231837,139.999500001786,125.542765003488,1739.55976006226,1490.45546739501,22.0833665120202,0.526315789473684
0.967045671848737,0.967045671848737,0,0.496442426908583,0.278952326895389,717.54944071045,155.999442859133,113.724746625365,952.486476986265,505.277370402198,16.6903685233946,1
0.861630460884279,0.861630460884279,0,0.0598981801025458,0.197511393633555,816.21624044161,133.999521430281,120.085949884045,1699.05521539864,1232.60296628322,35.3370873932873,0.578947368421053
0.749521527057547,0.749521527057547,0,0.565162858394638,0.0807318167395035,612.927346011932,157.999435716301,113.679408487155,925.108399199824,28.2403578274141,34.5955389968812,0.473684210526316
0.797118795636981,0.797118795636981,0,0.704845585914734,0.526068950003874,975.106392206151,145.999478573291,125.519525664772,1736.30840178063,1486.22243471192,23.4618090656255,0.526315789473684
0.986972936499333,0.986972936499333,0,0.893063979989523,0.527870205866196,792.279653141871,161.999421430638,113.614824099919,908.254185134252,698.717365563955,13.6949892884892,1
0.610782487220058,0.610782487220058,0,0.34243708454705,0.650340920344577,690.25926536097,149.999464287628,110.583085229672,715.628106921712,519.507220914525,12.6662681259431,1
0.797387117758676,0.797387117758676,0,0.453391496782526,0.713739805404077,885.757718840201,147.999471430459,115.996034384388,1202.90472202789,833.124186788034,26.685764147849,1
0.534347980256324,0.534347980256324,0,0.460711090956163,0.351644837541025,789.374638555221,139.999500001786,123.799152647465,1635.22723806218,1233.65471673099,29.0939785610358,0.368421052631579
0.980577987708928,0.980577987708928,0,0.741861145360342,0.0754032894985188,806.850029969341,157.999435716301,118.516653663072,1413.73102660142,1343.85788052086,32.1724276730869,0.526315789473684
0.64031673777242,0.64031673777242,0,0.417536170800755,0.899546051102018,866.483006965684,149.999464287628,114.460598442602,1058.71874443838,780.086036985859,16.2968677742,1
0.548458190221105,0.548458190221105,0,0.0476897647410357,0.838991457730361,794.890732700396,129.999535715944,113.849740275845,1174.58927585347,726.489815572895,24.9324129805825,0.473684210526316
0.975005678382764,0.975005678382764,0,0.109038419388053,0.586291604373213,703.534304912958,133.999521430281,111.965666263744,925.483831140049,700.763717716986,16.8782070021487,1
0.696346031277943,0.696346031277943,0,0.951560289858661,0.727392945777525,923.267084016391,165.999407144974,115.684379692594,1104.78396325487,783.413203026015,7.49238078330436,1
0.714449652610261,0.714449652610261,0,0.504405053782073,0.82191865345196,940.349762868918,149.999464287628,116.338146978465,1275.59343232142,842.638605685571,26.2618102068134,1
0.914058411095682,0.914058411095682,0,0.887791208370593,0.084858665214633,857.883504657917,159.999428573469,119.251251575783,1515.88974062512,1483.37509306424,32.7287463282502,0.526315789473684
0.85288670645189,0.85288670645189,0,0.900439788984181,0.795572473129546,764.006939489469,165.999407144974,109.371116268184,560.541067466346,879.738816964391,11.5396661434854,1
0.588933772003533,0.588933772003533,0,0.59147174451072,0.486349815726387,825.49195603356,157.999435716301,115.415817562688,1125.21927225357,67.7250764804517,31.6993204449109,0.526315789473684
0.638111034759721,0.638111034759721,0,0.863946317670039,0.603624830832271,852.343060565351,165.999407144974,114.775935086663,1004.22331584811,575.630800462512,15.8686463406954,1
0.578163711461524,0.578163711461524,0,0.274243373158093,0.936571621247867,819.223422424853,143.999485716122,114.071408756545,975.512526500671,696.602943356505,14.4588934680658,1
0.985830764208267,0.985830764208267,0,0.326166833286995,0.0287706868594819,665.854172471311,149.999464287628,117.609169031538,1190.05569076453,1025.055454482,27.6774600195024,0.526315789473684
0.709459874650938,0.709459874650938,0,0.310718422890633,0.314341331452294,632.119502297828,149.999464287628,111.656019449512,784.790295505075,202.926567216062,14.5146194932909,1
0.985539688674031,0.985539688674031,0,0.5131387804753,0.196765488196309,693.059089201934,157.999435716301,113.621908154826,931.224659457916,433.87498296644,13.2974107256503,1
0.834091139490027,0.834091139490027,0,0.646239153162116,0.998980332816036,848.511547901367,155.999442859133,112.803952810579,876.183033998817,973.865647273508,9.08611389704951,1
0.702555077348459,0.702555077348459,0,0.919045112161612,0.949928731122227,861.436934245265,167.999400002143,112.743086896357,804.383923674969,902.728726157682,10.8769510708673,1
0.859022983729074,0.859022983729074,0,0.785034245703134,0.264771355159197,806.950623134693,165.999407144974,115.552549226065,1085.02694648909,494.668912478397,10.8919482399523,1
0.87628236121056,0.87628236121056,0,0.840820764852588,0.0346022342845699,921.882443522269,159.999428573469,120.600857001528,1740.85762968921,1798.48533365913,29.28045797359,0.473684210526316
0.515126835291549,0.515126835291549,0,0.532366129952055,0.319314170935618,716.884302763378,141.999492858954,123.582162545879,1469.06963589242,1081.53026321789,24.3871785004356,0.421052631578947
0.790563441542167,0.790563441542167,0,0.242891762596374,0.817951114722823,946.98676730569,127.999542858775,119.008603447129,1700.58470342852,1605.0795291722,24.9429539464944,0.526315789473684
0.982349454186395,0.982349454186395,0,0.72465567778951,0.713421434630724,767.973802086711,157.999435716301,111.897144929122,782.099400451959,796.487990753557,13.5446367273022,1
0.918808923494311,0.918808923494311,0,0.00956090010471111,0.528689538820908,940.105627727631,121.99956428727,119.904874623905,1909.78681523193,1691.59115999211,27.258652025107,0.578947368421053
0.79997894143092,0.79997894143092,0,0.63122023742836,0.349641537072452,697.054632126055,161.999421430638,112.228898791712,789.228342952685,556.9757053501,15.4217036372165,1
0.931893791622179,0.931893791622179,0,0.221846746007508,0.69849393921591,784.514410302824,137.999507144617,113.715299168842,1061.49788205779,776.083357656422,22.3728863584574,1
0.615440948265697,0.615440948265697,0,0.838657788743659,0.278210721420486,819.778616150377,149.999464287628,121.389419782345,1540.42585178481,1424.93196916468,41.3821960667421,0.473684210526316
0.823390889510234,0.823390889510234,0,0.0441591489722468,0.933989877392722,666.67900671145,129.999535715944,108.320757553129,656.567058711349,917.421787803943,9.5742314995986,1
0.681014613693397,0.681014613693397,0,0.27584329069338,0.672450169423247,606.746352656387,145.999478573291,103.771634531797,341.37949110284,690.259403436725,4.93621682388861,1
0.537574804997322,0.537574804997322,0,0.0966384563343232,0.882564401568638,633.219651926159,137.999507144617,106.522162118797,502.597559643492,560.557096995127,17.9401280635314,1
0.511029957889124,0.511029957889124,0,0.60782063717008,0.653127404862898,618.342763614162,161.999421430638,41.2567791223665,0.85517709329442,39.1816185311198,9.42012237952589,1
0.591621710715308,0.591621710715308,0,0.733314031982923,0.360171614183019,707.956546742586,159.999428573469,113.94868695977,944.773799444562,0,12.0168767773466,0
0.872008712838124,0.872008712838124,0,0.670653604793617,0.288925450672198,706.474041877859,161.999421430638,112.973553492777,847.842101635295,515.441044949751,6.63225213388994,1
0.851272907653513,0.851272907653513,0,0.184462872456636,0.506481097914201,878.211714874973,127.999542858775,119.992863023896,1681.03694351042,1662.19355972658,33.0535252846802,0.473684210526316
0.945706086275545,0.945706086275545,0,0.0090209590433753,0.380479803217011,724.312402357485,123.999557144439,116.463785135423,1319.73676200827,1136.98431847123,34.3723586736489,0.526315789473684
0.897530489708296,0.897530489708296,0,0.122523185184075,0.142916442875514,959.385685411742,137.999507144617,125.416606644415,2152.23098191786,1456.08761136645,22.9424861558228,0.631578947368421
0.838659988154709,0.838659988154709,0,0.361739520946194,0.790179342491705,693.669566641149,147.999471430459,109.319990339946,636.977598223029,861.073923794494,11.0801819646696,1
0.688356312617898,0.688356312617898,0,0.801299535315013,0.00494975610882331,709.941411827043,155.999442859133,118.780559299127,1488.64587901911,1239.64075260989,30.9373594332947,0.473684210526316
0.951715156811157,0.951715156811157,0,0.896083827257103,0.0963691506634561,635.95639649515,169.999392859311,112.134812454158,731.749212627821,348.689417652178,19.4807773061067,1
0.554190904200954,0.554190904200954,0,0.971334479883209,0.502863875148802,969.034897350013,151.999457144796,123.136108024499,1741.03432922117,1475.99021715337,32.3940082465401,0.526315789473684
0.681115894118103,0.681115894118103,0,0.0226020739764535,0.838155347473698,938.014957337402,117.999578572934,120.139470196571,1677.17216740823,1790.78267227719,24.7238084447953,0.526315789473684
0.826782087787296,0.826782087787296,0,0.586347481832707,0.766647360045099,912.996375195543,151.999457144796,115.750111763607,1195.53761912343,862.102705200539,14.8848175761038,1
0.98840176156847,0.98840176156847,0,0.378284926923511,0.131163620489476,644.871590793537,153.999450001964,113.117101568407,897.850294324732,360.022745109211,17.5588106132358,1
0.990334521959378,0.990334521959378,0,0.0966359677749772,0.602276580940361,931.256701385967,121.99956428727,119.575555037373,1801.24320964952,1640.13374189951,41.6736364671686,0.526315789473684
0.52801174953946,0.52801174953946,0,0.200473744667093,0.599316951320139,872.437960101187,129.999535715944,119.704951861023,1678.54509175342,1631.89303717706,32.2040089126328,0.473684210526316
0.863004194427665,0.863004194427665,0,0.377907182414957,0.884566125113399,657.980238963799,147.999471430459,99.2534252190657,201.758874102939,899.387257968466,7.11498300054566,1
0.868382251549805,0.868382251549805,0,0.548567028140909,0.35880619610813,706.746705619283,157.999435716301,112.68079146315,849.403143941609,575.28275113343,12.256351501336,1
0.937117859351327,0.937117859351327,0,0.714757110601829,0.251470837274573,780.357038966408,161.999421430638,115.118391944591,1053.57596949831,490.759849388242,15.5581545658864,1
0.518005802917978,0.518005802917978,0,0.201809599642554,0.550985682157327,615.366745600336,141.999492858954,110.923778273873,738.536349807373,0,13.0896198974023,0
0.936398762525525,0.936398762525525,0,0.530724217005184,0.988653210335112,800.290033712687,151.999457144796,111.67572993875,799.502634167067,932.122232806793,16.1707023517114,1
0.52573072280005,0.52573072280005,0,0.768317654733684,0.258303172120234,693.031919661023,145.999478573291,121.295455924918,1410.98116015862,1063.35008397893,29.3572104146722,0.473684210526316
0.553272486109594,0.553272486109594,0,0.426530092462029,0.371521964776919,821.358411611608,137.999507144617,123.386241253418,1687.42697764685,1341.39007645383,32.6013727830963,0.526315789473684
0.566584708555757,0.566584708555757,0,0.216458783783523,0.911897495746406,908.240404695064,133.999521430281,117.775014539442,1487.72262184182,1153.08005204765,26.8300802154959,0.578947368421053
0.721174876076636,0.721174876076636,0,0.777179543925526,0.860939194141894,750.913095119778,163.999414287806,106.447258665314,406.268836722756,878.617420650293,5.38144765334378,1
0.592046340865946,0.592046340865946,0,0.615758111543968,0.817020589791642,772.17916460851,159.999428573469,111.334743728234,726.320154334129,658.187247652582,21.0538810655478,1
0.754947500824007,0.754947500824007,0,0.72514908782635,0.143502200571227,799.770197698953,153.999450001964,119.409988448244,1446.04295432364,1378.76197515472,27.4961850730805,0.526315789473684
0.615251493018941,0.615251493018941,0,0.194883808437326,0.426678990559811,761.264482684882,133.999521430281,118.464805319268,1381.06870856952,1151.44207010909,37.012662683501,0.526315789473684
0.873564699856769,0.873564699856769,0,0.579829702827266,0.935358107313977,722.544944747668,155.999442859133,105.404398110832,383.866280736441,928.388539378992,9.39967761597036,1
0.842699998509233,0.842699998509233,0,0.48160904796431,0.681941083558763,705.9932018164,151.999457144796,110.335099611757,687.798568636686,806.421573789285,15.3656936978049,1
0.77753567040391,0.77753567040391,0,0.589245934520575,0.954566030895945,943.989210691165,153.999450001964,115.595750196776,1187.29584226958,954.755506080327,17.75427086596,1
0.721278887141951,0.721278887141951,0,0.768731978803962,0.549187296054269,685.948435645889,163.999414287806,108.646690862485,518.2567746369,684.305616037569,6.09035849160382,1
0.802880172622051,0.802880172622051,0,0.120613043325818,0.613845330925692,615.670652066114,137.999507144617,108.563624581619,627.866617544589,756.459951655722,10.9190903283838,1
0.862356670739794,0.862356670739794,0,0.333722609731895,0.771506541157853,977.435902629933,129.999535715944,119.951259665504,1787.81666991325,1703.24926180504,25.8028544870845,0.473684210526316
0.879077563078322,0.879077563078322,0,0.474963938322101,0.667759710188548,897.32651479689,147.999471430459,116.461415287938,1320.38937028706,786.195875537117,24.2255324905408,1
0.673831503254088,0.673831503254088,0,0.89543540354244,0.0282698193002557,870.5258386261,155.999442859133,121.645014187421,1947.45986752551,1612.81397724186,33.1373352786721,0.421052631578947
0.570199572010471,0.570199572010471,0,0.532173655342164,0.628528362657896,618.042277605973,157.999435716301,77.1339410641691,22.3604887444548,364.472654865876,8.76554255674168,1
0.576704511402916,0.576704511402916,0,0.52902091002167,0.692373528359847,993.380186425706,141.999492858954,126.912876154423,1784.75943727185,1555.27892907482,25.2665659193538,0.526315789473684
0.52790996128569,0.52790996128569,0,0.967959374756556,0.766386226954887,839.420810961413,169.999392859311,113.447907688058,844.176312473959,477.052954124632,7.62015091815471,1
0.805974546530174,0.805974546530174,0,0.194826581750666,0.399307241708427,650.749670062662,143.999485716122,112.401613351859,812.508222415112,582.82628373912,13.0148626229146,1
0.627709922997766,0.627709922997766,0,0.221001926296713,0.403239242237069,807.260737243837,131.999528573112,119.602370055767,1545.38144641675,1414.52714621002,29.6037658069836,0.526315789473684
0.951083283290314,0.951083283290314,0,0.325131896113664,0.416266518793337,883.157847551042,133.999521430281,120.914383950554,1680.2882289551,1602.50418540626,35.0471993572078,0.526315789473684
0.924632047313202,0.924632047313202,0,0.200442508177858,0.847813019690137,784.363219566199,135.999514287449,112.844880017051,976.870360978907,852.489711087602,18.1694505647221,1
0.543172387383624,0.543172387383624,0,0.964016163454312,0.199967794027485,727.673925912669,151.999457144796,119.966810296635,1522.79311701787,1159.3665225589,25.3098458086697,0.473684210526316
0.86928768623938,0.86928768623938,0,0.0297469172652495,0.679278667778917,940.697824232596,119.999571430102,119.544979113174,1784.44228926926,1751.99585465628,26.0007628435561,0.578947368421053
0.596169885464888,0.596169885464888,0,0.0388609422504671,0.189628121475291,803.994476971654,133.999521430281,119.692089975668,1923.82504366931,1123.50784428189,26.2284052154646,0.368421052631579
0.857221444697548,0.857221444697548,0,0.578736392487774,0.34565180035541,664.774696178766,159.999428573469,111.319490066851,726.494726695527,565.114709276322,12.2504078712728,1
0.839368435856689,0.839368435856689,0,0.87783283339798,0.253292401925388,854.868169574365,167.999400002143,116.610924224904,1185.99582797259,479.766265709144,16.0904621465624,1
0.778088335511654,0.778088335511654,0,0.0785303159954535,0.582575485192486,825.967255512459,123.999557144439,117.933244820789,1496.82630648475,1409.13070829817,27.8806130255056,0.526315789473684
0.95822211876135,0.95822211876135,0,0.128592012604131,0.433654717143335,811.035637864244,127.999542858775,118.177806157287,1509.52090120745,1383.11022967986,31.5447771915634,0.473684210526316
0.843733286057671,0.843733286057671,0,0.613851455388466,0.68167565440564,930.283765043484,151.999457144796,116.559051426618,1311.47077217826,811.782612936821,20.838560071353,1
0.753985657222954,0.753985657222954,0,0.149322912239071,0.903883729094441,983.361785309783,121.99956428727,119.533059173704,1826.67295281371,1963.80453775957,26.5493405343185,0.578947368421053
0.756423084655856,0.756423084655856,0,0.682637503998206,0.869585541298879,702.380141214046,161.999421430638,-9.0922214119662,0.002992306592179,909.886284196661,9.20175638165028,1
0.875378253663656,0.875378253663656,0,0.967688048479789,0.69239990869379,915.127107251471,163.999414287806,115.676972835849,1123.09369313145,819.861995245678,14.969957542675,1
0.851412975528396,0.851412975528396,0,0.912281232755551,0.24677042817719,764.702087333299,167.999400002143,114.612621346481,958.686026727185,480.136736079582,16.9552266821538,1
0.710972401707575,0.710972401707575,0,0.176085098123033,0.115699725346472,936.488965081741,141.999492858954,127.129020870978,2248.05377856904,1411.54914777022,22.8676712920734,0.368421052631579
0.854812917348864,0.854812917348864,0,0.0990259324018606,0.487961191779464,998.937137352367,125.999550001607,122.857667068283,2168.55642303636,1941.65176881492,27.2173003386678,0.578947368421053
0.599120361956529,0.599120361956529,0,0.583069869278194,0.406179526884449,694.171851036522,157.999435716301,113.008556725444,874.847940716781,0,13.8804849769437,0
0.704393733843679,0.704393733843679,0,0.97114103230829,0.808313092986505,860.91643340759,167.999400002143,113.583186246691,875.042271128242,840.132003921837,18.6703391632824,1
0.609648357706062,0.609648357706062,0,0.389127056783327,0.549052841270418,840.404145697605,149.999464287628,115.849061294947,1207.94667249241,350.938249547008,21.823095717108,1
0.717721937331148,0.717721937331148,0,0.831476101873994,0.536316868621624,716.773535582628,165.999407144974,110.685540251247,644.785000867884,670.328293799761,18.0152724194975,1
0.612776611058751,0.612776611058751,0,0.504034503082248,0.971591132185782,784.372676034791,155.999442859133,111.016360730988,725.650652919518,781.768557946119,9.84539796201878,1
0.591170611597796,0.591170611597796,0,0.301986760921955,0.978089771953912,904.913915068429,141.999492858954,115.863860058232,1213.08617371392,743.492672980657,20.6860767319593,1
0.716315513134653,0.716315513134653,0,0.153753652328203,0.340050746492082,746.783609857913,133.999521430281,118.444333821744,1347.65780630461,1116.63183619246,26.8140967564602,0.526315789473684
0.564874422128386,0.564874422128386,0,0.205218131316976,0.523117834779039,888.332309701728,129.999535715944,120.392214573713,1767.68295863476,1668.24304564342,31.7373551000304,0.526315789473684
0.734945984386123,0.734945984386123,0,0.948201272762822,0.0983030550234023,950.458836519897,157.999435716301,121.968534566301,1921.99173721465,1949.51863996195,24.6051280951739,0.473684210526316
0.596466085901745,0.596466085901745,0,0.295121972076031,0.773287118852624,623.589989849811,147.999471430459,99.9226435501852,219.009541457518,611.701943331905,10.9927077674378,1
0.537224009572366,0.537224009572366,0,0.317379173237937,0.253574840248094,615.63554880271,137.999507144617,116.652843628978,1237.20804646148,785.840635147481,29.6796386665365,0.473684210526316
0.901612164031412,0.901612164031412,0,0.119879297954573,0.82376298355422,875.355579324492,121.99956428727,117.595119358002,1496.61554707717,1461.73516711307,28.8499473542784,0.526315789473684
0.697919541391441,0.697919541391441,0,0.616222326438128,0.733873862949967,884.979098183614,155.999442859133,115.092950199503,1108.2557059159,776.574801913608,16.5161420902098,1
0.591853457106347,0.591853457106347,0,0.0992424786220513,0.806327340785733,814.058789742821,131.999528573112,114.355617014604,1214.81046971503,679.842662562883,30.0666098299582,0.526315789473684
0.569752315871866,0.569752315871866,0,0.25843053635437,0.836814545521638,659.511917774569,145.999478573291,106.863205132589,487.328204829111,607.645130741035,4.92639463694557,1
0.598223199123266,0.598223199123266,0,0.575027296207045,0.784135568460413,841.251709055509,157.999435716301,113.893650119366,976.56888417066,641.469028296667,9.52677985656483,1
0.576923195479548,0.576923195479548,0,0.27968556519871,0.25877798008912,957.188789053336,137.999507144617,124.004274510838,2274.46526634513,1750.94079776638,30.9427710729172,0.368421052631579
0.500757742541736,0.500757742541736,0,0.373334339253793,0.11649297093133,616.08129058784,141.999492858954,116.373772989131,1275.17989416355,304.53706230522,22.0248942601537,0.368421052631579
0.623121679025371,0.623121679025371,0,0.21852046092008,0.263749891041455,990.838460949055,137.999507144617,122.8006937871,2381.51182936921,1970.17763396101,32.1121837046048,0.473684210526316
0.702051173511793,0.702051173511793,0,0.608947538371526,0.382785270866859,630.226695062265,161.999421430638,109.479580567355,581.401765553065,409.362884436376,6.90572172448522,1
0.7900718339917,0.7900718339917,0,0.638257283246485,0.956394987731041,909.789166956996,155.999442859133,114.689072030005,1073.27187359985,959.602851866763,20.4405113812646,1
0.85796308677182,0.85796308677182,0,0.903638372498078,0.575676981569498,765.95329109226,163.999414287806,112.310095865998,780.248916479182,756.556262174581,9.14926363313201,1
0.777147113240248,0.777147113240248,0,0.204600540857112,0.762600867161135,746.886258955779,139.999500001786,112.512963846207,894.674898118947,845.915373472198,10.3150700049323,1
0.773144389979977,0.773144389979977,0,0.112595507110708,0.476237685481283,661.620119463617,137.999507144617,111.846204180827,838.843943077812,637.045253529934,17.0095914254707,1
0.946206261689282,0.946206261689282,0,0.510116751727199,0.808477793715555,977.637187496062,137.999507144617,123.142763564794,1692.82224389202,1417.1240968929,25.9888677325026,0.473684210526316
0.778526595469135,0.778526595469135,0,0.798534783387005,0.889697045102262,764.494382461216,163.999414287806,107.486920548802,458.154100617433,932.953169769791,6.21015409284351,1
0.550576027604484,0.550576027604484,0,0.346657278148716,0.739830154175041,770.548728662037,147.999471430459,112.907446711954,905.305348035548,456.4034676148,10.6461015920489,1
0.89663337815872,0.89663337815872,0,0.00990065597959144,0.0299882255821395,832.200293977046,139.999500001786,124.795343465457,1914.74718909127,1094.01560439297,30.0669030141008,0.631578947368421
0.684604285622018,0.684604285622018,0,0.834217806573992,0.496845926264279,990.098371579088,149.999464287628,123.418503973148,1749.30075615739,1449.55504822083,23.8588903654016,0.526315789473684
0.700568411668939,0.700568411668939,0,0.543852960328851,0.707091686786751,835.447500262074,153.999450001964,114.14342660769,1013.42071646231,760.420507379934,11.4364135274364,1
0.755636331287899,0.755636331287899,0,0.943675316742226,0.644730806323081,685.637668157307,167.999400002143,58.4174364113225,4.03622871725283,798.87066338355,9.93145561450763,1
0.912405519640985,0.912405519640985,0,0.363229511850441,0.78236430015093,681.129762762011,145.999478573291,108.86601205605,608.029469806116,831.374110949091,7.99796847223993,1
0.518617353404952,0.518617353404952,0,0.351931388820243,0.962372589742409,689.81524483616,151.999457144796,103.813494294681,331.771306439924,606.479607410335,6.81402372643488,1
0.586758113116238,0.586758113116238,0,0.670993245944396,0.0125179305006367,901.911760815688,155.999442859133,122.878398017136,2261.82718119505,1375.15790594777,19.254986060881,0.368421052631579
0.591063036725069,0.591063036725069,0,0.752581090466361,0.690523429041936,693.770440667141,163.999414287806,104.883253099051,337.147619222262,548.483576474611,5.67075018007864,1
0.791971898867117,0.791971898867117,0,0.262351640788266,0.457609851404381,848.346751730947,133.999521430281,120.090511610229,1537.24665885751,1338.4294792017,31.7599797997957,0.526315789473684
0.800579024261815,0.800579024261815,0,0.306880629001844,0.618651026456625,800.376712013942,143.999485716122,115.723266335809,1066.95132372995,769.798259161953,22.6666372946005,1
0.775886371373454,0.775886371373454,0,0.514917388244564,0.607532737793524,622.199856261048,155.999442859133,98.8969884087543,186.968073999897,767.73149070332,8.94730343275403,1
0.650354144693229,0.650354144693229,0,0.822577712145041,0.391648312662536,721.842040888145,165.999407144974,112.819269775494,806.606548738998,222.623638839933,11.2194200665394,1
0.736706735195855,0.736706735195855,0,0.419362232473618,0.360899614709334,703.292906807236,153.999450001964,112.893060563068,882.276894649361,454.555142058729,15.8293235686217,1
0.615887406368694,0.615887406368694,0,0.0892856486001635,0.199453164272467,611.883336859254,131.999528573112,115.155290597498,1248.3836926699,704.348348008011,26.9745422076489,0.526315789473684
0.525983143814887,0.525983143814887,0,0.82415604478773,0.865589619148096,782.716054081541,167.999400002143,109.734488746425,570.597122106926,570.337378239683,13.5888854299667,1
0.609863003897583,0.609863003897583,0,0.0740194718998385,0.431102015862287,893.939210722839,127.999542858775,120.323406824432,1922.82404464402,1594.41163514607,32.6551213540139,0.526315789473684
0.508508864118197,0.508508864118197,0,0.540522939900398,0.0208711589450292,671.635327733596,149.999464287628,116.987787080543,1458.4687718357,308.725741908677,20.5963363932845,0.315789473684211
0.506434921202549,0.506434921202549,0,0.434389036724592,0.0641087956555939,883.181802332354,149.999464287628,123.408408412768,2277.40421411185,1292.52522069576,23.8175996842312,0.315789473684211
0.801434829009696,0.801434829009696,0,0.802616345012258,0.32084297637951,968.960125266482,149.999464287628,122.972388721006,1776.72348947412,1623.66418745552,38.6636185285695,0.526315789473684
0.610772601989682,0.610772601989682,0,0.164902756919318,0.391385693613655,785.333288997067,129.999535715944,118.66483249453,1547.58804509899,1372.22916751464,34.3418597796163,0.526315789473684
0.755774127017922,0.755774127017922,0,0.946850188266464,0.958936147832465,786.025176527157,167.999400002143,78.5298825224993,17.0506718996355,958.064187620801,9.77536845174175,1
0.752536788683757,0.752536788683757,0,0.83712956250736,0.186482611891321,703.973561620858,167.999400002143,113.873048068013,888.302703418265,140.778347908056,7.48456878787927,1
0.797305823210275,0.797305823210275,0,0.473714334621021,0.830705015113733,622.170275567836,399.998571433673,-39.7360559749888,2.18083622449856e-05,895.16199285225,13.8685811249877,1
0.692347052660706,0.692347052660706,0,0.105995135784074,0.94886121435593,905.169236755701,123.999557144439,117.653476498078,1525.12734910294,1484.28926284088,29.3531169041215,0.526315789473684
0.762663521246125,0.762663521246125,0,0.750173351921378,0.460995565787086,603.285838190219,163.999414287806,65.7476703669058,5.02368932879277,655.371467515417,10.5623104310722,1
0.78408877287272,0.78408877287272,0,0.405178160978375,0.0963517621754941,819.926272528019,143.999485716122,125.305361197265,1657.89051055096,1324.70874527534,30.0158449496004,0.526315789473684
0.677807380048198,0.677807380048198,0,0.293007110823909,0.378905781483864,825.010160783466,137.999507144617,122.204727901753,1526.70674034789,1342.36118513308,26.4585760870318,0.526315789473684
0.874165612662878,0.874165612662878,0,0.633268049033459,0.806964855873103,769.820117483127,155.999442859133,111.390871491438,749.435301136256,867.722748001959,4.72606619017073,1
0.690535000434692,0.690535000434692,0,0.535182907308069,0.878561779370984,619.973958507224,405.998550005179,-40.2074318575463,1.87110539193701e-05,842.572784016325,13.177166599169,1
0.675873786043961,0.675873786043961,0,0.398824416559084,0.358647238505763,764.673545354391,151.999457144796,114.985064107892,1083.68649882834,167.656019121347,37.3997195538205,1
0.804879243500816,0.804879243500816,0,0.772005544221808,0.39028379643897,803.779075559187,163.999414287806,114.721815987843,1008.00669202673,613.618509819127,19.9905850198503,1
0.518944477401148,0.518944477401148,0,0.583801942083871,0.222940400591711,721.575843073764,145.999478573291,121.859378367472,1564.77958538791,996.534209350384,40.6815332575992,0.368421052631579
0.998161053611567,0.998161053611567,0,0.929838222801004,0.26791413661465,659.421106118867,167.999400002143,111.213358806657,675.933450206394,524.070407359656,8.3098247248683,1
0.574102512367849,0.574102512367849,0,0.133406148660056,0.0884783239268749,888.45759260694,139.999500001786,124.434166767631,2304.23577461043,1398.02620942623,27.4449336083347,0.368421052631579
0.93063815303766,0.93063815303766,0,0.563903716824372,0.42790142382487,919.458749624957,141.999492858954,126.621229741802,1685.99365840078,1516.27592822831,20.5454840240034,0.526315789473684
0.840106383495983,0.840106383495983,0,0.213157858880011,0.364132450148894,933.195981405292,133.999521430281,121.598963927036,1954.8333734407,1736.9724788704,26.2173976679101,0.578947368421053
0.953836921802864,0.953836921802864,0,0.673446925899351,0.987820934728886,787.010950237666,157.999435716301,110.482529567045,672.444334729863,934.227058104921,9.75057909589921,1
0.827386287805834,0.827386287805834,0,0.813549462921268,0.588200401337251,622.388863140977,369.998678576148,-49.1786809125949,9.1926334708399e-06,769.261309000056,15.4734373031461,1
0.528403627364094,0.528403627364094,0,0.976887006162093,0.804119995674294,847.853062280806,171.99938571648,113.392164432071,836.989422179451,524.296579747111,10.114320182144,1
0.633461965385918,0.633461965385918,0,0.00623909226375996,0.10344985136355,644.071375011323,133.999521430281,115.660497114982,1413.07174611891,497.642202265328,25.2638613352661,0.368421052631579
0.804376858372889,0.804376858372889,0,0.177662489283763,0.542825433279682,829.508664664722,129.999535715944,118.031119827774,1480.64317223101,1333.61930059023,29.4830395110148,0.473684210526316
0.616537519136739,0.616537519136739,0,0.253135327005805,0.163073771959373,684.40957109825,139.999500001786,120.340480441724,1480.14254089269,851.690254370879,29.343363463703,0.421052631578947
0.756550295925469,0.756550295925469,0,0.460405640559768,0.0140588898677251,855.189980316311,149.999464287628,122.939421226435,1905.4846215199,1337.94525133893,32.8056846094381,0.368421052631579
0.575280213139187,0.575280213139187,0,0.0564982614234484,0.00517938754951752,604.81902535729,135.999514287449,115.3111778911,1332.93506881649,95.2328622926533,20.6063737729315,0.368421052631579
0.63499706349847,0.63499706349847,0,0.718828553014254,0.77003565763798,606.23934577383,391.998600005,-45.3928020035117,1.24021878379101e-05,705.372326009043,14.7654347365469,1
0.731279279754577,0.731279279754577,0,0.783179436768512,0.336811334479809,908.410507166236,153.999450001964,120.814864532812,1576.53106521468,1337.001057954,26.8731909139799,0.526315789473684
0.709186830616282,0.709186830616282,0,0.872888464129415,0.800277622141325,850.220239120165,165.999407144974,113.463829404318,881.372245101328,838.132627222778,8.97541427633412,1
0.809982270294788,0.809982270294788,0,0.483324572964353,0.395620992735436,799.153945665696,153.999450001964,115.028362170056,1091.800287039,601.712065081044,26.0946421979969,1
0.990327313478642,0.990327313478642,0,0.0671133913632085,0.126840422241655,903.524289263416,135.999514287449,123.345523741488,2014.13659354706,1354.58894118021,34.1062849283901,0.631578947368421
0.908529188980005,0.908529188980005,0,0.202159859765482,0.982004765031392,888.28749824641,129.999535715944,115.678918252419,1364.62342019328,966.025339926751,31.2787610651327,0.526315789473684
0.500017852853743,0.500017852853743,0,0.0381043842935788,0.88483662326062,994.048516186819,119.999571430102,120.064141771348,1865.40918323737,1899.06826576462,18.4904231876219,0.526315789473684
0.64106849831345,0.64106849831345,0,0.689331748809095,0.347312007010511,804.175396639172,159.999428573469,115.758625379591,1134.89944796881,71.3545994872917,19.4035595606021,0.526315789473684
0.848082428253762,0.848082428253762,0,0.336254176466006,0.425277596627842,867.852740603491,135.999514287449,121.696655994835,1598.58490583694,1455.70917111602,25.3680895184405,0.526315789473684
0.78638288443827,0.78638288443827,0,0.107824851068787,0.779324294899208,776.512626707374,131.999528573112,113.007390926872,1066.63185041082,851.117886040491,26.8005605685233,1
0.587200282618417,0.587200282618417,0,0.565093262507061,0.928103208065427,980.044738187217,153.999450001964,116.498959226684,1295.61589443563,722.211656416673,23.064468172031,1
0.642599191429144,0.642599191429144,0,0.225689362345107,0.542641559251736,716.517613707204,143.999485716122,113.70703295989,908.273166667586,445.822362390327,17.1619785376666,1
0.908043401961446,0.908043401961446,0,0.742796117224841,0.977820602704479,823.09340065755,159.999428573469,111.874244566187,773.519593971105,942.997802873529,7.37027738517677,1
0.994607385595263,0.994607385595263,0,0.427608211769145,0.0529261628720724,660.207025675306,157.999435716301,113.955976707976,961.32488929665,281.707179940449,37.3910562118131,1
0.706723328767382,0.706723328767382,0,0.125966243133794,0.454165201185275,772.638644312624,131.999528573112,117.31284723272,1355.55135228314,1100.07828416725,37.4570975495928,0.473684210526316
0.642934699560258,0.642934699560258,0,0.303811360967489,0.310032696832033,688.334541957207,145.999478573291,114.713158163939,1090.5704848298,349.715815050113,25.681361444079,0.526315789473684
0.627936420354559,0.627936420354559,0,0.529218720095517,0.39535202669234,928.864295410834,141.999492858954,127.418060155708,1764.40928466444,1528.11761909737,29.9181137264777,0.526315789473684
0.989932627537681,0.989932627537681,0,0.324553076153907,0.274080740687615,847.917466848269,135.999514287449,122.532568315078,1648.60501459361,1510.44763616683,27.9578307879038,0.526315789473684
0.548265442136214,0.548265442136214,0,0.704482862553415,0.0492872248730519,837.451471623268,155.999442859133,121.665595301076,2046.71610678219,1142.91607462017,31.635653096392,0.368421052631579
0.860133448226041,0.860133448226041,0,0.898703486047352,0.204038315810268,855.722538371819,159.999428573469,118.611727821791,1434.87672915796,1204.76043840304,32.2510887516542,0.473684210526316
0.522244434032706,0.522244434032706,0,0.993491713035134,0.0494127620132286,839.394895446419,157.999435716301,121.569770550809,2037.45849949458,1136.56710922039,24.5355397014854,0.368421052631579
0.648230697433952,0.648230697433952,0,0.0106355072097191,0.789162361779691,756.781442707504,127.999542858775,112.587834791874,1057.88545631349,703.046890771212,37.9289296203986,1
0.516943437386531,0.516943437386531,0,0.119430703050415,0.0615647438143926,940.864705839137,139.999500001786,124.833433334244,2584.50420920072,1545.45514254348,28.2039633941689,0.368421052631579
0.668015528554429,0.668015528554429,0,0.727131272650407,0.351763663908838,646.209152562475,163.999414287806,110.695382372352,650.347153222847,177.079675283244,8.83658363335631,1
0.745832350928109,0.745832350928109,0,0.720877162996947,0.188302997568129,714.351902164568,165.999407144974,114.337914586982,953.740742133417,63.3454928020024,9.96216307746324,1
0.933059465502899,0.933059465502899,0,0.82593107712384,0.895317214368031,663.28451606341,407.998542862347,-42.1762040811057,1.531255021869e-05,900.18024622985,13.2847153885462,1
0.829632631218338,0.829632631218338,0,0.480680920225372,0.618998157212949,804.279756600967,149.999464287628,114.085994305768,1008.86793557413,773.436428128419,9.36132995934087,1
0.50750863679047,0.50750863679047,0,0.945243113568857,0.402162594786946,753.781901587014,151.999457144796,119.644132489415,1348.55643271903,1101.42525214064,31.1596360558223,0.526315789473684
0.799885254327665,0.799885254327665,0,0.593797849983508,0.0206796190518302,829.849864582734,153.999450001964,120.730024173185,1690.72728446877,1648.1675504318,29.4548712921919,0.526315789473684
0.544987039468646,0.544987039468646,0,0.319363225162836,0.109175855081866,964.102554468883,143.999485716122,127.178458957703,2482.78358558743,1675.48399553242,27.9408481849758,0.315789473684211
0.798845106274066,0.798845106274066,0,0.844551926955539,0.498703713240536,846.692264028,163.999414287806,115.078238765579,1048.54610455188,710.475423034602,17.0464391826337,1
0.727972398950527,0.727972398950527,0,0.823923555021533,0.691326734103712,833.137582764626,163.999414287806,113.689455209084,913.35379182032,798.19707640337,11.3275977799522,1
0.628623781293667,0.628623781293667,0,0.841585082590518,0.346475194120651,727.963558732031,165.999407144974,113.974417557203,915.35330674835,0,15.7549902040015,0
0.622475635866818,0.622475635866818,0,0.349016532752208,0.174726097986948,913.458789850531,143.999485716122,127.391572562223,2138.51394880733,1483.30923593485,22.5091040694635,0.368421052631579
0.539606450439241,0.539606450439241,0,0.3769498297365,0.836370353585086,954.646938650447,141.999492858954,122.554484265354,1577.10294468101,1044.6179997837,22.5208372856922,0.526315789473684
0.738086375166869,0.738086375166869,0,0.496967161339451,0.612022336193548,747.64318273473,153.999450001964,112.257831010312,834.22945180867,742.115938113144,15.6821531726877,1
0.870146899961074,0.870146899961074,0,0.941124225550859,0.882515544556906,735.037052794536,405.998550005179,-43.3809199828023,1.30481417229093e-05,917.646829531061,12.6342677392893,1
0.703628903988967,0.703628903988967,0,0.184934984094494,0.428330127045485,731.164799739842,141.999492858954,115.417670202803,1026.22636857836,448.529363532058,23.8910158451165,1
0.787933299591244,0.787933299591244,0,0.718934822404072,0.902986516939114,695.5205327884,407.998542862347,-41.1630498778219,1.6559903079881e-05,938.247904966172,13.8257141884418,1
0.750621157209124,0.750621157209124,0,0.438784166951615,0.981929584483774,861.459633613847,149.999464287628,113.853458620505,1005.36401202675,946.788160862998,8.8910954012425,1
0.733630085388945,0.733630085388945,0,0.862596574553199,0.48053747018777,998.077872486957,149.999464287628,123.430493017232,1769.15286705113,1475.76505755674,24.4004671388793,0.526315789473684
0.858269913605491,0.858269913605491,0,0.330397729594071,0.665714693004906,669.103903361157,145.999478573291,109.626177959551,658.564769591881,785.785997742247,12.1933715457312,1
0.752082763191609,0.752082763191609,0,0.101905030742683,0.528590912199103,645.459838984941,137.999507144617,110.711942850689,770.032580857855,666.711549781395,13.7423480620804,1
0.633731984941412,0.633731984941412,0,0.895679466032745,0.752719115324068,666.622545829329,391.998600005,-46.8280110647942,1.04655365320075e-05,699.82328862034,12.3435191253469,1
0.582417278695773,0.582417278695773,0,0.359106719874142,0.903919771869186,637.184007378283,409.998535719515,-37.3102053891862,2.62515210307582e-05,687.857368906485,12.6931000557518,1
0.993422000718245,0.993422000718245,0,0.857944955793606,0.236314140366327,980.977521871958,151.999457144796,122.198661777759,1853.01640402713,1788.93371435451,24.4847170251873,0.473684210526316
0.899671603661561,0.899671603661561,0,0.402463460518619,0.18873144253882,889.256935213562,141.999492858954,126.560559315869,1784.76569542954,1573.60760770316,30.6378002547786,0.578947368421053
0.511046672363877,0.511046672363877,0,0.00959741742397213,0.352535392537019,966.638472796599,127.999542858775,121.954586484002,2446.31376727489,2317.17173752298,17.6716562592916,0.473684210526316
0.767353212943876,0.767353212943876,0,0.921527625516847,0.196713621606015,679.318273482954,169.999392859311,112.788764546689,782.14828379628,263.270716710212,7.20014406845788,1
0.585212117590392,0.585212117590392,0,0.367811677276737,0.151738217526965,973.137150173744,143.999485716122,127.703757508331,2386.82212351689,1662.44331890057,33.8409242823142,0.315789473684211
0.766428505421744,0.766428505421744,0,0.518403961479512,0.381972083226346,819.470598994347,155.999442859133,115.481139963725,1135.98953625738,554.385118485177,28.8047413818967,1
0.730365916267436,0.730365916267436,0,0.0510206125147673,0.317307640257562,740.816249994023,127.999542858775,117.443976724563,1400.69988799481,1205.4024059305,27.0926588390186,0.473684210526316
0.74514322856749,0.74514322856749,0,0.589949305524617,0.87922943619235,731.804198515625,157.999435716301,107.440368865374,476.497383006594,903.39243486968,6.12163199873903,1
0.805129430948661,0.805129430948661,0,0.786953070618724,0.881111693841435,726.494139266033,161.999421430638,45.9084701547761,0.999413452272752,930.719383529507,10.0292163587572,1
0.537755547304915,0.537755547304915,0,0.259610195401745,0.123278144593795,993.680210799094,141.999492858954,127.46550499266,2573.17486305069,1805.70460908197,43.4607787871323,0.315789473684211
0.830270343219415,0.830270343219415,0,0.738576310772182,0.221135587754201,812.248045158505,163.999414287806,116.01210406546,1134.61647809982,414.666799521555,20.2388331075488,1
0.638455328120431,0.638455328120431,0,0.821341601807719,0.0898271533373525,706.303635601128,151.999457144796,119.140424365989,1463.68686379148,1210.39755007427,29.0131757436384,0.473684210526316
0.577224275241133,0.577224275241133,0,0.9888799568974,0.621167004977667,778.923008698902,169.999392859311,112.459853691417,758.912127555623,432.630772668128,14.3572045632791,1
0.559260372597169,0.559260372597169,0,0.454704556390918,0.658473345511578,967.856843877792,137.999507144617,124.840725607824,1767.08411610522,1609.51162462237,24.7346154841413,0.526315789473684
0.536402647213717,0.536402647213717,0,0.732675415929936,0.718210983429297,829.775639438518,163.999414287806,113.85967145036,931.591746392407,414.475847255128,12.0938525330565,1
0.526589642756943,0.526589642756943,0,0.748797575151328,0.524453569968262,622.637815500305,161.999421430638,109.133796016027,555.266746836774,0,4.37827420307136,0
0.838762770677434,0.838762770677434,0,0.0499131894146391,0.617835351154022,622.984887841574,131.999528573112,109.096830651159,694.898532651486,749.069677454381,14.3318421290406,1
0.774189660789958,0.774189660789958,0,0.569978988076517,0.046364287127494,844.831769149071,151.999457144796,121.384208616101,1764.79799273827,1629.39048653413,31.5153984334352,0.526315789473684
0.793297222273905,0.793297222273905,0,0.119460754342221,0.715810079399208,693.441222035374,135.999514287449,110.814266316266,809.530767662142,818.397117279083,13.2202839541931,1
0.873649039062045,0.873649039062045,0,0.422755811344054,0.630555169950577,748.434907761956,147.999471430459,112.641227198961,878.500966920417,764.440881930207,14.7373498170095,1
0.831604766671506,0.831604766671506,0,0.515443202607371,0.661917331666561,928.163434121887,147.999471430459,117.015663154578,1393.84563126643,800.037192734282,36.2105654971315,1
0.871894985722384,0.871894985722384,0,0.733386151489521,0.674947646524605,609.336679973259,379.99864286199,-46.2141237202084,1.23709425407618e-05,802.865695245017,11.332275718452,1
0.942618621947715,0.942618621947715,0,0.523899586795424,0.310361145383431,663.91315531435,155.999442859133,111.828419926735,778.732144592532,531.120257412543,9.09362050785896,1
0.563547025024461,0.563547025024461,0,0.395599429470123,0.0626459802628042,743.398422445626,147.999471430459,119.500563822348,1729.915146597,803.552472292411,19.7320148802395,0.368421052631579
0.709968176719043,0.709968176719043,0,0.195153532476374,0.298755805915811,870.496706852143,133.999521430281,121.703319826922,1788.77683869424,1475.26193967727,32.8551586555105,0.578947368421053
0.82910214895894,0.82910214895894,0,0.73300897473645,0.577525280786566,832.437071775453,159.999428573469,114.451809640766,1014.84954762465,758.995348376681,16.2277986637575,1
0.808490819786467,0.808490819786467,0,0.267459176439195,0.62803149545511,861.420127369156,133.999521430281,118.541171374882,1482.71255887724,1194.89605136328,27.7934166855339,0.473684210526316
0.925136372171052,0.925136372171052,0,0.00682609686346736,0.661375461361644,986.848548617337,119.999571430102,120.521557335934,1965.93396180921,1880.08334350387,19.9632823886231,0.578947368421053
0.728231234164169,0.728231234164169,0,0.248028735394078,0.137108451302999,822.854826448371,141.999492858954,125.998695399064,1804.52640902594,1176.07883745371,27.850937199955,0.368421052631579
0.660369047775189,0.660369047775189,0,0.865671309088954,0.717028441159068,606.556917187081,387.998614290663,-47.5208091647974,9.93960838115149e-06,717.342053376684,13.4699767239356,1
0.81572559264786,0.81572559264786,0,0.400130791000974,0.263233286335806,691.436695419454,153.999450001964,113.319353282293,917.64958145698,426.993268301358,19.9183084383139,1
0.740569852305788,0.740569852305788,0,0.345721776495745,0.28350274369877,761.726745239003,149.999464287628,115.514026914794,1169.554427445,308.157180026923,30.8537743420442,0.526315789473684
0.962258909528762,0.962258909528762,0,0.159666917446061,0.134988193760347,704.333674144284,135.999514287449,119.466319422874,1338.64750513308,1116.88953909329,26.5734162247627,0.526315789473684
0.957370314950768,0.957370314950768,0,0.579122432515918,0.0444969178902735,697.555653531779,163.999414287806,114.697190262948,1001.34560311776,257.431383378135,17.6751158210318,1
0.866816658423661,0.866816658423661,0,0.501643645866743,0.733656043012606,616.957854729446,385.998621433495,-42.2188041821462,1.88908203858397e-05,827.392491718808,14.4623688089996,1
0.700748229008482,0.700748229008482,0,0.346884139491597,0.304165233793524,900.660270691657,137.999507144617,125.034723912452,1783.08739886475,1512.27342787843,32.0234499640244,0.631578947368421
0.939237122813931,0.939237122813931,0,0.405810818636163,0.344935408075744,719.0373732674,151.999457144796,113.627019517932,952.309139564495,553.160263950205,13.7843564002748,1
0.857011090078087,0.857011090078087,0,0.250994420044927,0.441463344676572,861.994256393636,131.999528573112,119.766385443665,1599.92350353076,1458.58817008355,30.5779662781808,0.526315789473684
0.727304717775816,0.727304717775816,0,0.188549651552344,0.621710012369265,786.792846865502,137.999507144617,114.355394968981,1112.33560710395,719.707722101302,27.5747460489975,1
0.674336923295738,0.674336923295738,0,0.704655207678617,0.103214597024899,676.031701455191,149.999464287628,118.70586004493,1309.91980544945,1213.70732856273,35.9613776991454,0.526315789473684
0.585796821648536,0.585796821648536,0,0.886581199821702,0.111799568110407,808.734020771867,153.999450001964,121.041891260669,1809.82720021636,1244.39952616518,30.2009822820176,0.368421052631579
0.748614723444788,0.748614723444788,0,0.837980700462553,0.532198771626661,689.815979349918,165.999407144974,108.682768466294,514.636796989191,709.534348381546,16.2319104005296,1
0.512693755262017,0.512693755262017,0,0.533218952372611,0.636511521417249,792.144975885256,155.999442859133,114.043521758439,996.050626711496,0,11.1167075372581,0
0.808529129208574,0.808529129208574,0,0.653222893778552,0.549828569298128,845.026401055892,157.999435716301,114.99397663581,1083.1613719563,738.956147324647,16.898234139024,1
0.791719785781078,0.791719785781078,0,0.829019661727806,0.520840539832081,864.926074507877,163.999414287806,115.394419986741,1090.11811230994,725.790577539419,13.9264821972652,1
0.862953894466802,0.862953894466802,0,0.0967681088425357,0.02797657576015,800.541813283184,141.999492858954,126.204721357206,1800.16176770377,1070.18799194672,25.9331959665824,0.631578947368421
0.698525414048397,0.698525414048397,0,0.487050680876709,0.467611451540829,769.060968375916,155.999442859133,113.871977258991,972.409623137325,529.418237327596,15.7060895300445,1
0.936587275438291,0.936587275438291,0,0.740398285665283,0.887691390129264,822.430434632751,157.999435716301,112.494251881686,832.897131148586,892.681919540417,11.12119992199,1
0.784368993143331,0.784368993143331,0,0.354318954159345,0.833290763472047,893.320973513149,143.999485716122,116.070878900189,1242.95257857864,890.14226234414,25.8326692254299,1
0.590318287491716,0.590318287491716,0,0.136505376642313,0.655617925403055,892.89045523452,125.999550001607,118.829809281342,1651.34273610935,1568.44943557177,29.5233200790802,0.473684210526316
0.76588013932632,0.76588013932632,0,0.450819918922638,0.610933150297157,868.792633333456,149.999464287628,115.931363148783,1198.94493264114,762.904298829105,35.5332386632947,1
0.719712542205109,0.719712542205109,0,0.469521976702896,0.952351570935357,846.026955998851,151.999457144796,113.371945062847,957.38998450668,907.574636412765,13.2961564948446,1
0.848156168592216,0.848156168592216,0,0.741145937842087,0.442437567685545,778.815344951146,161.999421430638,113.827205333264,932.453022122121,660.105697334466,16.1297226775852,1
0.611185131588593,0.611185131588593,0,0.692647090448013,0.83159383278099,828.781250108067,161.999421430638,113.026199664253,864.149183877081,706.038467618557,16.8625707655302,1
0.948339434245565,0.948339434245565,0,0.339814300137572,0.470279101001564,677.624955400263,147.999471430459,111.800220889644,801.251918357296,642.64454769708,12.9332372434522,1
0.834613889270781,0.834613889270781,0,0.265049920201612,0.260200771705324,770.32166928143,137.999507144617,121.855543062548,1410.69344303393,1198.47325254921,24.9231342924402,0.526315789473684
0.666224755611155,0.666224755611155,0,0.222479875041141,0.995829586291731,928.862103941254,131.999528573112,117.10192353034,1477.98347552403,1119.78219437103,35.5934960068606,0.526315789473684
0.688654596805143,0.688654596805143,0,0.462464776012853,0.0194747605219101,726.257905881972,149.999464287628,119.81352449487,1617.02758777217,1002.44758258267,28.2168516836478,0.473684210526316
0.523288326765597,0.523288326765597,0,0.816167291240308,0.319198880894577,823.302397098125,145.999478573291,125.586013999094,1685.96856205884,1403.03220250614,21.6250890473663,0.368421052631579
0.759244407372555,0.759244407372555,0,0.964755526430105,0.47282017063056,632.978651516318,167.999400002143,39.7537327486994,0.58135820324342,676.542175620922,11.7498469159341,1
0.642230192461817,0.642230192461817,0,0.169744298897211,0.592857989428036,654.193160752616,141.999492858954,110.67938164765,728.949253186618,515.267894580391,10.8252082047575,1
0.678621837278545,0.678621837278545,0,0.516495513060541,0.9658810417702,690.633994091475,417.998507148189,-37.7372702347259,2.31401535845215e-05,867.695657335018,14.1239053730443,1
0.846213492002107,0.846213492002107,0,0.396667927601003,0.449287710314804,790.073652619481,149.999464287628,115.045722419438,1081.93368027574,646.597020213723,24.0459723857756,1
0.842611636347209,0.842611636347209,0,0.305064976996722,0.363803304389043,789.045616838766,145.999478573291,115.950378021214,1216.66655313499,562.919436850748,37.5657340768705,1
0.740202621447728,0.740202621447728,0,0.974750485623494,0.775924404981999,664.450319794575,393.998592862168,-46.1884967975971,1.08106280004294e-05,861.73826703133,12.3890395246711,1
0.990373202277095,0.990373202277095,0,0.183367274626687,0.588025267381224,817.062545860942,127.999542858775,117.080201924057,1419.38779190841,1201.54374191202,27.4821626959923,0.526315789473684
0.516183412149709,0.516183412149709,0,0.0270047502282471,0.769923661346011,687.615866064972,131.999528573112,110.578358413418,816.963837034222,315.188827169865,17.4129799334343,1
0.635312055902436,0.635312055902436,0,0.260487421615863,0.167182637766673,600.467476211265,137.999507144617,116.858376449555,1200.40102088073,823.288282917412,25.1070647363106,0.473684210526316
0.880175835170761,0.880175835170761,0,0.985199548553437,0.514501161953291,827.477845233141,165.999407144974,114.469419968386,972.195580477308,714.354799986629,16.5377985535993,1
0.543382552776504,0.543382552776504,0,0.312736838049606,0.67896991543629,810.942019263812,145.999478573291,115.221596174097,1074.44603638971,311.463103036239,21.8278569223082,1
0.576659490707912,0.576659490707912,0,0.463314244543623,0.218351612722106,769.303634723182,143.999485716122,124.6906551023,1683.80924331634,1122.92089214016,35.3231480366458,0.368421052631579
0.647830981981197,0.647830981981197,0,0.121269660925501,0.639128987680992,880.322551428519,125.999550001607,118.697347878793,1624.25601344821,1542.8386904756,21.0715005693864,0.473684210526316
0.594530394992836,0.594530394992836,0,0.64388333962548,0.440805830953694,642.411974651872,159.999428573469,110.576458816208,660.775716542321,0,6.46776887357057,0
0.866162915047763,0.866162915047763,0,0.171078668940516,0.199943678104646,895.049633469497,137.999507144617,123.623603499032,1892.82014874439,1410.87263165699,32.8262709602493,0.631578947368421
0.857722415867552,0.857722415867552,0,0.172901323528584,0.196046374175077,938.861125166081,137.999507144617,124.280405480141,2014.09717011908,1555.04368603842,23.0082704463458,0.631578947368421
0.94444483048039,0.94444483048039,0,0.255384197096357,0.884720264573986,703.034120604503,141.999492858954,109.750997112346,691.149773508419,868.486710156787,8.30414205593343,1
0.71866639711524,0.71866639711524,0,0.900974256409247,0.533090118305811,905.241005729531,165.999407144974,116.21411122511,1164.63180402576,674.331886883086,14.3560524002049,1
0.565590069177515,0.565590069177515,0,0.934497479498591,0.502601640153062,898.53262230564,165.999407144974,116.779911122441,1218.57049727296,53.0011708471139,18.3183969221396,0.526315789473684
0.60770104515879,0.60770104515879,0,0.175269975912561,0.709822534079181,967.691790427671,125.999550001607,121.14515455966,1881.74145534404,1764.63193781747,29.0931631559758,0.473684210526316
0.525296580102494,0.525296580102494,0,0.741196817222277,0.812142346637307,689.065653395526,397.998578576505,-44.86540697131,1.25060696932848e-05,507.883134981008,15.7106294521981,1
0.841001045948128,0.841001045948128,0,0.137173140997479,0.208839529500716,654.432862409683,141.999492858954,115.142025771986,976.366150990617,327.890601800672,25.5448779013113,1
0.872640663961227,0.872640663961227,0,0.024951952922906,0.672544964795639,759.433429614085,123.999557144439,114.703140633795,1220.14613857696,1005.87619417729,33.174804172025,0.526315789473684
0.715154594465897,0.715154594465897,0,0.786565336222667,0.911826206985122,988.807846819412,159.999428573469,116.429623269904,1248.15339997138,896.153845330513,25.5573700388679,1
0.771359899072375,0.771359899072375,0,0.926136043704875,0.402608228832041,653.89299817083,169.999392859311,107.650000781933,447.825744337749,617.014017660614,11.2787066238841,1
0.517222194213658,0.517222194213658,0,0.316711559379629,0.477447562645173,706.543500902767,141.999492858954,114.705052566719,1111.01304133811,438.467190150236,29.6025248265399,0.473684210526316
0.77161137265448,0.77161137265448,0,0.452051877177734,0.795781639174706,885.989726121207,147.999471430459,115.559615753518,1153.70637508412,872.585297920792,23.8670489412247,1
0.597809130223504,0.597809130223504,0,0.69702626655013,0.16490213505633,999.793895757653,147.999471430459,125.413571591169,2296.45449239683,1764.03160697706,21.5605418439302,0.315789473684211
0.655071717553434,0.655071717553434,0,0.469412594911702,0.430467725269786,733.315060575676,155.999442859133,113.356318322308,921.727462042162,292.541817261009,15.7338773008226,1
0.640649447356861,0.640649447356861,0,0.637504792086697,0.484295638062086,778.513106946618,159.999428573469,113.909459478421,947.422749005327,381.937168097731,12.1381267219466,1
0.620158646039666,0.620158646039666,0,0.365510321010453,0.163964285702983,981.927404772494,143.999485716122,128.450878870817,2324.13177282017,1700.58544717085,32.7049281961987,0.315789473684211
0.903072777134327,0.903072777134327,0,0.456753045437435,0.148848828834217,728.819072956718,151.999457144796,116.4497492003,1190.75478724433,676.539298661082,32.5521007786534,0.526315789473684
0.592651626580168,0.592651626580168,0,0.443117622583645,0.507449230331135,696.036562106673,153.999450001964,111.988993417573,805.957233462064,132.396904230111,17.2810025948252,1
0.881860489897005,0.881860489897005,0,0.94302932292045,0.39716286853558,862.801158968942,165.999407144974,115.953583029301,1127.69593969444,628.839337317698,17.2163541793989,1
0.658071655270094,0.658071655270094,0,0.0679022171101685,0.0149718732492623,923.445636542397,141.999492858954,126.469084243674,2447.07406925089,1422.65923347945,24.4287256799017,0.368421052631579
0.616051044188128,0.616051044188128,0,0.68900050389208,0.142872375457204,923.685377682913,149.999464287628,124.362022374657,2077.78334994882,1555.55243602875,23.5825925786918,0.315789473684211
0.643539324443749,0.643539324443749,0,0.0532168226667747,0.767783036353717,875.17587891797,121.99956428727,118.226945467549,1536.98906698116,1582.76710316311,20.85750696961,0.578947368421053
0.743259322926092,0.743259322926092,0,0.897758135981847,0.302274267591853,845.718118663183,167.999400002143,116.242980176176,1132.48634737523,423.353598269373,18.7774966607796,1
0.96537190498656,0.96537190498656,0,0.860992158632394,0.0256661571447183,707.18939199007,171.99938571648,114.783488175797,954.369245283038,274.176113431601,14.0843965497208,1
0.862928136341687,0.862928136341687,0,0.105598179849573,0.304447329180671,900.660968254235,131.999528573112,120.583096686578,1872.87396255026,1424.68594469486,33.1355518808928,0.526315789473684
0.975150153336602,0.975150153336602,0,0.250256895839402,0.263063849705419,914.155370375981,135.999514287449,122.578801128021,1868.06749063857,1594.798408377,26.7395951653105,0.631578947368421
0.897128951002768,0.897128951002768,0,0.0883460784889695,0.582501065847465,752.321623628038,129.999535715944,114.327284719824,1189.53069997116,794.87199621922,21.9289406436812,0.526315789473684
0.897543535749846,0.897543535749846,0,0.851530906345968,0.68181815690851,912.220842834276,159.999428573469,115.73256959875,1156.05779395268,802.237499088716,10.108506536426,1
0.696637908417123,0.696637908417123,0,0.746977030225627,0.535327122939967,925.898226810643,161.999421430638,116.715586331032,1263.85854315701,625.253793512074,25.8051466733958,1
0.567883428925843,0.567883428925843,0,0.85925898652865,0.566805238125981,633.066937757753,169.999392859311,-20.9322021289792,0.000909793331437762,258.054431579103,10.8744103367094,1
0.746587737719287,0.746587737719287,0,0.971374228106842,0.0364666696050324,935.916015708175,159.999428573469,122.256482468177,1951.87943280775,1914.70342862779,27.6610230816369,0.473684210526316
0.89578079714773,0.89578079714773,0,0.331422151297026,0.75781445243288,943.678821820735,129.999535715944,119.53610690383,1678.03871460834,1508.16200846788,25.2369183655689,0.473684210526316
0.793440729963203,0.793440729963203,0,0.625407235577456,0.165956519143789,826.484218602407,151.999457144796,120.113550317067,1492.79201277783,1392.80780990164,27.8266398162634,0.526315789473684
0.566114317656131,0.566114317656131,0,0.868315645023836,0.27781988747106,670.263748091152,157.999435716301,114.980166682459,1053.4443892612,350.011107718515,27.6593451997941,0.473684210526316
0.710600119558172,0.710600119558172,0,0.548467091063746,0.861831173792362,773.985777537226,155.999442859133,111.248005279288,742.178169008666,859.010907729475,15.7261996101289,1
0.566820505546852,0.566820505546852,0,0.503062382064046,0.768103692349086,777.742594945112,155.999442859133,112.328071803936,833.858015643947,552.518825353763,14.13473259979,1
0.963988749518056,0.963988749518056,0,0.384772944691674,0.0229697283080909,850.637528999552,147.999471430459,122.533659660622,1680.96125556048,1549.81210015511,24.7276263939267,0.526315789473684
0.812819947072936,0.812819947072936,0,0.935555489855307,0.0718884487159687,765.876671100668,171.99938571648,116.1527348713,1083.07771712258,69.6074923872401,21.2909620151692,1
0.910814061991027,0.910814061991027,0,0.143906250989125,0.435153804563848,693.710385764756,137.999507144617,113.256057307065,948.942896761919,612.525253887689,24.4385405289663,1
0.894239372073417,0.894239372073417,0,0.853520484741766,0.082713440123154,784.690326969195,169.999392859311,116.235818603119,1115.27560749616,279.660950845902,20.8294292174544,1
0.632979241762873,0.632979241762873,0,0.910124404406736,0.857630354414734,660.973745260378,403.99855714801,-44.9852894603146,1.11652826741138e-05,765.555255024399,12.9216671165761,1
0.955862716020372,0.955862716020372,0,0.0517384015150651,0.664611977296899,819.59436341022,119.999571430102,117.737944075338,1441.81213939617,1414.59692652459,40.2898626762051,0.526315789473684
0.735309027886385,0.735309027886385,0,0.159444405222323,0.456560383795528,705.356722164126,139.999500001786,114.041037510294,946.768576781278,569.869354318269,19.5243358361669,1
0.948051315098204,0.948051315098204,0,0.656855411280723,0.161624569996848,807.040360645039,153.999450001964,119.389237722625,1421.81088377054,1259.57345772083,35.1230188605372,0.526315789473684
0.757900757159492,0.757900757159492,0,0.816515622225222,0.294940036693592,606.225339855385,167.999400002143,107.70507159885,454.710133377109,436.504553822627,11.8019059050261,1
0.984182992909059,0.984182992909059,0,0.422599303539243,0.00848788732720562,986.067123794322,155.999442859133,122.503721711285,2177.26266962195,1856.44152378008,21.6909662406775,0.526315789473684
0.946062847099336,0.946062847099336,0,0.940786515773475,0.293621435722351,803.312780219738,165.999407144974,115.221744568697,1035.47609566773,542.323452929063,11.9429567979803,1
0.946709155135037,0.946709155135037,0,0.349682615884194,0.161852369575746,781.512409777502,141.999492858954,124.207343121398,1467.73432296249,1306.67811377346,20.8821369245964,0.526315789473684
0.631807990297377,0.631807990297377,0,0.972448552833468,0.330412804065314,980.836686725687,153.999450001964,122.274974951347,1850.94702284851,1756.52927322818,31.5802348527714,0.526315789473684
0.830839636422365,0.830839636422365,0,0.910640185350272,0.126550452219654,725.962973857525,169.999392859311,114.609321204847,940.399037941431,268.169795463232,16.9819184833691,1
0.867516181210882,0.867516181210882,0,0.891390747752842,0.601282538562859,666.073545124332,163.999414287806,87.0775799529013,62.464526424309,768.128930432335,9.02856610272264,1
0.697684968480233,0.697684968480233,0,0.858728013810956,0.855255032972437,861.09897093705,165.999407144974,113.495985711455,886.195739666839,851.555319850688,10.011631863239,1
0.73150200302787,0.73150200302787,0,0.0655670910232499,0.649293363451439,825.497238372869,123.999557144439,117.398282968705,1450.53753596928,1360.98488378488,26.3272328370593,0.578947368421053
0.574658904471532,0.574658904471532,0,0.947699320970026,0.726857985089441,734.714282418747,169.999392859311,106.071027329797,371.237837218295,560.398997055583,12.7728942652804,1
0.560344451925058,0.560344451925058,0,0.337173817072037,0.200909037402786,773.978413622103,141.999492858954,123.727239333021,1755.32478902849,1073.2034325611,25.2230175128529,0.421052631578947
0.580751772365695,0.580751772365695,0,0.292562662837379,0.414654045126983,963.158883048771,135.999514287449,122.304274608784,2168.20886626963,1869.9806498668,23.1030127746253,0.473684210526316
0.94075352748594,0.94075352748594,0,0.794987152688188,0.190322541630716,873.97331391153,153.999450001964,120.25225850516,1558.34587224063,1441.76653533007,28.448626679237,0.526315789473684
0.592896402021272,0.592896402021272,0,0.901259355550919,0.127657616338287,806.084946056521,153.999450001964,121.132224012841,1764.57163768185,1285.97696995631,28.4671176525588,0.368421052631579
0.821856907158389,0.821856907158389,0,0.778575337520064,0.758791374138704,611.921500409761,389.998607147832,-45.1123792461581,1.24367728572203e-05,866.118597064274,14.7037449456764,1
0.574556977211718,0.574556977211718,0,0.0422720344141293,0.992777985318253,665.886114651829,133.999521430281,107.83124523447,605.690453352087,708.838148253847,6.25840638171491,1
0.515945531085408,0.515945531085408,0,0.548261228513423,0.319782416290628,950.68988415682,141.999492858954,127.713650439544,2131.55347985007,1701.2157939789,24.6513325380453,0.315789473684211
0.597562711233546,0.597562711233546,0,0.291763009219518,0.610809765076392,663.443484100935,147.999471430459,110.150218230322,688.281775639386,410.705952638879,20.348839916469,1
0.779529734273174,0.779529734273174,0,0.333679488959492,0.145548722511949,873.283583372834,141.999492858954,127.790877855319,1824.71321914626,1369.57779547698,25.4834274640713,0.526315789473684
0.613004676868576,0.613004676868576,0,0.711331256747253,0.386982263581377,721.122284272094,161.999421430638,113.600676745556,904.946375105469,0,21.6970243132952,0
0.612665374296837,0.612665374296837,0,0.37011485488001,0.454920616853621,912.403333157381,135.999514287449,123.12343685621,1734.65551707802,1537.16400608617,25.9223768234647,0.526315789473684
0.514996861384741,0.514996861384741,0,0.831862431038595,0.758411395370753,668.39079662439,393.998592862168,-46.9727542501123,1.01436403764435e-05,408.710428251003,12.5480707738164,1
0.704752341023555,0.704752341023555,0,0.916039507252031,0.676755865963862,613.215887016577,381.998635719158,-48.4206347395925,8.98395377188499e-06,762.695209365719,12.1187643894293,1
0.534138854580545,0.534138854580545,0,0.542586298176754,0.617857999926544,759.35784531087,155.999442859133,113.065085975866,891.698630380669,103.080175542395,16.8966426281768,1
0.733563150519143,0.733563150519143,0,0.456982421311348,0.914014471906947,666.627339840972,411.998528576684,-37.7143185309908,2.70399207039952e-05,904.536888459938,13.3105138279225,1
0.870878244096116,0.870878244096116,0,0.56999378964442,0.312708013636091,627.815375277676,159.999428573469,110.241571625565,644.68797177552,533.310192669127,11.6572273021825,1
0.943029723767602,0.943029723767602,0,0.773883735956881,0.844745555413568,721.095238476758,159.999428573469,103.182106035032,286.299229851524,871.449978629707,5.44794478778712,1
0.6008844089807,0.6008844089807,0,0.085507819040502,0.585563012063372,733.795983220251,133.999521430281,113.24963505789,1052.56675971096,372.684643068431,25.3146034242965,0.526315789473684
0.83060061875884,0.83060061875884,0,0.112718543794045,0.219078029976709,838.923126759013,133.999521430281,121.009311078908,1728.69677831887,1284.10974637089,29.5529540428698,0.578947368421053
0.677741526605288,0.677741526605288,0,0.444069146462446,0.998582747964093,661.687358550927,421.998492862525,-35.8288817157238,2.71573542191643e-05,877.468092619824,11.7410263648019,1
0.993577486651537,0.993577486651537,0,0.541098497343802,0.01728666274996,928.347949289193,153.999450001964,121.239346236517,1857.01252566907,1812.00491162961,38.2018428744806,0.473684210526316
0.525982878550341,0.525982878550341,0,0.775651629168384,0.316401980712911,871.059608450362,143.999485716122,126.747123950357,1806.46645653618,1537.80371529504,24.3957078976936,0.315789473684211
0.540451560600274,0.540451560600274,0,0.513316321778576,0.613165444554548,793.132141445047,155.999442859133,114.017598459562,993.38642029352,134.205545653865,10.8618789947611,1
0.870995093038244,0.870995093038244,0,0.703142133552682,0.185392432067206,797.920189391348,163.999414287806,115.932998713743,1132.78680522943,390.85344987599,29.9875435612547,1
0.533767447694298,0.533767447694298,0,0.271259345255752,0.996057993512201,986.709093839959,133.999521430281,119.447858719848,1691.35207115555,1421.02430335579,25.1388805706061,0.578947368421053
0.509940121263436,0.509940121263436,0,0.554329013606475,0.935183464561534,860.449838173832,157.999435716301,113.742877842001,959.970090660388,578.48535686323,11.2589438047065,1
0.883162707363532,0.883162707363532,0,0.0849047557154778,0.800656841756099,752.711418841965,129.999535715944,111.928699819039,959.850254854512,835.883117899357,25.4456960769339,1
0.526450204279533,0.526450204279533,0,0.793024615219,0.146581916725092,881.961347740172,153.999450001964,122.700311117004,2104.55366401077,1400.24504643828,27.6014389956939,0.368421052631579
0.973340158603278,0.973340158603278,0,0.59504477877306,0.537371819391747,931.922123490936,141.999492858954,126.038696559211,1654.13416667611,1401.53222262279,34.2423887465212,0.526315789473684
0.942173467230063,0.942173467230063,0,0.363076736148188,0.0866037110707794,619.792471124285,155.999442859133,112.789710571819,865.982880853308,273.525704118493,14.7800804661616,1
0.731259453570798,0.731259453570798,0,0.0311812291291949,0.89455983971733,791.708926331762,125.999550001607,113.736718817412,1165.06819316863,899.415856802671,27.9975658691934,0.473684210526316
0.715185175359517,0.715185175359517,0,0.754631168731912,0.518577862822176,950.882249825509,159.999428573469,117.303983068702,1351.0786073633,645.25127749409,21.286185961804,1
0.507167600854813,0.507167600854813,0,0.837907928839244,0.00277726301035564,691.440772457021,155.999442859133,117.662607110835,1492.1336536443,385.61994244698,32.572850104499,0.315789473684211
0.528862330893968,0.528862330893968,0,0.279294717329795,0.808817950752362,910.574068475348,135.999514287449,119.638706164562,1525.54040701824,1136.97191069948,27.2098429607381,0.526315789473684
0.718900489765298,0.718900489765298,0,0.399911647755285,0.244394648638748,665.977330873763,153.999450001964,113.298240937789,912.496531109271,0,15.1260711601121,0
0.758785536364298,0.758785536364298,0,0.166605555402002,0.139632219881496,780.208145618252,137.999507144617,123.197384722046,1664.88967333268,1105.87929564502,28.7884273355736,0.526315789473684
0.707280370698949,0.707280370698949,0,0.299176809409439,0.505062643932197,602.973594525216,149.999464287628,107.825134346558,531.557833497753,583.686738976526,9.69090325155788,1
0.646095970629498,0.646095970629498,0,0.0381372102780683,0.622593101771087,628.755351922375,133.999521430281,109.402401815905,708.202327366396,550.84890843356,18.9522042355137,1
0.577093398164324,0.577093398164324,0,0.130245464176148,0.405893435752428,823.32519672791,129.999535715944,118.993328641111,1695.64551110866,1346.11222667908,25.6809538847259,0.578947368421053
0.879474746813695,0.879474746813695,0,0.0393353053217869,0.696893157528828,894.211336050707,117.999578572934,119.260764563044,1629.66100935301,1673.06705086868,24.9051577034647,0.526315789473684
0.649591223855712,0.649591223855712,0,0.922307486098732,0.589938107842615,645.15298160962,373.998664290485,-50.8987280027802,7.56770633571907e-06,591.10097945493,14.7078894494994,1
0.69337584496444,0.69337584496444,0,0.480894069138702,0.954018496441064,666.323087694856,415.99851429102,-37.4901149287048,2.45417745370693e-05,878.465698374273,11.0281086418707,1
0.735325588647298,0.735325588647298,0,0.236508536553445,0.172933984228837,841.68054856435,139.999500001786,124.793489619843,1800.99163255267,1246.31784593813,21.7347257469658,0.631578947368421
0.811131697251417,0.811131697251417,0,0.712881042067535,0.957705360040264,844.318130262348,159.999428573469,112.718355088614,850.733780988074,962.878174095221,13.3861471246264,1
0.612021648531452,0.612021648531452,0,0.270991632181894,0.444326372982936,618.896745699966,147.999471430459,110.68328320187,718.563574158636,0,13.4024285212134,0
0.577160518248358,0.577160518248358,0,0.0703249862057982,0.920307809855616,657.122832114556,135.999514287449,107.893102844099,599.847265274647,671.598165134728,8.47087406907465,1
0.680755274224967,0.680755274224967,0,0.894738774357843,0.660255112760219,850.497426612359,165.999407144974,114.306659466676,956.641605353741,711.803061925611,19.6819899076551,1
0.978724022379992,0.978724022379992,0,0.569577954835999,0.286228759480745,660.279141854129,157.999435716301,111.820288148843,770.82094951812,516.572115259963,13.9616775198628,1
0.986921828267243,0.986921828267243,0,0.65127389227238,0.545158254002233,832.161560410126,155.999442859133,114.874934838148,1079.60231654387,699.656019288126,10.8772663104893,1
0.951430999320249,0.951430999320249,0,0.197468784021673,0.185262045033465,736.157533178936,135.999514287449,120.099738818512,1389.39753087224,1170.98086044917,34.0182277887619,0.526315789473684
0.718029742659588,0.718029742659588,0,0.871592226041002,0.0352333931206286,998.989436210849,159.999428573469,123.629509100413,2321.71854656586,1980.91926546075,19.9452112007854,0.473684210526316
0.7041195244527,0.7041195244527,0,0.811580370555859,0.949043487825177,614.78001364453,413.998521433852,-42.4015436123812,1.40431988412092e-05,901.212640041624,12.7317229399328,1
0.701100592811925,0.701100592811925,0,0.102890565785709,0.797168416106138,608.279300677724,137.999507144617,105.457665753862,449.016835080981,793.297859222916,6.88996750560857,1
0.833480163597515,0.833480163597515,0,0.482497885655866,0.589798414066009,688.695145870887,151.999457144796,110.389831560455,687.182711172027,754.067620833094,10.423084262161,1
0.915890333556857,0.915890333556857,0,0.481471310454057,0.55319444212624,742.906998425289,151.999457144796,112.729837633661,883.153417989448,708.299036632322,13.7918332073604,1
0.652559317121429,0.652559317121429,0,0.222942457303024,0.594156582824127,877.968720697088,131.999528573112,119.258636978065,1582.80516870786,1439.92855886643,32.144254540352,0.473684210526316
0.861998399112351,0.861998399112351,0,0.327107540201993,0.748173448548367,623.886727538875,145.999478573291,103.000720958525,314.071399896459,828.931276693406,5.64543703025495,1
0.760136423964873,0.760136423964873,0,0.0973182299938237,0.174564694266717,870.514364337938,135.999514287449,122.460134217181,1923.25851421206,1294.52367667599,23.0796762048679,0.578947368421053
0.926910326739263,0.926910326739263,0,0.722712177220405,0.0945434330279673,976.547267112069,157.999435716301,121.601444350978,1925.93255062346,1924.27293480394,22.8830546786568,0.526315789473684
0.738624049956389,0.738624049956389,0,0.906276261718832,0.314715833037303,909.332213330433,167.999400002143,117.447176066274,1282.82357716559,435.217896766778,30.9793485743885,1
0.922045377989119,0.922045377989119,0,0.896839053610339,0.202247863752477,845.201970025178,157.999435716301,118.443162168163,1411.00274881097,1160.44067537307,25.0606156029265,0.473684210526316
0.872315853502853,0.872315853502853,0,0.753050766208659,0.506751518083194,923.112110675884,157.999435716301,116.780420883364,1288.46051228555,701.41053499277,23.8641957617945,1
0.957273834988634,0.957273834988634,0,0.204109160472015,0.888555640386203,988.599525416537,123.999557144439,119.833765227762,1840.59457016773,1950.84472194374,27.0676700774941,0.578947368421053
0.755173632888392,0.755173632888392,0,0.752838767890722,0.604039353038308,897.239207976929,159.999428573469,115.783521442411,1158.63575598134,764.054398713828,19.9157385481895,1
0.529382472096201,0.529382472096201,0,0.694079217184006,0.858664514477738,938.095791994981,161.999421430638,115.775010286503,1160.79827868962,564.758129869943,15.016987775886,1
0.904490502816819,0.904490502816819,0,0.0663920429377366,0.711068571831743,731.557690517579,129.999535715944,112.020599879878,979.25903196045,781.641825799859,26.8641229377861,1
0.736249942790975,0.736249942790975,0,0.211278206451183,0.146566607973409,769.219707443752,139.999500001786,123.731041595314,1632.04345744829,1091.96319498335,28.1246874163288,0.526315789473684
0.881585354907093,0.881585354907093,0,0.919639622389278,0.288827881111398,726.366343468986,167.999400002143,113.230365760312,834.769441672367,534.428685659496,17.9561379763796,1
0.853542824202458,0.853542824202458,0,0.582590049732679,0.0910999176492376,799.858408984951,153.999450001964,119.453183416425,1457.55079712425,1404.84093229902,32.0391889593941,0.473684210526316
0.857097154138971,0.857097154138971,0,0.454672886180149,0.718965589013323,965.644276221417,135.999514287449,122.033212745466,1711.73236353283,1493.30880696289,29.1452151025635,0.473684210526316
0.80274171471166,0.80274171471166,0,0.0699920659095549,0.446437819390488,763.543431643654,127.999542858775,116.779716382862,1362.88751297399,1167.095807208,34.6386650284095,0.526315789473684
0.779730050081199,0.779730050081199,0,0.768557182649249,0.511635363191162,801.474007841206,161.999421430638,113.937515808528,940.023510554186,711.811461918685,12.1170254872432,1
0.946651008714849,0.946651008714849,0,0.255989733686703,0.851168597444424,831.489850932779,137.999507144617,114.159137020202,1108.20339287436,852.018527207553,24.327833573288,1
0.798680168858804,0.798680168858804,0,0.539214762452108,0.862887687318,735.064864026995,153.999450001964,109.396798089123,607.936141215292,913.200721131913,8.39102425971454,1
0.527381945137551,0.527381945137551,0,0.280710059568861,0.39777506332035,986.123395834722,135.999514287449,122.526710351326,2343.0907717185,2137.89782567351,15.9665587382748,0.421052631578947
0.562642886811883,0.562642886811883,0,0.729620428688963,0.978266498075685,844.218275984063,163.999414287806,112.505851693597,803.048700755095,718.762706748665,19.4582199922276,1
0.603619807849433,0.603619807849433,0,0.443733791198633,0.052592976855206,848.711662026496,149.999464287628,122.668364716884,2079.75743901474,1249.36062655741,32.2168884882008,0.315789473684211
0.85230168540764,0.85230168540764,0,0.973692092173653,0.756299326311844,902.252457745761,163.999414287806,115.075886397612,1048.44564101317,862.193129181159,11.7126854561017,1
0.86682235032075,0.86682235032075,0,0.74329898616326,0.112807443611263,648.779403206408,167.999400002143,112.696536942256,793.671617652701,277.313821652333,16.4620024911624,1
0.669330567629808,0.669330567629808,0,0.580950801518361,0.616946781348841,656.775651597371,157.999435716301,105.917423491621,396.58057823262,639.803166290537,9.47950101094218,1
0.734709356210254,0.734709356210254,0,0.361924175735118,0.958183685764747,647.276218552431,417.998507148189,-34.926858286153,3.12416843155187e-05,920.735061063173,13.4950365350853,1
0.750020062716964,0.750020062716964,0,0.161931072286693,0.464635908428726,988.860158363232,129.999535715944,120.785574503186,2002.6825488201,1630.04270246977,31.6416862863246,0.631578947368421
0.987417548321229,0.987417548321229,0,0.382877838479692,0.698948057815394,716.822127601295,145.999478573291,111.360110024387,779.821943010701,774.902333795237,4.80956392048301,1
0.596862887654293,0.596862887654293,0,0.255947696538036,0.656986055209819,907.138096579004,131.999528573112,119.765652322183,1633.34452938465,1483.49783394641,34.8121195902744,0.473684210526316
0.9204208869591,0.9204208869591,0,0.0800174626521571,0.17535795816017,607.632732077677,139.999500001786,113.466881050921,902.218162077622,345.623613879621,27.5985469436736,1
0.553777126505816,0.553777126505816,0,0.886438568124078,0.134879417010489,855.731494834698,153.999450001964,122.044963781152,1979.91133070561,1356.30876690614,36.9357775323787,0.368421052631579
0.82253791727859,0.82253791727859,0,0.150481075288672,0.811229837037975,880.15226089694,125.999550001607,117.478198425904,1501.09202941714,1381.21415072847,35.2249356362737,0.578947368421053
0.866202236268298,0.866202236268298,0,0.693163826174792,0.257363712061373,987.446422853798,151.999457144796,122.949684816067,1917.04807629249,1911.70226448426,19.0604568842866,0.526315789473684
0.627606850354444,0.627606850354444,0,0.469204663912107,0.907204413904435,829.94722909683,151.999457144796,113.140929687187,926.849575121414,767.183778106766,14.1201712492927,1
0.837039640526625,0.837039640526625,0,0.579102378051393,0.679657290359151,618.067260414819,377.998650004821,-44.8242249907234,1.57202464478971e-05,811.032581589278,14.1096328224855,1
0.575746687353992,0.575746687353992,0,0.0303748538120543,0.828983657168719,864.807960476238,121.99956428727,117.704668115649,1487.85041701249,1484.49129866554,27.0621031582857,0.526315789473684
0.771654730097973,0.771654730097973,0,0.0664290614336153,0.409907134542206,868.54400189004,127.999542858775,119.156148805006,1733.05299633226,1478.44625603277,25.1253861582212,0.473684210526316
0.966297797801058,0.966297797801058,0,0.357045689600409,0.441419628516826,898.743116109965,133.999521430281,121.237201017957,1705.79833768316,1627.76941896952,23.6575087091454,0.526315789473684
0.8236535297944,0.8236535297944,0,0.315110770427514,0.283195797488361,968.234168098013,137.999507144617,124.155385001919,2053.76351494032,1767.5080760356,23.0106959164521,0.631578947368421
0.840149515620314,0.840149515620314,0,0.0607538266624996,0.586815083458054,678.124275049112,131.999528573112,111.196529649166,863.264283561789,729.708787797895,15.8791314413008,1
0.53417105066,0.53417105066,0,0.547910485202282,0.346895071225794,818.080807258719,141.999492858954,125.866289733451,1703.62809269138,1308.93365721161,36.773372562145,0.368421052631579
0.571233076944946,0.571233076944946,0,0.0989757431403075,0.768500348614801,809.008984991788,131.999528573112,114.894060814133,1250.48443692442,799.693056530959,31.1396470721879,0.526315789473684
0.889489857300184,0.889489857300184,0,0.818127035648637,0.298403516749527,606.224795882341,165.999407144974,107.709455329802,460.540180490208,536.762077986509,5.15148464802588,1
0.983780046479443,0.983780046479443,0,0.445855807945585,0.168666137221386,664.779339514911,155.999442859133,113.200082025736,899.508158687379,401.931487174929,18.592387757516,1
0.882294059108971,0.882294059108971,0,0.626045119312945,0.205132000068487,911.424106984048,147.999471430459,122.740514031912,1717.17313704508,1633.85246726302,29.3305298688269,0.526315789473684
0.800486687879914,0.800486687879914,0,0.189890210967894,0.550601316122123,786.686861558184,137.999507144617,114.858274286422,1177.87862633439,715.683276546639,35.3272380983297,1
0.898576037163991,0.898576037163991,0,0.12620796557577,0.0853117684667679,669.583526574455,137.999507144617,119.254298773964,1285.93716969333,1062.93666190384,33.8647124874629,0.526315789473684
0.64952729935845,0.64952729935845,0,0.714814551819887,0.565474991778625,697.627230049238,163.999414287806,110.032128029597,611.144617783374,547.969189892191,9.94031619632314,1
0.710356640508851,0.710356640508851,0,0.769050124246722,0.794172541662225,807.243555178879,161.999421430638,112.308060878475,791.235419345044,832.787722390455,13.0150510934636,1
0.764090004388862,0.764090004388862,0,0.305724185917391,0.739280254762875,702.369323962565,145.999478573291,110.495081737603,720.420882660502,833.055692328726,12.2874794400759,1
0.931867181533752,0.931867181533752,0,0.818688320852351,0.564490835044237,879.255797667204,159.999428573469,115.596576181019,1138.61568354553,725.308807062568,18.9105989358651,1
0.983349940205269,0.983349940205269,0,0.160494259305882,0.670452313943693,863.907235621128,123.999557144439,118.289060254111,1559.07538367269,1497.46298550714,24.2895176485358,0.526315789473684
0.628922303568234,0.628922303568234,0,0.531937852326263,0.746304215368929,946.049908637685,151.999457144796,116.873895429076,1354.7668743337,668.668540821041,30.9564789255642,1
0.91905479910298,0.91905479910298,0,0.54872490239245,0.944270555588618,999.201781530667,147.999471430459,117.378280147588,1476.58690439641,916.427702330842,25.5064721661651,1
0.854839300714924,0.854839300714924,0,0.53123094623095,0.780046865818918,605.200147842838,391.998600005,-41.6715686930041,1.8652736148185e-05,857.173612895633,11.7444619053814,1
0.542180492247446,0.542180492247446,0,0.693098024086228,0.800718934253148,840.540633960471,161.999421430638,113.670551581077,920.388958827878,538.869793006442,17.4753305043145,1
0.775380004536324,0.775380004536324,0,0.743364375305464,0.89135956750037,641.712051903162,407.998542862347,-42.1683020422877,1.54492272382185e-05,930.762813293405,15.0945526700732,1
0.540606272064362,0.540606272064362,0,0.728071628580666,0.468266408163525,672.380453046647,159.999428573469,112.147693335346,782.787800076923,0,17.3805509199404,0
0.54896303214959,0.54896303214959,0,0.717694413153969,0.720101379349406,641.551145367636,385.998621433495,-46.4941420872628,1.08307455343702e-05,460.200736864309,11.5502386921942,1
0.586109378497576,0.586109378497576,0,0.250763198461419,0.75639075204549,654.142469935647,145.999478573291,108.204748687476,568.707591020288,567.836547335893,14.7520037023592,1
0.555370809425919,0.555370809425919,0,0.524246283910237,0.803239058426871,837.216469538729,155.999442859133,113.82821367838,977.241089478584,562.681559238881,17.6504794190769,1
0.617370194280978,0.617370194280978,0,0.520171423836899,0.527097095736865,703.829614650866,157.999435716301,111.602635696257,760.213286478143,357.961594891203,15.3626460803847,1
0.892343201690569,0.892343201690569,0,0.699684365548585,0.449458766449997,826.748844373291,159.999428573469,115.071365871321,1077.35510708104,654.784611535507,12.3552041653624,1
0.58183012163817,0.58183012163817,0,0.416323845848219,0.456416565699868,997.920515091271,139.999500001786,123.526572026882,2137.68226242185,1943.31684057475,21.383104440944,0.526315789473684
0.887655944876561,0.887655944876561,0,0.293000598740113,0.173450039088169,668.862163437461,149.999464287628,113.919385648716,963.731002430734,339.973073303522,19.7348991276734,1
0.799962033944471,0.799962033944471,0,0.836601311592671,0.795951076151279,943.565183196202,161.999421430638,115.881166321921,1171.7068451726,891.183053915369,9.39671485622381,1
0.929868187666306,0.929868187666306,0,0.82768548662079,0.633708987162591,918.804793968266,159.999428573469,116.139306795619,1209.29169819087,765.939433106931,16.0297654042755,1
0.845490670238209,0.845490670238209,0,0.93658243114794,0.0121282559324327,660.558913384769,171.99938571648,113.999970271644,865.304162251106,9.65376654337649,10.0163988543947,1
0.76555913939069,0.76555913939069,0,0.947354622036794,0.254071640820791,846.602908852157,169.999392859311,116.530310689458,1151.56351695989,395.302927101405,21.6611788839592,1
0.734845562563158,0.734845562563158,0,0.771157802986477,0.780272346189622,809.507847901595,161.999421430638,112.478305836608,808.805616779188,852.476985203424,7.36726397514452,1
0.562523516005794,0.562523516005794,0,0.290539433058179,0.434218995637637,603.945223588088,145.999478573291,111.492181775482,758.859447218495,0,13.1972726130064,0
0.664167017036489,0.664167017036489,0,0.406261594950709,0.26351344986344,626.598717532439,151.999457144796,112.768874413351,868.032798256691,0,14.9193633312892,0
0.53198813635486,0.53198813635486,0,0.210680104915079,0.930238086075875,642.501483177557,143.999485716122,100.896408214645,251.40796669524,599.604491528509,6.65963095103644,1
0.727549722552972,0.727549722552972,0,0.255784680558707,0.583703655349297,696.843951906159,143.999485716122,112.039207177941,810.450450251917,694.056519748526,11.9606330037915,1
0.572275047664556,0.572275047664556,0,0.556598734497377,0.049670762126564,651.612992729719,149.999464287628,116.973453864398,1403.8320122798,580.157780318421,45.3811288086732,0.473684210526316
0.737963713749669,0.737963713749669,0,0.94919796581948,0.558160911932992,797.57523291957,167.999400002143,113.293701042215,848.787673746542,723.405788948127,13.3317336436168,1
0.687372904848024,0.687372904848024,0,0.86888477294162,0.686043412503332,732.250997743302,165.999407144974,108.525523822504,502.6540700924,739.852905589738,5.4998977078977,1
0.603043930503432,0.603043930503432,0,0.782875800340741,0.9002942725447,986.210132783054,161.999421430638,116.4841515976,1240.27674842387,740.043515832604,16.4555021385058,1
0.927523709838047,0.927523709838047,0,0.21922542140074,0.658808790968376,667.511841234485,139.999500001786,110.377155307322,727.87000458024,755.221763545054,15.8356714696452,1
0.754150439740814,0.754150439740814,0,0.285112809518908,0.711342746576412,960.913620256337,129.999535715944,119.91552027125,1781.03836862113,1751.8200711794,26.6987719087799,0.473684210526316
0.762938502303519,0.762938502303519,0,0.0730130126974988,0.458913057032652,852.160504779095,125.999550001607,118.865713464424,1643.52880614205,1488.25039296336,24.1605288176289,0.473684210526316
0.694990684203212,0.694990684203212,0,0.726418491106179,0.597133732884942,901.052673262202,159.999428573469,115.957069519059,1177.83786610459,678.251435206166,22.5628324955443,1
0.53084916387461,0.53084916387461,0,0.475558669191113,0.797627712606823,760.699251096548,155.999442859133,111.661899587761,779.333017969397,484.713739215317,14.2772185589375,1
0.741009235607188,0.741009235607188,0,0.998215966013273,0.253203877297839,945.266191660066,157.999435716301,120.84369241315,1680.23774908272,1561.23254058438,43.4109497796144,0.526315789473684
0.828705410224608,0.828705410224608,0,0.928635167658301,0.381438939031673,825.54011464575,167.999400002143,115.180276504712,1032.73291972204,618.679846804433,9.9925533804867,1
0.953097424507584,0.953097424507584,0,0.156921509752021,0.28312066518807,816.584000279842,131.999528573112,119.809645494211,1607.94422599777,1359.58408611919,30.9073300084537,0.526315789473684
0.755026934369767,0.755026934369767,0,0.652690902063384,0.545002230319579,941.801311953324,155.999442859133,117.386242866023,1385.81234273751,716.821266565536,29.4399943484625,1
0.529121083508084,0.529121083508084,0,0.996569276658882,0.633662362529969,765.682304456928,169.999392859311,112.196881203824,735.298823216984,232.200136223856,8.90491857670624,1
0.806845710418411,0.806845710418411,0,0.99738369610045,0.630918862397466,796.493472450225,167.999400002143,112.717169933392,800.157173409206,805.59240188278,11.4886905703089,1
0.532007464811044,0.532007464811044,0,0.832861372706185,0.389055753115715,891.314234379196,145.999478573291,125.39281158373,1785.45102493539,1513.37354880667,37.766345189065,0.421052631578947
0.579709389798762,0.579709389798762,0,0.458437479904757,0.660419637792451,911.748098286437,149.999464287628,116.802679355327,1353.66972000502,448.514802078408,28.4202494885797,1
0.599707969962375,0.599707969962375,0,0.459193654490483,0.94054381407162,947.465592233241,149.999464287628,116.138609938189,1247.2447116611,743.811536925244,25.2000393394575,1
0.970155821320524,0.970155821320524,0,0.572537472247065,0.888994919129746,892.594959205123,151.999457144796,114.882283270073,1105.7634252377,880.80630938099,9.67811147816153,1
0.864132647413339,0.864132647413339,0,0.389447710688705,0.832668345952038,763.525287200564,147.999471430459,111.921669234458,829.305853011495,874.156217774533,12.2412680962472,1
0.563906972117284,0.563906972117284,0,0.922866825281101,0.487843921486257,764.514287543992,167.999400002143,113.852705018933,897.084731169027,0,16.577373485865,0
0.550840856408348,0.550840856408348,0,0.260966918084993,0.322002443561004,988.591771494746,135.999514287449,121.787476851704,2425.07352213513,2105.29600422015,24.7938531162763,0.421052631578947
0.982500444030794,0.982500444030794,0,0.0152794050116714,0.0144058230851979,805.901685392076,139.999500001786,124.505036481835,1807.9324901615,1063.49661003236,44.3260268640789,0.526315789473684
0.644519000306399,0.644519000306399,0,0.27420778608056,0.069818878147397,629.911960848937,141.999492858954,117.843369716327,1349.55861247474,579.328892752615,25.2483968356361,0.421052631578947
0.93207844250916,0.93207844250916,0,0.78929975138828,0.355700685941538,619.545283418658,163.999414287806,107.888309497683,476.68488321294,583.4614165766,4.91585022568613,1
0.671939041444188,0.671939041444188,0,0.191500676292688,0.681186081276853,891.158621349013,127.999542858775,118.602963193875,1594.65765778408,1450.28698850172,36.3709263817757,0.473684210526316
0.960715496773789,0.960715496773789,0,0.730843791603252,0.504050624425031,656.20421082734,159.999428573469,108.527677471568,527.061091341085,680.599950148067,5.85270634792516,1
0.87394132543585,0.87394132543585,0,0.0864206398909685,0.0125572196791797,657.749009759195,139.999500001786,120.673366745286,1368.45729649207,894.922733859185,35.3189061038767,0.526315789473684
0.678083183108099,0.678083183108099,0,0.3048808538067,0.672653204056859,951.694741868991,131.999528573112,120.35491733375,1754.77873036017,1681.42500530282,24.7231105352358,0.473684210526316
0.73938088608437,0.73938088608437,0,0.12449426281069,0.52804319116319,665.573579538728,137.999507144617,111.563024272127,815.328931393947,653.146380545453,11.8526268749399,1
0.862790144167852,0.862790144167852,0,0.846708465245655,0.540492920579729,780.785021508876,163.999414287806,113.154631971061,861.236318560595,730.15956390496,10.6786263850637,1
0.759622795890715,0.759622795890715,0,0.175477481546652,0.958076508657341,605.305365242252,425.998478576862,-30.3040911601821,4.79726331359051e-05,930.447671525545,12.8588968188184,1
0.7163366667284,0.7163366667284,0,0.226439268658252,0.309659578792426,922.019545078479,133.999521430281,122.505997052954,1888.05069333428,1599.80424021202,27.656347364499,0.631578947368421
0.733826349916308,0.733826349916308,0,0.712011674333251,0.761777413849443,651.067542176042,389.998607147832,-44.6556558684378,1.28112565586473e-05,839.270050417191,11.6920114353249,1
0.804683613591094,0.804683613591094,0,0.220873007782411,0.533034860165078,806.508163702978,137.999507144617,116.683734320361,1298.32148575737,752.565101794317,26.341684474727,0.526315789473684
0.663726447421025,0.663726447421025,0,0.391774752296773,0.361844893646751,672.140755026274,151.999457144796,112.471874228961,848.752300590443,79.6200889303538,13.1583357370501,1
0.710733326683147,0.710733326683147,0,0.842363891087398,0.0661114060155722,996.520674732122,157.999435716301,123.512081423865,2296.41246714355,1909.97670050704,18.4727629318672,0.368421052631579
0.763858365645004,0.763858365645004,0,0.50595625650251,0.229036458591178,888.12843534657,145.999478573291,124.866877898226,1705.19984873912,1591.45316932447,31.3395287133764,0.526315789473684
0.880690988666046,0.880690988666046,0,0.211631984216047,0.632650626763813,797.668434216265,135.999514287449,114.592945813265,1172.53744615303,753.115682362027,27.7216974630784,1
0.738704428624591,0.738704428624591,0,0.778005343238914,0.922851167850801,721.05219896228,411.998528576684,-41.6983122594424,1.58972423441352e-05,924.15723751078,14.5176706392042,1
0.82365656645895,0.82365656645895,0,0.0934704358219162,0.152306498949592,937.045238788598,137.999507144617,124.405133686368,2108.80806869898,1406.15288449312,24.2424574211968,0.578947368421053
0.569649369366814,0.569649369366814,0,0.94557519678488,0.360969179331574,880.762349879343,149.999464287628,122.475165445446,1657.43363502148,1503.42905033801,39.4895064382521,0.473684210526316
0.721656919693738,0.721656919693738,0,0.639891348403995,0.691902742204215,682.378834663862,159.999428573469,105.475215216557,374.838999930054,782.724202454911,5.77933832484328,1
0.573632544914731,0.573632544914731,0,0.393896886699336,0.02334976176141,689.513717310244,147.999471430459,117.498478193051,1539.00990867189,482.239878013052,24.2650315853,0.315789473684211
0.524614162852827,0.524614162852827,0,0.378123757430645,0.71562343805261,884.431447281705,147.999471430459,116.219063682069,1292.41600063376,398.695122971288,30.0537166071463,0.526315789473684
0.851951893928146,0.851951893928146,0,0.563824181882377,0.190719366071576,908.930462260268,147.999471430459,122.967293746061,1745.45661984362,1671.9258574635,26.7084714092797,0.526315789473684
0.71898672278012,0.71898672278012,0,0.265174136664453,0.355729839352438,948.816363595901,135.999514287449,122.446707695269,1970.36186855321,1756.20953866781,28.7924978060702,0.578947368421053
0.59732519850272,0.59732519850272,0,0.856051530838329,0.818380832892276,901.386559402857,165.999407144974,114.899543666892,1022.24112237738,680.029792341368,16.1967289454664,1
0.697023313511072,0.697023313511072,0,0.334776309440226,0.575430144636145,725.026113485357,147.999471430459,112.428413223371,857.917363664476,640.14109503307,10.43214319458,1
0.842218686447544,0.842218686447544,0,0.632149144742378,0.593465193553398,680.808165679297,157.999435716301,109.221288900174,580.777147947046,761.268291405711,15.9131716241104,1
0.737731068402509,0.737731068402509,0,0.235827808449602,0.453514087238933,960.656010792368,131.999528573112,121.649374620443,1954.87506658435,1788.89877608033,31.0364005267393,0.526315789473684
0.783297315954009,0.783297315954009,0,0.0711394956360886,0.376251975579794,976.960493254317,129.999535715944,122.64686757171,2180.48088475476,1840.4806441038,25.6820186008031,0.526315789473684
0.987542446423127,0.987542446423127,0,0.393627227635771,0.0985554911342597,859.227010676015,143.999485716122,125.042215282784,1731.77546288087,1519.78960128554,33.72296152784,0.526315789473684
0.692121612792109,0.692121612792109,0,0.688913382742993,0.3614766857771,659.04606482268,163.999414287806,110.909845975271,669.974329449376,334.242560759009,19.9612169569047,1
0.768642733674677,0.768642733674677,0,0.457719723571949,0.0485050953477354,756.401488872562,147.999471430459,121.61904069833,1537.67904544705,1358.26468343674,35.4480549296678,0.473684210526316
0.935960331637111,0.935960331637111,0,0.190791366743525,0.648164422504188,891.80582273326,125.999550001607,118.812604152437,1641.27096893977,1557.57539257931,21.4936714381113,0.473684210526316
0.874336777934056,0.874336777934056,0,0.961668323956749,0.817874320887085,748.864833509388,165.999407144974,104.977980307773,337.343414898591,885.112388146869,13.2151471168247,1
0.849699167788142,0.849699167788142,0,0.798559810324447,0.742871710873573,716.078247844487,161.999421430638,106.448132496319,410.575178435754,849.699092639792,5.86835255739738,1
0.712015034016336,0.712015034016336,0,0.756344601566607,0.730662577144158,825.562792014513,161.999421430638,113.355700713372,891.948777477034,799.283674756822,17.8737966281346,1
0.632561482433296,0.632561482433296,0,0.689240880929308,0.206533896288226,938.017366046457,143.999485716122,126.839366599788,1930.49501739602,1583.64159566257,28.0109298564144,0.368421052631579
0.745869580350972,0.745869580350972,0,0.0751862524309994,0.444577476703908,636.340139538273,137.999507144617,111.182660021615,804.527669164749,566.457894425485,9.53498717578221,1
0.559099622530192,0.559099622530192,0,0.879883388924064,0.985903591497893,876.958643358005,167.999400002143,113.214480188261,838.373463700445,723.234660927588,7.31164392211081,1
0.883534469131796,0.883534469131796,0,0.549760833935251,0.787568272989625,631.692172793626,393.998592862168,-41.4794205337274,1.85240447655478e-05,851.454959075994,13.7970679021842,1
0.605154639419064,0.605154639419064,0,0.240745190610018,0.979391943172748,772.860832159881,141.999492858954,112.037300281711,839.639527575694,761.823225066826,13.2061626764202,1
0.6380302228008,0.6380302228008,0,0.52848856375905,0.158601041982352,726.062226429704,145.999478573291,123.073284622784,1519.26006279047,1094.75121117854,24.5808305749508,0.421052631578947
0.847049537248285,0.847049537248285,0,0.263024145628311,0.0872204263278361,762.217611354259,141.999492858954,124.474347733782,1516.71954582469,1297.7643580944,28.6280096229154,0.526315789473684
0.541471555932273,0.541471555932273,0,0.19927384358901,0.0302376860175562,672.308152796681,141.999492858954,117.564653324303,1522.14610405727,383.404249954296,23.5008594773607,0.368421052631579
0.931209754347402,0.931209754347402,0,0.843445008081344,0.148375120698659,850.611330373999,155.999442859133,119.478499220265,1496.57439515983,1412.63408083861,33.3936889444379,0.473684210526316
0.720249108855121,0.720249108855121,0,0.679245092505148,0.73106792036299,937.648050849408,157.999435716301,116.178027995474,1230.91507844371,806.286388655118,29.2871748296766,1
0.904672476939995,0.904672476939995,0,0.414412638322465,0.134691591669277,653.230714177602,155.999442859133,113.230685014735,901.117165480359,313.389631643769,17.0903060907252,1
0.780132232823141,0.780132232823141,0,0.0486495231978479,0.736539131472345,798.484593956978,123.999557144439,115.711968584542,1304.71125274828,1155.49470423579,32.4024381731934,0.526315789473684
0.667833600265807,0.667833600265807,0,0.179203127616619,0.643318751131691,834.146685059515,131.999528573112,117.334130114935,1411.48016956614,1097.47271864186,34.059229427002,0.526315789473684
0.995962187920812,0.995962187920812,0,0.690560816445282,0.74032043145712,960.851336739719,153.999450001964,117.104581277859,1381.26878067104,808.253635711001,30.064406050798,1
0.644924970417574,0.644924970417574,0,0.690823070370379,0.778279760963386,773.133588582507,161.999421430638,111.387470185508,720.65236270667,727.152118912682,11.7709403730999,1
0.798490062075436,0.798490062075436,0,0.67655446101682,0.885925856200225,744.911360783779,159.999428573469,107.549412329032,474.698802244547,929.257148787285,5.08125221955036,1
0.643282327498602,0.643282327498602,0,0.369172927898192,0.501812589122018,844.262237220968,143.999485716122,121.968140348075,1397.26839634219,864.255755109041,30.6625940400574,0.473684210526316
0.85817320039425,0.85817320039425,0,0.0160974374829159,0.46805091418604,610.423890066803,131.999528573112,109.929402860205,757.091600525744,637.754934780248,7.69939090913314,1
0.629374218047067,0.629374218047067,0,0.642493207907918,0.52882987016139,653.401810363618,161.999421430638,108.157048192846,499.387971773617,424.76624470981,14.7382881901855,1
0.916772019371535,0.916772019371535,0,0.816262239844227,0.446886841526221,937.501022643487,149.999464287628,122.286456143441,1625.05808069369,1326.87671697255,28.6696598774984,0.473684210526316
0.545769664333528,0.545769664333528,0,0.431874839354116,0.831248382047572,609.897269690114,399.998571433673,-40.8711300517645,1.93202392018837e-05,560.173985007541,12.2512144561264,1
0.500811175319226,0.500811175319226,0,0.346373565078104,0.203428447543212,935.23877684395,141.999492858954,126.389708414593,2320.32162031708,1656.95062551849,23.48825749016,0.315789473684211
0.62497180268432,0.62497180268432,0,0.712162566297143,0.166205266004133,701.91914575485,147.999471430459,120.425152297182,1385.974201549,1238.33303425944,39.5710394964162,0.473684210526316
0.521524452434137,0.521524452434137,0,0.93281602819879,0.10314263363071,969.255382212191,155.999442859133,123.729573598979,2392.23671217964,1600.7509403503,26.4149275831639,0.368421052631579
0.900757607905646,0.900757607905646,0,0.727725577652465,0.349332605263974,941.93895084278,147.999471430459,124.696786453225,1725.97320110917,1545.89080450616,29.6392875802707,0.526315789473684
0.779098171254388,0.779098171254388,0,0.84238907512993,0.839961250661774,747.153124856336,163.999414287806,105.198987817134,350.188252570334,911.059728647857,5.57455298071893,1
0.843484760595331,0.843484760595331,0,0.894255479838679,0.860771489867878,890.288888484562,163.999414287806,114.315874211253,980.246224150407,915.200728639963,15.6188484605252,1
0.95158245466055,0.95158245466055,0,0.901955159367478,0.660420848672318,948.025277864676,159.999428573469,116.566809446079,1256.23423288755,779.002799863898,24.8137797773618,1
0.967738627474991,0.967738627474991,0,0.511522190078034,0.179327831115653,878.116587781879,145.999478573291,124.286899062145,1688.0533774568,1590.91609168203,41.7759798339244,0.526315789473684
0.88622098575637,0.88622098575637,0,0.108184229867662,0.0216904702477438,765.400865891218,141.999492858954,125.535175064134,1670.54778026679,1038.79297275752,35.9028710520111,0.526315789473684
0.807932708459806,0.807932708459806,0,0.701784409573658,0.966112377804371,881.546941365738,157.999435716301,113.823467333256,964.820515617367,966.649124572592,8.47823911285111,1
0.7017350421268,0.7017350421268,0,0.958008795843281,0.277276152013459,892.920995214516,167.999400002143,117.555287477855,1276.3768797742,192.178175618771,24.1776636315188,1
0.953835219812409,0.953835219812409,0,0.82087961033878,0.505423664774248,716.643528581209,161.999421430638,111.367873190132,714.763879316861,685.615407769657,10.0638976040446,1
0.680825185899552,0.680825185899552,0,0.839998021263898,0.236351714128929,834.452418744226,153.999450001964,120.037271164484,1498.39317580671,1378.23385888892,30.7848913221045,0.526315789473684
0.878085853974879,0.878085853974879,0,0.621692738550226,0.97215303869744,687.448639588563,417.998507148189,-38.1377470624904,2.19418755625748e-05,945.479597314096,11.428004689865,1
0.99346541995375,0.99346541995375,0,0.381154546850813,0.955959441734812,809.518657082426,143.999485716122,113.179140811474,921.26603664371,901.889284633499,10.4536338107163,1
0.886759128723389,0.886759128723389,0,0.246205594638795,0.480291246454312,966.827838996299,131.999528573112,121.826975081117,1982.97076888839,1831.82301891156,26.7958619755971,0.473684210526316
0.712997332172839,0.712997332172839,0,0.936529216197465,0.320567217760684,602.116416630966,169.999392859311,104.778647960993,320.303009539806,366.028589017951,6.42764524946247,1
0.959625584402317,0.959625584402317,0,0.340013522763518,0.994064493463568,690.163523188036,145.999478573291,105.921152604229,441.324049209306,921.18264490705,7.82524346564284,1
0.649200694965675,0.649200694965675,0,0.828468157295853,0.969259480278548,791.972395619049,165.999407144974,107.451707076184,446.949937387262,842.806393910359,5.58267708594581,1
0.942253324714396,0.942253324714396,0,0.183070342943671,0.868310725500374,700.383266684816,137.999507144617,109.965016465987,733.314633416999,857.179640531924,12.4565359059598,1
0.731347073571005,0.731347073571005,0,0.815418697395588,0.698140304501731,774.218038537744,163.999414287806,111.675686475462,730.640420870809,805.075646339329,19.0505219610937,1
0.525866383650804,0.525866383650804,0,0.334058363787375,0.128315572778171,618.286360719844,139.999500001786,115.920145086163,1273.60488383732,339.650293697679,21.3251118286143,0.315789473684211
0.848717298724,0.848717298724,0,0.77013709957071,0.609475033723453,757.072121809554,161.999421430638,112.015623591108,774.666124265097,774.796470228547,14.3709307975916,1
0.686591030108013,0.686591030108013,0,0.0787227207555644,0.624800200476232,705.929447893248,133.999521430281,111.90055569595,904.886414695001,647.941728375374,16.3821787059761,1
0.603561339565388,0.603561339565388,0,0.449949335895006,0.325283402018005,990.683461411355,139.999500001786,125.413544439512,2271.20124104547,1825.20120281493,19.9139708955179,0.368421052631579
0.827663367688162,0.827663367688162,0,0.507385303257899,0.787855266389487,646.99502073246,153.999450001964,42.4383751796661,0.814927740267661,869.391914878199,9.31693422106601,1
0.901419130202166,0.901419130202166,0,0.168783656602256,0.210576660791084,860.138833077078,135.999514287449,122.349693123791,1771.5263804074,1341.75376427647,30.9248273399523,0.578947368421053
0.593001720364078,0.593001720364078,0,0.800680515240677,0.499716127541867,968.684082052455,149.999464287628,123.866515486393,1735.60786822903,1472.61314885157,31.3377759289338,0.526315789473684
0.570389872231111,0.570389872231111,0,0.179684461604721,0.933595612593157,778.055633705651,139.999500001786,112.583620426904,907.304715583074,674.862307552609,12.6863299352889,1
0.667896376840607,0.667896376840607,0,0.212278953661844,0.425070778882668,629.156895134005,145.999478573291,111.141931786791,743.852067396136,294.056124770548,13.3666417559114,1
0.889841250897205,0.889841250897205,0,0.633335760572151,0.46787082470046,680.845572316947,157.999435716301,110.707128466229,681.671104622206,664.97536551008,10.5437080376435,1
0.523113337467761,0.523113337467761,0,0.432420587711151,0.880329841373044,738.474847429094,153.999450001964,110.173595951127,666.113960297941,551.7077043102,11.3089362036635,1
0.762778884891585,0.762778884891585,0,0.246710704116406,0.460510433352546,951.39741923222,131.999528573112,121.396660978569,1927.26583318207,1823.54631265955,23.1901738356488,0.473684210526316
0.758003657595115,0.758003657595115,0,0.878586903499894,0.134366848814315,881.396073275408,157.999435716301,120.391467045002,1623.99178075812,1602.81381960508,30.3612279547715,0.526315789473684
0.623520503908759,0.623520503908759,0,0.181191163993045,0.2632802062609,981.246563650187,135.999514287449,122.332107839888,2377.23787253906,1974.53861090277,27.0385106384936,0.473684210526316
0.977620806180319,0.977620806180319,0,0.962418969192696,0.331046010090446,620.109957818939,167.999400002143,107.20655782276,429.900129064795,572.12759803167,10.0029777922782,1
0.894602184435922,0.894602184435922,0,0.10200365922545,0.117010178718706,958.434700291463,137.999507144617,125.890976921729,2179.25665950686,1452.83578030392,37.2479280630294,0.631578947368421
0.671329622619213,0.671329622619213,0,0.440660255335889,0.0164221898964605,913.729529473202,151.999457144796,123.459851001321,2235.92649543747,1444.95693569649,33.9790113967573,0.315789473684211
0.82903883727219,0.82903883727219,0,0.0138686339392895,0.439270531303855,654.154326240798,131.999528573112,111.537251522492,894.81640881398,614.938868742597,49.1818155677995,1
0.587068991710732,0.587068991710732,0,0.478127381358969,0.897790480974566,874.607859980819,151.999457144796,114.410664777385,1053.18258550309,699.006821619945,16.4604580331269,1
0.545846919839206,0.545846919839206,0,0.599080905239719,0.326824978652309,886.061725891765,141.999492858954,127.472171664,1886.5949440972,1465.97911246629,23.9464890194321,0.315789473684211
0.761993142152349,0.761993142152349,0,0.574314914179652,0.541057872161687,725.779050137926,157.999435716301,111.800837660415,776.687271876073,714.986829452384,14.5604020173196,1
0.997658044464993,0.997658044464993,0,0.119247816159413,0.107001982442392,911.020038309269,139.999500001786,125.387678282792,2021.87459883351,1362.16171393202,28.3976823742401,0.631578947368421
0.656208924909611,0.656208924909611,0,0.958851326873474,0.239756864318275,827.48312387477,155.999442859133,119.837445393757,1490.5004117284,1388.9951030498,34.0549288838105,0.526315789473684
0.500084206941521,0.500084206941521,0,0.831349292288079,0.190028124345405,677.254825605575,149.999464287628,118.2690682813,1430.51930450682,895.731617300501,42.1441293721347,0.421052631578947
0.574287805188176,0.574287805188176,0,0.0526751641845709,0.274821616980975,997.822144186565,131.999528573112,121.71274384623,2412.07931710759,2164.21282890673,31.9496751114018,0.473684210526316
0.654130641077354,0.654130641077354,0,0.489048288350072,0.203464088809475,830.825314003096,143.999485716122,126.841186141484,1758.48609499847,1270.131621202,20.8766067027645,0.473684210526316
0.891135140979751,0.891135140979751,0,0.621232378611883,0.909591535718905,995.888684175933,151.999457144796,117.188408640436,1421.88839820883,911.505493962102,22.3534021505151,1
0.918752472405187,0.918752472405187,0,0.116394861107275,0.47606065298186,944.930566837021,125.999550001607,120.526697755693,1959.19119612616,1668.87787362928,26.5007105519595,0.526315789473684
0.752672225544933,0.752672225544933,0,0.710331864594794,0.951239818181067,755.460984023673,161.999421430638,105.195989138697,359.321604400119,945.053757387212,7.53002095143172,1
0.586253416693829,0.586253416693829,0,0.483129108000458,0.573088391299956,715.015870464686,155.999442859133,111.832062401411,787.400685143082,310.05620185735,12.9037415600957,1
0.981541501436834,0.981541501436834,0,0.616861021719996,0.706591413635351,809.074531737502,153.999450001964,113.465106720808,947.989787653604,788.964909506475,22.1831954311589,1
0.814409881865783,0.814409881865783,0,0.23980579081013,0.771773293851952,651.72355823742,141.999492858954,108.024156784499,570.67584913792,852.713943070966,13.3209826863192,1
0.820330295674177,0.820330295674177,0,0.997549255043974,0.656044890069667,769.196028678449,167.999400002143,111.435433859571,695.299875875175,818.66833825018,9.41840384692019,1
0.859983015347287,0.859983015347287,0,0.930802522253544,0.938125682252634,682.840067760095,413.998521433852,-42.5131992662605,1.38221142973079e-05,947.549105372009,13.2965091525283,1
0.713168331743112,0.713168331743112,0,0.514154721169618,0.544871530934004,825.962232369304,153.999450001964,114.800694708677,1075.17760133847,651.770364131844,20.0260643253919,1
0.54688259038022,0.54688259038022,0,0.737699563402441,0.687054766940103,919.902707290063,161.999421430638,116.144717341576,1193.75878082127,403.583230579241,23.4005883476907,1
0.889912743398492,0.889912743398492,0,0.546629901150575,0.47780881028187,752.417803816193,153.999450001964,113.251377688389,916.629864162131,667.326930913108,14.6165817498324,1
0.872195202400907,0.872195202400907,0,0.0249699747162681,0.261587534947625,909.868737311091,129.999535715944,120.493154450159,1972.65435046195,1381.43346422608,25.1837987767442,0.473684210526316
0.631458545586212,0.631458545586212,0,0.0422862279769665,0.370773403501983,817.107692768739,127.999542858775,118.619440912588,1683.87630927952,1304.59975829546,49.8897929461321,0.526315789473684
0.918005305492142,0.918005305492142,0,0.908090429352272,0.600074273753637,628.408516111034,371.998671433316,-49.1539491921183,9.0913516949051e-06,752.831199388041,13.516071097312,1
0.509385271753215,0.509385271753215,0,0.42232817414327,0.86648279223456,860.954875054138,151.999457144796,114.429050917503,1057.36105594402,498.02467461077,18.0244714033928,1
0.89637720787727,0.89637720787727,0,0.646484737045428,0.695797390141723,632.486719730487,159.999428573469,-44.5621321268788,2.90133131820684e-05,802.789698656186,14.3500797892452,1
0.868102915584891,0.868102915584891,0,0.398082911261611,0.584185021804134,623.822679477646,149.999464287628,107.255728624088,494.588003084691,736.544669332672,12.8096121167918,1
0.913652143508113,0.913652143508113,0,0.98334868419736,0.122136913124375,820.216140091407,169.999392859311,116.655651332051,1153.08622908563,364.320198637482,18.795559950808,1
0.978229793595187,0.978229793595187,0,0.161784086722649,0.266464519638652,699.687597094164,139.999500001786,114.73599742232,1103.53350742793,473.281980082768,22.717027581506,1
0.663385655339711,0.663385655339711,0,0.301124835548033,0.961473673442738,750.463323418376,145.999478573291,110.73863147685,745.503732555946,836.837933100299,13.6107236373673,1
0.867146523377131,0.867146523377131,0,0.0672273415664845,0.84300757261113,916.590466722836,117.999578572934,119.535805224648,1633.35733853821,1782.94781129851,23.7342599208398,0.526315789473684
0.670486946698484,0.670486946698484,0,0.602108843313612,0.971216503509546,960.738526139721,155.999442859133,115.857298411432,1212.35672565549,862.420164291823,19.1282660583324,1
0.624622640215516,0.624622640215516,0,0.222742640899069,0.765050882953691,994.354173993931,127.999542858775,120.966212630202,1916.06892915634,1905.30658141962,16.7838554003251,0.473684210526316
0.753688368700552,0.753688368700552,0,0.582557060197722,0.85075299705667,807.693795276819,155.999442859133,112.444557213542,845.190860640265,895.976310483865,22.9129820520128,1
0.519090002692894,0.519090002692894,0,0.899714132660511,0.554358190186499,608.364368500572,167.999400002143,74.6292454063547,36.0949494023644,0,10.0682959934383,0
0.966341027410184,0.966341027410184,0,0.687779188710962,0.609055839969947,685.654058300041,157.999435716301,109.331899384011,587.383867334913,740.361286185357,12.7001228315696,1
0.536680214454595,0.536680214454595,0,0.936228500084037,0.76636604051662,666.594291717231,395.998585719337,-47.5577214409759,9.37838608855435e-06,501.518465610299,12.5775209796557,1
0.585527165685731,0.585527165685731,0,0.446699410887718,0.36860179461036,729.694293157008,145.999478573291,120.16764628428,1264.31174762109,833.145327679411,29.7895412760175,0.526315789473684
0.931418683256514,0.931418683256514,0,0.539570254025984,0.0739765429805936,798.702551284224,151.999457144796,119.678705285689,1468.70532338773,1420.2318730448,33.7020913192041,0.473684210526316
0.658286823682061,0.658286823682061,0,0.206854231550975,0.68114042033836,860.00948993908,131.999528573112,117.913930536191,1471.5727349081,1197.11140062044,44.2154088910128,0.526315789473684
0.503208258578129,0.503208258578129,0,0.882090033384888,0.171628515339601,982.446100849416,151.999457144796,123.929058039518,2355.32250686904,1658.24757214783,31.5689562661772,0.368421052631579
0.534725361777606,0.534725361777606,0,0.632325087354433,0.577235283407117,601.676252604364,159.999428573469,94.500674106349,147.960744242113,0,7.7155945582892,0
0.729329220235346,0.729329220235346,0,0.698827880218659,0.129873241838224,820.566656021331,151.999457144796,120.492375178755,1569.43669668743,1548.36799326131,32.5045870794422,0.526315789473684
0.505534811497357,0.505534811497357,0,0.624059037626776,0.104194517840398,901.446790157657,151.999457144796,123.194181881035,2270.95202961552,1392.6419334963,28.7538622894823,0.315789473684211
0.9597037513056,0.9597037513056,0,0.639614544122228,0.148062818228424,911.023563849988,149.999464287628,121.600633285773,1739.19568537555,1717.97788410363,25.9689015448508,0.473684210526316
0.936412111704764,0.936412111704764,0,0.142938463106183,0.439351164542013,826.21549309697,127.999542858775,118.546783894954,1561.16337540693,1486.94389826601,25.2972004678131,0.473684210526316
0.671549090407967,0.671549090407967,0,0.728902249756546,0.741407806900818,785.610492437578,161.999421430638,112.051979613962,771.8902568034,746.512291861981,15.6921725048617,1
0.598783614605988,0.598783614605988,0,0.605965053510554,0.570298012788098,833.706004569721,157.999435716301,114.873863681321,1065.42477258054,379.610934209554,16.6743766674384,1
0.516194188758477,0.516194188758477,0,0.18164837881265,0.565701325624309,659.824042282294,139.999500001786,112.390830724897,857.730665104606,33.0086183935104,20.2290865812612,0.473684210526316
0.870840414773175,0.870840414773175,0,0.50337090064142,0.135956273555783,682.230934916062,159.999428573469,113.839877375432,942.101619379801,287.921041596674,15.6477162292009,1
0.963152682118563,0.963152682118563,0,0.0471235965380021,0.37033332230562,611.157144017881,133.999521430281,110.855646144067,807.75909368318,553.84513901878,10.7716569858952,1
0.774043003218464,0.774043003218464,0,0.891385891722621,0.915778619054658,658.265510410571,411.998528576684,-43.2280420399242,1.32579688330234e-05,946.663675280537,13.0844689756235,1
0.814947203637464,0.814947203637464,0,0.889463001414573,0.312111059227706,762.285282102303,167.999400002143,114.075002166811,913.15397724727,542.016171437637,19.6812486226985,1
0.5596604030209,0.5596604030209,0,0.0648373479766895,0.727469336208328,870.033001257969,121.99956428727,118.477197605422,1569.76020109635,1566.38186680434,30.3152400915971,0.578947368421053
0.736931436984391,0.736931436984391,0,0.981528902955788,0.264327191296608,843.79902006361,169.999392859311,116.489344813173,1138.68325598982,334.703964904865,25.2804251222128,1
0.618955253050472,0.618955253050472,0,0.558026701756326,0.299620025432728,650.032710185509,153.999450001964,113.167916954721,895.953087107452,0,12.5798124304862,0
0.681266940992937,0.681266940992937,0,0.584435192079786,0.595673071038824,692.311391418146,157.999435716301,109.960590016918,627.535145036711,644.409452712787,7.11686199260861,1
0.95474678531483,0.95474678531483,0,0.648095935864982,0.0531301022920146,985.869708400984,157.999435716301,122.144115988641,2026.69801260325,2006.25542744203,18.2424895755928,0.473684210526316
0.979209464743868,0.979209464743868,0,0.843647567504885,0.107007840106594,830.617572904065,159.999428573469,118.637700994334,1437.72110830917,1342.18150749198,35.8731217549409,0.526315789473684
0.881857945454057,0.881857945454057,0,0.745950480515388,0.340117264988745,771.498595634394,161.999421430638,114.277103385527,968.801561067576,571.288383738041,13.2488708087788,1
0.644173466401596,0.644173466401596,0,0.500600502427448,0.693858695296124,654.084788504274,155.999442859133,104.067616790227,328.533780163164,653.55830387548,18.5205941800496,1
0.816206094827739,0.816206094827739,0,0.676289589849852,0.364262610172913,847.125567905644,159.999428573469,115.951477868567,1164.35909338298,583.293515119162,35.8073700404361,1
0.752398576572992,0.752398576572992,0,0.683138481127069,0.42808220380071,811.008453927711,161.999421430638,114.780876075373,1031.0429843035,605.678460845566,12.35662330195,1
0.690176729176635,0.690176729176635,0,0.0514891556521988,0.994291181622166,849.735687322744,123.999557144439,114.891227281647,1300.02701047034,1146.17212594103,37.7925531656571,0.473684210526316
0.673552590744082,0.673552590744082,0,0.796067624500802,0.498418863985268,727.918916459129,165.999407144974,111.789785815237,728.797165444193,531.788890898102,13.5876843368557,1
0.922860102848152,0.922860102848152,0,0.759095725690779,0.680751060566175,757.42471050546,159.999428573469,111.611882867726,748.538116319436,791.041461899228,9.36473085687929,1
0.789651898151257,0.789651898151257,0,0.870230158060643,0.308879314172042,840.238503080935,167.999400002143,115.985303913805,1116.8070792905,517.248621892835,11.4868234184141,1
0.942048606207741,0.942048606207741,0,0.95435639550775,0.893410883374805,716.487320118641,407.998542862347,-43.2342904845993,1.35495607789249e-05,901.645763727001,12.2692188732524,1
0.763390092658518,0.763390092658518,0,0.265157801278302,0.840341534379187,839.628535296442,139.999500001786,115.046554051288,1089.35651995623,883.474585760701,28.0662041625977,1
0.924852056150087,0.924852056150087,0,0.384787224609394,0.642091878582551,774.230521302167,145.999478573291,114.032477216516,967.316775344078,754.302766198312,17.3120731078831,1
0.570625820646027,0.570625820646027,0,0.564121893792325,0.724553612663265,691.84461634031,159.999428573469,107.813897102632,491.480341485371,518.967729055951,10.4496952189659,1
0.522144648088811,0.522144648088811,0,0.250574880887287,0.0458917080717594,869.91433483419,145.999478573291,124.294793371859,2292.1779756074,1262.1663988531,28.3609007417063,0.368421052631579
0.931349581292545,0.931349581292545,0,0.0352401443546276,0.79183845587431,987.186256882854,117.999578572934,120.495844498728,1869.2798417383,1900.09031202915,24.4384783604397,0.578947368421053
0.926830003570072,0.926830003570072,0,0.965323731260974,0.265133847246019,713.091306093172,167.999400002143,112.997896522712,811.243847223017,517.864898070566,10.6004124865172,1
0.788849732711108,0.788849732711108,0,0.687284791130859,0.520370872277477,736.765315612209,159.999428573469,112.07620180975,780.68906211866,717.703710607098,16.9483202300555,1
0.643107369842821,0.643107369842821,0,0.784143368957662,0.977853165926787,742.219435637577,417.998507148189,-41.2465508564988,1.58535463402887e-05,837.63461126742,13.0087777275959,1
0.568376964392977,0.568376964392977,0,0.719015061224766,0.230046724287292,616.728077168073,147.999471430459,117.394181856128,1134.74283195882,885.602552151648,26.1462794806858,0.473684210526316
0.899891407935427,0.899891407935427,0,0.824971871905522,0.462749848302049,821.103655446416,161.999421430638,114.728978052218,1021.24927936325,668.029667635687,12.3115654268513,1
0.643205242851415,0.643205242851415,0,0.543941298019596,0.874529543098808,784.718857959174,155.999442859133,111.599889512753,768.30956611209,776.305432033549,4.21316071428554,1
0.930126818391328,0.930126818391328,0,0.0589671864807534,0.696456858567689,836.10857618687,119.999571430102,117.914082808375,1472.10673600535,1470.80885133403,32.6986322905968,0.526315789473684
0.915949012784183,0.915949012784183,0,0.790389645945257,0.231596176692241,863.529115326685,153.999450001964,120.002828294197,1507.1453588318,1314.83556837586,27.8473126593498,0.526315789473684
0.847341040695253,0.847341040695253,0,0.0982175811316126,0.206006706688832,758.774352090603,133.999521430281,119.252951194042,1495.19494458525,1200.53340508622,33.0705913184029,0.526315789473684
0.94400645119053,0.94400645119053,0,0.767842290281156,0.700944192668294,762.349364295307,159.999428573469,111.634292445391,750.45545940188,797.471854262334,15.514800769537,1
0.538215433587771,0.538215433587771,0,0.185109995666127,0.599669274777961,824.637774970766,129.999535715944,118.115038742341,1490.89779019921,1351.25737849488,20.8586605622618,0.473684210526316
0.634296008400611,0.634296008400611,0,0.233232798810145,0.696867339015584,849.155041019822,137.999507144617,116.85957841073,1336.05681642854,776.921481422008,25.0155331050744,0.578947368421053
0.541425478048285,0.541425478048285,0,0.723169562378727,0.608553551052526,829.606894243424,161.999421430638,114.667538655043,1018.48728835851,181.552322660767,15.0173795158853,1
0.887011660752442,0.887011660752442,0,0.33855613647772,0.00440107025842695,958.005735061825,147.999471430459,123.945749034467,2166.82201111284,1729.43815293883,28.6620049578319,0.631578947368421
0.956074536620573,0.956074536620573,0,0.416490889450606,0.807085189423006,792.224738942003,145.999478573291,113.19289112217,924.935181317173,836.11929830505,14.0449682022338,1
0.529993730012166,0.529993730012166,0,0.354996141291983,0.230395911675164,622.966797884005,139.999500001786,117.529249485808,1274.43999455479,705.600651221226,23.6128461388816,0.473684210526316
0.839555773358063,0.839555773358063,0,0.66684397894545,0.00950183865581666,736.948010990911,157.999435716301,118.021720068692,1340.26099518818,1295.41347988889,29.8213113648876,0.526315789473684
0.972688532365508,0.972688532365508,0,0.239644743218014,0.101660030480662,796.81212689712,139.999500001786,125.087193025412,1602.9494425868,1273.48077264122,34.60533501386,0.526315789473684
0.519412606451046,0.519412606451046,0,0.171496209823729,0.775420019378403,962.168206113361,125.999550001607,120.28538392365,1842.64637126836,1855.21898755866,26.1755247074261,0.526315789473684
0.97001611361596,0.97001611361596,0,0.650789532143232,0.650451004339484,917.306250397407,153.999450001964,116.424440445071,1289.65725555171,761.40094084558,18.7581239346785,1
0.843747885325455,0.843747885325455,0,0.704940256950778,0.465274751814096,869.584712791018,159.999428573469,115.911313081693,1172.88174866558,676.356287234152,18.1196923542993,1
0.515808465732055,0.515808465732055,0,0.820579649932227,0.475782026305647,812.197339371145,159.999428573469,115.909608883662,1160.53126931749,119.908021994106,31.9504449695959,0.473684210526316
0.777560788627139,0.777560788627139,0,0.316894452614054,0.605520228292077,814.344531552888,143.999485716122,115.965402344784,1109.49053813932,756.862203293124,19.7559281411133,1
0.815859572734864,0.815859572734864,0,0.261562193903162,0.990989009498172,649.461908116242,143.999485716122,74.6064204316517,15.8816350564062,957.336579782527,6.91475880700298,1
0.559123183490272,0.559123183490272,0,0.476947663537875,0.936496300810593,653.366315101092,413.998521433852,-38.8559940873457,2.16353569716839e-05,674.540128982161,15.0235461301028,1
0.535844316564392,0.535844316564392,0,0.96465297691559,0.958002288693549,670.339066117596,417.998507148189,-44.4803190310925,1.12507941873487e-05,670.306176992707,12.4303611802373,1
0.502297057470768,0.502297057470768,0,0.310855523607973,0.166686818299425,778.108096073083,141.999492858954,122.317078764372,1861.47745960122,1051.9792098796,28.9137769372875,0.368421052631579
0.524318056675665,0.524318056675665,0,0.979367676899562,0.520899443408118,797.999754249715,165.999407144974,114.859118929597,1000.69070242252,0,14.3976312292495,0
0.943239631306558,0.943239631306558,0,0.796269401819132,0.269575786036634,979.056387126145,149.999464287628,122.84738542977,1847.00778578984,1746.03545626342,30.3973093389688,0.526315789473684
0.835109538600578,0.835109538600578,0,0.806131748265154,0.870621805923995,645.011588049773,403.99855714801,-42.9394353541842,1.43407704873526e-05,919.736220215267,12.8229125716717,1
0.941902507665237,0.941902507665237,0,0.779352799204182,0.653980586258522,663.594606510418,159.999428573469,95.8855315375909,147.451199319211,772.896361457194,7.41171941670856,1
0.967555523419718,0.967555523419718,0,0.245779251935998,0.633853975432182,705.057526529412,139.999500001786,112.223905799781,841.993352161365,735.280769954245,9.18917680026585,1
0.74995187758289,0.74995187758289,0,0.81540491854499,0.918557343424279,664.999712467021,411.998528576684,-42.4753344711566,1.4619038455916e-05,932.432650297694,11.886024224702,1
0.746117348377653,0.746117348377653,0,0.997300968954621,0.623551508656135,775.476023272205,167.999400002143,111.903225482837,726.198787207059,780.849220186905,7.65569618753362,1
0.669817332336023,0.669817332336023,0,0.277480685868582,0.0574184612880823,917.394158281504,145.999478573291,126.015222768282,2272.68286149867,1436.32977926939,27.6957389822181,0.368421052631579
0.750489422324071,0.750489422324071,0,0.906031240036521,0.726570730353475,876.60750278999,165.999407144974,114.582173428614,993.673559359731,841.603340779297,11.4545915222996,1
0.569064142825669,0.569064142825669,0,0.29323829575138,0.627468643046988,962.785029474265,131.999528573112,120.873256285853,1811.07201163449,1638.19849215788,30.1909788170989,0.526315789473684
0.708167850348397,0.708167850348397,0,0.404254730184164,0.831727035136698,644.8661904843,151.999457144796,49.0962014929192,1.55441037813877,835.997764537548,8.02110556811373,1
0.680795015261857,0.680795015261857,0,0.395931374928112,0.533022677095138,999.461127196575,137.999507144617,123.020948877319,1975.50670291935,1941.66886857298,22.3983263755646,0.526315789473684
0.790738675434111,0.790738675434111,0,0.998337844108237,0.57905066944817,972.943151855329,163.999414287806,117.283579306699,1307.36206384347,773.078382485328,17.7528744419944,1
0.620756966453687,0.620756966453687,0,0.629650532835227,0.12805665067484,699.537047334038,147.999471430459,120.111111220299,1474.62842620317,1073.23940219183,30.7577696701597,0.473684210526316
0.628970347792707,0.628970347792707,0,0.15861574832426,0.699464791417919,964.982423266373,123.999557144439,120.48142315321,1875.35457852041,1724.87587841347,25.5613969697526,0.578947368421053
0.667364595804247,0.667364595804247,0,0.0836682536766115,0.593240149384722,643.857569590873,135.999514287449,110.181511652204,742.801480874803,573.507795389864,15.1773278475053,1
0.757070995383941,0.757070995383941,0,0.0702993609614098,0.824912733538156,991.986994306831,119.999571430102,120.091804011702,1869.31045854043,1920.31341374622,22.1898774395474,0.578947368421053
0.683079368341606,0.683079368341606,0,0.528777445731507,0.527614200336891,691.984341710515,157.999435716301,110.865112955808,701.453275041674,572.401580729225,13.4741171479101,1
0.959207872295092,0.959207872295092,0,0.214610991449256,0.377202276848384,906.422350668716,131.999528573112,121.124959080907,1862.16956370514,1633.0713636724,34.3305189968173,0.578947368421053
0.817842693657019,0.817842693657019,0,0.802964671129872,0.507001631355613,627.622001548056,163.999414287806,79.5080910523931,22.1655269695059,714.831924294648,10.3292259223773,1
0.702962075898582,0.702962075898582,0,0.308009945369938,0.892634546825283,759.055800998122,145.999478573291,111.637672549986,807.465935704703,855.075469772197,11.2109723339497,1
0.85021642166398,0.85021642166398,0,0.0517329133558465,0.0807576843258818,648.470702305987,135.999514287449,117.556419222508,1287.03327195624,966.064703934893,27.9042961552071,0.526315789473684
0.994043906558625,0.994043906558625,0,0.427748391465304,0.692611940278704,818.145254954571,145.999478573291,114.993856491393,1053.04087872004,772.712821078669,19.5224495896844,1
0.619653123935186,0.619653123935186,0,0.113114819671714,0.797478533376776,917.494185968155,121.99956428727,118.942621436162,1658.84849901035,1680.4291212846,29.1128177238789,0.578947368421053
0.558776217760265,0.558776217760265,0,0.286824004427178,0.549797648867866,690.174043480759,145.999478573291,112.601443804722,854.946249270188,0,7.01486842513465,0
0.87015905261902,0.87015905261902,0,0.058333723881132,0.606306284565847,769.662995200803,123.999557144439,115.861468383094,1297.12540999126,1098.77959157732,29.6558414985243,0.526315789473684
0.841730905696196,0.841730905696196,0,0.878740562323317,0.991651877806562,649.411836702428,419.998500005357,-41.3238931894199,1.52859274717143e-05,976.656967555921,13.4666478929752,1
0.816495622149262,0.816495622149262,0,0.959475055985391,0.817622264307102,955.320016936512,163.999414287806,115.996838733782,1159.21535264863,903.987833880131,18.3330397138571,1
0.703034660343557,0.703034660343557,0,0.371651301537341,0.539565216496901,834.904015109585,147.999471430459,115.761664211429,1185.60350549939,617.612187531277,23.9742355627926,1
0.956432816626699,0.956432816626699,0,0.315138424255337,0.306338556294568,843.09805112355,135.999514287449,121.782837679485,1598.21567613016,1434.08943467656,37.7790330458942,0.526315789473684
0.882244056621831,0.882244056621831,0,0.217220705237963,0.451493345067932,940.532010989102,129.999535715944,121.544466826823,1923.34220753823,1775.22644942154,25.9905767480047,0.473684210526316
0.805873590101092,0.805873590101092,0,0.476506225893381,0.289425182856334,673.701982990334,155.999442859133,112.358854772783,823.22797055437,465.303756646609,10.4344547541193,1
0.57771295308624,0.57771295308624,0,0.593941573175256,0.0298656084915023,797.273949608929,153.999450001964,120.876902420732,1920.67190867665,1051.69140422965,37.5777977935862,0.368421052631579
0.526612669825947,0.526612669825947,0,0.194571181279064,0.582564262201293,728.925490147721,139.999500001786,113.947685433669,1039.85752374431,273.297289701794,29.7503146897492,0.473684210526316
0.508094591730947,0.508094591730947,0,0.219491007404655,0.585489268645812,819.996248327321,129.999535715944,118.43012037929,1533.92790965984,1430.27862904825,36.9743297130093,0.526315789473684
0.888657965117258,0.888657965117258,0,0.897736418921734,0.481082157306354,982.930378015565,149.999464287628,123.125786263439,1727.41263041554,1412.24871461744,32.0931238424216,0.526315789473684
0.870731788657364,0.870731788657364,0,0.663316893159712,0.813579770832427,737.484623172447,157.999435716301,109.459316197787,596.269777084959,873.478418750944,11.7931866725009,1
0.701738980797544,0.701738980797544,0,0.345687356143134,0.551710159412647,644.316337221816,149.999464287628,109.271876167735,618.787525111172,626.797031359089,11.3650236186405,1
0.912392490220727,0.912392490220727,0,0.169058795033598,0.087684519481804,824.357706373093,139.999500001786,125.413849411855,1738.535766822,1248.23509018152,26.9564004418655,0.631578947368421
0.74073523627914,0.74073523627914,0,0.0900181657270492,0.895889318478074,651.47815634968,133.999521430281,107.663942046075,588.080683727116,885.224779530771,9.27805645368794,1
0.741720064758536,0.741720064758536,0,0.185029086905818,0.688949374587373,896.292721273447,125.999550001607,118.627085666666,1618.77338332787,1511.30250615252,22.3016111345155,0.473684210526316
0.841239008893047,0.841239008893047,0,0.443850012981571,0.410397958130526,957.534680031201,137.999507144617,124.449607358817,1874.72889586701,1804.88667097902,16.6429629879171,0.473684210526316
0.776179507617179,0.776179507617179,0,0.588180653823904,0.491926473208665,737.220694810291,157.999435716301,112.507596750583,832.6838298775,683.69353246551,18.4763323518056,1
0.868277195345612,0.868277195345612,0,0.851458548844091,0.0960723491947135,849.121191886355,159.999428573469,119.160637843696,1502.24857304185,1474.57651023585,33.5248335325263,0.526315789473684
0.883635143998037,0.883635143998037,0,0.488250216096749,0.449957505740687,698.427796777284,153.999450001964,111.911210660824,800.894862623556,646.207649854199,19.347891257013,1
0.9298701794227,0.9298701794227,0,0.12819129286278,0.99904699684563,807.718932793592,129.999535715944,112.375774242151,1005.57836913931,916.886577355334,19.2642808971904,1
0.842466515542218,0.842466515542218,0,0.575154897912491,0.311657590834056,773.443955725362,157.999435716301,114.724540262705,1038.30660191039,527.187871731457,16.8008444983181,1
0.513892737918055,0.513892737918055,0,0.787063676632191,0.277722527658613,749.974658029287,147.999471430459,122.684951575202,1573.84357939579,1154.29795940341,27.5401224560839,0.368421052631579
0.637244073526992,0.637244073526992,0,0.839785693586967,0.0520177163683174,829.557543858042,155.999442859133,121.204717854455,1861.37258722571,1329.27727503075,26.4634231574394,0.421052631578947
0.720560225058729,0.720560225058729,0,0.470295548672541,0.133139391849663,693.887003743932,145.999478573291,120.972489966409,1315.72325588844,1173.80148702539,27.7439055967117,0.526315789473684
0.576683974779689,0.576683974779689,0,0.402975706515866,0.848265555479545,626.620436663303,401.998564290842,-39.5092458473317,2.10707108770462e-05,641.191088492895,14.0337287588624,1
0.730824593270419,0.730824593270419,0,0.030892822936984,0.0916366143255777,646.031293821092,133.999521430281,116.530071280652,1374.48193498247,696.600007222859,28.3491895507166,0.473684210526316
0.664098483369746,0.664098483369746,0,0.232818780951666,0.829118685546696,922.035643332043,131.999528573112,118.367462569421,1581.96968776376,1343.04062138204,29.1066567759285,0.578947368421053
0.994304043284271,0.994304043284271,0,0.606822117719778,0.800596960954515,892.702851505962,151.999457144796,115.217131475519,1137.03843893933,836.03002513295,21.9125454793248,1
0.885384014969697,0.885384014969697,0,0.527041530835293,0.413511513252012,863.290581379784,151.999457144796,116.692843111752,1305.43111521565,619.930037630982,23.2926207061919,1
0.616069198049755,0.616069198049755,0,0.843650628379741,0.189513109677149,918.743909771671,149.999464287628,123.569726131631,2031.39600458867,1629.60205410767,27.040211493548,0.368421052631579
0.771297958432477,0.771297958432477,0,0.942365473016421,0.624130762722874,920.710619790532,163.999414287806,116.056578462657,1158.97253376236,794.539714663492,10.8627514057651,1
0.987701233173725,0.987701233173725,0,0.124009204907272,0.932751664797834,653.918184097712,133.999521430281,107.458337518404,576.329659000489,877.142491221197,6.94710950028058,1
0.503892951038166,0.503892951038166,0,0.210206148594325,0.888908344041335,879.526704177848,137.999507144617,116.281086806299,1332.69662095432,720.110569457715,26.3394680445704,0.526315789473684
0.875816068679975,0.875816068679975,0,0.2155816598006,0.818486264179298,957.099533411397,123.999557144439,119.429763474913,1727.16016249328,1660.18523657016,33.0887119698159,0.526315789473684
0.502451302702522,0.502451302702522,0,0.119587190582085,0.359358084661964,956.672088253512,131.999528573112,121.087431657091,2214.2577834454,2130.83134997346,29.3589056262031,0.421052631578947
0.844681611635261,0.844681611635261,0,0.192100143232421,0.279244830611816,946.261146126686,133.999521430281,122.48889363775,1965.25003517665,1584.94177081186,42.9372427120241,0.631578947368421
0.659750311702801,0.659750311702801,0,0.757517598289321,0.200347332936253,961.26957248839,151.999457144796,123.782474698384,2085.33443544506,1785.48866247782,18.768808237542,0.368421052631579
0.669585403612397,0.669585403612397,0,0.617666273937501,0.95003937123588,769.510175864136,159.999428573469,109.329745070733,582.885633409847,852.599178095552,5.22571670247648,1
0.542972197669965,0.542972197669965,0,0.25294646719386,0.753441862203288,920.649361263282,131.999528573112,119.543362691267,1636.49264879643,1472.6251562182,24.5427069532695,0.473684210526316
0.745115966356899,0.745115966356899,0,0.323927530088611,0.498976115071201,762.038414615209,147.999471430459,114.370510677744,1001.95581835483,646.245914038597,19.5366435439123,1
0.775129753855498,0.775129753855498,0,0.202133866092725,0.604937473873736,615.737933738285,141.999492858954,108.132972978635,575.971342256273,750.426419929766,4.71378583335161,1
0.782225442129538,0.782225442129538,0,0.944295641249489,0.442519696215476,905.306019901478,165.999407144974,116.592049384543,1198.7332107494,663.709248585869,20.5180252442998,1
0.714035694948811,0.714035694948811,0,0.582384286818326,0.0854743199139977,666.928250817175,149.999464287628,118.408540201365,1268.31714483196,1184.25957315775,28.2532574988756,0.526315789473684
0.775910282700854,0.775910282700854,0,0.112899212623713,0.755181112470051,958.722644859493,121.99956428727,119.722581303962,1793.91844853869,1801.0317500144,27.4073643019306,0.578947368421053
0.588979841861815,0.588979841861815,0,0.452950651780698,0.549579513063387,657.537108267515,155.999442859133,109.942323768513,643.721196367956,255.639029203585,8.58759279700928,1
0.954462688273858,0.954462688273858,0,0.858034441724264,0.28716701461428,704.182466486515,165.999407144974,112.689908375636,800.444589346515,532.888642656173,21.6053012698952,1
0.663963360973081,0.663963360973081,0,0.743941792927565,0.148750818732192,884.396047193834,149.999464287628,122.997501872191,1907.47492416555,1543.59482929486,30.5711029534769,0.368421052631579
0.538342784402608,0.538342784402608,0,0.854022328955601,0.589811164938428,885.906417888112,165.999407144974,116.041406210405,1147.50693772764,117.214311102239,11.8388129201858,1
0.559818196012362,0.559818196012362,0,0.650323292179232,0.817423795025665,627.792616530533,397.998578576505,-44.2272830919976,1.30920674149861e-05,594.731448551996,11.8193716391192,1
0.791051403401573,0.791051403401573,0,0.243067155695063,0.377734479295267,961.683349488717,133.999521430281,122.094850959392,2026.5004263514,1823.32337680093,23.0201667515388,0.578947368421053
0.766126454711773,0.766126454711773,0,0.937246322795981,0.763555535789166,867.776686870575,165.999407144974,114.10598309652,939.95359669213,872.118674265107,31.8243597735496,1
0.963054770740188,0.963054770740188,0,0.316990724197977,0.874979683813322,708.649420369527,143.999485716122,109.785606906529,680.503092156019,863.678302680592,19.1480209202755,1
0.725895810636237,0.725895810636237,0,0.548599054543305,0.0740129032048664,721.028731591597,147.999471430459,120.386967835361,1429.81127230622,1345.5400123483,33.2707854792416,0.473684210526316
0.568892416241961,0.568892416241961,0,0.148538825961525,0.998915368884874,842.656033640648,135.999514287449,113.704015374485,1103.61777250838,711.370714147618,27.0217240962392,1
0.529573130694573,0.529573130694573,0,0.951919022380787,0.530071972553755,968.114573802168,151.999457144796,123.679284821904,1755.61043457159,1496.7783492572,31.2915053246422,0.526315789473684
0.939238929706685,0.939238929706685,0,0.460212935968667,0.40209014734144,795.650550713749,151.999457144796,115.198652510541,1107.00514258134,601.84846613217,23.4896180115343,1
0.511725287636566,0.511725287636566,0,0.00196552768470482,0.4276363572786,860.59936921701,125.999550001607,119.718769028775,1987.87757553281,1861.2378151404,24.4582321590698,0.421052631578947
0.561158792509304,0.561158792509304,0,0.893701570203125,0.659509556170843,776.551350911887,167.999400002143,112.25511641874,753.431671048007,427.982446419786,14.947990241452,1
0.781395629285239,0.781395629285239,0,0.506560249357976,0.0449430851679867,989.274892994095,151.999457144796,124.259063552974,2300.64497194339,1833.29678150957,21.1771258099366,0.368421052631579
0.854925983127677,0.854925983127677,0,0.370594188076746,0.490053512215191,967.472666681814,133.999521430281,121.908278813247,1910.66649819828,1861.45258286878,24.1803053223937,0.526315789473684
0.759854328910253,0.759854328910253,0,0.631237080151753,0.373998189808265,877.86227582344,159.999428573469,116.576395017044,1251.01963907084,544.976703723264,26.0348034716177,1
0.580919121438882,0.580919121438882,0,0.224921998106084,0.100310000672881,748.829604879728,141.999492858954,121.908664275673,1781.14262507996,922.041608460785,32.6406403420227,0.368421052631579
0.793368305751175,0.793368305751175,0,0.709078009666525,0.690004048154526,981.692979027003,155.999442859133,117.595419718732,1425.9559526825,829.743424939963,38.6617720398778,1
0.530139516054278,0.530139516054278,0,0.460593323759685,0.0505179040390166,684.543869323152,147.999471430459,117.284873914283,1500.06325564688,488.146744560428,48.6960473945241,0.315789473684211
0.841069736161498,0.841069736161498,0,0.0565759798532686,0.27698843937638,758.729225932631,129.999535715944,118.026245839248,1470.4996886232,1230.14045603593,36.5362184255623,0.473684210526316
0.912026992088606,0.912026992088606,0,0.547149851842517,0.295410100370548,849.473930064695,145.999478573291,124.024224926048,1519.68698194775,1289.89993900945,35.3723153646861,0.526315789473684
0.500088609061995,0.500088609061995,0,0.0188258860084761,0.37390937132678,934.738180512563,127.999542858775,121.275465582873,2307.73581440446,2156.64781095278,21.1484653090533,0.421052631578947
0.777500845118359,0.777500845118359,0,0.0103849613959921,0.774732546807283,950.434944379639,117.999578572934,120.379921520623,1772.44744002812,1818.66241852585,18.88870751285,0.526315789473684
0.878179773829724,0.878179773829724,0,0.270749030989129,0.944190636719501,613.458837189049,419.998500005357,-32.6894675041332,3.9756898944851e-05,916.531723495637,12.1731408916289,1
0.589011894916518,0.589011894916518,0,0.297263670659954,0.226311683857588,671.879995072864,137.999507144617,119.611505131398,1396.51276896318,899.445370956525,33.8187706268244,0.421052631578947
0.70763209431814,0.70763209431814,0,0.112737420541626,0.748042365889695,733.759236572543,133.999521430281,111.903877956625,905.809571351046,774.040442533362,18.7746566879361,1
0.891421998432284,0.891421998432284,0,0.13209764631736,0.505270706816673,743.95078253187,135.999514287449,113.891382837523,1116.00400983376,665.961559362829,25.5927518790204,1
0.89407238728729,0.89407238728729,0,0.675131129612797,0.7412467397983,923.133302323577,153.999450001964,115.95170119897,1213.67218305988,828.822942061105,15.6141087216159,1
0.948629396662255,0.948629396662255,0,0.374629245191392,0.822254671531963,909.012351773109,137.999507144617,117.958379028361,1417.02846368807,847.605040964538,26.2188507382374,0.578947368421053
0.790741444202762,0.790741444202762,0,0.477598394168529,0.687710373254954,980.725793200079,135.999514287449,123.145237357324,1759.99267824483,1536.35994275981,24.4709097903993,0.473684210526316
0.956151799437637,0.956151799437637,0,0.807445593779292,0.713005745384248,717.693232373735,161.999421430638,108.499251129231,521.086551269835,802.980006975185,6.41461273449799,1
0.895716339085632,0.895716339085632,0,0.230373727511567,0.902969077325102,735.865943372058,139.999500001786,111.06484622394,794.657570416145,889.002685975769,12.5361136819724,1
0.570790268462363,0.570790268462363,0,0.735861213740428,0.0751198581032843,828.028336166571,153.999450001964,121.474537430922,1961.83643101911,1216.02531711525,27.339421342421,0.368421052631579
0.801839293916353,0.801839293916353,0,0.151718049425853,0.578000057598953,995.589287244606,125.999550001607,122.371810384908,2090.75694193542,1888.15189202324,25.172091746291,0.578947368421053
0.557698835472418,0.557698835472418,0,0.048375198865641,0.0164289895610712,724.261749961538,137.999507144617,117.803177935344,1752.31811376846,481.874953003241,24.817959964185,0.368421052631579
0.803086672586675,0.803086672586675,0,0.953584047418079,0.240994725048582,829.545415520399,169.999392859311,116.180075181962,1113.0267523705,440.088171943947,17.5649199766843,1
0.74658970501034,0.74658970501034,0,0.488133403204905,0.156366703165145,681.989151461006,155.999442859133,114.477340179011,1009.61231373931,60.9972869813957,16.9467781261564,0.526315789473684
0.734879842052444,0.734879842052444,0,0.403614619851487,0.428922957524162,903.130968180124,137.999507144617,124.385667340252,1677.86753913439,1558.29847614771,25.4672663727796,0.526315789473684
0.705997590488586,0.705997590488586,0,0.585254962603217,0.773915652692024,735.503198863196,157.999435716301,110.118649388765,644.612599669263,809.091609843652,9.40825967558542,1
0.753597256753319,0.753597256753319,0,0.933025923994326,0.0923171616028029,817.104568523854,157.999435716301,119.41954207661,1497.56675354469,1488.98325162648,24.623591486917,0.526315789473684
0.934450888708521,0.934450888708521,0,0.540804512083358,0.490701968084639,976.277221007789,139.999500001786,124.932589553684,1853.39104811281,1781.00637646648,21.6222815526935,0.526315789473684
0.852528053632035,0.852528053632035,0,0.229285289275744,0.0653334585306096,848.375848294723,143.999485716122,127.531905998851,1822.47311192336,1276.7297552648,31.2797538919851,0.631578947368421
0.61832510127669,0.61832510127669,0,0.4820528249937,0.0439247706994288,950.132755854019,151.999457144796,124.083351811141,2373.62575583259,1539.43700157974,29.866953203783,0.368421052631579
0.868060315906754,0.868060315906754,0,0.85374685443476,0.00841864304899564,889.331118174605,161.999421430638,120.144877927372,1650.98955762471,1618.03864571811,33.7191515104373,0.526315789473684
0.858923279789747,0.858923279789747,0,0.939092401557119,0.382633251542317,843.487091666621,165.999407144974,115.609037217082,1081.27280858709,620.397725309164,18.8029737418119,1
0.989852512690114,0.989852512690114,0,0.408395395642633,0.961386117330659,712.24470076012,147.999471430459,108.095139624197,553.163625621962,906.005837274611,7.89401090314242,1
0.58897846988001,0.58897846988001,0,0.170778650045385,0.278493702746654,640.652285971069,131.999528573112,116.427058880675,1271.7966017016,949.568826784432,35.0245042936087,0.473684210526316
0.618905778711972,0.618905778711972,0,0.0356010832656604,0.914479552550763,913.301344029378,119.999571430102,118.681190435959,1635.15223850906,1781.74848366487,22.0405051005369,0.526315789473684
0.759642879765327,0.759642879765327,0,0.945570706260774,0.0583103991295758,904.060312983939,159.999428573469,120.867993667858,1774.69124365012,1837.5491986799,26.5526615463102,0.526315789473684
0.611032512379803,0.611032512379803,0,0.187418786573793,0.651599268832209,954.90444591677,127.999542858775,120.915324227466,1869.24065593702,1844.20561181778,20.1958788521482,0.473684210526316
0.874183156002146,0.874183156002146,0,0.913702965698195,0.0401625310301882,869.894290433565,161.999421430638,119.617684191142,1569.85328219873,1553.25118940265,42.1792101837869,0.526315789473684
0.966464029102015,0.966464029102015,0,0.940935138359443,0.116355553126827,634.09662504444,169.999392859311,111.790907471795,704.798050892495,381.865742600503,7.34559755948303,1
0.532752782534784,0.532752782534784,0,0.354549146233151,0.104463565763785,701.559011045789,143.999485716122,118.353255123997,1592.97276633535,682.65082526426,36.3414800998846,0.368421052631579
0.954441875773395,0.954441875773395,0,0.140316550448711,0.817461049622768,857.445977538339,123.999557144439,117.092629564158,1443.18513075047,1337.36463569997,26.3627614640248,0.526315789473684
0.653456650826795,0.653456650826795,0,0.871637093625901,0.292991160029362,701.997044787343,165.999407144974,113.646648483495,877.89151928953,0,9.3732362134853,0
0.79983018312555,0.79983018312555,0,0.62204427252176,0.810542717641213,630.651218125951,395.998585719337,-42.3084660388437,1.63885365239529e-05,890.676993191181,14.4038105990262,1
0.551299236568734,0.551299236568734,0,0.935853174218505,0.642610599961674,807.166838813772,169.999392859311,113.446323160118,852.825923472809,362.546431850001,15.4156402958182,1
0.867040339430309,0.867040339430309,0,0.762039557779986,0.490435330925118,605.380657146674,161.999421430638,64.0183406733971,4.98297455915446,692.392812044068,9.45307622021276,1
0.907840080285179,0.907840080285179,0,0.96532473705213,0.19727537670141,868.718400276481,159.999428573469,118.822761157807,1466.79200115815,1267.59452468116,29.8639724608085,0.473684210526316
0.597737534251894,0.597737534251894,0,0.927930088326879,0.918515333611376,718.786505496091,411.998528576684,-44.2055125012682,1.20131214546328e-05,747.16730307622,13.0390059300172,1
0.758208323796248,0.758208323796248,0,0.131625740599588,0.106439280713622,826.729609994404,139.999500001786,124.706753686869,1868.54790884094,1130.86259163209,22.2789298797933,0.526315789473684
0.816349605168799,0.816349605168799,0,0.155959154929391,0.0435447008613188,961.246420162548,143.999485716122,129.053249931811,2295.71172331903,1362.41569944263,38.9789324151251,0.368421052631579
0.61649786388145,0.61649786388145,0,0.469633159546623,0.447576379476936,995.489881420476,141.999492858954,125.117046803857,2024.54262936521,1984.58752200267,17.6061791732772,0.473684210526316
0.614411556229309,0.614411556229309,0,0.137933523453262,0.349758482617839,820.623879500802,131.999528573112,119.555444117362,1712.5547924459,1296.1073686689,27.6858633019893,0.526315789473684
0.940972351554086,0.940972351554086,0,0.127501881149547,0.350835493127676,667.677595112502,137.999507144617,113.299851054023,933.514119763421,542.272315990104,40.602952202379,1
0.989705265812119,0.989705265812119,0,0.937015586087701,0.311032742676939,610.945772833633,167.999400002143,107.114794331425,427.118300528755,556.465979938848,5.92948829739703,1
0.881315361001466,0.881315361001466,0,0.0540065164685083,0.815792633315793,673.837254334911,129.999535715944,109.487747665149,742.749142035911,841.989209622183,12.8454339957944,1
0.689188405824671,0.689188405824671,0,0.449087547128,0.528111998766615,895.236666141475,141.999492858954,125.39943009687,1557.05476739445,1259.96093926765,25.5214876130546,0.526315789473684
0.741280397201805,0.741280397201805,0,0.0994096066486273,0.269260613421733,945.054859591399,133.999521430281,121.988708767975,2108.63643504874,1628.78995807759,25.1637612952449,0.578947368421053
0.747131368232891,0.747131368232891,0,0.788192231529538,0.285676115144269,969.433055739154,151.999457144796,122.518921316686,1804.36188207961,1696.3617974194,27.3716650683676,0.526315789473684
0.881802451713508,0.881802451713508,0,0.53069396845032,0.681666947701371,654.435683381167,153.999450001964,105.531751792543,393.998258852119,794.835789194905,12.0562692427319,1
0.923780905528354,0.923780905528354,0,0.354350668481911,0.740074814835468,692.833897644675,145.999478573291,110.013350967484,686.795683942374,806.160435336011,16.4347057035859,1
0.575219165679603,0.575219165679603,0,0.0619322800587094,0.742457237958483,974.479906569502,121.99956428727,119.889182205761,1898.92041521482,1892.17310127191,24.8691386310355,0.578947368421053
0.706283376789426,0.706283376789426,0,0.976379855314299,0.338174655012844,744.272625450108,169.999392859311,113.490267415082,840.491833292233,384.320105382824,14.3848841038816,1
0.531687036422101,0.531687036422101,0,0.872427173108901,0.602962111814287,827.188697094696,165.999407144974,114.602197436068,980.780195802351,115.935829007195,15.9673997607417,1
0.637683060422959,0.637683060422959,0,0.763027989295004,0.607825403414395,807.981511163094,163.999414287806,113.683993052771,910.839306679076,572.207587422026,14.8588593455031,1
0.546934828520223,0.546934828520223,0,0.271073666234186,0.0786982411324177,613.842072727916,139.999500001786,116.271378447182,1291.71532253784,288.741628893692,23.509125469722,0.368421052631579
0.611138430683165,0.611138430683165,0,0.964617143562952,0.29252535337289,785.067238299189,163.999414287806,116.228599885691,1148.49303930432,92.305290690297,19.1419644103514,0.473684210526316
0.840256530625244,0.840256530625244,0,0.199096727051095,0.571302653203053,621.996796902609,141.999492858954,109.03952380933,631.561263095527,726.759888796781,12.4717587784174,1
0.828573476473002,0.828573476473002,0,0.0517544530651322,0.918865650387153,676.197399030817,129.999535715944,108.812890397571,691.699093772367,909.801319428095,9.73648228049852,1
0.895395923262663,0.895395923262663,0,0.276314435248281,0.870974114272991,650.521242008846,143.999485716122,105.239058352146,414.214880544686,876.273820617771,8.64824744360647,1
0.644655550601604,0.644655550601604,0,0.713019696349258,0.762002115524539,883.512665736004,159.999428573469,114.844650546567,1053.47545312973,715.695041282372,10.736629263928,1
0.846860783120721,0.846860783120721,0,0.899737960308094,0.706659308634067,913.891259225844,161.999421430638,115.595987294459,1125.29304992994,835.00532140099,15.7099206028796,1
0.666072769251056,0.666072769251056,0,0.190527713649389,0.474867645595276,921.681954250455,131.999528573112,121.00772010041,1854.59936396932,1767.827147833,27.2734983367374,0.473684210526316
0.656750307810043,0.656750307810043,0,0.320961303964683,0.146095309483044,866.043226580485,143.999485716122,126.773548163118,2005.35283207167,1320.41371184664,26.612543240168,0.368421052631579
0.816027742860729,0.816027742860729,0,0.360425155625563,0.413222462451,741.734294023064,149.999464287628,113.953512558408,980.115913371117,611.994533002408,17.4757697757371,1
0.55009780417181,0.55009780417181,0,0.309364651495646,0.0788888681667481,611.378512404857,141.999492858954,116.453872197981,1275.99210700727,291.506407064713,20.712415627975,0.368421052631579
0.625546029730787,0.625546029730787,0,0.35788666133728,0.887837103743878,865.644840914962,145.999478573291,115.112434456859,1088.94883499851,748.175147973363,19.0900343426784,1
0.847983204910878,0.847983204910878,0,0.344911269020752,0.767135258321554,676.56565252955,145.999478573291,108.782477939064,602.276289911901,844.861634901147,5.72762114541443,1
0.540775355877763,0.540775355877763,0,0.0442325670311101,0.0159558943110647,605.297714330569,133.999521430281,114.929321917265,1340.74071726714,37.8075185325185,17.8985957420377,0.368421052631579
0.686389037738526,0.686389037738526,0,0.774927545411362,0.338936160612912,889.179019975884,163.999414287806,117.13243039251,1274.69317955389,259.907205632737,25.4413760396321,1
0.625248077100241,0.625248077100241,0,0.58185329286904,0.926755415338443,819.76009770649,157.999435716301,112.398417865203,830.763548471444,780.196072557245,14.0706956096477,1
0.922456016754837,0.922456016754837,0,0.889767345859041,0.898011934502576,813.88516203088,163.999414287806,111.627535404431,729.262931194003,906.42590790719,14.9442416238165,1
0.907181464285992,0.907181464285992,0,0.857180297135402,0.518301705446437,878.204398814268,161.999421430638,115.746950994096,1141.03587860612,704.054651169161,15.1354137217344,1
0.722114276416925,0.722114276416925,0,0.950415605428791,0.350246297154956,993.236067367636,153.999450001964,122.315067081429,1797.62543419145,1638.65301521028,41.5351941607307,0.526315789473684
0.78523291640112,0.78523291640112,0,0.359067962814872,0.276243677795379,726.091118924154,151.999457144796,114.386445523022,1018.29207005235,399.326053107911,33.4647803417339,1
0.952296545135655,0.952296545135655,0,0.822760117951635,0.843552601722797,772.79891651319,161.999421430638,110.455603271198,648.536773263313,870.741978237359,18.943293025277,1
0.632748239668436,0.632748239668436,0,0.771118070342271,0.628579539606606,684.187955159274,163.999414287806,105.758028971833,372.08649716111,583.820852841206,8.59772971699348,1
0.730639125648227,0.730639125648227,0,0.745979374215718,0.756777690331046,821.868528248062,161.999421430638,113.087943099453,871.007955634147,835.232357537713,15.5455675819439,1
0.914075493859034,0.914075493859034,0,0.190870724659132,0.470041239044899,989.569604076123,129.999535715944,123.0386789181,2123.28651187514,1860.72998848213,25.337087164298,0.526315789473684
0.762869871262773,0.762869871262773,0,0.331189867603191,0.256652855555147,985.938770318975,137.999507144617,125.410685062566,2142.67935464528,1850.42253845206,25.7004833667874,0.631578947368421
0.851125896858456,0.851125896858456,0,0.658773546843926,0.426006503963824,952.08439147182,143.999485716122,126.759983958255,1739.27376699932,1564.04290394361,26.5087713429934,0.526315789473684
0.81292559243158,0.81292559243158,0,0.536152341093908,0.720076891542369,929.893312993952,149.999464287628,116.640947621036,1339.90894229042,838.433579722668,30.8008788410535,1
0.629854337324174,0.629854337324174,0,0.177944920929663,0.816216151071403,956.712902628925,125.999550001607,119.452892679199,1756.37539919855,1699.62444148105,28.7825172462691,0.526315789473684
0.576015387314096,0.576015387314096,0,0.872503607099925,0.272892895941082,844.978411308958,147.999471430459,123.110211929255,1723.10365460638,1455.56412657856,24.807983757645,0.473684210526316
0.755352245203655,0.755352245203655,0,0.583521290382046,0.872456619013962,777.897619781917,155.999442859133,111.199269228041,734.672154552298,907.152966120956,4.24010207708326,1
0.677205998362995,0.677205998362995,0,0.275088169770413,0.186770094234889,959.939447455632,139.999500001786,127.07305255355,2251.33703385607,1637.92212530526,23.2602678401981,0.368421052631579
0.829288722025312,0.829288722025312,0,0.436325495874325,0.0419076511899853,666.605615586488,151.999457144796,117.453999375519,1207.2163903702,1088.3831406885,29.0554474870677,0.526315789473684
0.811692786014512,0.811692786014512,0,0.71718817020105,0.0130834132705463,877.770500078914,157.999435716301,120.634638200483,1748.14942895396,1780.24847962058,32.2984646597604,0.473684210526316
0.948860886198705,0.948860886198705,0,0.713414931629497,0.353355085410753,666.326275973465,161.999421430638,111.050229576384,691.453084318547,577.641271359696,18.2793669143491,1
0.935039740593738,0.935039740593738,0,0.153892104687206,0.818307217095673,859.500962748787,125.999550001607,117.012791802851,1442.72428825942,1307.94530226916,23.1720885752936,0.526315789473684
0.826964096482821,0.826964096482821,0,0.343262031922693,0.180478452392993,752.780678450039,143.999485716122,123.309226431227,1372.39881921997,1193.81581710355,31.1703231179614,0.526315789473684
0.993938562338119,0.993938562338119,0,0.447508723798321,0.720602417590016,913.614075110619,139.999500001786,120.664566810333,1482.13381830937,891.744630421374,28.2006996082801,0.526315789473684
0.593487121022141,0.593487121022141,0,0.398001315539865,0.041526183546297,801.963823722949,149.999464287628,121.530736317879,1945.08322588915,1063.56707007226,29.9952585014202,0.315789473684211
0.870473208621577,0.870473208621577,0,0.521756297173398,0.704077734854575,891.855671299268,149.999464287628,115.922619546065,1200.26943634973,811.110571231919,28.9547586239872,1
0.983464980475093,0.983464980475093,0,0.757718989867558,0.557990873533508,858.612689190928,157.999435716301,115.25815425994,1110.9044249431,711.627726287377,19.3230971851083,1
0.655425880541698,0.655425880541698,0,0.454861577778369,0.209060632219237,699.546199131284,141.999492858954,123.333986244471,1351.73191245032,1130.538254736,23.0592345863701,0.526315789473684
0.980678450576861,0.980678450576861,0,0.916266349977806,0.0825886701564487,634.684318425925,169.999392859311,112.194404679473,734.000360417641,351.357215811982,15.8934702149792,1
0.820696785212579,0.820696785212579,0,0.806876917602219,0.899228264670687,774.701959228529,163.999414287806,108.776941829566,531.666585852219,937.205213747982,6.91232116590325,1
0.884894962299602,0.884894962299602,0,0.548501725788028,0.721569584181335,746.210498686902,153.999450001964,111.436469620758,768.722373986032,816.390857605893,14.431437462267,1
0.983337012545596,0.983337012545596,0,0.484249557160851,0.155631016565712,693.996596419643,157.999435716301,113.987848136981,968.711480311453,391.646575777164,21.8334088616809,1
0.615973993754765,0.615973993754765,0,0.716316809171038,0.677550123403169,648.851304671716,381.998635719158,-47.0455988736916,1.10241795618464e-05,591.985386592773,13.8755392406924,1
0.661556604354078,0.661556604354078,0,0.469600672884352,0.199327856122978,887.761074036663,143.999485716122,127.956845338102,1927.96395330509,1385.77394513943,31.5537773176161,0.315789473684211
0.51063562172782,0.51063562172782,0,0.237994893287104,0.0523529787621057,866.399046083689,143.999485716122,124.043681277414,2278.41947703465,1227.18391621582,31.532225757665,0.368421052631579
0.853672035421421,0.853672035421421,0,0.0753744720502771,0.0810545355716943,722.224073247595,137.999507144617,120.934282783442,1498.30326383337,1045.77263612321,46.5809131632173,0.526315789473684
0.921267110630384,0.921267110630384,0,0.551949244937092,0.573024139790989,743.552484877477,153.999450001964,112.415421408435,849.329869068883,722.098576057001,15.3577611360988,1
0.798776332996193,0.798776332996193,0,0.661011625411858,0.0826040559894055,915.895726513257,153.999450001964,120.952523307021,1794.33035400425,1837.86400551693,40.437411401725,0.526315789473684
0.58410439428356,0.58410439428356,0,0.506364186597219,0.482116112494121,959.693856962565,141.999492858954,126.39096691314,1875.19195649137,1770.30604853686,21.1036286757728,0.526315789473684
0.851599249879646,0.851599249879646,0,0.11864427160667,0.308817929268725,874.149983461475,131.999528573112,120.24138983304,1789.51067035507,1427.16993466294,31.332582222828,0.473684210526316
0.749026749835392,0.749026749835392,0,0.656344681278799,0.907983567668583,700.605856462616,409.998535719515,-40.4950290275718,1.85444129128208e-05,922.008090500362,15.453065847351,1
0.808874603169846,0.808874603169846,0,0.287524629579219,0.231788761397448,730.326444279453,147.999471430459,115.198869906418,1134.61458383793,343.170788021635,22.368779451871,1
0.766994071293081,0.766994071293081,0,0.688138936818038,0.380828298424229,901.168116296734,159.999428573469,116.988313558316,1319.55062711973,567.984711038342,24.6645149860537,1
0.977669570611631,0.977669570611631,0,0.837566729720988,0.812791292975229,949.433920672266,159.999428573469,116.034021529981,1206.44749561743,852.212202085274,11.2993583322443,1
0.83515113529514,0.83515113529514,0,0.0914349090102163,0.0284931284834342,920.498914593085,141.999492858954,128.243662758923,2212.25225667982,1270.7403542941,24.1282546897136,0.368421052631579
0.746286523223706,0.746286523223706,0,0.962601344632365,0.335096852741771,959.482150614107,155.999442859133,121.008232420172,1672.88251611103,1454.76702838779,29.8723884262709,0.526315789473684
0.516253387122174,0.516253387122174,0,0.6713496904882,0.457256048905656,844.997621043027,143.999485716122,126.529304876819,1608.75954052679,1413.01564508464,30.7504399321643,0.473684210526316
0.822773309149377,0.822773309149377,0,0.656570919539701,0.110295268818384,976.267937355547,155.999442859133,121.969449234676,1976.46571335224,1911.03664666906,17.7760129643433,0.526315789473684
0.998208213656003,0.998208213656003,0,0.648666345071424,0.432359860890453,612.89980073601,157.999435716301,106.852527218641,441.256979212873,628.806431010825,8.91713588632436,1
0.997947797476326,0.997947797476326,0,0.181648639469531,0.195923338956893,989.474087172794,137.999507144617,124.601510385287,2172.09094928548,1671.64879858614,33.5408141600514,0.631578947368421
0.810881656422811,0.810881656422811,0,0.111008851441257,0.538366130006985,757.525019659279,131.999528573112,114.565102873025,1191.95831517989,702.549333511663,30.3642472350924,1
0.853803990809947,0.853803990809947,0,0.332001032758537,0.14682683023196,940.766063730254,141.999492858954,126.83392245849,2028.48600080367,1678.47470784002,23.491313586209,0.631578947368421
0.794602191067022,0.794602191067022,0,0.807925326080306,0.371142323840142,857.918056139997,163.999414287806,116.04427393389,1145.98179517211,591.720618291793,33.3963726661964,1
0.749630318523364,0.749630318523364,0,0.991976013260621,0.718069166296218,858.748475863232,167.999400002143,114.039004716709,922.17865701167,839.778242696588,12.1531776988697,1
0.915468118636386,0.915468118636386,0,0.376680107481378,0.0513832833086068,608.410134548494,155.999442859133,112.753094650376,856.352982543873,182.679980674851,12.6108119902481,1
0.836927548397731,0.836927548397731,0,0.318465468954121,0.701771091417405,601.174550976524,145.999478573291,96.5757986647911,157.587749833632,812.224387294796,5.59274586491949,1
0.978493784661402,0.978493784661402,0,0.0683890715270694,0.718531922394093,781.356846138431,123.999557144439,114.932157842012,1252.33084232271,1027.81616744474,29.2656182428221,0.526315789473684
0.616321658405879,0.616321658405879,0,0.122799474405329,0.347964616134462,878.02817738146,131.999528573112,120.386666457193,1895.85232871173,1381.42810741445,28.1598624384081,0.526315789473684
0.571782475661389,0.571782475661389,0,0.790207224437564,0.756135154762743,802.231529867539,165.999407144974,112.49529698074,792.659299866592,571.771300566979,16.394552359187,1
0.953398547796619,0.953398547796619,0,0.343624562989024,0.763837632724122,845.736179337558,141.999492858954,115.505675099434,1149.16382524168,811.427717226167,46.7003764829319,1
0.838524566858283,0.838524566858283,0,0.560026300798905,0.257280029411289,983.797966054591,147.999471430459,124.269175131745,1968.2095742366,1900.17486495138,13.6246010483418,0.473684210526316
0.976633367222614,0.976633367222614,0,0.231009393442666,0.511604890928401,797.670619485066,133.999521430281,117.20487869702,1334.74695615541,895.681709120497,35.5348016365038,0.526315789473684
0.762409149094109,0.762409149094109,0,0.858529320136615,0.68364908918222,769.684329626911,163.999414287806,111.503268444012,712.377945388499,823.45278588869,9.12782198064516,1
0.712632860551743,0.712632860551743,0,0.920825460491172,0.0495349586553665,948.361141046156,159.999428573469,122.528875990237,2098.64609233695,1882.64376753304,32.3602396304972,0.421052631578947
0.663126115087014,0.663126115087014,0,0.103562509124748,0.761605206826203,683.534894085378,135.999514287449,110.23454404263,759.381606652173,714.250720315684,21.4061707181998,1
0.87609719976507,0.87609719976507,0,0.0995918074563374,0.0692876302449696,786.381226206925,139.999500001786,124.108139478062,1684.46312351554,1119.03392885832,30.2476140199419,0.526315789473684
0.95681326209812,0.95681326209812,0,0.507658150381019,0.958955415111736,733.55622136998,151.999457144796,108.538002184718,563.642932387202,913.368217752691,4.51108179542281,1
0.717334460016795,0.717334460016795,0,0.250216110854755,0.979809659487402,828.099884228863,139.999500001786,113.926567760575,998.925926897697,907.386592645709,15.7644144792081,1
0.984913792911618,0.984913792911618,0,0.418322122571866,0.184204963802135,706.5269437299,153.999450001964,114.306100543729,1007.28863020772,415.049752455292,26.8559020236966,1
0.974046127074557,0.974046127074557,0,0.0671565945993501,0.981299198353244,984.506242757954,115.999585715765,120.998047183533,1797.09250308454,1909.38167482106,23.1854005812744,0.526315789473684
0.506857180964818,0.506857180964818,0,0.951661527061581,0.532964431155092,916.04923786003,151.999457144796,122.946388416072,1642.93059402366,1360.27625633038,34.1098420592268,0.526315789473684
0.974854411832245,0.974854411832245,0,0.196348308322856,0.378764851036779,938.967834088301,131.999528573112,121.649497849927,1994.7807691574,1761.75882439889,27.1482944713457,0.526315789473684
0.814889405288819,0.814889405288819,0,0.324184670291387,0.719660721298889,660.800825981812,145.999478573291,108.50206635514,584.997928210756,828.446987723001,4.80492347123857,1
0.949334929097834,0.949334929097834,0,0.835466554319574,0.532350285862902,712.505148013065,161.999421430638,110.922238444787,678.577290442236,703.876739305942,14.1914172288942,1
0.755708263142862,0.755708263142862,0,0.659598381720597,0.259224142757952,830.982324508658,161.999421430638,116.328074646247,1190.76271678911,332.465353038683,27.0625208001293,1
0.66322685701714,0.66322685701714,0,0.386123670050969,0.501798866253466,605.112042697564,153.999450001964,107.248006766238,482.367579367739,465.012514548825,5.81697566293445,1
0.720719563285352,0.720719563285352,0,0.0159462036748994,0.102252595131032,844.701800780863,135.999514287449,121.903088492353,2031.25793002242,1168.6953527204,24.7675601006471,0.421052631578947
0.58922972961276,0.58922972961276,0,0.71383081000598,0.943158644984912,887.855486385953,161.999421430638,114.110160763462,969.158539614902,739.890481210174,14.5335883389626,1
0.6097489975351,0.6097489975351,0,0.116159384302245,0.274134901949217,807.12449146681,133.999521430281,119.695861456301,1784.98424286119,1192.13376761458,27.9211346585219,0.526315789473684
0.973135551486369,0.973135551486369,0,0.1660748228275,0.973746332795703,685.494331947387,135.999514287449,108.512680410978,636.94291427205,900.121931370701,13.6001495901163,1
0.802872786082643,0.802872786082643,0,0.147088454389506,0.847174371277803,729.231206066817,135.999514287449,111.124031930731,834.387339230923,887.20090979452,18.0998336112334,1
0.79827764488224,0.79827764488224,0,0.425750048755273,0.453537590809788,955.267797752062,135.999514287449,123.725849737712,1829.97727835009,1755.87960004848,25.8592992451957,0.473684210526316
0.506390135337469,0.506390135337469,0,0.429326393387959,0.930950983430594,756.398262317768,153.999450001964,110.569907137383,696.756084429956,556.950356570433,12.2535590878263,1
0.852543740075445,0.852543740075445,0,0.354350972870894,0.98671405331096,646.668519596115,423.998485719694,-33.550577824997,3.45583605135258e-05,949.603973402351,12.2651398949857,1
0.656277649542877,0.656277649542877,0,0.771397577440895,0.912600420730023,601.681639578602,409.998535719515,-43.1292407851425,1.35293416552405e-05,822.906484389467,13.4283024447427,1
0.734884457268748,0.734884457268748,0,0.801182280921063,0.726534839362718,903.34767261605,161.999421430638,115.315858499357,1098.97152431114,824.381144404376,18.1440641292667,1
0.69749388120899,0.69749388120899,0,0.795557994511021,0.41483571284564,647.678353621162,165.999407144974,108.551001926903,504.024443434672,476.47978345274,7.84619193457501,1
0.830631359241649,0.830631359241649,0,0.562277850811382,0.429563072844861,786.454303689893,155.999442859133,114.344746085789,1015.59835334032,640.339037431233,16.0316497404219,1
0.932838562498621,0.932838562498621,0,0.95548504086888,0.084362847466965,811.66344875008,169.999392859311,116.826511887689,1209.67959801325,391.929859269313,27.8389104009314,0.526315789473684
0.537394450953447,0.537394450953447,0,0.815088062193727,0.0112394548082496,707.74612436693,155.999442859133,118.413250467483,1562.58487737507,506.486062940011,35.2620796657145,0.315789473684211
0.856210171249645,0.856210171249645,0,0.886132066442558,0.743325031913051,797.954690360406,163.999414287806,112.195336417159,774.962622730932,850.791682223306,19.14590626664,1
0.597642005775745,0.597642005775745,0,0.313986284626239,0.333749394360672,670.491160724466,141.999492858954,117.289371186629,1140.03313260157,624.241801344507,30.2950340116906,0.526315789473684
0.996561337179222,0.996561337179222,0,0.636388867728296,0.695377561735879,643.048028492731,155.999442859133,79.4853050744853,22.1918381308689,782.471193711926,9.67189845897234,1
0.767967601466197,0.767967601466197,0,0.644915593299504,0.258972892009032,928.364706054377,147.999471430459,123.257194634441,1745.82472857479,1642.58335147309,22.2465182275185,0.526315789473684
0.759428724001346,0.759428724001346,0,0.0175366389575982,0.178317887352207,736.790780229435,131.999528573112,118.324929734319,1539.02661699268,1065.79727133215,31.6430294521817,0.526315789473684
0.560672760250735,0.560672760250735,0,0.660709707957067,0.257792565409502,792.382423297099,145.999478573291,124.525507217643,1676.8028129317,1259.30014513264,23.8250237127237,0.315789473684211
0.990842156935541,0.990842156935541,0,0.849512117202699,0.621271562876918,734.819312891777,161.999421430638,111.04286544737,691.868979022972,750.685691380762,15.0587187897284,1
0.730178068469579,0.730178068469579,0,0.326096440154054,0.274462100823419,797.723188999285,139.999500001786,124.187452143958,1491.70803172868,1307.99459595545,20.8629946563556,0.526315789473684
0.636921181201048,0.636921181201048,0,0.852677092752916,0.286075484244317,680.616018774833,163.999414287806,113.498592377669,873.498559095823,0,15.3681826098961,0
0.771080784330078,0.771080784330078,0,0.204524412081876,0.0111699291984775,750.975430541301,145.999478573291,123.763272809,1707.21491179486,992.429846835428,26.6269035603351,0.368421052631579
0.920156143750695,0.920156143750695,0,0.693683280915584,0.00299732001986774,709.001939059928,167.999400002143,115.216183714514,1015.74294323433,161.268867826248,24.1671526468943,1
0.680800247971229,0.680800247971229,0,0.423742642375325,0.709577398075221,752.162226842167,151.999457144796,112.000816571462,825.582127940906,725.085718826773,14.4478010246458,1
0.948960206867082,0.948960206867082,0,0.63261614521353,0.93825494866025,863.301016275708,153.999450001964,113.700888996502,974.514468571253,910.209807579313,14.1366358433823,1
0.755340953774935,0.755340953774935,0,0.912650773135186,0.33499973997083,831.995307963825,167.999400002143,115.674614125798,1071.74939850102,508.295674193942,14.5037956563236,1
0.677031596275482,0.677031596275482,0,0.707459915971392,0.719639087295859,899.486038067505,159.999428573469,115.379949549475,1121.05574278374,739.4501854279,12.398934895013,1
0.802246078308795,0.802246078308795,0,0.146807731575106,0.348807497938522,609.854107798999,141.999492858954,111.404150546644,752.474461549252,514.334417542325,11.9123599661455,1
0.661921703176735,0.661921703176735,0,0.535956670484275,0.0578092491004973,779.068036061875,151.999457144796,121.327260706602,1760.55387067039,1132.094691008,30.3119875512285,0.368421052631579
0.576115000183993,0.576115000183993,0,0.718600406937792,0.70329050776813,858.93196271346,161.999421430638,114.624781980593,1019.12517191205,520.699574608705,15.5267159620107,1
0.518288131588865,0.518288131588865,0,0.870832498937547,0.457543508667444,912.396663408718,147.999471430459,124.82009939703,1751.61747187073,1565.00204463977,26.8347921982302,0.526315789473684
0.884444011806274,0.884444011806274,0,0.570738687194045,0.561960644493724,603.363220151723,155.999442859133,84.4917059603877,39.6816439790734,725.488713090478,9.85712219283508,1
0.995486587712815,0.995486587712815,0,0.351710709814149,0.763367890390353,691.210589293993,145.999478573291,109.81342369183,675.229102274131,806.432459501341,13.1284297706087,1
0.710798919819514,0.710798919819514,0,0.527070657924015,0.217857419311005,741.145566759626,155.999442859133,115.39504516491,1107.2885172446,112.117518725793,22.4692484610733,0.526315789473684
0.776378169457209,0.776378169457209,0,0.638538460884305,0.439574015871981,675.854367344988,159.999428573469,110.560658369354,660.285801688267,639.014079542677,10.5526974401924,1
0.688407167048345,0.688407167048345,0,0.40214603318545,0.266083215891719,893.159377263433,139.999500001786,126.535063991982,1816.15109504579,1442.64478314131,26.540767805724,0.631578947368421
0.654303009677062,0.654303009677062,0,0.480063473737543,0.106152979147054,670.108750600635,145.999478573291,120.303989680683,1403.48149623057,985.574074188256,20.9543498889808,0.473684210526316
0.845485155179202,0.845485155179202,0,0.0253405846133068,0.0753476528193704,832.429856163265,137.999507144617,123.320674707203,1890.87362368016,1139.34380989575,33.3894180622029,0.578947368421053
0.698071867785052,0.698071867785052,0,0.40877519515776,0.712558922824242,613.501331462684,151.999457144796,40.8529559843632,0.725981987920263,754.116976111717,9.24630945296796,1
0.588911082170289,0.588911082170289,0,0.907344468807983,0.589682457179608,773.109292283811,167.999400002143,112.671710306585,787.510870767546,412.916133937726,13.9087629242269,1
0.558811068041973,0.558811068041973,0,0.712838483440714,0.563892035414897,606.939309404567,163.999414287806,10.6954848710042,0.0266929742315214,153.510528766122,9.45632475809656,1
0.85536677013594,0.85536677013594,0,0.819640033983257,0.395573093937588,711.307112289984,165.999407144974,111.960819850291,747.232519888379,625.089908823016,11.8159768146799,1
0.663959058578153,0.663959058578153,0,0.774886154441171,0.0281012757808501,929.144813167562,155.999442859133,122.637781455566,2118.68675113542,1519.07163794032,27.5452318946492,0.368421052631579
0.762161516458134,0.762161516458134,0,0.85863677195279,0.697706546295308,755.930343554919,165.999407144974,110.66491704983,648.335862165125,831.626249818622,9.71462499510446,1
0.531505620972251,0.531505620972251,0,0.742196183072516,0.909960663649631,979.431554687247,161.999421430638,116.394615800782,1229.73502382587,617.023214259974,17.1905446904111,1
0.569151606725948,0.569151606725948,0,0.931450537581949,0.0242968491271275,607.068285643581,153.999450001964,115.810772927971,1207.87216097753,285.44593705868,19.8651253353269,0.421052631578947
0.690501328351905,0.690501328351905,0,0.709927158790591,0.658386601746376,821.342546921734,159.999428573469,113.76521024481,936.691674184996,719.351424339361,13.3235769581337,1
0.883046797637203,0.883046797637203,0,0.196303846529543,0.481628016420669,665.394019237995,141.999492858954,112.18406462161,817.874072207081,653.85071613472,11.6991478825725,1
0.952201132285414,0.952201132285414,0,0.276698085067827,0.063741258773351,846.015081767308,143.999485716122,126.478105253451,1737.65553190462,1363.89926574458,16.5503867218114,0.578947368421053
0.683459794705742,0.683459794705742,0,0.844561612290252,0.765485550180705,948.258516341633,163.999414287806,116.127810958905,1184.21841097759,784.158725005583,18.5600732267233,1
0.791416018469688,0.791416018469688,0,0.422460211879015,0.122264639046746,650.045716253891,155.999442859133,113.745393620065,944.439510317717,18.5349045932209,24.2806392297761,0.526315789473684
0.954803505841982,0.954803505841982,0,0.109483392278796,0.196610530587364,797.119698547244,133.999521430281,120.153855869864,1618.73271804443,1230.18855400091,26.4114961628966,0.526315789473684
0.990030370327003,0.990030370327003,0,0.275312242142944,0.76455594724788,766.849238613515,139.999500001786,113.392043039595,938.679024487629,803.713809262537,15.4228288105682,1
0.859363776934799,0.859363776934799,0,0.844878880847165,0.856760470149286,711.769190269624,403.99855714801,-43.2623115838886,1.43871595409753e-05,905.64534622664,12.1331591222021,1
0.707689601065364,0.707689601065364,0,0.561624324965718,0.714480212045451,707.634011629218,157.999435716301,109.393248718462,597.222914223892,775.393890955064,8.80549709584886,1
0.559408528820883,0.559408528820883,0,0.932261889001232,0.546614710924468,849.407888340467,167.999400002143,115.371830187448,1049.0371778987,148.708660479176,15.8621172918325,1
0.520416029368415,0.520416029368415,0,0.757229194397576,0.510171003590542,830.627188311624,159.999428573469,115.921098399778,1169.57420884141,115.173763618033,26.76508931051,0.526315789473684
0.883796961300994,0.883796961300994,0,0.941005943316205,0.312565769510458,829.933747286352,167.999400002143,115.704187470674,1084.43077687611,557.412760668222,15.9137067519932,1
0.554535493631213,0.554535493631213,0,0.83970217195704,0.0594417110681088,639.176727934879,153.999450001964,116.732469188879,1330.97099286517,569.172832227893,28.0770802818461,0.473684210526316
0.869312910817037,0.869312910817037,0,0.412089811825395,0.887697823532316,653.920661979611,149.999464287628,61.2007385360116,5.53854683408547,900.027363993812,7.62659473594,1
0.650305463947198,0.650305463947198,0,0.871087967111741,0.642707514033848,912.050820809809,163.999414287806,115.9241267743,1140.81551163906,641.902862045029,11.0123523075492,1
0.774985282023044,0.774985282023044,0,0.356469671335635,0.502629844230854,777.460066187982,147.999471430459,114.576740715574,1029.89097675031,679.671175230904,17.7883349116157,1
0.76434222436798,0.76434222436798,0,0.650442399676767,0.928161169410671,600.874813335375,411.998528576684,-40.6051553383826,1.78378210639873e-05,939.830137637734,13.3320551649175,1
0.707282949475708,0.707282949475708,0,0.747300240969988,0.807740134644002,769.141016608669,161.999421430638,110.560171281653,651.642829664455,835.677184227036,7.37847784862606,1
0.873681393682799,0.873681393682799,0,0.643236601521064,0.928613017388039,932.616531504509,153.999450001964,115.40515713623,1160.93246902391,927.606888251961,18.5068803036276,1
0.767911413725791,0.767911413725791,0,0.230832877136025,0.257751427767745,613.06434600975,147.999471430459,111.852502904439,792.645908717652,288.543331098544,10.0214284975563,1
0.904866704034404,0.904866704034404,0,0.680962308718324,0.29139200103357,801.317020488123,161.999421430638,115.360633252966,1092.96865053309,522.502594960954,12.650523510085,1
0.924312257856774,0.924312257856774,0,0.481490284012269,0.360400673167594,816.244537151132,151.999457144796,115.782758924479,1186.79180248103,571.577507991243,26.8575499414162,1
0.704039383108955,0.704039383108955,0,0.0740121268372477,0.720143710315818,756.926483160892,131.999528573112,112.868356776547,1051.95986444355,749.693968549456,28.977870655893,1
0.812677185561912,0.812677185561912,0,0.485415251269647,0.350107964328721,800.775774683681,153.999450001964,115.316312251588,1119.09438325666,552.321153542766,19.7494982056964,1
0.687957026245917,0.687957026245917,0,0.607013925548157,0.141421128617513,839.940993013545,145.999478573291,124.325473404692,1720.49752183,1395.80707368879,21.6060581038823,0.421052631578947
0.892942291040213,0.892942291040213,0,0.731162347841734,0.362039449506118,953.992300303425,147.999471430459,125.101117777429,1755.60489038374,1579.97459998462,29.6650111611169,0.526315789473684
0.819187100452227,0.819187100452227,0,0.437784685864719,0.221975605210941,932.592071218239,143.999485716122,126.999376402266,1892.62465611328,1654.01674631169,22.3344895388296,0.578947368421053
0.881042633232269,0.881042633232269,0,0.00248416660627382,0.94034648945324,658.351326856875,127.999542858775,108.069065261427,653.300158659876,897.090999340091,16.967306296795,1
0.928805701345453,0.928805701345453,0,0.890723569907271,0.91304714536271,961.473892779308,161.999421430638,115.840139945148,1169.68457303758,912.020962076319,11.6680961513708,1
0.61933058872656,0.61933058872656,0,0.935660298897007,0.948336650182676,990.891535730877,167.999400002143,116.327664273496,1179.85852198967,796.141684508094,15.1705240988092,1
0.99373206096289,0.99373206096289,0,0.820652282179026,0.236585936106787,749.541672203569,165.999407144974,114.386579354671,962.086218894429,491.868745368135,12.6663831258963,1
0.9551221764092,0.9551221764092,0,0.0325282657793261,0.208020581067694,724.437185521805,129.999535715944,117.59748682959,1418.23370159767,1099.10581676729,27.8662496105133,0.473684210526316
0.895595086324478,0.895595086324478,0,0.328516755352548,0.690914323090334,783.328913125524,143.999485716122,114.666562387506,989.285724529603,786.814485554254,17.466289291503,1
0.975488691048768,0.975488691048768,0,0.794280408344747,0.220916009820933,938.984787271927,149.999464287628,122.372007950563,1737.93404261771,1622.96246965743,32.5793368023561,0.526315789473684
0.925201448089896,0.925201448089896,0,0.833373863040732,0.581751156502585,812.215270243549,161.999421430638,113.877111622663,944.28707471074,737.44674751526,14.5806088097949,1
0.535016538134025,0.535016538134025,0,0.856360321237305,0.981611132797421,626.111616193254,419.998500005357,-43.4997431840241,1.22209252808626e-05,678.751068632017,11.2846427543701,1
0.585523609385381,0.585523609385381,0,0.716872609485766,0.562619673902164,893.267436016317,161.999421430638,116.192578162153,1196.18553379212,318.755208288824,19.1465006254026,1
0.520161701668964,0.520161701668964,0,0.910635741248579,0.465569504366891,637.337234179555,163.999414287806,111.112513231192,682.009488090296,0,19.5105950404988,0
0.991021241553532,0.991021241553532,0,0.555231222676752,0.489689720262538,655.441164008924,155.999442859133,109.810399717892,634.795799557291,661.785340571809,11.2445258576475,1
0.739744679058073,0.739744679058073,0,0.887549404142821,0.746423944095173,914.922037816553,163.999414287806,115.424947688956,1093.67131293731,843.119986871361,14.7779239948636,1
0.959038139815258,0.959038139815258,0,0.22467893343007,0.590488341095498,959.527556961364,125.999550001607,121.568499278567,1930.9707082733,1755.19788744106,25.9152748296385,0.526315789473684
0.65134531630146,0.65134531630146,0,0.375665619445954,0.587431917172062,975.529242563299,135.999514287449,122.356021742436,1867.49787557731,1831.09687938276,28.3200210195485,0.526315789473684
0.501042883301156,0.501042883301156,0,0.881131258188329,0.723768961863756,663.614722092249,389.998607147832,-48.1393831838439,8.96099893506891e-06,279.259421201721,13.0508919885868,1
0.96592482584079,0.96592482584079,0,0.519760512333453,0.305804094085105,955.534732350714,141.999492858954,126.618357979291,1902.69234945542,1792.0334635041,21.8416077110849,0.526315789473684
0.887924849290379,0.887924849290379,0,0.611448050426729,0.766378057060155,758.878474998349,155.999442859133,111.377546463067,752.748229279966,841.331605884684,14.1880129943562,1
0.833771166131184,0.833771166131184,0,0.261102433872262,0.598055384016836,757.975710372802,141.999492858954,114.640332835241,984.101790060684,749.276258198958,24.2834851489332,1
0.867811641667361,0.867811641667361,0,0.34213924292537,0.200983154104856,771.079037388967,141.999492858954,123.884636177833,1413.98129619524,1214.53838660527,28.7958828598636,0.526315789473684
0.646315909602271,0.646315909602271,0,0.443807204637283,0.336628164375103,810.834185117992,141.999492858954,125.733854140668,1519.01106417101,1342.81158489875,26.1172306019716,0.526315789473684
0.988141602138899,0.988141602138899,0,0.0945771928162744,0.0571785497410813,734.013629723008,137.999507144617,122.057038525614,1511.92915140934,1080.46287218068,29.6848106126537,0.578947368421053
0.667191661203132,0.667191661203132,0,0.494697253325117,0.439164141628188,952.175007514388,141.999492858954,127.057089443676,1809.48591511179,1723.86116445339,25.1722446877421,0.473684210526316
0.669513851180707,0.669513851180707,0,0.287602467686367,0.792876520803022,930.759145518055,133.999521430281,119.381770791274,1607.64506771122,1327.92780370859,37.533723181821,0.526315789473684
0.57958636317554,0.57958636317554,0,0.014996009644011,0.455758734763627,956.093697278387,125.999550001607,121.491694189184,2196.72429924402,1965.07198263794,29.4163368076779,0.526315789473684
0.653799858400189,0.653799858400189,0,0.991644132991037,0.152506617370086,681.993501968955,157.999435716301,116.950267479121,1203.57225052776,1047.36044381721,28.6583733070393,0.526315789473684
0.965532201225952,0.965532201225952,0,0.517073990709084,0.123120033805939,746.599112963773,151.999457144796,118.045642226962,1290.36780431905,1085.52325755013,28.9120762818493,0.526315789473684
0.63500364231813,0.63500364231813,0,0.811470782434714,0.571689384871703,768.641324560373,165.999407144974,112.669985615851,803.761015838807,525.239405695156,11.5691144135669,1
0.89014581944666,0.89014581944666,0,0.799964284646473,0.733996638642671,727.111167803296,161.999421430638,108.655221607496,528.781699812021,830.652360172755,15.1735198270637,1
0.697951336970418,0.697951336970418,0,0.373055254754433,0.414968951185044,608.764976547834,153.999450001964,109.086825685537,594.254565660047,428.195885405587,10.7378851370094,1
0.867513519127264,0.867513519127264,0,0.57586090223627,0.888389343896507,730.861789039771,155.999442859133,108.269922546799,532.29682966457,908.114038845468,7.111025344138,1
0.817214594201837,0.817214594201837,0,0.541229931210686,0.744213309450528,699.010614634853,153.999450001964,108.669707430045,559.462620577882,850.616416908746,9.13816058438053,1
0.925519843809997,0.925519843809997,0,0.487262512303164,0.964616858786603,757.28441433741,151.999457144796,110.222379607354,686.844244698072,921.66379373443,10.6651412634456,1
0.611110818361456,0.611110818361456,0,0.645766007857722,0.450103394859473,672.390984130485,161.999421430638,111.174027491977,701.124283553594,107.734868506437,11.339188307833,1
0.579122980129158,0.579122980129158,0,0.61950603357073,0.433679792417092,855.136923172488,145.999478573291,125.563637380799,1564.29308724392,1346.59171357126,42.364464957523,0.526315789473684
0.790750561677516,0.790750561677516,0,0.0364061297471591,0.758098104029114,828.995655991638,119.999571430102,117.258057165451,1410.87076839781,1392.99695453553,29.9368371981471,0.526315789473684
0.52854134155653,0.52854134155653,0,0.225949152207587,0.0059101991694499,844.077527933959,145.999478573291,122.026510801684,2198.49062518948,1007.68474355674,29.2853785620935,0.368421052631579
0.850422027358881,0.850422027358881,0,0.426894026340542,0.980233345885649,924.94378909101,145.999478573291,116.039731894416,1222.50436363139,950.882312497859,24.7107499455399,1
0.678379087172609,0.678379087172609,0,0.0489138205045829,0.87986026459216,843.572349071911,121.99956428727,116.314605961996,1379.465332215,1290.83818408936,36.4374825103393,0.526315789473684
0.533268841489278,0.533268841489278,0,0.229233765199537,0.644345899533703,746.893701974277,141.999492858954,114.447167934857,969.705049400518,99.8566998829581,20.3943498366693,1
0.775670092786667,0.775670092786667,0,0.745158576926113,0.566267514247954,970.810293566135,157.999435716301,117.714701445455,1426.99945656803,750.136414692883,32.629664902197,1
0.699514847203795,0.699514847203795,0,0.134833231678052,0.12650820500387,845.800651791556,139.999500001786,124.376166727027,1982.10675000979,1216.34371872718,32.9352454813793,0.421052631578947
0.73390204450533,0.73390204450533,0,0.560791696848306,0.575703554560439,646.938025385451,157.999435716301,106.315946779565,418.229241423989,713.531215016923,9.70977086608799,1
0.706042389068064,0.706042389068064,0,0.427260557412892,0.133603263739819,623.717806599296,145.999478573291,117.517826364408,1125.49618874056,812.397211802277,22.6455397343451,0.473684210526316
0.817183375579376,0.817183375579376,0,0.791882694266836,0.0919935078255568,768.100832673922,161.999421430638,117.033700515399,1257.48082556606,1002.46873591241,30.3578920736566,0.526315789473684
0.591433202112072,0.591433202112072,0,0.993791813567968,0.260617794241566,773.64853739743,153.999450001964,119.663331769901,1436.39070401361,1326.71815911409,31.5103402754218,0.526315789473684
0.906197909343683,0.906197909343683,0,0.415152360259209,0.454261685183118,752.680874630792,149.999464287628,113.906948482263,980.205317546197,641.073393211209,19.0442037630355,1
0.88314426139109,0.88314426139109,0,0.254472126625046,0.686171462006406,781.395381493667,139.999500001786,114.29582842452,1018.32611624585,784.710598675568,28.8125198545963,1
0.920771240867199,0.920771240867199,0,0.56859299186581,0.241860785757177,627.817569705941,159.999428573469,111.072054172388,703.25136850266,467.561437301615,16.5026071098837,1
0.948547050645645,0.948547050645645,0,0.123690770673856,0.542864797873104,615.967158617299,135.999514287449,109.391298270373,686.002364822608,678.658991091444,11.7241708418523,1
0.789683329207056,0.789683329207056,0,0.653853801151042,0.177140546705154,799.981837516085,153.999450001964,118.774250267566,1389.41192554133,1208.92225396917,27.4643825565679,0.526315789473684
0.502947526587815,0.502947526587815,0,0.67025702099892,0.562974352944039,989.546505355407,145.999478573291,125.304560234154,1968.14313788905,1862.9313496506,16.230104818171,0.526315789473684
0.553922582658231,0.553922582658231,0,0.0565475659114824,0.624147178812502,610.026577341765,135.999514287449,108.961434591885,665.762684075252,146.146232452756,10.9152331569672,1
0.769280566373955,0.769280566373955,0,0.528508611864418,0.464635823385683,808.658048690888,155.999442859133,114.748893253414,1062.11948016226,651.555826925121,17.7205959996844,1
0.794961374057356,0.794961374057356,0,0.996975675901405,0.882467826167051,663.678904016813,407.998542862347,-44.5328069850835,1.2059660995517e-05,938.614547047479,12.7180199150335,1
0.708288474515452,0.708288474515452,0,0.656410076705265,0.506609438567193,612.559384581511,161.999421430638,82.9801864189847,33.2084923099656,612.933265118281,9.35609928270532,1
0.945717789558316,0.945717789558316,0,0.611535790951709,0.39393406479581,773.318219767332,157.999435716301,114.222052161754,998.229768076596,602.906497784644,14.948985132429,1
0.829505834351723,0.829505834351723,0,0.336752531885827,0.316030065614412,618.919263725466,151.999457144796,110.663402512052,710.671066155541,506.001465505536,13.9806860831631,1
0.661070150345247,0.661070150345247,0,0.269372474041651,0.580240256611284,696.018503868364,145.999478573291,111.86136552718,805.761292076818,558.872290532247,15.8045512708384,1
0.504206372057775,0.504206372057775,0,0.125066436827824,0.497599652144871,884.081052047602,127.999542858775,120.976700453014,1947.28404628945,1704.99929112429,29.8080615549823,0.526315789473684
0.864555349080523,0.864555349080523,0,0.778150058297838,0.866952506765454,925.656181909336,159.999428573469,115.295047880377,1120.00745478144,906.557377524508,17.2279947728899,1
0.609166897943283,0.609166897943283,0,0.251323230779986,0.493495456417765,690.566756136034,145.999478573291,113.026666431247,874.56813599837,152.503840223959,14.7019288705719,1
0.629520424222456,0.629520424222456,0,0.237829744933194,0.0827496153193409,645.47799932697,141.999492858954,117.752599162036,1399.63434192985,581.995927047126,36.5614614641651,0.368421052631579
0.95652131459965,0.95652131459965,0,0.156935359519135,0.430524096896297,991.027519529404,127.999542858775,122.950444361668,2164.56019656171,1876.56553935121,26.0633803264503,0.526315789473684
0.655069044932341,0.655069044932341,0,0.244029572605775,0.860081014432446,994.233833825257,127.999542858775,119.878050374222,1830.22230907109,1742.89178476748,26.3513926564859,0.473684210526316
0.508366740270664,0.508366740270664,0,0.150775714117451,0.348971850302474,693.735389277773,131.999528573112,117.064190797983,1452.94309115188,1002.7143702033,38.2004729747443,0.526315789473684
0.841365048759766,0.841365048759766,0,0.165821781987586,0.246277820970911,850.432514227689,133.999521430281,121.415151010523,1731.10637548132,1376.35666123516,25.9739317588898,0.526315789473684
0.817486435275438,0.817486435275438,0,0.19074600689645,0.761175376486053,839.768394605197,131.999528573112,115.607425303368,1309.02277839967,875.853181372731,25.0827201695103,0.526315789473684
0.527222101873554,0.527222101873554,0,0.0719809760357593,0.969781055752377,728.34660193247,133.999521430281,110.5143437056,801.761224263691,608.93265644393,9.75500685577929,1
0.792624992112852,0.792624992112852,0,0.777975017692953,0.818448440048548,711.077908409767,161.999421430638,57.9892190959267,3.91581464022562,900.248739072117,9.49624975464948,1
0.85347439315685,0.85347439315685,0,0.547848641807444,0.19111914039139,684.88567272804,159.999428573469,113.373641949588,895.068629107791,366.642609023022,14.2002072272877,1
0.595075097264024,0.595075097264024,0,0.420151947125332,0.411773147892682,725.757798684275,149.999464287628,114.366422540251,1019.31179266447,89.9699400943729,21.3736526695178,0.526315789473684
0.710974892846268,0.710974892846268,0,0.770577899688258,0.828210882249037,750.434693944153,163.999414287806,107.773283785441,472.151187127562,851.090681636049,6.66045176179053,1
0.56924218528808,0.56924218528808,0,0.0245428388748328,0.770593348193361,762.616813875188,129.999535715944,112.930096385457,1081.11683092096,519.754499193363,25.6625612990399,1
0.711936225193658,0.711936225193658,0,0.349017329650516,0.893390434043011,818.189556011289,145.999478573291,113.641789797341,960.716398315761,867.684572963266,17.8742618320577,1
0.717439710014003,0.717439710014003,0,0.398052702806703,0.393944218825006,920.172209517457,139.999500001786,124.781955222754,1763.19967444535,1687.68989360127,22.5315442826417,0.473684210526316
0.52532997620821,0.52532997620821,0,0.13500617897164,0.309369619169029,826.967020947953,131.999528573112,119.731991958575,1904.61737623679,1316.28336598034,27.2459169377095,0.368421052631579
0.682738874575364,0.682738874575364,0,0.230083054680988,0.706953875598228,695.828819589965,143.999485716122,111.062183804981,756.128900269983,716.268129684378,9.93878048832763,1
0.893450665077478,0.893450665077478,0,0.639540339839667,0.694401671353755,845.132679528053,155.999442859133,114.385233072393,1035.887632869,802.535356658187,14.144765514422,1
0.576695458149971,0.576695458149971,0,0.265262394724265,0.396662660941248,910.352674103025,133.999521430281,121.659717396954,2018.01505237717,1688.93752751211,31.7523859948169,0.421052631578947
0.504697989648414,0.504697989648414,0,0.461456190910717,0.541873639846049,835.540196006402,139.999500001786,123.475266495243,1541.14334298235,1329.96845545498,26.7952989543809,0.473684210526316
0.742994398645917,0.742994398645917,0,0.277841310728791,0.405764741869043,944.962300608434,135.999514287449,121.97365731308,1895.90700301579,1795.26896760996,19.7175665871401,0.526315789473684
0.72603388397528,0.72603388397528,0,0.749224078814442,0.599452846080475,731.154149899789,161.999421430638,111.000315075525,683.154108865189,731.042832973278,11.2659574669438,1
0.690097351494365,0.690097351494365,0,0.986485463606649,0.794345767504953,771.997091742866,169.999392859311,108.129046925478,471.233941141981,814.25879501902,6.39078554277111,1
0.921996641686575,0.921996641686575,0,0.337467823773814,0.0869884830312788,873.61554826791,143.999485716122,126.652208766968,1760.09437515803,1422.87746019261,42.0530197062513,0.578947368421053
0.506148958497896,0.506148958497896,0,0.646379815730539,0.35938855876201,729.818887830255,141.999492858954,124.748590003485,1441.78244963896,1192.1039506221,19.8768500184573,0.473684210526316
0.712850087938973,0.712850087938973,0,0.247667521190994,0.829294510680776,896.776520745755,133.999521430281,117.388858237482,1441.58390885539,1011.96588181444,26.1532149653639,0.578947368421053
0.63279508194116,0.63279508194116,0,0.523876658989224,0.694134419468655,713.321970450856,155.999442859133,110.282073967305,661.992967614482,631.662831943806,5.94228982938681,1
0.935655116288697,0.935655116288697,0,0.807862873965798,0.685956229213313,642.744343111324,381.998635719158,-46.1873155538147,1.21885945889195e-05,792.764399379499,12.6369098905237,1
0.717238606487805,0.717238606487805,0,0.649416268730885,0.260277905556651,929.545807595909,149.999464287628,123.038688268655,1768.16965781827,1665.50485812892,25.9248637871969,0.526315789473684
0.758540293224445,0.758540293224445,0,0.999324943329896,0.168748458736607,660.581456709984,171.99938571648,112.530760059303,751.359637279687,154.66890133842,9.74720417992285,1
0.511298888652009,0.511298888652009,0,0.569422121598745,0.797323156835219,619.329860719932,395.998585719337,-44.030992096684,1.4005149850168e-05,428.101167306981,12.3310403783154,1
0.636031517438445,0.636031517438445,0,0.351382547613147,0.673921392538211,958.627391539789,133.999521430281,121.383998544344,1762.04281416292,1630.81568621843,27.5581353148027,0.473684210526316
0.678563416803223,0.678563416803223,0,0.957722478903409,0.99847442020397,795.896468374282,169.999392859311,49.3161327087584,1.16219555765891,896.857780329254,9.95659953826005,1
0.76220661807692,0.76220661807692,0,0.695497812413831,0.66683691670259,841.259422461879,157.999435716301,114.239522381914,997.611081639458,806.830736205166,11.4884589693585,1
0.6948276113133,0.6948276113133,0,0.383450824697602,0.703361858729373,754.022614241413,149.999464287628,112.284913709494,853.52262531956,741.659520281591,15.4923104552809,1
0.935611224681952,0.935611224681952,0,0.0285840927727893,0.0177056754955385,731.885204110986,139.999500001786,122.22514894907,1574.13837469923,974.716596598237,36.1914296999368,0.526315789473684
0.839479197302426,0.839479197302426,0,0.967826666063649,0.797305053764014,833.454697005003,165.999407144974,112.849805234845,820.215953751607,887.616083151171,26.5191323744883,1
0.859894202262291,0.859894202262291,0,0.958738696436301,0.265915548693422,639.981986820832,169.999392859311,110.1235300245,589.045901517097,509.465178529256,10.3966307151802,1
0.588365121899689,0.588365121899689,0,0.372653955888865,0.866356011241872,706.514382375912,151.999457144796,108.839682766729,587.772062483829,673.746327625082,8.76931777338254,1
0.786964786845637,0.786964786845637,0,0.107604644821905,0.338018242146021,624.292685034164,139.999500001786,112.147425408297,819.964084682258,478.416767128144,16.852358616379,1
0.827165125656666,0.827165125656666,0,0.571387175467133,0.486801438058285,686.876683824718,157.999435716301,110.867328387371,701.222591443806,688.326195425681,7.74965211498348,1
0.775735002588805,0.775735002588805,0,0.0228395863912172,0.930576647075212,627.767914551254,129.999535715944,106.372191485078,525.473742652638,916.127857590641,8.55449298645698,1
0.88496241960371,0.88496241960371,0,0.980873156151879,0.747930128491172,725.035155976451,165.999407144974,101.531684634889,233.212133138786,846.27231068367,8.78739903122067,1
0.868420160690731,0.868420160690731,0,0.348213713550494,0.849480107894475,900.277296794961,141.999492858954,115.998552199269,1302.77461066946,879.166777289352,20.9826969898741,1
0.709756272498261,0.709756272498261,0,0.0473839945926775,0.209679593844926,937.840470458179,133.999521430281,121.975615776756,2186.96674683993,1406.9068472161,33.137820477447,0.473684210526316
0.943144384645752,0.943144384645752,0,0.904667421161293,0.370758863749989,733.03630886021,165.999407144974,112.861014115258,817.150723825893,600.068701361316,21.2973257718046,1
0.836255465985035,0.836255465985035,0,0.080841333170672,0.420094647819493,935.64421254778,127.999542858775,120.588290601339,1970.05648521159,1629.71575730775,30.6017201806049,0.526315789473684
0.541170653526487,0.541170653526487,0,0.21034395018251,0.863832333289423,930.14924151301,129.999535715944,118.629651598038,1612.61566251253,1396.55105198908,41.7395344996857,0.578947368421053
0.787052883279413,0.787052883279413,0,0.0522303160013814,0.383597373368513,617.487501356564,135.999514287449,111.04176255234,800.57853058037,539.190003674157,10.7162637998427,1
0.702346516745337,0.702346516745337,0,0.27179387031049,0.493074662882216,990.76790096785,133.999521430281,121.483025565945,1996.24569083778,1889.40987363515,20.6118222792186,0.473684210526316
0.794937911692226,0.794937911692226,0,0.0748397476547683,0.15535363333369,665.607496651108,133.999521430281,117.354756824168,1283.15211849881,1038.80846380166,36.1761518145932,0.526315789473684
0.577639387231481,0.577639387231481,0,0.894687687388116,0.141188518669139,683.721607766377,151.999457144796,118.633913619585,1420.70568812075,1105.68141861755,28.9022159620805,0.473684210526316
0.767688538408468,0.767688538408468,0,0.759903000777049,0.385073000794256,844.897599805254,163.999414287806,115.724763422309,1117.40017158274,580.989806030927,13.6549179067162,1
0.52647446818004,0.52647446818004,0,0.434820308263261,0.260290416894216,800.289330005528,141.999492858954,125.270262049434,1800.70291044277,1247.90699400291,32.5416302170199,0.368421052631579
0.994743588397262,0.994743588397262,0,0.257958459446527,0.794528779710964,761.687740824779,139.999500001786,112.870635345858,917.369858487995,817.665375847266,17.1053511899949,1
0.866915904558122,0.866915904558122,0,0.335488716905977,0.00112863457631218,688.132120775157,147.999471430459,119.407470504315,1324.29978194958,1278.88791592283,25.236152643197,0.526315789473684
0.853277776793648,0.853277776793648,0,0.88133548103773,0.959265497998444,606.561678631261,415.99851429102,-42.2098138320504,1.43106629519642e-05,958.038906216189,11.6812588613281,1
0.901554650154208,0.901554650154208,0,0.121992563911821,0.366744137410303,896.887962752239,129.999535715944,120.114093614939,1845.67753457427,1516.64860919655,34.044437387661,0.473684210526316
0.561511769744738,0.561511769744738,0,0.495517287483844,0.215189230649693,890.121025872493,143.999485716122,126.326917963836,2052.18117835921,1461.49308596656,26.4722796809934,0.368421052631579
0.845601484778103,0.845601484778103,0,0.492175979446257,0.484005530532589,817.968423785924,151.999457144796,115.078284318978,1103.13198482005,678.641943194697,27.0184165360365,1
0.526446786274539,0.526446786274539,0,0.840527620743416,0.347703968767657,721.689247242593,149.999464287628,120.141846630648,1326.03698433885,1086.83940333094,18.954345284661,0.473684210526316
0.988754240954072,0.988754240954072,0,0.363111911043892,0.596224042964955,773.446871825034,143.999485716122,114.841900486265,1002.4367391444,717.470272050546,16.96380484849,1
0.845421572271938,0.845421572271938,0,0.539606853231606,0.591521470997288,916.836416771844,145.999478573291,120.10153747665,1475.91828091911,767.326914419082,25.3454525821855,0.473684210526316
0.858566007915027,0.858566007915027,0,0.0754052010793349,0.566468595993228,800.673733108467,123.999557144439,117.179296219507,1426.13165547082,1298.71124285124,23.5904939449169,0.526315789473684
0.747991462213875,0.747991462213875,0,0.865831739901636,0.0222133153447802,994.233248657901,163.999414287806,123.727689906987,2270.52260094095,1912.45967543084,22.1780024153698,0.421052631578947
0.612923220202344,0.612923220202344,0,0.899195792451244,0.467509914240088,827.07315972384,167.999400002143,115.157376459215,1024.06511626643,246.924699756846,8.89962342310648,1
0.918895386192391,0.918895386192391,0,0.513069646956975,0.430064839755849,709.366583677082,153.999450001964,112.390820587262,838.334470483618,626.544229129341,14.2440731947114,1
0.615472127167754,0.615472127167754,0,0.528755326858163,0.373176262199439,638.611708930164,155.999442859133,111.667754349534,766.350504052436,0,14.2052358414296,0
0.72238792961325,0.72238792961325,0,0.914606361316408,0.351442054112254,831.244951680524,167.999400002143,115.627441071883,1064.84506106343,456.227532187761,10.10149780272,1
0.562693161486528,0.562693161486528,0,0.124562115355469,0.482927485620432,912.860895702718,127.999542858775,121.303988534278,1988.07835855597,1773.76107183454,25.8839837271686,0.473684210526316
0.744045982061696,0.744045982061696,0,0.634090179641031,0.300529845045079,991.36603504058,151.999457144796,122.062672615628,1911.10342570207,1858.47620787848,16.7091417525586,0.526315789473684
0.986310638473448,0.986310638473448,0,0.159896496023109,0.0997522376388585,719.828906593751,137.999507144617,121.21389192211,1415.31551122715,1127.55891666907,38.2423821086847,0.526315789473684
0.857093604075837,0.857093604075837,0,0.910604282270215,0.967652245569807,787.377807541179,165.999407144974,106.466889278003,401.621447720415,961.632546434468,8.33352665926156,1
0.635172859679088,0.635172859679088,0,0.061329326214518,0.546138144720147,825.881087753988,123.999557144439,118.178673437007,1531.83741062805,1440.35882699373,22.0495156127264,0.473684210526316
0.735147179420144,0.735147179420144,0,0.307424296978182,0.151409496947877,785.06801360819,141.999492858954,125.813119895036,1628.98633653764,1171.06816039951,25.6498265085417,0.473684210526316
0.92419935860166,0.92419935860166,0,0.681555744361795,0.6136546554246,886.300567753075,155.999442859133,115.722050844034,1176.97394299801,750.49887480007,14.3847491458953,1
0.793703039128916,0.793703039128916,0,0.442242733615375,0.530041602029723,876.126610325788,147.999471430459,116.512245852972,1315.76030965942,713.646771813569,29.8092965734951,1
0.595875919885068,0.595875919885068,0,0.686774776630532,0.795585258037871,605.813902864735,395.998585719337,-44.8426231036311,1.24378252922691e-05,652.661923509279,14.5538436235063,1
0.737884135903691,0.737884135903691,0,0.989210002313946,0.450965531833635,857.933367191987,167.999400002143,115.530590849262,1058.94510587791,630.107710461292,12.7616462740081,1
0.89834916315947,0.89834916315947,0,0.671190770388714,0.388730922975257,831.04791874293,157.999435716301,115.510965384284,1125.79550031425,606.238973806291,16.2726818105142,1
0.504886251062567,0.504886251062567,0,0.377091362306965,0.796667073303196,703.253422488182,151.999457144796,109.80380595344,649.495217312673,377.175081591683,15.8711641907622,1
0.943918565422272,0.943918565422272,0,0.273055700771391,0.0132145179861697,757.457146446993,145.999478573291,122.151562172164,1487.74363831437,1409.36293480316,26.3744244317335,0.473684210526316
0.766932764176799,0.766932764176799,0,0.167161530098613,0.524284717085825,876.298090524451,127.999542858775,119.09928484457,1640.94446197917,1568.33486463225,25.1359997920481,0.473684210526316
0.850238071282275,0.850238071282275,0,0.66521627162457,0.580727931615103,981.169453011375,141.999492858954,127.360009369109,1757.25583966216,1512.19310264661,22.2758943310133,0.526315789473684
0.629117562920429,0.629117562920429,0,0.0120708294348706,0.67134115544099,775.101352624372,123.999557144439,115.801974539826,1292.60508319753,1127.02118705196,39.5800081528932,0.526315789473684
0.572641708607156,0.572641708607156,0,0.472645786324582,0.815880338840087,683.427842166681,155.999442859133,104.94124312804,363.771239991182,609.801153624768,6.55286934547679,1
0.504560461650854,0.504560461650854,0,0.301334212876167,0.798339748870335,689.749694246779,147.999471430459,109.584598159114,649.185148605266,367.066330797462,9.98237859628397,1
0.914672919901811,0.914672919901811,0,0.236096218857424,0.744615899887009,614.569324397412,141.999492858954,105.226121903674,419.631415929404,805.374172607683,13.7202026956801,1
0.605682951047458,0.605682951047458,0,0.274289847482943,0.158140111026224,888.293961433049,141.999492858954,126.384051589128,2138.59901251628,1375.07273519623,22.1740088018896,0.368421052631579
0.7598984087502,0.7598984087502,0,0.928105496539238,0.505991870457629,943.344657717812,165.999407144974,117.059834783211,1271.22763186046,703.234227850236,22.0754555741671,1
0.84377649147273,0.84377649147273,0,0.219473173684626,0.698468349920455,809.879199615235,137.999507144617,114.435935345005,1150.94591796821,803.596836032633,21.2548854565735,1
0.855942820525952,0.855942820525952,0,0.187599656508401,0.572722417351146,800.438048250715,133.999521430281,116.191535590771,1308.25136343736,871.593817834945,27.5217891037108,0.578947368421053
0.930494190647624,0.930494190647624,0,0.922435747974691,0.141249181773256,949.203911897375,157.999435716301,120.962542684349,1754.50834414353,1756.15565634281,33.3096682379387,0.473684210526316
0.88125380373278,0.88125380373278,0,0.205103163896095,0.00141909569985732,978.553936448577,147.999471430459,127.781540743,2293.92655728657,1454.68808189123,36.4918767823968,0.684210526315789
0.877392365036225,0.877392365036225,0,0.901030791349486,0.0177970610171064,810.197945004442,163.999414287806,118.692356742442,1426.74342042444,1368.58785928688,34.0741697134557,0.526315789473684
0.91591433409463,0.91591433409463,0,0.654864518099088,0.929304571448036,751.583772804967,157.999435716301,108.528565876496,538.869382136936,914.601959284035,7.83613151962646,1
0.647205302279654,0.647205302279654,0,0.80964960727399,0.913441196597211,917.047473747929,163.999414287806,114.850551994755,1035.21966604994,812.302294918447,16.2382091372184,1
0.828418456938226,0.828418456938226,0,0.514956875244371,0.745375662591868,620.850365666042,387.998614290663,-42.3462406711159,1.76534129111769e-05,847.620745594841,13.4568908630875,1
0.537256509568885,0.537256509568885,0,0.265389232046233,0.861636366839766,833.480553209706,143.999485716122,115.251684210577,1056.08753476562,555.046962343023,25.5273909249125,1
0.948851699758869,0.948851699758869,0,0.371693392735758,0.344991768711743,762.702197611888,147.999471430459,115.162301985644,1083.45358104044,551.910796209714,20.529009582446,1
0.73567378338744,0.73567378338744,0,0.949050261172369,0.936757816424554,712.171482226937,413.998521433852,-43.2296367073922,1.28720306982744e-05,933.214901172545,12.2148252204322,1
0.90438139988007,0.90438139988007,0,0.40181198061209,0.920167361363603,828.583411612568,145.999478573291,113.80819096832,975.568034038423,902.86867261493,17.0839005661353,1
0.976203445349653,0.976203445349653,0,0.193807745312222,0.294722660258603,907.911720673128,133.999521430281,121.401650992241,1888.63978390382,1545.22008958717,24.5647536741223,0.578947368421053
0.588177647054875,0.588177647054875,0,0.0186492363914056,0.913001444108603,600.014912210289,133.999521430281,102.991599690658,350.343595171407,682.227457534943,6.50507066846625,1
0.72538140938992,0.72538140938992,0,0.417577490233584,0.190263860782588,694.16710036648,153.999450001964,114.790147499677,1051.84040269335,112.558954011569,19.9633273021211,0.526315789473684
0.799616094592775,0.799616094592775,0,0.586558496388627,0.373941772885409,824.708746035783,157.999435716301,115.515923411446,1130.36056539559,580.571021117331,38.783021745518,1
0.531438144196708,0.531438144196708,0,0.0194187377841337,0.0296214813415963,634.35069394142,133.999521430281,115.479996476889,1439.58167713761,131.631726143121,21.5592529635168,0.368421052631579
0.804520332718694,0.804520332718694,0,0.232490512114789,0.775114145876673,834.368744474326,137.999507144617,114.681017641055,1174.87182707385,855.355212815883,30.5956563174456,1
0.618038193313932,0.618038193313932,0,0.98615291346966,0.82932988394037,650.969692552999,401.998564290842,-46.2205003424648,1.0213329476854e-05,728.612133780581,13.3850880557469,1
0.677751673932222,0.677751673932222,0,0.0100599842387274,0.605644017061331,940.31274044031,121.99956428727,119.715728940414,1862.58191584533,1722.72924898229,32.187843965911,0.578947368421053
0.684364387036669,0.684364387036669,0,0.954397282711209,0.37732246490102,669.844300596374,169.999392859311,110.348486818287,599.986010894082,378.291229821147,11.6633305680851,1
0.722672196507219,0.722672196507219,0,0.155262460681989,0.169876379967381,838.591910768725,137.999507144617,123.216647209511,1855.45367901238,1188.75295501389,29.042405270553,0.421052631578947
0.993143518144359,0.993143518144359,0,0.398501762829906,0.709634574516976,714.098602416787,147.999471430459,111.046617039389,758.342651686146,780.571780242879,9.88127895482492,1
0.773031807104986,0.773031807104986,0,0.316270665567496,0.399646458619725,807.77821233025,145.999478573291,116.053787229676,1238.46852578058,568.901207558865,32.9816640532166,1
0.799942806973362,0.799942806973362,0,0.119034302516154,0.984717978510805,843.901965089312,127.999542858775,114.452665543813,1246.24119641332,948.287594583536,33.3430533833351,1
0.865030664350111,0.865030664350111,0,0.80721377402812,0.0464670177263251,861.979898447635,159.999428573469,119.717537855366,1579.61495169305,1583.80893333476,34.4946152370504,0.473684210526316
0.572325864815967,0.572325864815967,0,0.508143641538695,0.0777011640882694,824.853527175011,149.999464287628,122.226788222723,1999.95821132607,1211.66142273516,20.9801626357011,0.315789473684211
0.599765769264773,0.599765769264773,0,0.317457585332313,0.865038719432795,665.009402996578,147.999471430459,104.882952128349,381.727006469,689.646255575452,7.22751779822804,1
0.891570086694896,0.891570086694896,0,0.732507014326373,0.446155344984868,987.113349300973,145.999478573291,127.070274361722,1825.46569660161,1662.14716409412,26.9381152109376,0.526315789473684
0.504602070879321,0.504602070879321,0,0.588856925993107,0.388906304828547,979.240735095926,139.999500001786,126.123673320256,2269.13559023511,1888.02629401142,21.1567782986517,0.315789473684211
0.615006364091832,0.615006364091832,0,0.440797633526399,0.919571869263386,907.539475881184,149.999464287628,115.351731473352,1153.04885368024,754.204917392922,32.2406877798348,1
0.725567894721792,0.725567894721792,0,0.937325889782661,0.291591227686715,685.945772833228,169.999392859311,112.037211083577,723.068219333197,349.031700182744,9.12967851923869,1
0.737834679151668,0.737834679151668,0,0.671644125472913,0.969214282081203,871.492946664951,157.999435716301,113.550910963319,935.567909155476,940.298997836338,15.1789474253828,1
0.946913506771428,0.946913506771428,0,0.566665705956819,0.471908320178085,699.05303639349,155.999442859133,111.625733855837,770.217266784263,654.623118058542,14.8451325053353,1
0.635924044639346,0.635924044639346,0,0.551542076103387,0.0299487860327791,683.855800702009,151.999457144796,118.436445808524,1505.36372275375,890.782184004307,26.8016062425675,0.473684210526316
0.955850740261526,0.955850740261526,0,0.904101391083067,0.472261289288111,649.710035456764,165.999407144974,106.311179768886,395.948507147854,668.39742105544,9.36998150528915,1
0.539303744147541,0.539303744147541,0,0.473438436822531,0.0173403803108763,863.209890659648,151.999457144796,122.197434082822,2198.43684386584,1130.0054144066,39.7535864471262,0.315789473684211
0.876021534304533,0.876021534304533,0,0.133332771369685,0.136173530131208,909.350935022625,137.999507144617,125.173029356041,1996.12886315729,1364.4720000672,26.2056649225504,0.631578947368421
0.526348785986409,0.526348785986409,0,0.386810017581716,0.237861344318379,983.803433365097,141.999492858954,127.309217850146,2333.02264320509,1811.99136584437,25.8302810196491,0.315789473684211
0.699521046403359,0.699521046403359,0,0.779533133460968,0.443307182725793,984.511104461663,149.999464287628,124.160345999204,1779.29379268205,1560.88081643581,28.5577787924222,0.526315789473684
0.730230073317363,0.730230073317363,0,0.275351608143762,0.244335525354198,865.302404546315,137.999507144617,124.232523118409,1783.73432777769,1447.06767291105,35.3687923284785,0.631578947368421
0.650445834631963,0.650445834631963,0,0.37941454293996,0.191706487800932,992.798598501101,141.999492858954,128.597693958623,2336.89650010555,1736.06820484006,29.348811952519,0.368421052631579
0.524207855242057,0.524207855242057,0,0.287280991762731,0.947563817923097,847.635460898659,143.999485716122,114.871894733571,1043.88768960533,602.637707255299,35.714674731047,1
0.698896341948307,0.698896341948307,0,0.188683504133666,0.125253062490632,882.718708516994,141.999492858954,126.216857620825,2076.63296687613,1296.68616423039,25.5007811448504,0.368421052631579
0.862893936251879,0.862893936251879,0,0.974011122416761,0.450165234877954,973.316562908609,153.999450001964,121.615559762483,1682.34871037568,1384.28759800829,37.0582907324241,0.473684210526316
0.75557892105096,0.75557892105096,0,0.609511432372453,0.650462467798512,665.915824634769,157.999435716301,105.377922876022,374.744515067792,789.028807166082,5.29062611017712,1
0.814837692985775,0.814837692985775,0,0.883202781287933,0.936627987548688,692.283506442979,413.998521433852,-42.3210584764601,1.47731109572009e-05,958.42242481845,12.8353356310895,1
0.804921206953863,0.804921206953863,0,0.971508465059642,0.825992087598546,910.292212020609,165.999407144974,114.898315736706,1024.30618821406,910.423912457863,25.2862688739679,1
0.687034745785098,0.687034745785098,0,0.00904318422609685,0.650918416291888,718.078325667795,129.999535715944,112.233469684378,1008.04608405314,666.522089370602,20.9721051952321,1
0.61996207084674,0.61996207084674,0,0.947202814435583,0.883300980319892,878.014539922952,167.999400002143,113.734413190926,883.91595027558,762.50752185211,12.7418302222855,1
0.505918406468245,0.505918406468245,0,0.483333979676602,0.386764764872285,734.553012773215,137.999507144617,122.234303889082,1459.61178275724,1196.78333747711,41.7599885934906,0.473684210526316
0.521395545644143,0.521395545644143,0,0.931153001376885,0.493645760150801,707.022105530598,165.999407144974,112.877523964618,819.66330633461,0,15.8883671767004,0
0.847173473850525,0.847173473850525,0,0.414913926930909,0.906869450842795,699.636475233556,149.999464287628,107.092560496088,487.257825209828,917.55085595398,11.9737380253155,1
0.662507467460535,0.662507467460535,0,0.301829108322914,0.877930347153131,757.898645948337,145.999478573291,111.72804746807,812.984195479045,794.22484451129,8.25981737540326,1
0.571304611218435,0.571304611218435,0,0.17283000988801,0.0845154261882591,631.429259690464,137.999507144617,116.021710352478,1360.63024623575,339.180865352989,24.7903847304106,0.368421052631579
0.582898441241195,0.582898441241195,0,0.913779373386,0.229421895800876,903.84343856164,149.999464287628,123.85089552822,1960.00030798651,1598.55213022617,30.4278085103041,0.368421052631579
0.748556781594622,0.748556781594622,0,0.898538667040985,0.367853518963657,950.993400348705,165.999407144974,118.0373128854,1415.19074055173,542.807978578947,24.6798275086215,1
0.541185801698148,0.541185801698148,0,0.828672336511712,0.40988729770283,971.960002641525,149.999464287628,123.996297283625,1993.75519510156,1790.65294892955,16.8552011089177,0.473684210526316
0.645387956351119,0.645387956351119,0,0.31458409179814,0.973524626010292,673.720131482363,147.999471430459,100.092089144192,223.938977421596,819.028342326513,8.07543974513541,1
0.569932861602924,0.569932861602924,0,0.19380915550129,0.12225956778145,802.785095663236,139.999500001786,123.119155526889,1966.49172898951,1125.25644636409,25.6363874942183,0.368421052631579
0.576574032084865,0.576574032084865,0,0.164627739071289,0.322331214503666,741.976836320123,133.999521430281,118.552088160981,1547.59590909798,1108.18898983695,29.6138110761124,0.526315789473684
0.957754572244427,0.957754572244427,0,0.833787006413962,0.0764946111978946,936.560708709136,157.999435716301,120.760417517619,1770.81609737747,1845.43469199332,26.2956003594037,0.473684210526316
0.647925191532847,0.647925191532847,0,0.0764850720593839,0.29037602477444,846.404397305786,131.999528573112,119.92276648969,1848.85766844614,1288.39457886844,29.0492326789035,0.578947368421053
0.561771019104971,0.561771019104971,0,0.86118296760142,0.449249778447989,902.105571371631,149.999464287628,123.130352923703,1634.42818576408,1390.59217712616,26.5785350741078,0.526315789473684
0.824576903037195,0.824576903037195,0,0.211264973710774,0.309574035994987,779.178873764436,135.999514287449,119.837592502517,1432.71230245173,1231.9533906207,38.3542328518031,0.526315789473684
0.866304560034963,0.866304560034963,0,0.875042737420134,0.113073419009241,918.790370884013,157.999435716301,120.579120492869,1690.06904687334,1696.97107353848,44.2620351785468,0.473684210526316
0.531918951123958,0.531918951123958,0,0.386192935341056,0.323283921668018,891.289889001028,139.999500001786,124.650707277936,1986.97423706408,1493.20626860575,26.0257484509798,0.368421052631579
0.551205401292169,0.551205401292169,0,0.980520151318697,0.835189900606435,914.974161735798,169.999392859311,115.105682484583,1011.54315929983,610.088221089749,16.6274312647444,1
0.735269577728028,0.735269577728028,0,0.0151308572753962,0.206483381058912,718.820565042927,129.999535715944,117.644565760755,1473.14358339679,1039.70709914173,27.367928268538,0.526315789473684
0.834210595618235,0.834210595618235,0,0.769577796495367,0.41195882942619,684.16850731939,163.999414287806,110.852529945915,665.557902986734,637.026473533643,17.8206143855038,1
0.528426389351008,0.528426389351008,0,0.330636065797431,0.865382716028781,845.014037245933,147.999471430459,114.679013094935,1054.84355010534,542.659451936079,14.150130312144,1
0.864744148781497,0.864744148781497,0,0.264808408801041,0.127993432262618,986.811239005678,141.999492858954,129.164897696293,2155.3905576259,1595.97659883629,34.8513432736137,0.631578947368421
0.694566402365763,0.694566402365763,0,0.232855115933603,0.990702587063207,760.671251092189,141.999492858954,111.414731614008,805.862522761418,885.161725394636,11.7444832485931,1
0.99978086590724,0.99978086590724,0,0.874451960517019,0.645458107887583,832.180028866003,161.999421430638,114.047304442862,963.120242648398,764.097565747134,14.9462813216812,1
0.562333813699374,0.562333813699374,0,0.926544514766178,0.311707025446086,973.579430000849,153.999450001964,122.0513459531,2104.49220824658,1814.2243732435,23.0127239847948,0.368421052631579
0.720547653121465,0.720547653121465,0,0.68226561474306,0.73287632578185,943.335439762947,157.999435716301,116.285441036978,1244.33600426723,808.543945566039,29.8499601028027,1
0.611992771730011,0.611992771730011,0,0.924674990243471,0.975769380522733,679.95252595825,417.998507148189,-43.2859727890397,1.22391237769581e-05,799.29904168098,12.1353072110689,1
0.591123129180483,0.591123129180483,0,0.865892867876578,0.777613627813019,830.241735100415,167.999400002143,113.085647946128,834.030545636098,638.80430627257,8.2282166300015,1
0.926388885554243,0.926388885554243,0,0.760319507061795,0.0973668385044323,632.785159103607,167.999400002143,112.257232800007,755.212291014954,320.406935019171,9.22794892115972,1
0.715488355425363,0.715488355425363,0,0.805664190748511,0.224695304464003,856.889432980278,155.999442859133,120.104294780293,1525.57002111332,1402.91696450369,33.6549261785294,0.526315789473684
0.653301054268574,0.653301054268574,0,0.556658745834664,0.885050751783777,753.530571750545,157.999435716301,109.95349151251,635.497052342774,796.205101756122,9.05997441013088,1
0.888136542543859,0.888136542543859,0,0.929646296042092,0.35137313009836,819.225379935138,165.999407144974,115.248705179788,1041.19139948258,590.944561439875,18.1453622501595,1
0.782241267353264,0.782241267353264,0,0.251533102667722,0.49183784330825,801.254585591937,141.999492858954,115.773284495744,1209.73883379088,667.586250291009,27.8044746517364,1
0.803362247791761,0.803362247791761,0,0.320270337036972,0.447091581612534,819.504914487302,145.999478573291,116.1752665071,1250.7706070858,639.25439717729,30.9853281740112,1
0.770988876085896,0.770988876085896,0,0.250845415638358,0.845562081106886,794.885887227226,139.999500001786,113.757615036731,967.968567436097,887.891335329576,13.213201057147,1
0.902739765189726,0.902739765189726,0,0.379667843099307,0.183016593383163,808.413054919294,141.999492858954,124.999494298775,1525.8168421065,1351.23250774872,25.218363201775,0.526315789473684
0.5877211300933,0.5877211300933,0,0.0741474223824092,0.976767673715973,697.443459532639,133.999521430281,109.273678000324,702.945177015678,723.380947637563,17.3096167717151,1
0.624724039358374,0.624724039358374,0,0.830515400817602,0.851777369766272,614.184566062796,403.99855714801,-44.9168902588191,1.17714483993669e-05,747.143419574358,16.352230937005,1
0.724019056057309,0.724019056057309,0,0.0937184308406506,0.993174943608581,843.818102013684,127.999542858775,114.500825151085,1252.41577475993,940.511349617858,25.5715894187361,0.473684210526316
0.737017978788535,0.737017978788535,0,0.183974114232225,0.123990790539778,816.045854341141,139.999500001786,125.038876602565,1818.17311977611,1127.00553201758,26.7250161763012,0.526315789473684
0.946110098909204,0.946110098909204,0,0.496694557657719,0.365901744360988,753.926072494114,153.999450001964,114.151724468206,1000.72262339186,575.952590008681,22.593814820037,1
0.994192980845222,0.994192980845222,0,0.0603387579015228,0.463672838433702,690.129589043134,131.999528573112,112.568310179529,1011.24400657482,621.118436358997,28.3244821317729,1
0.832392209615735,0.832392209615735,0,0.845985528409882,0.563986381513454,904.096586945292,161.999421430638,116.054787397735,1179.12807975839,753.874412929887,16.683821731152,1
0.841769695730633,0.841769695730633,0,0.574354526461896,0.292437826565082,681.629861853493,159.999428573469,112.368430103091,808.159092102281,503.883924481592,23.3292244426612,1
0.645269475029878,0.645269475029878,0,0.422952879301665,0.140419285842519,800.878336192012,145.999478573291,124.519639147961,1790.25054249047,1163.7952474616,29.5663494948019,0.368421052631579
0.771525523930653,0.771525523930653,0,0.322474061301312,0.923091192349234,695.819863426666,145.999478573291,107.834996058233,543.74477373358,927.722912798388,6.31921728876259,1
0.651826304329152,0.651826304329152,0,0.779147439472317,0.122096031955421,825.446708115176,149.999464287628,121.909243623683,1726.40543535782,1409.56263092394,37.9762585878317,0.473684210526316
0.944082812930389,0.944082812930389,0,0.860148091814396,0.188521183617165,876.5358788451,155.999442859133,120.056289982139,1551.01407963025,1433.30361291322,33.3481771113378,0.526315789473684
0.571924994778138,0.571924994778138,0,0.580704389129086,0.503603072914597,644.177402022978,157.999435716301,110.011440565528,630.222238282415,0,10.1665062095534,0
0.737197430277925,0.737197430277925,0,0.645598846990434,0.310395176636681,726.012803222151,161.999421430638,113.529316159629,895.510968763643,385.94913964156,15.5836877106147,1
0.572488630113553,0.572488630113553,0,0.808838472055659,0.373382579832372,839.736424249006,149.999464287628,123.032479027575,1552.54581627016,1356.81596158502,31.1015449297952,0.473684210526316
0.57065185645378,0.57065185645378,0,0.789237952023349,0.649833636177819,901.19870905511,163.999414287806,115.847868061138,1143.10340170906,435.365145682221,15.4647644134589,1
0.909503295130224,0.909503295130224,0,0.7834548738892,0.564767555782885,943.693004237021,157.999435716301,117.057824290635,1338.8422978868,729.293260176227,35.8187829219433,1
0.774892335968373,0.774892335968373,0,0.874164976476587,0.748068524914674,923.055570691711,163.999414287806,115.613169553061,1123.53601261358,864.458241753083,12.330801338014,1
0.736969970059112,0.736969970059112,0,0.995712529352853,0.0483619776567819,731.748058834248,159.999428573469,117.968203178746,1337.330282424,1276.88164636689,33.43542092123,0.526315789473684
0.851068367911458,0.851068367911458,0,0.819959023453038,0.579282428657392,993.35376269819,157.999435716301,118.183120858452,1490.72199239685,757.455854999112,37.4621393870349,1
0.910569957731193,0.910569957731193,0,0.409201639358331,0.759736582575178,801.242184384221,145.999478573291,113.862990621834,972.41334825094,822.4434848918,9.45034294022256,1
0.725358232975687,0.725358232975687,0,0.202000877285781,0.0297071684633248,728.350769810184,143.999485716122,122.835235574488,1654.11424659872,851.230593028738,17.8024495005187,0.421052631578947
0.609547544516287,0.609547544516287,0,0.924551432976916,0.78437184300152,751.873341825632,169.999392859311,106.350345629414,385.945470134791,680.634759678554,9.67617746705724,1
0.624440464800232,0.624440464800232,0,0.311073928174956,0.899377014302729,942.358952204011,137.999507144617,119.244492817742,1517.3548450292,1006.04796218701,23.9572473651301,0.578947368421053
0.701855997087115,0.701855997087115,0,0.607664169207544,0.477846789682784,939.548069899754,145.999478573291,125.703584447547,1673.05292758079,1417.05751385817,24.1255266433962,0.473684210526316
0.891624348490955,0.891624348490955,0,0.380456544952767,0.328428453780435,925.192047411435,137.999507144617,124.249491253585,1846.02896307142,1691.69626843519,30.3192725473359,0.526315789473684
0.693546586431981,0.693546586431981,0,0.789154481745354,0.554765021132971,817.045242269449,163.999414287806,114.131548337565,951.424431120955,641.973950906688,17.4810205056449,1
0.76526765026102,0.76526765026102,0,0.394392185581722,0.8025049090979,681.005508156177,149.999464287628,107.527733156081,510.247254596629,871.042432062002,14.2581027981042,1
0.53816123315222,0.53816123315222,0,0.722501944278973,0.0852521180538005,862.550595952775,153.999450001964,122.289940334841,2118.08002431364,1321.0905480813,28.051177051407,0.368421052631579
0.699259209708993,0.699259209708993,0,0.280546187878231,0.530821894696493,958.86736522818,133.999521430281,121.202106970452,1890.60415429138,1843.89043353505,23.8236972111882,0.473684210526316
0.866812714000996,0.866812714000996,0,0.882889476554106,0.661344008464589,764.778115368451,163.999414287806,111.631597899568,728.089716457829,802.445127356725,14.9044376319039,1
0.65772714160673,0.65772714160673,0,0.392909505790249,0.826445932900646,758.400726407375,149.999464287628,111.53584600303,792.801922159108,763.563356295518,17.8582798711574,1
0.727994646863828,0.727994646863828,0,0.635777204385915,0.669694370387985,683.409872524022,159.999428573469,106.6970210229,431.11009873212,776.577905975533,7.35094390767474,1
0.624655039881805,0.624655039881805,0,0.680174445671661,0.661902938757982,839.421752797968,159.999428573469,114.327187951344,997.803604527619,593.962901182617,15.8187439885398,1
0.683275187223968,0.683275187223968,0,0.548205838117002,0.305052071799604,713.480131849911,157.999435716301,113.790862818929,942.195652632577,31.8521249485701,9.76088161251881,1
0.900968444353604,0.900968444353604,0,0.889910323825835,0.664568787493982,843.268988855145,161.999421430638,114.159991883562,966.350770380484,793.365325497373,14.9789842894862,1
0.516964928874218,0.516964928874218,0,0.155710363609081,0.698087481459342,968.177519250837,125.999550001607,121.549842509068,1955.15588601615,1822.44203984079,26.5198060180251,0.526315789473684
0.767414282594403,0.767414282594403,0,0.892203042075244,0.0655947987193564,772.599797366915,159.999428573469,118.460074771106,1391.34998860074,1362.21369856739,29.758616085066,0.526315789473684
0.657577062700831,0.657577062700831,0,0.537245909089862,0.707384033799931,738.52682175366,155.999442859133,111.150591214097,730.161943621419,690.419211191184,9.41420221598207,1
0.50229841977398,0.50229841977398,0,0.124496321688248,0.4694742915709,752.939359555195,127.999542858775,117.580018551572,1503.25236036411,1261.51505078305,30.593333526222,0.526315789473684
0.588360462963941,0.588360462963941,0,0.824283680506625,0.823214663580151,662.201115319437,399.998571433673,-45.2563590967117,1.16125966806956e-05,666.378998887366,13.0152066941203,1
0.835397938428469,0.835397938428469,0,0.0927669219842455,0.0215239388894826,907.346630178422,143.999485716122,128.038199802934,2174.83345071116,1254.99277248473,20.8905626496669,0.368421052631579
0.978589419113122,0.978589419113122,0,0.439458256831441,0.34751305409429,638.801715192467,153.999450001964,110.872357474392,720.771539424094,558.558764104448,9.65226802577865,1
0.810519409724553,0.810519409724553,0,0.38096796193402,0.0639453467522927,799.963688235444,145.999478573291,123.880783449027,1615.97372145051,1351.09642328885,28.8427934653172,0.526315789473684
0.892006545839111,0.892006545839111,0,0.338846607285265,0.267818839941943,605.561409667379,151.999457144796,110.692605373852,710.576310913554,471.199791128108,11.4820315213981,1
0.553751050359622,0.553751050359622,0,0.65138021300026,0.985304214934513,747.60606283296,161.999421430638,72.8444967236382,13.5592276931522,704.438172984593,9.09846048357078,1
0.987368122447229,0.987368122447229,0,0.137990822820859,0.758937670515458,903.069782010394,121.99956428727,118.976130144115,1624.52015886222,1672.1752189931,22.2214173129813,0.578947368421053
0.726599473219872,0.726599473219872,0,0.29320052119536,0.61063188209055,723.164713680829,145.999478573291,112.552307130979,854.64712998319,717.221171784323,10.9767533211722,1
0.812519347591801,0.812519347591801,0,0.124599600276289,0.993829341699342,747.062873717473,133.999521430281,110.765562640341,829.792205294042,951.431449986889,16.3639614900267,1
0.7977374402156,0.7977374402156,0,0.964968172475928,0.0622416366719155,827.668526051189,161.999421430638,119.015038286478,1475.34395535001,1450.99264325854,31.1055788234757,0.526315789473684
0.983983963477569,0.983983963477569,0,0.71808221938772,0.699127665510448,983.705964778763,153.999450001964,117.866728864524,1471.81764255609,788.640701895819,29.092721210416,1
0.850849781882366,0.850849781882366,0,0.151302668169965,0.444363982506034,834.44906403282,127.999542858775,118.669402932211,1568.38599078348,1475.31388611512,31.7164685184052,0.473684210526316
0.638642801930766,0.638642801930766,0,0.136205443959435,0.702237692941518,648.221223834449,139.999500001786,109.256708180484,664.912707000845,625.323939631232,10.4806960134041,1
0.638291541235993,0.638291541235993,0,0.990751074838083,0.111707778581538,736.5035876328,153.999450001964,119.372639133417,1472.21445206924,1390.94481959359,30.098410035982,0.473684210526316
0.833109762795921,0.833109762795921,0,0.660595449875358,0.885544460911939,704.543123969183,157.999435716301,48.2587186481108,1.35894954431104,922.115736816028,9.42898483903077,1
0.886534449024907,0.886534449024907,0,0.871570812300445,0.453920044395606,929.758656595479,161.999421430638,117.079951637668,1294.91400710456,666.747358308589,27.4205855403539,1
0.599417333450268,0.599417333450268,0,0.817992281925699,0.00290664055515777,871.393300892014,159.999428573469,121.899198132581,2105.82251705434,1307.0893158139,27.5694848060342,0.368421052631579
0.9129331041219,0.9129331041219,0,0.712675484856433,0.389171658954573,604.681159272558,161.999421430638,105.480022975785,368.014922070513,607.571058591615,9.5784812264397,1
0.603547385473221,0.603547385473221,0,0.148169127269027,0.606157321700498,967.07499978966,127.999542858775,122.242784452074,1975.58956567825,1794.53452364535,24.7927144581797,0.526315789473684
0.826534355634253,0.826534355634253,0,0.259482434732262,0.879196733846869,868.741185037462,137.999507144617,115.013567421038,1220.41277135636,903.67476089808,34.0190726227533,1
0.703431583532345,0.703431583532345,0,0.595186793624423,0.314763679630153,819.729906224802,159.999428573469,115.963583276857,1168.19974130938,239.601819660488,26.1208026534262,1
0.974565722318449,0.974565722318449,0,0.435263029537175,0.577483459286007,858.505544615295,145.999478573291,116.28139007653,1278.55168847352,710.708877935287,24.6374202294904,1
0.697431657498383,0.697431657498383,0,0.868291270286672,0.724529385198854,604.756928775661,387.998614290663,-47.0603417688028,1.01529373016523e-05,779.755450953767,12.3820715414592,1
0.731596189647167,0.731596189647167,0,0.611675589017314,0.120432937857647,607.236738009421,159.999428573469,113.024172086313,859.000474350414,0,14.6390315175882,0
0.542245890697292,0.542245890697292,0,0.579885313528735,0.811359017931512,948.992231921769,155.999442859133,116.329971064149,1260.04099297683,541.724942480378,35.8132674805294,1
0.921215540950758,0.921215540950758,0,0.570110748015209,0.929883240779529,793.212765605311,153.999450001964,111.654920798477,788.167283450433,909.944224666286,15.1465652919828,1
0.93551110825468,0.93551110825468,0,0.703572454968521,0.0145242772213051,704.510366955237,167.999400002143,114.968434832781,994.086715319969,207.303915216141,12.5504473160299,1
0.981504943656001,0.981504943656001,0,0.155021238467425,0.876109036519559,748.353381538829,133.999521430281,111.525860144731,885.864185332662,853.090937748409,18.6554542693546,1
0.636794252419515,0.636794252419515,0,0.678241597160407,0.895709423633694,604.684454570102,407.998542862347,-42.426886285274,1.45893589093352e-05,783.220250354241,14.0057389397304,1
0.72477262908418,0.72477262908418,0,0.175104687377663,0.287706382711905,744.164642084554,135.999514287449,119.255568962166,1380.48842074264,1173.01328394067,22.8982014365307,0.526315789473684
0.879773800226901,0.879773800226901,0,0.472735031441831,0.459218696298462,705.883093853192,153.999450001964,112.138133617854,822.637208306552,653.436925394731,11.6858664781912,1
0.58378461775352,0.58378461775352,0,0.800778689151457,0.792641681514705,692.303613447943,395.998585719337,-45.412016998832,1.18054143392367e-05,631.673031895248,13.5746510613945,1
0.712598448478572,0.712598448478572,0,0.937700099453182,0.715568874861479,637.177908205655,387.998614290663,-47.5480887396702,9.83888561985682e-06,797.59896041113,15.948126681149,1
0.966606438223203,0.966606438223203,0,0.37835186187786,0.18839426825897,832.034563393357,141.999492858954,125.140296835026,1606.51017694025,1452.54636378345,29.9599207421052,0.526315789473684
0.812993278979692,0.812993278979692,0,0.430733779091612,0.769806346684611,646.216297548335,149.999464287628,100.271764323049,222.006773319414,860.54257704158,8.95245141673773,1
0.972519517576942,0.972519517576942,0,0.0865989360800438,0.174783478849587,756.178800733666,133.999521430281,119.312103735761,1515.78843057253,1171.43682748183,34.5144892855904,0.526315789473684
0.829037666244141,0.829037666244141,0,0.561700313932936,0.419222963380811,632.259325769836,157.999435716301,109.085548875493,570.97695098387,631.753451076877,8.80886691245657,1
0.858622341693225,0.858622341693225,0,0.893583852923214,0.771554151388502,835.022615165157,163.999414287806,113.247353995595,870.816756162589,865.159610832818,18.4231727144986,1
0.614781567359509,0.614781567359509,0,0.633279037164378,0.0806074114937052,700.898504679319,151.999457144796,118.889431472591,1521.38923428645,973.218324562081,26.5278267077898,0.473684210526316
0.817801517211501,0.817801517211501,0,0.265890603030972,0.961178111347666,885.474115869678,137.999507144617,115.030614211043,1229.75889659856,944.09428288791,35.5831966536682,1
0.67690431832161,0.67690431832161,0,0.279917623505502,0.0107640100689412,915.109704374012,149.999464287628,124.489798567398,2302.51147645034,1413.3392355606,33.2580320756003,0.315789473684211
0.990443987801301,0.990443987801301,0,0.0751376586213679,0.467208766084237,615.371354098619,133.999521430281,110.120165917695,753.574863055562,624.598293452847,12.4772608297053,1
0.75194302850458,0.75194302850458,0,0.698058489266575,0.789672271666994,891.00092337345,157.999435716301,114.859644884271,1071.34217480463,868.999436467089,15.6434280732484,1
0.826841846835019,0.826841846835019,0,0.97649461061775,0.251450240576783,782.435837172541,169.999392859311,114.979800942715,985.065100810003,479.563348936822,19.2294124252149,1
0.53590152247936,0.53590152247936,0,0.92000519982127,0.99649969632046,758.287675299924,421.998492862525,-43.0808860064596,1.2625746531169e-05,693.362916687295,13.5538998453321,1
0.512248963350719,0.512248963350719,0,0.872606116051724,0.316260288739213,942.885588798994,145.999478573291,125.814205608825,2119.68017434533,1842.01788847012,22.7922317263894,0.315789473684211
0.925655715925285,0.925655715925285,0,0.689184991616838,0.904954354840664,949.262856604282,153.999450001964,115.846377803752,1207.74311093338,901.692203510328,15.683770216583,1
0.920082483467255,0.920082483467255,0,0.801908534490045,0.556639199138021,900.975351915906,159.999428573469,116.12122938584,1202.68757613824,723.052173061605,17.5283366725042,1
0.957738528058492,0.957738528058492,0,0.40461276681584,0.0901460979630819,974.440183097749,143.999485716122,127.092576575036,2113.03084626396,1755.28039603344,27.0999116932382,0.631578947368421
0.792316878331559,0.792316878331559,0,0.233649360274035,0.344027200282663,803.561193748778,135.999514287449,120.30040484787,1474.50596366829,1277.45360500932,23.9116054829607,0.526315789473684
0.889146344202533,0.889146344202533,0,0.149708891502047,0.543644397035312,753.90561931637,135.999514287449,113.908054468331,1115.77382428864,692.844365962601,35.812161851045,1
0.58063007545721,0.58063007545721,0,0.920487199855905,0.16073078537691,758.438534187299,151.999457144796,120.419777806358,1604.21890752419,1254.83473509778,25.3448219999998,0.473684210526316
0.574490164078419,0.574490164078419,0,0.728473922070949,0.988534356659525,606.770759856618,419.998500005357,-41.5840852115198,1.43754437607196e-05,743.517250297809,11.5503155408293,1
0.951790708332745,0.951790708332745,0,0.342852896927642,0.86096104776419,983.92062161134,129.999535715944,119.676534436702,1761.06294824602,1598.08621518392,32.7511855926742,0.473684210526316
0.77998348135638,0.77998348135638,0,0.133251274391764,0.574803350410702,794.169207260803,129.999535715944,116.432753129443,1340.54075862841,1015.60170743346,35.410347756311,0.526315789473684
0.510966594163904,0.510966594163904,0,0.463756331306549,0.528049373085374,805.811098616979,141.999492858954,123.891014583113,1440.71931226548,1149.64721988284,25.3873183639418,0.526315789473684
0.949279346723638,0.949279346723638,0,0.151731664407796,0.851484542477322,679.816042857415,135.999514287449,109.318408937709,695.705953135994,845.869275123107,18.7970270362122,1
0.676660669462512,0.676660669462512,0,0.0426193133244189,0.15026562153413,692.142352411455,133.999521430281,117.484690874804,1509.52431895287,834.720934264234,31.6649608023197,0.473684210526316
0.903691203064077,0.903691203064077,0,0.478528669111525,0.500034347109924,882.111521003939,139.999500001786,124.593417169772,1543.50689004091,1276.27396087128,34.7218244767961,0.526315789473684
0.557806182109957,0.557806182109957,0,0.536638461238713,0.520390592382244,982.809281662564,141.999492858954,125.583768786574,1953.1500722084,1897.9183364602,15.0585747481798,0.473684210526316
0.589700795350227,0.589700795350227,0,0.534527295521748,0.838508029432298,868.253933716512,155.999442859133,114.392066884086,1040.39345924944,665.257408944658,8.64791905977,1
0.769025310845556,0.769025310845556,0,0.188655665643677,0.131751876345239,647.967830469471,137.999507144617,119.345635108505,1234.57093020015,973.513965548073,23.4410193099215,0.526315789473684
0.818839215878708,0.818839215878708,0,0.165581310552591,0.647784459624147,628.36349205833,139.999500001786,108.654057289964,624.463759394614,778.516345968857,9.14712621268886,1
0.973611558896642,0.973611558896642,0,0.411299502318916,0.622513426866653,671.464024564024,147.999471430459,109.885707137427,668.719155226731,735.746276725066,9.04325209739023,1
0.800338162117543,0.800338162117543,0,0.581603104371936,0.0307310533148135,992.013576403979,153.999450001964,123.653190519749,2264.79604737229,1886.23804114556,20.3949005174328,0.473684210526316
0.791373268996118,0.791373268996118,0,0.627552974832434,0.270569456885975,729.358009012165,161.999421430638,113.84002131376,928.619798159144,435.022898046969,20.4339533766276,1
0.73787401493085,0.73787401493085,0,0.769507955082197,0.846500364569995,971.033295883773,159.999428573469,116.311572438722,1236.9408665162,888.37335468086,25.2442260134841,1
0.873993975594991,0.873993975594991,0,0.855714376394874,0.514597608123646,863.778569520206,161.999421430638,115.422754404489,1098.67006669148,710.579163192357,17.7943932952532,1
0.605502148942087,0.605502148942087,0,0.235554951250666,0.637675238672787,838.231891631101,139.999500001786,116.730918220304,1310.52400803069,673.517194244459,29.315341245756,0.526315789473684
0.952325784986084,0.952325784986084,0,0.916738671334634,0.45796335316429,786.847522789024,163.999414287806,113.829922608349,917.074663988731,659.840913185845,13.1756893062724,1
0.585567068553574,0.585567068553574,0,0.175529980577413,0.830793339351899,656.997261787385,141.999492858954,108.106217933451,579.902599739096,630.029609110954,12.4877660419829,1
0.910345728541904,0.910345728541904,0,0.67722200358637,0.287205801171467,905.340248359393,147.999471430459,123.692279344838,1658.98349166188,1504.00771472176,29.7087769704368,0.526315789473684
0.830525074177053,0.830525074177053,0,0.0623576554860646,0.947812030050643,987.497520640267,115.999585715765,120.997591554519,1732.75026972414,1866.45107000298,31.5115748180452,0.526315789473684
0.619431817583526,0.619431817583526,0,0.264854965890752,0.62403682000017,694.215665602237,145.999478573291,111.500487827326,782.845388920572,501.795858259621,18.1168189204945,1
0.884342539478538,0.884342539478538,0,0.141484033146268,0.981376693920037,790.992693445121,131.999528573112,112.095361716872,957.335518491268,923.676096813417,22.5199620129772,1
0.72171115758065,0.72171115758065,0,0.243907385719414,0.761774448333902,877.691943646333,135.999514287449,117.318071819907,1417.42010114193,984.540976410382,23.7941518263724,0.578947368421053
0.755804010801659,0.755804010801659,0,0.420388301709929,0.0668877325679738,968.422767407475,147.999471430459,126.83649834673,2203.69042914744,1510.53113318803,27.3428622641945,0.315789473684211
0.656424674572681,0.656424674572681,0,0.995760934307043,0.631779666267442,729.475329908879,169.999392859311,108.494522868798,488.904824996859,649.572828332104,8.48096923457484,1
0.580402538110542,0.580402538110542,0,0.807083904750919,0.882158580024816,836.006483302777,165.999407144974,112.66158756032,804.101814018465,692.961607183071,19.7466977384894,1
0.594783896624236,0.594783896624236,0,0.237853387473927,0.541178938605784,956.193921738842,131.999528573112,121.419616490763,1951.67240734839,1850.1669329489,23.2081285503848,0.526315789473684
0.804230863419982,0.804230863419982,0,0.17151594226259,0.443854162745387,932.694382101727,129.999535715944,120.518282146567,1881.63813300866,1622.54634508549,29.2363427973777,0.473684210526316
0.917570498851691,0.917570498851691,0,0.685672874255889,0.857739026691278,850.335084394483,155.999442859133,113.62482157605,953.235174363368,880.774055648695,12.372389000853,1
0.683231373172228,0.683231373172228,0,0.28402388315765,0.902917176292391,889.422692558689,139.999500001786,115.555565821056,1239.87490447463,834.290863603726,20.3963013185121,1
0.602724623816093,0.602724623816093,0,0.202871089649764,0.142870758155926,760.459683105317,139.999500001786,122.24136740146,1770.52957691829,1006.57950847007,27.9982608163059,0.421052631578947
0.541235099736823,0.541235099736823,0,0.716520144790763,0.644258359750783,901.709797214934,161.999421430638,116.044765786602,1184.54011057225,284.818680766007,18.4739344284878,1
0.59790474850818,0.59790474850818,0,0.264465867465667,0.064222665199964,816.344586370718,145.999478573291,123.563430852542,2012.14630273248,1127.94781164993,33.6904310630887,0.315789473684211
0.765740519495875,0.765740519495875,0,0.289689396921456,0.517164701951019,932.132780492029,131.999528573112,120.837301428228,1793.65704505872,1769.83900085102,21.4814361434469,0.473684210526316
0.927770065525581,0.927770065525581,0,0.929736126996238,0.859117872641644,759.151317742978,165.999407144974,106.675559580295,413.085511611187,887.481028904761,9.82132080302074,1
0.578356407241414,0.578356407241414,0,0.942962443415794,0.966792299323692,707.723510927934,417.998507148189,-43.6989374666862,1.16420113566856e-05,745.536158439172,13.0751865746548,1
0.976776774374151,0.976776774374151,0,0.955231935448469,0.752994671257753,912.65521675195,161.999421430638,115.403688374565,1102.19457751707,825.808774767624,11.4389105462608,1
0.786386934672459,0.786386934672459,0,0.0155762506868325,0.434947539738976,852.521346276737,123.999557144439,118.862506415413,1683.25114777976,1437.19644480037,28.6315636898482,0.526315789473684
0.912078660063552,0.912078660063552,0,0.200625619354323,0.411901080607701,984.057598951644,131.999528573112,122.38083556342,2126.05303179687,1852.39863883526,27.612462454746,0.526315789473684
0.53280807016791,0.53280807016791,0,0.41242310493813,0.779698263174623,820.274455064197,151.999457144796,113.84081471008,994.247683491864,460.593969448845,16.0107332174489,1
0.842150170158891,0.842150170158891,0,0.549993074451065,0.859254684381737,727.542730984112,153.999450001964,108.895812440969,574.442328451627,902.27251415898,6.58955017274353,1
0.605845237795752,0.605845237795752,0,0.401099214660443,0.81428399456371,855.733214821308,149.999464287628,114.714478653961,1075.59555190976,669.268886023521,25.2929107292353,1
0.687578778953169,0.687578778953169,0,0.34090733447437,0.225121403038146,894.403567777467,141.999492858954,127.131019855989,1921.7955303878,1339.50960425955,23.1482560158847,0.368421052631579
0.509583027886399,0.509583027886399,0,0.111106934708466,0.258835634704055,844.466821396333,133.999521430281,120.198499180638,2040.83663049055,1401.96868920673,28.446213574274,0.368421052631579
0.532127151273392,0.532127151273392,0,0.0671069182990597,0.438266619655351,998.664628448635,129.999535715944,121.380810762344,2493.22256064459,2432.56052254778,19.6006330614159,0.526315789473684
0.723062787313685,0.723062787313685,0,0.189093720765796,0.111680908107635,709.449289313152,139.999500001786,121.995660585852,1520.9141678963,940.108945381599,34.7477798446566,0.526315789473684
0.503056291892271,0.503056291892271,0,0.252179530866431,0.092773022111033,913.296186567626,143.999485716122,125.735170960379,2412.45833081202,1453.10477811993,30.7520114099336,0.368421052631579
0.978291958820058,0.978291958820058,0,0.690334467598143,0.110310717952504,957.147098396835,155.999442859133,121.698785353793,1895.01694159345,1927.27544131288,18.7564653911824,0.526315789473684
0.981128047548453,0.981128047548453,0,0.396453427517221,0.853537043877277,824.812926499361,145.999478573291,114.407790531484,1004.90014007165,854.68482351423,9.18415097058168,1
0.558542097830232,0.558542097830232,0,0.537985129737065,0.837823369287445,819.635297822928,155.999442859133,113.101426127872,900.635840199642,603.256544251879,13.0191624898068,1
0.72227351895201,0.72227351895201,0,0.925386934247,0.987941366674205,780.844078412875,169.999392859311,11.9043636929977,0.0308870603244848,941.269198785403,9.82311284853047,1
0.709444315954082,0.709444315954082,0,0.595065211179934,0.339450405848656,775.102225332828,159.999428573469,114.720744406223,1029.40400742953,339.612363207923,18.0375684431167,1
0.535469450125713,0.535469450125713,0,0.179663310938796,0.971317548487949,821.319869180003,137.999507144617,113.676273328156,1012.38634321896,635.958579782695,21.1155053306988,1
0.731663396849941,0.731663396849941,0,0.386038531833314,0.608115386216145,789.387015653203,147.999471430459,114.088820400307,999.292216227249,725.707966274173,11.5607065172647,1
0.848083403352496,0.848083403352496,0,0.677820884319888,0.667525855146186,894.931558707395,155.999442859133,115.592441070256,1164.10136196423,804.564112150787,27.2554736440064,1
0.592360572290932,0.592360572290932,0,0.297911783232339,0.317385878585415,941.242756261131,137.999507144617,123.978303313474,2144.63652198479,1610.78725886164,32.0332125393805,0.421052631578947
0.931858569302873,0.931858569302873,0,0.430706174558453,0.975518189966367,906.616867561865,145.999478573291,116.030204596631,1161.81085721921,922.563160624338,20.4116121766386,1
0.675038592100007,0.675038592100007,0,0.342829560750792,0.521725872035296,882.10013726359,137.999507144617,122.378455532252,1577.07975641265,1348.39620199979,27.6431675351053,0.526315789473684
0.88606977911037,0.88606977911037,0,0.97019925900319,0.00172890505105727,931.562348259647,163.999414287806,120.753694401195,1755.0021324427,1788.40026923109,26.0155192763129,0.473684210526316
0.86379493128271,0.86379493128271,0,0.910274308366076,0.476642674357161,858.091297595681,163.999414287806,115.440013825638,1084.26238809746,689.895734794055,13.7427514162155,1
0.686055237243945,0.686055237243945,0,0.423025594831122,0.813756534098342,656.250125563533,151.999457144796,89.5638542168578,89.6239346167888,797.66274922336,7.57715688229214,1
0.621702343258461,0.621702343258461,0,0.965210281386133,0.290216324594542,671.585838781399,165.999407144974,113.311414496552,846.592426717279,0,18.5720538480547,0
0.508884224762168,0.508884224762168,0,0.756774931767759,0.260827788566378,794.998947548779,147.999471430459,122.818269224157,1736.84962410016,1238.3984008317,32.1220749453463,0.368421052631579
0.978882941549003,0.978882941549003,0,0.535458814740642,0.108833617468964,877.620128646029,149.999464287628,121.664413869889,1695.64900947306,1658.10168300335,37.7955726894501,0.473684210526316
0.659683304368998,0.659683304368998,0,0.37606493393677,0.221400535546704,757.935694439552,139.999500001786,124.551141154324,1541.44399433118,1177.7325068653,32.2257559624,0.473684210526316
0.949286738077293,0.949286738077293,0,0.923662245702738,0.576368421356498,625.416640374836,367.99868571898,-49.8303893131416,8.64127644223042e-06,733.19268778113,12.1802910601806,1
0.614198445023319,0.614198445023319,0,0.595921676552856,0.720978609489709,965.781358255811,153.999450001964,117.348833356415,1397.80948019932,620.976703540147,24.3527502038075,1
0.730750866905341,0.730750866905341,0,0.165807355211327,0.34488277139749,924.601820679111,131.999528573112,121.562558913023,1964.0981088854,1723.54669342864,25.8620735269767,0.578947368421053
0.571378952786495,0.571378952786495,0,0.750488405877624,0.773989920322909,775.564908984246,163.999414287806,111.407971691432,706.195279040724,585.905805211091,6.42311309546555,1
0.546641158593705,0.546641158593705,0,0.388303605202105,0.0355653162448353,973.758782553171,149.999464287628,125.332758743113,2594.28892299441,1638.37154114563,27.1814480520426,0.315789473684211
0.875200519228373,0.875200519228373,0,0.585002855511703,0.641373383417293,673.997494573503,155.999442859133,108.384367819983,537.068969267511,776.630953566807,15.0739116929258,1
0.595919084562332,0.595919084562332,0,0.51579355390791,0.575325999871318,872.417347903933,153.999450001964,115.903341679562,1202.28808754902,365.751407610486,20.6498989010944,1
0.670076099152893,0.670076099152893,0,0.317541820189315,0.923979157982147,744.020339716451,145.999478573291,110.635291084299,735.157128587106,828.19213017341,13.3566166104186,1
0.627840548638843,0.627840548638843,0,0.709778053467995,0.62128059875915,714.386214788649,163.999414287806,110.295389816441,630.987969076244,558.561458290887,7.74689831394136,1
0.869209601379873,0.869209601379873,0,0.718062412456273,0.04959553661366,773.992250488948,159.999428573469,118.026243683053,1352.51046689549,1281.66068182844,42.080995434756,0.526315789473684
0.928601620246941,0.928601620246941,0,0.713313593414213,0.194836874259124,995.994470900938,155.999442859133,121.869092966377,1960.83125618978,1969.28635199476,16.5842341826439,0.526315789473684
0.814107054204745,0.814107054204745,0,0.86799768005492,0.148793203247634,877.995738739615,157.999435716301,119.929814177688,1568.59374348387,1530.59384111002,31.8419673375579,0.526315789473684
0.794549527511323,0.794549527511323,0,0.154194874354387,0.535777731874036,677.486893066791,139.999500001786,111.938113333859,833.934806057009,701.759703150302,11.0806187933548,1
0.870389443280457,0.870389443280457,0,0.291033582204922,0.958210414724929,925.04107926461,133.999521430281,117.046621029526,1447.74044019119,990.196018162828,27.4999600128664,0.526315789473684
0.611707271236379,0.611707271236379,0,0.20382211250856,0.939349768687414,620.35498352519,143.999485716122,1.18196335481861,0.0109189185389666,748.687146602624,8.20524248872118,1
0.906850637737629,0.906850637737629,0,0.0117814197521338,0.0857282625237339,886.53633141231,137.999507144617,123.446222186768,2023.79979755082,1291.64425512878,29.3941268355553,0.578947368421053
0.991389590398871,0.991389590398871,0,0.580517462127537,0.0509306078009014,860.558349088897,153.999450001964,120.332297479946,1642.91996715747,1694.63572487712,42.0130410354,0.473684210526316
0.665601959126435,0.665601959126435,0,0.19624535413111,0.107603359957571,813.834432008192,141.999492858954,125.207042655437,1918.62656033319,1109.67527182227,34.7340694090724,0.421052631578947
0.5027863713002,0.5027863713002,0,0.0683024428309398,0.277203416945766,993.743565196447,131.999528573112,121.581175381926,2525.41745278569,2338.18561356721,22.4777219368762,0.421052631578947
0.694365782427267,0.694365782427267,0,0.590377319715202,0.58662048102902,733.729982039368,157.999435716301,111.738485866129,766.450773297481,661.568538417423,15.6424541402654,1
0.820610433636549,0.820610433636549,0,0.155514409050752,0.661054068910373,887.52311572524,123.999557144439,118.709505530624,1624.05794992045,1541.19103346757,23.4133055107776,0.526315789473684
0.631461839791866,0.631461839791866,0,0.45440689059691,0.833546167838115,808.070540425923,151.999457144796,112.934736283183,907.453654567982,729.803535319247,12.7427203380771,1
0.918719147096662,0.918719147096662,0,0.694515640527255,0.197052082686411,618.568069051107,163.999414287806,110.864090992481,666.459315076691,428.709123046173,16.3178945939509,1
0.916936442289045,0.916936442289045,0,0.0946808808588813,0.475712403166953,665.447505188361,135.999514287449,111.742898398519,874.301035938777,637.689091565116,16.915266746045,1
0.662018280824986,0.662018280824986,0,0.0981597471640201,0.98999974400582,957.572443550481,121.99956428727,118.658325233451,1721.15324404946,1903.37962034346,23.9131134498857,0.526315789473684
0.686988694993167,0.686988694993167,0,0.0293752692136742,0.329809743246189,759.333634549224,127.999542858775,117.788479817211,1493.60914395338,1221.97627962245,27.6840369193481,0.526315789473684
0.935474922344641,0.935474922344641,0,0.50664083634778,0.319360450061653,882.763018407392,141.999492858954,126.394649373549,1644.9985189181,1491.8024647142,32.8261539790019,0.526315789473684
0.722017092040364,0.722017092040364,0,0.996651054738683,0.217523123418683,743.713753361146,169.999392859311,114.677093378134,944.202734522822,109.736620519787,11.760338125048,1
0.971894085645817,0.971894085645817,0,0.614398792833502,0.66374812014265,789.194310465751,153.999450001964,113.147941182451,914.883317728834,766.818473748292,14.7666616960989,1
0.720219631527571,0.720219631527571,0,0.42950488391192,0.106250723596162,815.793299107524,145.999478573291,125.520726157717,1759.34061219982,1236.12747131429,25.5749721768436,0.368421052631579
0.936016333261529,0.936016333261529,0,0.816283839139571,0.462753186782156,806.038709022603,161.999421430638,114.399361170784,989.398903404529,661.113757846263,18.7339282082882,1
0.728228584706303,0.728228584706303,0,0.19443817721068,0.860648516911127,606.976183318104,141.999492858954,74.2083418407521,14.533473045319,863.007024598429,6.10777108534499,1
0.671029298839247,0.671029298839247,0,0.264198642411174,0.147189220326283,980.191225350499,141.999492858954,128.251125286778,2345.4244241728,1642.89405997909,37.353516167058,0.315789473684211
0.659362631322065,0.659362631322065,0,0.841833627952196,0.658510066710792,733.854486165879,165.999407144974,109.902123060927,588.701225165018,670.324719768494,9.80535952315046,1
0.51831306496553,0.51831306496553,0,0.505879459719993,0.609260861804171,866.145766115004,151.999457144796,116.450503090739,1289.36165416575,340.76186962576,50.4048356550163,0.526315789473684
0.543609662011012,0.543609662011012,0,0.171363375217634,0.994706174462842,828.817500616226,137.999507144617,113.612006199748,1027.46082967813,665.700405656436,28.3959479116014,1
0.991395142368984,0.991395142368984,0,0.235655661902368,0.598148143137591,969.031994620899,125.999550001607,121.833961903412,1957.58194958615,1775.49943996654,25.3343150062799,0.526315789473684
0.558508816635961,0.558508816635961,0,0.394338088085267,0.791636139582166,962.367637459407,137.999507144617,123.394817605331,1674.34072827957,1408.4259547073,21.3872204795627,0.473684210526316
0.588558540001163,0.588558540001163,0,0.114874118388764,0.03084652101691,727.495532270347,141.999492858954,118.611403760181,1757.02376491786,671.691506263173,28.7814659297944,0.368421052631579
0.929753624910893,0.929753624910893,0,0.334609843491918,0.475734157587226,977.621540786648,133.999521430281,121.753650522615,2001.40037347057,1870.69815273475,22.5584106871983,0.526315789473684
0.516826214410296,0.516826214410296,0,0.631772330875638,0.812946902466802,803.56752541688,161.999421430638,112.628329134011,830.977902433796,474.673354884797,8.15220077439232,1
0.985418192134356,0.985418192134356,0,0.868216942553342,0.238796071876393,737.689717966646,165.999407144974,114.029151855704,919.024739738029,495.595447344414,11.0585234789371,1
0.52324093547564,0.52324093547564,0,0.567746524181397,0.584779326659758,613.220853148307,157.999435716301,106.980734875807,450.076741810185,0,13.8963130434074,0
0.918419375896671,0.918419375896671,0,0.658758620794399,0.922591573214906,974.889541149805,153.999450001964,116.383465556144,1281.52981578513,910.861534968374,20.6468432271575,1
0.510925107651138,0.510925107651138,0,0.0888487016380481,0.186650127255122,961.353117899913,133.999521430281,121.942515908476,2546.92864645996,1923.12860448149,34.8357576647106,0.368421052631579
0.929977803386136,0.929977803386136,0,0.556178142156349,0.242975308992802,952.370238694247,145.999478573291,125.028080791192,1888.52618716696,1782.69483655609,19.3812630586872,0.526315789473684
0.822699021763541,0.822699021763541,0,0.303980353262261,0.468812049057007,733.776752633323,145.999478573291,114.029464670139,956.009934165667,658.45078134592,15.8179657844833,1
0.681384646285646,0.681384646285646,0,0.757939459917488,0.0352533499260695,959.721047388035,153.999450001964,123.244251421708,2152.30892208223,1594.41152794724,30.8767153904103,0.368421052631579
0.599453875967996,0.599453875967996,0,0.976636801507067,0.0768885936646914,687.219432715808,153.999450001964,118.325456956111,1447.53941559255,1069.79737064871,24.4635421752242,0.473684210526316
0.570274745972058,0.570274745972058,0,0.389443704317836,0.712070926669672,613.058631302414,151.999457144796,59.6082467196802,4.96162236232248,485.826596313752,8.15684560845119,1
0.824881580189589,0.824881580189589,0,0.491096013130387,0.968510955620163,973.471400456869,147.999471430459,116.683763559445,1357.76688089176,956.297758769271,23.4731882942175,1
0.648396962207835,0.648396962207835,0,0.198527362104772,0.219218065277458,992.182033769611,137.999507144617,123.317132892379,2420.81306718721,1998.93880692671,26.3856898181114,0.473684210526316
0.51207376403767,0.51207376403767,0,0.394145314308782,0.246868537694978,623.891853861048,139.999500001786,117.849728657567,1270.9321054572,714.78226742352,34.2918787527714,0.473684210526316
0.639361818696553,0.639361818696553,0,0.0885293677618626,0.0320389259512953,971.175754229464,141.999492858954,127.071125470336,2591.25704729318,1582.48266348332,29.53630344601,0.315789473684211
0.568973695023179,0.568973695023179,0,0.742445538031028,0.671807217616606,970.360068535035,159.999428573469,117.161749448514,1332.0442994481,459.111234947691,20.1725628198647,1
0.604660975745668,0.604660975745668,0,0.528733123750863,0.202877870090827,627.285799722325,143.999485716122,120.082391361023,1200.11168654399,965.527521746487,31.2096010732716,0.473684210526316
0.909107173832968,0.909107173832968,0,0.45112586789367,0.812555681924861,776.333245238442,149.999464287628,112.248633700364,855.628262340745,851.416485344712,8.95354491100721,1
0.666304044297014,0.666304044297014,0,0.954062398863608,0.971207626916002,768.38363637639,417.998507148189,-42.9117483191566,1.32280662118456e-05,869.308088327939,11.8575524581229,1
0.996836588153968,0.996836588153968,0,0.381450561036388,0.866052681345523,662.713289261521,147.999471430459,104.655851402207,376.272186923787,858.829225559671,6.19109152915183,1
0.674853165621654,0.674853165621654,0,0.413712205235548,0.718082179863056,825.358699371189,149.999464287628,114.310404271607,1033.25659314335,721.638360070223,19.533803274358,1
0.675040491057031,0.675040491057031,0,0.29109084407446,0.484555111305661,944.410809416497,133.999521430281,121.512732241922,1875.88111014047,1828.62592585334,22.4253427595186,0.526315789473684
0.945111244923048,0.945111244923048,0,0.533597643098126,0.96251052192043,962.588710431144,147.999471430459,116.435344659615,1320.60398818388,918.246584019251,27.6687341377208,1
0.68699127018822,0.68699127018822,0,0.160227948593461,0.957216928257528,838.128958249627,133.999521430281,113.805191933644,1132.56554429407,857.981896116489,30.2073110611073,1
0.677721867919397,0.677721867919397,0,0.114494928515104,0.956839428332754,602.708119454002,137.999507144617,41.0683707970335,0.718587513277424,843.661643387435,5.64700538866185,1
0.82418532400549,0.82418532400549,0,0.191229422639536,0.730179099383832,765.565359097726,137.999507144617,113.103836068481,974.869988875144,825.507568222173,19.2947648550915,1
0.639251383390299,0.639251383390299,0,0.159628022102283,0.370564462498844,631.973940004253,139.999500001786,113.143327740354,869.830167512249,41.255093372604,20.8553314257952,0.526315789473684
0.573340035757585,0.573340035757585,0,0.822138324095101,0.46649606690259,965.894664053145,149.999464287628,124.604206314158,1794.33984523158,1589.16855250248,37.4593327671315,0.526315789473684
0.587645540104584,0.587645540104584,0,0.782141802453413,0.0493767898057782,703.272321710836,153.999450001964,118.558375427317,1548.32022328971,928.942819793748,21.3982232778147,0.473684210526316
0.860941535951951,0.860941535951951,0,0.293316212377381,0.408960076910409,714.704540416796,145.999478573291,113.953006923272,944.084306033242,604.943037665122,22.6017610542346,1
0.57072632352886,0.57072632352886,0,0.949639177487695,0.421263451627123,960.170131094631,149.999464287628,123.775079927048,1808.20191618874,1637.58261814503,28.6455090699226,0.473684210526316
0.889479538019308,0.889479538019308,0,0.921969633839803,0.560306050597246,911.518930767317,161.999421430638,116.209301801313,1191.78636639335,737.647111689347,16.4334444254594,1
0.527872693340972,0.527872693340972,0,0.742459279204544,0.291565149798607,609.957166379523,151.999457144796,113.90857914875,981.623819825734,361.301609199013,38.6012412065977,0.473684210526316
0.510450226188026,0.510450226188026,0,0.279755314097762,0.532127593721586,900.528739737507,131.999528573112,120.684931735692,1883.77964226482,1749.21648255054,28.6326077659619,0.526315789473684
0.576841250146717,0.576841250146717,0,0.95662371527867,0.180227144910581,759.496764716929,149.999464287628,120.639232232645,1573.68940462095,1296.23056421074,30.7231253340984,0.473684210526316
0.770822286576367,0.770822286576367,0,0.155913892957801,0.92659644102659,677.642295967054,137.999507144617,108.383050717933,619.428396513383,920.796130249798,17.2451152150093,1
0.749954105271626,0.749954105271626,0,0.181852614470192,0.401065963754555,871.343659583604,131.999528573112,120.241260495426,1714.71426131103,1619.98120150393,28.5179289556535,0.473684210526316
0.531432982662331,0.531432982662331,0,0.995886372928538,0.297928414963221,870.52411080149,147.999471430459,124.328426416565,1769.43571428434,1492.17079388739,25.380546849662,0.473684210526316
0.927869700480996,0.927869700480996,0,0.187981969844121,0.858873310068885,879.781217283653,127.999542858775,117.064860331294,1464.81745249607,1306.764335851,24.2454262669246,0.526315789473684
0.504762604558107,0.504762604558107,0,0.99300086925005,0.270550930183829,929.04248505701,149.999464287628,124.291108001649,2009.51335269186,1606.26046252024,32.7868665300533,0.315789473684211
0.849623008354151,0.849623008354151,0,0.808952945294882,0.278665916051793,633.971970156639,165.999407144974,110.091374637189,600.375669962171,508.957194283091,8.51578809756756,1
0.511204902017239,0.511204902017239,0,0.201430493490592,0.326683934950424,773.046337511082,133.999521430281,119.378596065528,1710.62830548066,1146.25445843024,35.4415795107804,0.473684210526316
0.797797447504862,0.797797447504862,0,0.0659702387967052,0.836147090411784,758.644572794813,129.999535715944,111.865674572584,959.488545810251,877.83003294717,26.1265766467301,1
0.888910695244085,0.888910695244085,0,0.0480626290332133,0.0603487565962786,648.979145742411,135.999514287449,117.85148417764,1284.3184828965,975.166227499017,31.4114130977098,0.526315789473684
0.598617822103636,0.598617822103636,0,0.319417105686012,0.725700294242536,820.837313637725,145.999478573291,115.095464532696,1060.96241053001,572.571122913202,29.4677620849007,1
0.717662206876927,0.717662206876927,0,0.313393110101272,0.0244764635862469,967.639383124014,147.999471430459,125.729925971862,2369.46606644911,1533.5398961896,29.6631990954889,0.315789473684211
0.597613693539639,0.597613693539639,0,0.663666983554682,0.148172709626702,689.259590033762,147.999471430459,119.787380695798,1445.98306909201,1005.63728540305,23.6407429112163,0.473684210526316
0.601485725116616,0.601485725116616,0,0.77753374659355,0.356448477055374,861.959832652813,149.999464287628,123.241837030077,1595.92667421116,1400.95449467212,41.9548177113398,0.473684210526316
0.523433807471402,0.523433807471402,0,0.0440972785324202,0.0381739071947766,834.909146058396,137.999507144617,120.957511902095,2233.56033124176,1087.23219041347,31.9639353308528,0.368421052631579
0.832791170156084,0.832791170156084,0,0.969569392287591,0.200402382998706,733.411651196775,169.999392859311,114.109192646047,895.395552814236,410.59755048417,15.9420269386779,1
0.775722370990901,0.775722370990901,0,0.686259788650107,0.868995147548908,649.605390862699,403.99855714801,-41.898908516035,1.66591086086555e-05,918.895129585613,14.2953657341586,1
0.571907053045686,0.571907053045686,0,0.08249666932512,0.54577025701049,683.091863509529,135.999514287449,112.255741260529,924.793065128505,129.209613215787,21.1909545807278,0.473684210526316
0.616170700775729,0.616170700775729,0,0.563208491570883,0.775817090116446,649.457873623506,391.998600005,-43.4566442745485,1.48081072686053e-05,669.740258368519,11.6136682381747,1
0.608866466167885,0.608866466167885,0,0.83337152590645,0.340892609024541,708.296643149857,163.999414287806,113.868231037858,915.017854662792,0,19.6656714403282,0
0.945441393560623,0.945441393560623,0,0.895830597161672,0.865759155152447,810.933077286554,163.999414287806,111.8099469473,744.80205597359,885.545911917882,10.2780243966411,1
0.730817405575423,0.730817405575423,0,0.547082594502382,0.80580267017061,710.640200827735,155.999442859133,107.750746992987,498.673820209227,853.783462953484,4.35607572950177,1
0.565850483216178,0.565850483216178,0,0.757687438269163,0.116991582287392,907.769902752498,153.999450001964,123.037641232001,2158.96379141092,1482.72570188431,37.0599464358929,0.315789473684211
0.957099003234028,0.957099003234028,0,0.974656025821337,0.562039466056676,708.061621231909,165.999407144974,109.823172243182,587.440720498856,725.219962132681,5.27012314062311,1
0.808916815214769,0.808916815214769,0,0.466087109099272,0.131776918603997,766.923884904047,147.999471430459,120.579304789311,1405.12079287063,1291.60081283354,28.6700285373153,0.526315789473684
0.8469162859841,0.8469162859841,0,0.892845286761093,0.039121872682648,997.114387379544,161.999421430638,122.503159335089,1939.96866419038,1988.75113337432,37.1000271187431,0.526315789473684
0.983163592760046,0.983163592760046,0,0.702763425154021,0.658473140900507,835.224889197625,155.999442859133,114.261979638166,1016.24817543714,766.174906068971,17.1890230280416,1
0.993635387267517,0.993635387267517,0,0.824255382970042,0.28490235047768,713.220177033473,163.999414287806,113.042773466943,839.235867841677,531.251382078499,9.79987198226645,1
0.932508633448854,0.932508633448854,0,0.497296392185927,0.396413748683665,837.482824374174,151.999457144796,116.154858730583,1244.24363762265,599.759195105471,36.8582797338823,1
0.820553583393228,0.820553583393228,0,0.458630438633512,0.456486885915449,964.870810682443,137.999507144617,124.183894736509,1819.20379747931,1626.60702956838,21.7863945425535,0.526315789473684
0.776151684609175,0.776151684609175,0,0.564757776020759,0.293509272557754,657.970323214702,159.999428573469,111.64262478123,744.821737963844,440.104995046282,9.75060331784004,1
0.660514423472043,0.660514423472043,0,0.609565265792804,0.719203674549249,957.586057106999,155.999442859133,116.953168852422,1346.74651220225,708.232834105619,19.3703448528615,1
0.653438330172016,0.653438330172016,0,0.909048539084533,0.552154448907222,647.976728952022,169.999392859311,5.82287977753133,0.0162563542028746,555.872497429596,9.81167038406652,1
0.522875300876833,0.522875300876833,0,0.0425012719701736,0.0380315657452786,710.824950224301,135.999514287449,117.21339195523,1706.45719867767,416.273331630495,20.6289225536586,0.421052631578947
0.975528789316284,0.975528789316284,0,0.509359317049875,0.821488797233623,916.106371053051,147.999471430459,116.122189555069,1261.56391018158,844.39936377111,21.5760315532887,1
0.823283570978663,0.823283570978663,0,0.157052069801971,0.40841518390371,882.108226677106,129.999535715944,119.747384583466,1736.14557584089,1515.02247274881,35.082945282329,0.473684210526316
0.723302304915188,0.723302304915188,0,0.251644838087929,0.0446449253403626,983.44406014147,145.999478573291,127.378841704276,2412.79127369755,1548.78786036508,23.0014045354169,0.368421052631579
0.864149294102365,0.864149294102365,0,0.802856224445619,0.471549449839129,917.107470001376,159.999428573469,116.759916848402,1269.19917615145,681.719020885375,19.7032296395706,1
0.547994220408328,0.547994220408328,0,0.416963228215949,0.0840942554097682,908.1927821386,147.999471430459,124.602601608943,2316.47311187087,1473.15797286742,33.6069839348342,0.315789473684211
0.629406939284384,0.629406939284384,0,0.624741655034708,0.145115226230801,700.646026383982,147.999471430459,120.738783141985,1435.60652247619,1175.31906292995,34.3687147046866,0.473684210526316
0.788140545166758,0.788140545166758,0,0.00843634626909529,0.0461561995057347,969.66748346429,139.999500001786,125.900530237307,2449.97593948211,1415.35095207251,33.3191078365163,0.368421052631579
0.853871323318258,0.853871323318258,0,0.412129969397463,0.8026775244189,919.350924404527,143.999485716122,116.642755145108,1350.48037435852,864.285702582589,40.1628697946029,1
0.926569559975745,0.926569559975745,0,0.749064945364588,0.863850714763271,730.927324844642,159.999428573469,105.700409859539,383.081185380173,883.679454739372,5.10018119240421,1
0.699157854426251,0.699157854426251,0,0.244580345714234,0.472841597783948,918.84737202288,133.999521430281,120.830391129407,1802.30121845237,1756.24255568546,19.8637045793861,0.473684210526316
0.566246521582598,0.566246521582598,0,0.790620614143257,0.881586110190598,635.839602402208,407.998542862347,-44.3237638661003,1.22546619119729e-05,665.353464915563,12.9087023502784,1
0.537332397924536,0.537332397924536,0,0.453979397868597,0.513950023809088,948.413613418072,139.999500001786,123.602789381268,1948.74739611623,1819.12342187017,18.57282148964,0.526315789473684
0.642253805136321,0.642253805136321,0,0.744476909488247,0.969046252391486,942.709375770037,161.999421430638,115.286563768612,1105.42454593689,830.37053994263,17.9357816221856,1
0.849987806168539,0.849987806168539,0,0.227805770888299,0.0449131883959778,734.048320940916,141.999492858954,123.876381315369,1496.17259934489,1173.06794550248,28.7087776221365,0.526315789473684
0.954239480040498,0.954239480040498,0,0.713981744642189,0.968950368899292,607.237737889714,417.998507148189,-39.6132711054969,1.89470587656781e-05,926.907041096253,14.9404105212906,1
0.665232426232586,0.665232426232586,0,0.508112958290717,0.489479865387368,827.665741216894,155.999442859133,115.237864311276,1115.02741453218,465.45138514995,18.7245428571068,1
0.978403045763331,0.978403045763331,0,0.940182332980952,0.0130119268787479,818.091294010408,163.999414287806,118.739270158406,1433.29315300115,1368.34940980225,37.2267419252266,0.526315789473684
0.595568487143531,0.595568487143531,0,0.486074184542938,0.0209135474959525,867.612790792393,153.999450001964,122.508484199009,2170.49449679839,1279.35460762429,26.6490102972175,0.368421052631579
0.523045533665884,0.523045533665884,0,0.180577163406493,0.353887809275816,950.83779823425,133.999521430281,121.042222024562,2314.93556604808,1972.19993187034,22.1910120813832,0.473684210526316
0.621218360831586,0.621218360831586,0,0.897348934250477,0.879125138142066,882.191912990528,167.999400002143,113.964816582628,917.467106505314,760.24065915399,13.3567298344962,1
0.57676217875497,0.57676217875497,0,0.989588010076867,0.0735699201936046,692.984049991564,155.999442859133,118.387728904437,1486.83408718068,979.497566322765,34.7007370073696,0.473684210526316
0.994616982046806,0.994616982046806,0,0.604879176370433,0.292807723742682,637.982222658746,159.999428573469,110.880518231789,692.075273837921,525.892358223302,12.1057189457341,1
0.505703047221439,0.505703047221439,0,0.59257281448612,0.0619501404553919,991.075874544395,151.999457144796,124.713494160543,2614.43237697516,1618.16455817496,25.5605122566185,0.368421052631579
0.854155697025342,0.854155697025342,0,0.289723158324445,0.505705312774979,916.916894262336,131.999528573112,120.57955782375,1755.219494335,1728.82333524941,24.0977395039417,0.473684210526316
0.927135849569134,0.927135849569134,0,0.276899028473336,0.890520713594056,807.585508257463,139.999500001786,113.776933450978,988.041449854296,876.310434130007,20.8981305611306,1
0.875822387687055,0.875822387687055,0,0.549260531775164,0.111791154324984,961.932460229599,151.999457144796,122.671050744662,1966.07916911511,1823.5698913267,19.0971900383966,0.473684210526316
0.53548531602044,0.53548531602044,0,0.726380988623289,0.784060085678152,895.478414570691,161.999421430638,115.147268116742,1073.73710189896,503.957865295181,9.11751033278614,1
0.855920802987681,0.855920802987681,0,0.998863791155103,0.700814091043017,895.324454973554,165.999407144974,115.160633348661,1053.57010877627,832.175473923756,11.2360114581695,1
0.55238402101931,0.55238402101931,0,0.652774475616074,0.920888110490776,875.508880242453,159.999428573469,114.014201528499,968.607141083406,661.187111844728,14.2715593237511,1
0.583991434297645,0.583991434297645,0,0.794532846851337,0.770348503029824,739.72233697631,165.999407144974,107.93968408348,472.174330291426,614.115179302039,10.9374836622561,1
0.680931534646317,0.680931534646317,0,0.390173586083006,0.825849092032342,835.920755632622,147.999471430459,114.204564472941,1021.28775444915,795.48623355641,16.7653247794457,1
0.572702807010857,0.572702807010857,0,0.0820930958399406,0.107978742437173,984.857756107303,135.999514287449,123.920935059448,2622.73373272462,1791.49849109533,35.3272322273574,0.368421052631579
0.661873819538655,0.661873819538655,0,0.554968314832356,0.869920560827576,770.358415224577,155.999442859133,111.007645705838,717.239034330795,800.136635013613,8.58522235700347,1
0.794280947901251,0.794280947901251,0,0.678375508309129,0.0345391055260125,637.958203784395,163.999414287806,114.214445504376,943.108170721929,15.2065336182776,26.3340233968528,0.473684210526316
0.88111614794101,0.88111614794101,0,0.650864137645085,0.161937332660387,981.502209319717,153.999450001964,122.378848252059,1978.89523008611,1888.23100804293,24.8578157549076,0.526315789473684
0.672717781077393,0.672717781077393,0,0.970594030425887,0.0584977512461818,666.437941033865,155.999442859133,117.619938758315,1286.66845964247,1156.54937780313,29.21598884705,0.473684210526316
0.51244436789355,0.51244436789355,0,0.685447869784123,0.518186883813704,923.446685329155,143.999485716122,127.072037023313,1773.43303475823,1656.70005101405,27.9104952860829,0.526315789473684
0.992663135835536,0.992663135835536,0,0.774875556755639,0.730275930436637,618.351968215724,385.998621433495,-45.1795292758397,1.31010634198819e-05,806.378982888682,15.207905700684,1
0.982880139751366,0.982880139751366,0,0.592065548692197,0.975160705567121,676.987464159754,419.998500005357,-37.2924318124147,2.36064767993732e-05,921.221403552588,13.6156669130492,1
0.964943773701755,0.964943773701755,0,0.537383797259922,0.894747161381818,905.00195333898,149.999464287628,115.370460595182,1150.96848683634,882.872215098405,29.5460053816072,1
0.550489265458248,0.550489265458248,0,0.400220192455576,0.0850644866133574,653.410622475975,145.999478573291,116.580419489937,1392.44658745512,433.15732324712,23.7121929877699,0.368421052631579
0.524823357302498,0.524823357302498,0,0.568612093720091,0.152835466279196,621.776983266467,145.999478573291,116.516046214856,1285.01975464626,597.494282831199,50.8225957889151,0.473684210526316
0.700238124212172,0.700238124212172,0,0.471441719444604,0.204202418780369,673.187663685942,153.999450001964,114.268496287523,996.312390374917,68.2806196196654,30.3191287551542,0.526315789473684
0.886719403579089,0.886719403579089,0,0.606704459265433,0.910944941166465,844.118661018558,153.999450001964,113.299413513165,934.574812593282,913.228032311414,9.36058508930343,1
0.713336281750017,0.713336281750017,0,0.379648678462482,0.944216322448489,998.947921873169,135.999514287449,120.684895365478,1704.66062631286,1352.53790632044,27.829840493993,0.526315789473684
0.599162337594458,0.599162337594458,0,0.991171332594066,0.948474623521913,706.579651513711,415.99851429102,-44.2099371239499,1.13565473756731e-05,768.238260964339,11.6797720820873,1
0.552522433097923,0.552522433097923,0,0.3915652117573,0.669980902375737,752.54288968963,151.999457144796,112.633621073846,878.430348070923,350.316777892866,10.4419885406929,1
0.880054180280475,0.880054180280475,0,0.43606996165066,0.575628955423561,725.515124765956,149.999464287628,112.137605939455,835.690056163149,729.947166159346,18.2402856117062,1
0.767791486591042,0.767791486591042,0,0.823286641936114,0.131462326499546,863.127169549148,157.999435716301,120.114063518392,1575.9893541611,1535.12942757973,29.8869291929392,0.526315789473684
0.879086202602386,0.879086202602386,0,0.526540613536574,0.184873325675134,620.925497219148,159.999428573469,111.528093717913,738.887146535709,376.667863524655,13.4028570263364,1
0.711867043669845,0.711867043669845,0,0.283086159888541,0.299889941756965,779.843153337933,137.999507144617,122.368363778937,1435.55861760248,1218.7353520465,31.1974103106488,0.473684210526316
0.644739734938843,0.644739734938843,0,0.697057862889662,0.957345809857927,889.558212280884,159.999428573469,114.089190969582,977.28726365471,826.666479466625,12.8162401449827,1
0.565452948479573,0.565452948479573,0,0.473290514627953,0.583221547110258,817.402677361208,153.999450001964,114.81369034149,1080.03287784125,212.639301264432,18.1471161170601,1
0.536921810272811,0.536921810272811,0,0.593192142701713,0.572778570137931,901.20888010806,153.999450001964,117.548113573268,1380.55318336628,435.265244753317,25.0748558559386,0.526315789473684
0.541182673480356,0.541182673480356,0,0.352287857339948,0.0781963232845637,952.80764764523,145.999478573291,126.111837759023,2490.7549250578,1604.69345767348,30.8020034925043,0.315789473684211
0.572768194878209,0.572768194878209,0,0.835653111012542,0.313947782769815,778.967582662809,149.999464287628,121.45685242602,1455.49584751504,1298.87346956593,31.259683488795,0.473684210526316
0.841666759795648,0.841666759795648,0,0.869650706188232,0.284539802238658,691.888014619285,167.999400002143,112.205695314378,750.038134958231,518.093393662188,18.5821454225619,1
0.769575138743751,0.769575138743751,0,0.379892623905819,0.100799290642979,946.880964804616,145.999478573291,128.269964358193,2118.97550787394,1450.86007219382,29.283471035272,0.315789473684211
0.712279329988045,0.712279329988045,0,0.140513502753425,0.416057734284015,774.315169900405,131.999528573112,118.003598547009,1388.37204168116,1165.5403196509,36.3340234900874,0.473684210526316
0.600484209263465,0.600484209263465,0,0.0679724555327865,0.977264566738367,897.863389034999,121.99956428727,117.364856526428,1510.32673991616,1488.31500923021,27.471904980342,0.526315789473684
0.774257602380436,0.774257602380436,0,0.910321670379831,0.179792695024557,760.599665452497,169.999392859311,115.183584659898,1002.59084659221,239.166751644612,21.1098402334254,1
0.609646640807147,0.609646640807147,0,0.807050795698549,0.361125472091312,737.048570623831,163.999414287806,114.336013571,962.48584447163,0,11.3850067293127,0
0.873107975049946,0.873107975049946,0,0.706352148928092,0.592389662432693,718.023126343793,159.999428573469,110.86455267993,691.194580546838,753.460973811161,9.71469874415732,1
0.714114114756747,0.714114114756747,0,0.233076361571949,0.297154480544024,760.23575644019,137.999507144617,120.806131605235,1399.60945646219,1184.7144604795,27.9477491794168,0.526315789473684
0.969629142225099,0.969629142225099,0,0.630542858331215,0.904402152479454,928.781254944774,151.999457144796,115.539253197514,1177.2968548372,890.625783934448,11.4430846826431,1
0.627911772605724,0.627911772605724,0,0.385739774396344,0.12534098246547,924.294019791502,145.999478573291,126.621983144607,2219.25985496786,1492.33976822679,29.2947042145247,0.315789473684211
0.979386628905298,0.979386628905298,0,0.494241653694803,0.0174774073452842,955.670006953331,155.999442859133,122.199662047615,2026.9304653296,1898.15200388756,15.5047024133476,0.526315789473684
0.982802092602408,0.982802092602408,0,0.626126509774417,0.455387778960464,815.192933220339,155.999442859133,114.937806752794,1080.89531400491,643.012094618982,18.1716766964134,1
0.686642099047545,0.686642099047545,0,0.886666895427172,0.956170057044337,940.080485239082,165.999407144974,115.12219754795,1055.27549518019,885.428695119364,17.1966787633696,1
0.908858757536708,0.908858757536708,0,0.588243219970053,0.224670497453726,687.546311890601,159.999428573469,113.103093154307,868.314297895211,447.680756757294,16.6810389834789,1
0.658143189846005,0.658143189846005,0,0.737595585719452,0.465868347495583,705.51127689767,163.999414287806,111.511261821027,712.126503543685,426.200160681073,15.7165969139224,1
0.678793019088232,0.678793019088232,0,0.262875967285075,0.258438700674131,621.715613970152,145.999478573291,113.736499585449,898.477327529798,52.5018027351605,31.7906899125798,0.526315789473684
0.820453071001315,0.820453071001315,0,0.888854875506259,0.762816743474237,953.705712795951,161.999421430638,116.204820902192,1202.87230998354,872.527910835912,13.7310176015106,1
0.973190004281149,0.973190004281149,0,0.296375691497763,0.153672387566304,635.580435546335,149.999464287628,113.049177726649,891.204004275591,368.67585839434,18.1551802376127,1
0.752896704726048,0.752896704726048,0,0.886064808541813,0.0329792963436212,836.902133338226,157.999435716301,120.207403703659,1667.92394733655,1678.94195502035,35.5579918042094,0.473684210526316
0.710829188616746,0.710829188616746,0,0.909141488824177,0.382097021174513,603.268894913916,167.999400002143,79.6052532242984,21.5740112497395,475.43789754563,10.5829909313785,1
0.731007649616263,0.731007649616263,0,0.694781478969008,0.0380893194581289,629.669496707713,153.999450001964,116.602220127527,1164.81447156829,1018.69278761462,19.1014849966116,0.473684210526316
0.642761461988354,0.642761461988354,0,0.763260516707294,0.118967670414657,601.886896356954,151.999457144796,115.98346156114,1103.57069854596,892.773274190403,23.9515057055863,0.473684210526316
0.971659124943835,0.971659124943835,0,0.821019776631872,0.461280517687875,998.788882928496,145.999478573291,126.686227709744,1840.55279564523,1665.49243470916,25.3659183434579,0.526315789473684
0.670128501339955,0.670128501339955,0,0.29204295871252,0.171397045756444,675.802950560147,139.999500001786,121.294050550484,1373.75253252306,1006.11054046235,29.4954763630135,0.526315789473684
0.812784585613451,0.812784585613451,0,0.658392286220483,0.86896165175713,930.353162511018,155.999442859133,115.51970699346,1165.90442923733,919.224942109515,9.77084148274677,1
0.515222224006959,0.515222224006959,0,0.245415875196144,0.788027141690964,759.231933027974,143.999485716122,113.190177870275,900.202588569425,387.275632886316,12.9873508388484,1
0.549785532558426,0.549785532558426,0,0.351251549482833,0.774646309698824,861.755937936928,147.999471430459,115.593153373542,1138.65050559584,501.856710310329,27.9291156879584,1
0.509066935736507,0.509066935736507,0,0.151911693438961,0.724810130855489,733.71659308224,137.999507144617,112.82879108277,921.800210920772,170.653142135863,17.9064055311875,1
0.700389399917768,0.700389399917768,0,0.731679188667096,0.405087380303621,920.19315704434,161.999421430638,117.377567818812,1369.08126471159,461.525896854264,35.782719661674,1
0.628020941767268,0.628020941767268,0,0.26907717021064,0.139865407474866,829.207902429064,141.999492858954,125.703544588573,1951.77097669285,1206.662087821,20.6109401000002,0.368421052631579
0.795723556045584,0.795723556045584,0,0.284893388275916,0.376656445024768,759.194787028278,145.999478573291,115.528083725661,1078.19385330616,557.578541982033,26.2350576607448,1
0.872289937004408,0.872289937004408,0,0.431077305351337,0.895285917492424,800.113466359496,147.999471430459,112.591944636926,887.74420633525,903.440393447138,9.14107644686835,1
0.95401790567996,0.95401790567996,0,0.00497882732129062,0.243709904224153,903.415517866925,129.999535715944,120.350991637859,1980.51209480598,1357.98613325151,38.3216427544196,0.473684210526316
0.705197442667263,0.705197442667263,0,0.0850512576279773,0.289191452439748,727.926381760991,129.999535715944,117.682808536629,1395.88514243587,1167.50696660814,29.0333718493484,0.473684210526316
0.509484628069399,0.509484628069399,0,0.42790545975978,0.398778526095366,916.796246502381,137.999507144617,123.948097482424,2010.12530197374,1634.53243539816,47.1725490979082,0.368421052631579
0.674616110153159,0.674616110153159,0,0.394660232353756,0.0816486648786156,919.543956140608,147.999471430459,125.422557249241,2188.71829636773,1436.82102507371,24.0918365049262,0.368421052631579
0.739051173699756,0.739051173699756,0,0.043465368465272,0.703150007659267,971.131095971218,119.999571430102,119.989298131732,1888.24232477094,1934.61525795008,28.2752461070901,0.578947368421053
0.733187000642054,0.733187000642054,0,0.662612150180987,0.885755271369926,670.113996020169,405.998550005179,-41.31120932748,1.65338552853174e-05,898.539416872432,14.1833629138532,1
0.899918402820579,0.899918402820579,0,0.554793927388565,0.786857089617215,988.778209168925,139.999500001786,124.760354498605,1713.59244690415,1412.54407244555,35.1070334207106,0.473684210526316
0.561600104108622,0.561600104108622,0,0.0889069983076597,0.57918780298841,952.331805279588,125.999550001607,120.197305420385,1966.28644021713,1695.71734839687,27.2240712707231,0.526315789473684
0.71775676867858,0.71775676867858,0,0.58997659586706,0.91635477380085,666.4475852672,409.998535719515,-39.7371838241567,1.92482841189327e-05,894.489420828018,13.2486483512877,1
0.962567088637336,0.962567088637336,0,0.566029798152947,0.593081138277326,887.779341667617,149.999464287628,116.307940643237,1283.34839983907,726.962284079416,24.67293653124,1
0.953261516098984,0.953261516098984,0,0.889088258493827,0.135735844884474,698.333349726765,169.999392859311,113.688266170013,869.42909414827,392.506884400292,9.83443232332129,1
0.68289128688358,0.68289128688358,0,0.343709883616668,0.855149674305283,881.693732210523,143.999485716122,115.871461950165,1175.04755881854,812.359209425364,20.0926650180264,1
0.832842345887619,0.832842345887619,0,0.524174991583233,0.846427844077809,656.869536185563,401.998564290842,-39.7729222914553,2.25299205290283e-05,897.856627300412,13.9148751346494,1
0.716226682119701,0.716226682119701,0,0.13390707914647,0.107369548323503,761.377735260707,139.999500001786,122.416476303928,1713.13113423044,977.634401148672,30.5965182057671,0.473684210526316
0.685220134062588,0.685220134062588,0,0.35197429890718,0.735313403602894,722.759138787777,147.999471430459,111.049735874141,756.909741576095,746.535148054511,5.02480002629222,1
0.657331268287262,0.657331268287262,0,0.0457501198387117,0.190786159813814,925.866267134635,133.999521430281,121.914414151149,2312.91325866554,1650.11151162955,35.7730327266558,0.473684210526316
0.989858535588969,0.989858535588969,0,0.38548882692147,0.732913819322113,952.759810711596,131.999528573112,120.17069078318,1705.72629655673,1551.1389211753,34.2273782193308,0.473684210526316
0.506741824832718,0.506741824832718,0,0.727826530047098,0.684524564445359,825.775975927609,161.999421430638,114.197014159138,967.534347172449,172.808249082789,12.1103720050363,1
0.808634525606391,0.808634525606391,0,0.882139367333156,0.79279686122478,901.108796212472,163.999414287806,114.904678145365,1043.95524692517,890.412457956838,10.0963395583736,1
0.528919005680767,0.528919005680767,0,0.995343238441372,0.214532928958079,906.903915160254,151.999457144796,123.299531256835,2009.99563375141,1547.41881109156,26.7883416894353,0.315789473684211
0.992076718196613,0.992076718196613,0,0.154036481207998,0.154367985682395,724.729279803532,135.999514287449,119.394642896302,1398.12498134346,1170.18687824755,33.8562975431712,0.473684210526316
0.574141912076116,0.574141912076116,0,0.804377806354649,0.51737259425152,742.419672567561,165.999407144974,112.773354350712,810.882426751777,121.834165477871,14.5159385116,1
0.635482292921911,0.635482292921911,0,0.593537769559128,0.595224753014845,672.941395428857,159.999428573469,108.779294431104,544.838869187369,539.128632557556,9.79537962725158,1
0.910230898673737,0.910230898673737,0,0.283206769669432,0.332541688821853,642.689868862839,147.999471430459,111.878631853997,799.672890912297,535.319375863626,13.572904282665,1
0.625263685370567,0.625263685370567,0,0.128469904382271,0.740578723608521,809.811461260299,131.999528573112,114.859068256913,1237.21438326386,730.834840842714,27.1641733720471,0.526315789473684
0.547296658032313,0.547296658032313,0,0.573184816368467,0.647206728691683,976.508747898535,143.999485716122,127.635068756772,1751.44778116948,1496.25621039601,22.4382551505255,0.526315789473684
0.538720562983311,0.538720562983311,0,0.553948717477381,0.934736117347053,607.112477455957,411.998528576684,-40.5395415033099,1.76081952295813e-05,639.450303949606,12.250030277048,1
0.883226044658206,0.883226044658206,0,0.94782134978734,0.80951574849486,944.90755135448,163.999414287806,115.834037891954,1150.62224863646,877.127922898207,11.6471632544925,1
0.506381170997454,0.506381170997454,0,0.398847087172564,0.66423688647213,651.654155380905,151.999457144796,109.3403440532,616.330093698455,0,18.124345833919,0
0.976688357583876,0.976688357583876,0,0.789806224574953,0.41245550657398,751.056450539928,161.999421430638,113.28739014859,878.613009415751,621.913725900641,17.50906982199,1
0.657649592537799,0.657649592537799,0,0.260666745242625,0.601443447140789,638.766594152801,145.999478573291,109.063121235361,619.60941425766,575.862028852037,4.66681063955524,1
0.886740773925458,0.886740773925458,0,0.627099821095343,0.852201322805158,958.770107400039,151.999457144796,116.369565765967,1276.59846351924,885.686646105005,30.6380674262277,1
0.827904751884053,0.827904751884053,0,0.424187234304091,0.429502324329855,783.958253820969,151.999457144796,114.739691074284,1060.59398749112,633.017169812707,11.8253079799075,1
0.708692251724201,0.708692251724201,0,0.295852470750594,0.807032272621617,603.366715064015,397.998578576505,-37.6693332862015,3.30508854334312e-05,818.240292778393,13.9007923161158,1
0.926902010645193,0.926902010645193,0,0.419426391857611,0.202667706101841,813.73687922989,143.999485716122,125.060545142407,1521.81363092927,1369.07275166182,29.3858318818663,0.473684210526316
0.588578295099794,0.588578295099794,0,0.628170019669807,0.309265045455264,958.400894359074,141.999492858954,127.555936749104,2108.85016206034,1760.68388753985,25.9501247308607,0.315789473684211
0.683945324115797,0.683945324115797,0,0.852998741398528,0.555326120564583,873.070345960151,165.999407144974,115.458616823353,1083.74864501583,626.552741505982,14.8943991800729,1
0.640996547198606,0.640996547198606,0,0.416983400188875,0.559843424340539,933.694961893266,137.999507144617,124.16473223554,1711.09062859576,1557.47297901999,29.2740508623021,0.526315789473684
0.536238242839251,0.536238242839251,0,0.966166794680755,0.192467896794304,985.645155904985,149.999464287628,124.046787708538,2193.65433425946,1694.32528154622,39.5157997788274,0.315789473684211
0.985896055431816,0.985896055431816,0,0.767744839079327,0.44993915084932,957.901013711012,145.999478573291,125.90760280022,1733.2235065188,1531.70057907674,22.2545143709308,0.526315789473684
0.874964606487814,0.874964606487814,0,0.166010892447402,0.843924028414068,663.883417207336,137.999507144617,108.555935979632,630.380533916397,864.514496623458,11.9996597441387,1
0.54388745555387,0.54388745555387,0,0.673668305217585,0.659954397554921,825.671848405671,161.999421430638,114.207213472748,981.212512733338,329.037922297884,11.6566391257683,1
0.865384156060845,0.865384156060845,0,0.752431695161154,0.0741108729628468,856.386911455194,157.999435716301,119.934413666443,1567.14003044429,1557.86061930629,31.3419140570071,0.526315789473684
0.568599162888618,0.568599162888618,0,0.721606912153325,0.286310065218957,927.680839829664,143.999485716122,126.967483657075,2003.92829723145,1727.21074982097,21.2827548344396,0.315789473684211
0.868400435833088,0.868400435833088,0,0.643679584852789,0.918050702167331,894.812646704765,155.999442859133,114.526218305878,1059.31502198157,924.554179570614,12.214369652155,1
0.842302601683103,0.842302601683103,0,0.430723736813968,0.764354395672736,752.116976851183,149.999464287628,111.705565335652,808.702503297528,849.218368416704,15.0310437526334,1
0.593927258958636,0.593927258958636,0,0.426426888295849,0.72113560742108,990.215906244781,135.999514287449,123.429765523233,1802.58774789883,1618.9447717827,24.9540475757374,0.526315789473684
0.619094114566844,0.619094114566844,0,0.80974690931542,0.634762874251709,620.563853358686,377.998650004821,-49.2379930232109,8.97639325066549e-06,560.299836746579,13.8466857405444,1
0.92921725481704,0.92921725481704,0,0.635703144630742,0.29616365391001,913.549578376214,145.999478573291,125.267391065627,1698.47244062325,1548.70311784369,37.2343509536759,0.526315789473684
0.834633388476229,0.834633388476229,0,0.487884997789264,0.982712330709874,886.980280732507,149.999464287628,114.486814727422,1066.20424654755,959.894818797632,17.4904738967364,1
0.563144274693511,0.563144274693511,0,0.883898903673622,0.4939968451831,999.812993817006,149.999464287628,124.605769314326,1858.92354271813,1653.67381375759,28.6454836718385,0.526315789473684
0.739793497532157,0.739793497532157,0,0.375712057556051,0.483071380550439,648.056551064572,151.999457144796,109.980151701223,660.724620062843,624.554237961298,10.3562669687646,1
0.844254160089951,0.844254160089951,0,0.747583119074203,0.389434672412327,891.561047016629,161.999421430638,116.681061044881,1249.59699420907,616.06262145969,19.8884398648777,1
0.926547971275514,0.926547971275514,0,0.896443072212814,0.255626736016229,821.182206055103,165.999407144974,115.891166642105,1107.0841367361,505.172347215309,18.8995162765568,1
0.830364635875596,0.830364635875596,0,0.694531111093296,0.96044809185448,766.284330234757,159.999428573469,108.070668207468,503.772182305981,959.267484224333,11.7437951589074,1
0.881035378249458,0.881035378249458,0,0.0900475917242,0.582619218769001,638.132719577461,133.999521430281,109.938709294712,741.856199629508,716.596188667694,15.208630770964,1
0.850426058122613,0.850426058122613,0,0.843790542996252,0.809692974896279,758.729818649299,163.999414287806,109.141528560867,551.273013252477,885.805535664709,7.48948531457283,1
0.675652397920011,0.675652397920011,0,0.686669406619523,0.226826993705049,662.950909273389,159.999428573469,113.544667984167,900.211787567931,0,12.7523291468668,0
0.636664677921348,0.636664677921348,0,0.304008242544825,0.861627606035412,679.504125046359,147.999471430459,107.540379673738,520.934570414726,747.228526707295,6.6769052948458,1
0.514666377000259,0.514666377000259,0,0.115362513958346,0.226624954957468,970.698481651834,133.999521430281,121.30909853448,2521.78085687069,2099.94774080846,24.4435231117308,0.421052631578947
0.688926255170201,0.688926255170201,0,0.8599009699555,0.0322566572630557,711.737150560896,155.999442859133,118.801913157701,1443.02736916003,1277.32594346563,32.0144761288277,0.473684210526316
0.688379851817303,0.688379851817303,0,0.352379939296681,0.117882660110548,863.658490653362,145.999478573291,126.220686990555,1974.3678905214,1307.73638509437,28.7873305655282,0.315789473684211
0.814731993784422,0.814731993784422,0,0.560670670492579,0.675145149207401,715.623566091585,155.999442859133,110.421919739988,679.157561153201,813.467370332223,10.4448821319998,1
0.569899791257509,0.569899791257509,0,0.312444667876326,0.100712818040907,739.884374383589,143.999485716122,121.21606945446,1730.82854581142,891.258925281687,31.0525169092762,0.368421052631579
0.748668546821186,0.748668546821186,0,0.328843837594862,0.951373588761051,611.73350240244,417.998507148189,-34.5559563613271,3.22802914498425e-05,927.885345804423,12.1773000270233,1
0.874753222517319,0.874753222517319,0,0.990872796095241,0.677677830003088,978.73403378753,163.999414287806,117.027187560718,1294.99373072973,812.479360096173,22.0207136157253,1
0.80227343908102,0.80227343908102,0,0.769485733130628,0.653277316120345,713.828275057897,161.999421430638,109.183405584064,559.709396865023,811.087917901959,6.88548558669697,1
0.815115674503296,0.815115674503296,0,0.687098485780749,0.190213967074069,735.836873088345,163.999414287806,114.561938493328,981.687954972902,331.694941562871,17.7723459201254,1
0.987860865868494,0.987860865868494,0,0.133222598273733,0.802693881800216,922.963653995925,119.999571430102,119.122047307216,1668.88505318151,1773.28197788978,21.8841484178278,0.578947368421053
0.937223407021652,0.937223407021652,0,0.621059983403192,0.936272308559933,690.653791959259,413.998521433852,-38.6644042161709,2.1324091852102e-05,911.177747893388,16.9858414080615,1
0.713823838549028,0.713823838549028,0,0.830727884547465,0.242876508022589,931.96183686275,153.999450001964,121.692930162287,1717.38300271486,1616.185201441,30.8738244609153,0.526315789473684
0.637769893851977,0.637769893851977,0,0.383598692835537,0.438700967547622,655.86869740098,151.999457144796,111.205280600742,746.943119074898,194.880685045742,14.5285939177547,1
0.654335693498327,0.654335693498327,0,0.772406911814163,0.0345351414822782,740.846084302744,155.999442859133,119.539251262008,1612.63992288404,1194.53534435608,28.4542091651169,0.473684210526316
0.862484186254966,0.862484186254966,0,0.408509677481473,0.825691291474031,607.382166854436,399.998571433673,-38.5441966972932,2.49349167073636e-05,872.329801025172,14.0827387270918,1
0.882360042682469,0.882360042682469,0,0.758437651080555,0.325860752633146,740.623709440749,163.999414287806,113.557605943756,891.982854637559,558.538689453742,17.2405416454428,1
0.787873738065866,0.787873738065866,0,0.633375270856164,0.0150954387786203,936.103857472729,153.999450001964,122.400601544691,1931.0127327496,1690.17816723543,28.6004128562087,0.473684210526316
0.50909093462319,0.50909093462319,0,0.171214270032453,0.104424326578902,792.973757326305,139.999500001786,120.765294798079,1994.8707675622,1030.44626356823,29.4855718883519,0.368421052631579
0.682441979547405,0.682441979547405,0,0.367335742537601,0.485684937543535,768.348228027539,149.999464287628,114.227164224721,1011.63822457584,498.688858160162,20.0245409959485,1
0.663021805121162,0.663021805121162,0,0.420857265746849,0.697186319253031,657.543531772269,151.999457144796,106.86950234963,463.199750528039,686.441625556962,7.84221899203043,1
0.953767080783199,0.953767080783199,0,0.811278266794311,0.270903159770085,962.004790958604,149.999464287628,122.820213758814,1791.53783973218,1680.12702308778,30.6394905844648,0.526315789473684
0.792055941268664,0.792055941268664,0,0.198645120172371,0.668278577389287,935.255621188783,125.999550001607,120.111979772085,1779.4048616066,1765.98206762265,23.4965728886504,0.473684210526316
0.617009703105988,0.617009703105988,0,0.653054760134168,0.103456829130994,869.552516434003,151.999457144796,122.817327018158,2006.42281331362,1401.70481672598,37.6298176976201,0.315789473684211
0.663648572996554,0.663648572996554,0,0.86147696792587,0.554214640943378,941.257337184022,163.999414287806,116.936178183483,1263.02766547778,580.591404132137,24.8034877717878,1
0.948659839175839,0.948659839175839,0,0.176629207237618,0.428199513507055,913.621356578953,127.999542858775,120.138138662555,1839.08322097501,1576.2091080695,36.2654338200216,0.473684210526316
0.654790036253483,0.654790036253483,0,0.996998058351202,0.115029875917503,821.707338599039,153.999450001964,120.612534118331,1691.0811586298,1590.60701376278,36.9972019272809,0.473684210526316
0.735769335985425,0.735769335985425,0,0.812147015584028,0.609575131381787,723.861445068815,163.999414287806,110.234809259321,619.538266222519,752.195943112181,5.49485692760666,1
0.74662026666074,0.74662026666074,0,0.391791055938627,0.164697078500268,872.426319619415,141.999492858954,127.751474882681,1788.1547545536,1369.39361437912,26.8356176209635,0.578947368421053
0.936928542558048,0.936928542558048,0,0.995718306411372,0.352009332467972,824.264454993129,167.999400002143,115.33315934644,1047.8803547455,591.090558496537,8.40083332316776,1
0.525221444122519,0.525221444122519,0,0.446109618404607,0.98238524763154,685.673716789358,419.998500005357,-37.3311866539946,2.32846727467838e-05,641.126012570487,10.8673451164971,1
0.718239547847124,0.718239547847124,0,0.552593073839167,0.224151604865731,644.281690781556,159.999428573469,112.572791651122,825.90440421899,0,15.0229374598671,0
0.834426324321334,0.834426324321334,0,0.69748034714122,0.485000413161837,737.458118977469,159.999428573469,112.38634477901,807.183996532578,691.761669259161,11.419039977804,1
0.978845300827821,0.978845300827821,0,0.760792123870654,0.73001250064748,853.334846129394,157.999435716301,114.271801024489,1009.24291256122,807.019193090326,20.1416472356997,1
0.723980211236834,0.723980211236834,0,0.481306231857036,0.0830339642091826,798.911286863845,147.999471430459,123.761265718711,1711.95711811636,1215.77064412057,30.8802942818378,0.368421052631579
0.607496444168811,0.607496444168811,0,0.561620061782506,0.238189510794347,754.928011324087,143.999485716122,125.269012115515,1527.65900701057,1211.64648031521,28.169567175061,0.421052631578947
0.898704665270492,0.898704665270492,0,0.00259098628761323,0.378431432258468,649.826170134651,131.999528573112,111.981514885701,955.175323212258,558.637690301374,25.5090051188222,1
0.972502430632176,0.972502430632176,0,0.739812438964447,0.0536052151418546,836.324098925662,157.999435716301,119.309659389953,1507.2048220213,1492.63929830131,38.3949047753122,0.526315789473684
0.899903435308466,0.899903435308466,0,0.119257739707413,0.147735182472301,707.154891908428,135.999514287449,118.864964462993,1362.67267698833,1125.53772365649,33.8783328359226,0.526315789473684
0.8799167280366,0.8799167280366,0,0.750351045402272,0.692834542549493,819.804779959523,159.999428573469,113.524997946824,925.256925700485,810.243417220171,8.69116612495328,1
0.77515446939577,0.77515446939577,0,0.231221008462525,0.558972683104527,616.023660437844,143.999485716122,108.467508067826,588.00283512971,717.543414929489,11.1045006741528,1
0.767342296312044,0.767342296312044,0,0.230684999285854,0.213036894152585,953.642739775411,137.999507144617,125.655789969465,2050.59658412596,1599.41513641125,35.0469752108778,0.631578947368421
0.977570646086218,0.977570646086218,0,0.356613436059842,0.0930089199344963,897.568400346533,143.999485716122,126.224024901869,1889.7357533985,1555.03159602883,28.4609905062454,0.631578947368421
0.519562131386495,0.519562131386495,0,0.362886340022558,0.19769645008384,601.538298842588,139.999500001786,115.509663332138,1225.25835419984,536.252965415941,23.2205316869149,0.421052631578947
0.839542635841807,0.839542635841807,0,0.0790203407738992,0.337903691550053,706.414490238422,133.999521430281,115.375399511972,1196.54217300227,751.263806622728,31.2818574328931,0.526315789473684
0.89641805016574,0.89641805016574,0,0.224069240844347,0.730513042634794,835.020844657082,133.999521430281,115.718482407758,1302.52748282203,832.855676869884,25.8926668435947,0.526315789473684
0.90500818491277,0.90500818491277,0,0.360901416829147,0.140030604051424,874.90391188631,141.999492858954,126.84935389098,1732.49984480067,1438.23250256733,31.2153566460539,0.526315789473684
0.732862826259155,0.732862826259155,0,0.531067810972817,0.558105507493039,850.184635035102,153.999450001964,115.290418146845,1128.30791190204,695.48757774703,29.2728338052556,1
0.947707011543644,0.947707011543644,0,0.0925479229970699,0.739279124701276,955.128724577897,119.999571430102,119.636538803702,1813.68162280996,1859.55798811107,26.6884294166787,0.578947368421053
0.505643056282782,0.505643056282782,0,0.786666178906911,0.268902135417003,993.207600398068,147.999471430459,125.975322326545,2321.26656856922,1798.48845146352,20.2516199951532,0.315789473684211
0.892680349177707,0.892680349177707,0,0.677806862375779,0.90956235525384,711.743686922041,157.999435716301,57.6498668851371,3.76715185468281,913.290458118018,10.5008092432097,1
0.883472102388041,0.883472102388041,0,0.0801182283413411,0.321804829236986,814.406011786803,129.999535715944,118.762483965052,1610.39978445443,1333.36204152103,30.0075563505672,0.526315789473684
0.967731585275309,0.967731585275309,0,0.482707823433715,0.191033305206885,855.980147568858,143.999485716122,125.356602329964,1613.30421396282,1445.3480876552,23.5545517417671,0.526315789473684
0.762986412837327,0.762986412837327,0,0.488646826278905,0.326581562329979,668.854587665291,157.999435716301,111.893014270062,780.84973193629,463.655232702829,13.531757843655,1
0.502839613092372,0.502839613092372,0,0.692688568682889,0.42759809744655,980.069572293396,141.999492858954,126.716569889888,2178.57122582385,1824.07801128466,18.7168618678716,0.315789473684211
0.924936276212824,0.924936276212824,0,0.102428338000607,0.585714677807141,933.900367045057,123.999557144439,119.615890613401,1812.15647214755,1619.35861135677,29.1440155430837,0.526315789473684
0.728540556885297,0.728540556885297,0,0.970397963205113,0.863055383805294,972.337742534939,165.999407144974,116.167311011573,1167.0379138118,893.813217396325,14.9541018753268,1
0.638873744826799,0.638873744826799,0,0.939135358737154,0.442007239349202,659.98072667753,169.999392859311,108.542262602728,491.274233162893,323.834211702733,16.8867248135393,1
0.709496363006231,0.709496363006231,0,0.920799392309198,0.416109389449,823.09804424672,167.999400002143,115.011328608967,1005.05533357505,525.197755280486,7.57504704798865,1
0.570788214955662,0.570788214955662,0,0.775412616905148,0.944510385660545,917.101199630941,163.999414287806,114.797077218545,1028.17168428603,714.142129247212,19.2870514214474,1
0.738478055806417,0.738478055806417,0,0.568150858555355,0.884105386908876,847.580087636579,153.999450001964,113.499123416035,951.86138801878,899.268636200782,13.496694758221,1
0.884865697131635,0.884865697131635,0,0.115472789872916,0.187019843467738,719.009105850432,133.999521430281,118.484224657381,1374.97017502475,1144.0501402502,30.6357754444556,0.473684210526316
0.906417889489748,0.906417889489748,0,0.402813999891939,0.512951464666398,981.875896487042,135.999514287449,122.008269672001,1948.29823125481,1890.50456534284,24.1150165471963,0.526315789473684
0.500292387886726,0.500292387886726,0,0.0108633521643163,0.194091509851073,814.570831548247,129.999535715944,119.072397258191,2045.8698445589,1373.73573686661,23.5501967828758,0.421052631578947
0.923928906451504,0.923928906451504,0,0.00253024965677873,0.863969531742586,668.114226124124,127.999542858775,109.003544265721,727.361144272982,848.341123715718,11.1390869174132,1
0.534388878582871,0.534388878582871,0,0.831536068894853,0.298551248115448,697.755594194622,147.999471430459,120.338913995822,1321.83129527123,1128.77852690711,21.9786473038684,0.473684210526316
0.706123898172167,0.706123898172167,0,0.581502383309782,0.916680858162693,925.168498531012,153.999450001964,115.312935446432,1147.74899083576,881.052735587374,18.7087598674619,1
0.769692578851791,0.769692578851791,0,0.0871555297932108,0.813037064288667,927.287325010317,119.999571430102,119.231297172634,1671.27796811255,1777.80420631998,22.4901143764454,0.526315789473684
0.758487474166011,0.758487474166011,0,0.239624518662709,0.610262443325548,707.220392509454,141.999492858954,112.493159813601,837.053209801249,746.12016549339,11.849838780763,1
0.614878032335607,0.614878032335607,0,0.272490365504127,0.723430677048509,689.244440613662,145.999478573291,110.262282571581,702.908923214012,603.432022156338,16.4313613424019,1
0.694593062780164,0.694593062780164,0,0.480976870817868,0.436147755735414,611.771707133559,157.999435716301,108.183523136101,520.663897241514,468.020573519712,12.2637380140872,1
0.976763173192682,0.976763173192682,0,0.916352708261198,0.364433229223778,765.85982760429,165.999407144974,113.879758390558,911.755727291253,594.537102287665,14.2762546776882,1
0.757266794925845,0.757266794925845,0,0.503519500255143,0.663660403841073,701.939395246837,153.999450001964,110.084120085167,658.27618574896,793.919006392355,13.8087580465469,1
0.740061798327733,0.740061798327733,0,0.523135654424894,0.644327741119115,826.859634757581,153.999450001964,114.294236796782,1030.1693084179,768.324617884099,14.4980173215814,1
0.758480071118276,0.758480071118276,0,0.526437572991643,0.348699285532321,954.756317582732,141.999492858954,127.534914219109,1796.06710657547,1578.58383602843,26.1570908933586,0.526315789473684
0.875474745596093,0.875474745596093,0,0.737341475923951,0.431325598959489,943.264542434454,147.999471430459,124.399528662812,1676.45050107788,1407.93788044141,27.1009801250557,0.526315789473684
0.521397053037153,0.521397053037153,0,0.525019028255549,0.455826560163345,937.657210989749,139.999500001786,124.792142293292,2008.46519451095,1722.34311283989,21.6202190888445,0.421052631578947
0.943241710956946,0.943241710956946,0,0.904888217971046,0.466566614772886,897.373022700666,161.999421430638,116.374760858718,1206.35648021806,666.139259556064,17.8696228862174,1
0.594483440814061,0.594483440814061,0,0.149029800324479,0.729804651986906,931.69962771198,125.999550001607,119.82283425303,1755.34159137485,1726.59120860412,27.0614228484281,0.526315789473684
0.989311306635266,0.989311306635266,0,0.266459342463569,0.412446367891464,995.761457471108,131.999528573112,122.20870626343,2146.44005386319,1921.29513310657,23.2650821790836,0.526315789473684
0.575658313514053,0.575658313514053,0,0.807239858324972,0.659776448340032,679.781300291132,165.999407144974,89.8841812821039,107.9556135715,468.29499199146,8.91251453153802,1
0.832604428168006,0.832604428168006,0,0.788193528702279,0.593562944861011,884.78533352787,159.999428573469,115.557109698713,1131.85979113266,769.824770766606,19.4280628234844,1
0.925396178904479,0.925396178904479,0,0.276467757408584,0.628859075561339,807.64418934603,139.999500001786,114.956004162842,1150.71844685306,741.728073409359,29.9226866035613,1
0.95336239729469,0.95336239729469,0,0.0441780410570806,0.935788114037624,720.462860599127,127.999542858775,110.248917436214,826.149918955792,877.724301388383,12.0569512991516,1
0.734171919069248,0.734171919069248,0,0.113303399257006,0.514459328723274,992.137676057834,127.999542858775,122.780724532314,2129.00475659331,1877.17651330805,29.6304638300234,0.526315789473684
0.861191161039786,0.861191161039786,0,0.0534685691859207,0.75537787733494,839.074353817711,119.999571430102,117.551615513146,1439.75116474079,1448.97428926498,27.1142461036258,0.526315789473684
0.871223396495109,0.871223396495109,0,0.174741425845598,0.953971517413041,643.419024896773,137.999507144617,104.629059986643,403.787370665151,918.097270026892,5.30925887773304,1
0.592841344849627,0.592841344849627,0,0.859190097477651,0.330375730065443,689.72954305432,161.999421430638,113.748563488221,908.644647806089,0,11.8581623378276,0
0.708694950269622,0.708694950269622,0,0.951173218493278,0.213637529386086,772.776994769112,169.999392859311,115.652927282225,1054.13675869495,0,11.6212930131546,0
0.516053579683873,0.516053579683873,0,0.987131190470634,0.50006440979628,769.194479575141,165.999407144974,114.529512605937,970.517540542742,0,16.5457990520731,0
0.616572615997758,0.616572615997758,0,0.0642352848027797,0.933357027001672,904.104112608665,121.99956428727,117.972453418159,1540.86899151481,1560.75466330965,30.6565774545053,0.526315789473684
0.838476136911122,0.838476136911122,0,0.804616803456269,0.191518410935296,874.155596552063,155.999442859133,120.060842807053,1548.8067915497,1433.47518072217,32.0236238437449,0.526315789473684
0.621935260940047,0.621935260940047,0,0.402460455219831,0.123133973622537,833.148614712545,145.999478573291,124.454343897885,1946.65526363499,1239.43068496786,30.14870020034,0.315789473684211
0.587920861406553,0.587920861406553,0,0.376322553441162,0.534857606636556,796.686584040447,149.999464287628,115.020362301024,1088.49046900387,182.832100631753,37.8620648480099,1
0.970763023611928,0.970763023611928,0,0.318237255807187,0.0715663175425294,958.556094563036,143.999485716122,126.615828390236,2125.80957801488,1703.39612920565,27.415677221213,0.631578947368421
0.814630647373933,0.814630647373933,0,0.984845673629568,0.643473106759233,973.553015773136,163.999414287806,117.047421919325,1287.35923795693,811.755714690315,40.2369905711141,1
0.953046063408437,0.953046063408437,0,0.640372710719482,0.461965647027169,714.832183453064,157.999435716301,112.070346753968,795.339988600762,650.736750235405,12.6173947560661,1
0.949426442589685,0.949426442589685,0,0.166576053891325,0.284827081995461,831.892529447906,131.999528573112,120.124783981648,1658.19483957966,1394.44680592764,29.4113519989247,0.526315789473684
0.996859193484122,0.996859193484122,0,0.0209723875334877,0.0183495184541138,659.95617023133,137.999507144617,118.71370612012,1342.40938323512,905.866370806924,29.6072799751824,0.526315789473684
0.70412369129524,0.70412369129524,0,0.0132698783314664,0.00159009680960953,725.966336523185,139.999500001786,119.310701948768,1733.68970643211,661.538994994858,28.3023281773456,0.368421052631579
0.619269155572423,0.619269155572423,0,0.359195398757881,0.75469723709815,963.070684544618,135.999514287449,121.470632395815,1710.73867644452,1512.10517248398,33.0610984503204,0.473684210526316
0.626313262550114,0.626313262550114,0,0.522534875505155,0.370687876845121,957.952202323406,143.999485716122,126.165429697765,1971.10526337472,1884.74489184128,21.0099459571524,0.473684210526316
0.934767554066716,0.934767554066716,0,0.41454560419728,0.677312322688474,864.742890797756,143.999485716122,116.025414154677,1242.63200180335,772.71652036891,24.9154120628964,1
0.868050191830368,0.868050191830368,0,0.405013710683292,0.557278403870884,750.357158819089,147.999471430459,113.255700079779,924.747696525801,720.437309652705,9.52276240232086,1
0.85511349422655,0.85511349422655,0,0.356185196684565,0.726437583196252,706.219175898088,145.999478573291,110.618171294383,727.438876783559,821.53189632986,10.8066381657691,1
0.615235054098798,0.615235054098798,0,0.991353413447865,0.753823118401376,915.264344385597,167.999400002143,115.444275634708,1056.15029213389,671.56125264912,11.2797305793936,1
0.601000817415541,0.601000817415541,0,0.735220080196082,0.628429661984488,981.32940017667,159.999428573469,117.738230163352,1426.39773014844,497.526364539118,40.0039907095902,1
0.771359274146172,0.771359274146172,0,0.204638449519681,0.761598129127269,901.815807322283,127.999542858775,118.148496090167,1587.31965495299,1447.71508779284,28.434623250084,0.526315789473684
0.528390016253454,0.528390016253454,0,0.324057095205823,0.562250473733965,711.769716861671,145.999478573291,113.623627671829,927.286528280629,23.192492150338,15.2936111298625,0.473684210526316
0.80174456771574,0.80174456771574,0,0.126053726561585,0.34043943598376,824.860813817849,129.999535715944,119.143428043204,1602.57264446871,1420.3662820943,40.8948241002096,0.526315789473684
0.663450006500442,0.663450006500442,0,0.513979615956556,0.524226927097606,878.733020881102,153.999450001964,116.258601802723,1248.80578239227,513.140851171861,45.2623963463685,1
0.591503766442066,0.591503766442066,0,0.148676441322174,0.715516851628769,835.160420438487,129.999535715944,116.866856861645,1395.97372100033,1077.11319907893,33.9745190317455,0.578947368421053
0.571110670995318,0.571110670995318,0,0.55703945401388,0.286830108413036,875.250929471263,143.999485716122,127.311289693255,1890.71219750928,1440.64884783874,28.8038315087884,0.368421052631579
0.824362113809333,0.824362113809333,0,0.116771741388058,0.345235791003027,766.539430185624,129.999535715944,117.95152757947,1418.00358133239,1224.97820018727,31.0953086646271,0.526315789473684
0.946939187238544,0.946939187238544,0,0.297861574173889,0.544567712832092,760.465354153274,141.999492858954,115.217852892457,1013.62401920447,688.640109902856,17.874807931413,1
0.865817596240666,0.865817596240666,0,0.745018018026706,0.0366822141040316,848.726904197483,157.999435716301,119.687852885616,1566.80634401579,1577.21017203746,28.4526191773786,0.473684210526316
0.994913646636292,0.994913646636292,0,0.98039011832893,0.404934401695071,615.980719236675,165.999407144974,99.6235548048649,182.972718956964,625.198073726192,6.13010615106749,1
0.660185053154395,0.660185053154395,0,0.684822217766073,0.636734866922478,851.872567807071,159.999428573469,114.719611985654,1041.58171456352,645.222955530093,18.6631283224532,1
0.552455507724823,0.552455507724823,0,0.210063077231342,0.75905913219918,806.271244375283,139.999500001786,114.601807695668,1076.52368975383,475.382142285285,19.092424789958,1
0.650931412540528,0.650931412540528,0,0.69026875848686,0.831215773379256,718.732625461344,161.999421430638,101.901428117625,245.638645178931,768.316827159302,7.10604648403319,1
0.895445586579466,0.895445586579466,0,0.0588462645496757,0.653724109708318,912.292496711027,119.999571430102,119.315973433191,1718.07665305151,1678.21823099249,24.8079174602706,0.526315789473684
0.545919640421253,0.545919640421253,0,0.393893099773075,0.63351810290018,986.834542144307,137.999507144617,122.71132292431,1911.9207349196,1897.91933504649,22.2927438655589,0.526315789473684
0.966961608083427,0.966961608083427,0,0.0226157911830144,0.321833540963637,779.628428781854,125.999550001607,118.015885894298,1537.84651715658,1274.41910341582,23.5716362441994,0.473684210526316
0.927038971838761,0.927038971838761,0,0.840828940943706,0.612743833154303,655.136557337836,161.999421430638,81.7771716176838,30.7670311246841,755.463547498278,8.71568475819517,1
0.618831370307979,0.618831370307979,0,0.841644946930988,0.737453984316689,995.382186472141,163.999414287806,117.249402978022,1324.71904728253,658.962473345369,18.192827650078,1
0.823438516871601,0.823438516871601,0,0.14958995496235,0.789282669135843,763.400742458669,133.999521430281,112.46131537673,959.797098970891,854.451555411614,22.1216614722691,1
0.708077096897257,0.708077096897257,0,0.235956635121483,0.442369348794083,739.541417450199,143.999485716122,115.227728358799,1013.97954267538,491.592096541643,19.561957729437,1
0.842819989593892,0.842819989593892,0,0.150041414717237,0.401679326570361,602.471895533216,141.999492858954,110.308474561138,699.212612444054,589.436479315441,13.2982829236372,1
0.876070840058353,0.876070840058353,0,0.452127742238117,0.409401038492677,733.764425449742,151.999457144796,113.366027264905,932.23572469926,614.149773088843,10.1934819304385,1
0.699416362434664,0.699416362434664,0,0.393938235102763,0.975896357199333,784.028148656432,149.999464287628,111.457868629135,794.312373570255,892.439690365324,13.5491941150045,1
0.615329143214397,0.615329143214397,0,0.32933800899953,0.630462913661069,852.168998622776,145.999478573291,116.015259307912,1250.16311188438,505.15189178651,30.3864871863497,1
0.578507202797692,0.578507202797692,0,0.0101531860116107,0.266605828360437,804.843385239774,129.999535715944,118.826576333831,1861.63647946417,1220.0756663759,24.4795930253075,0.368421052631579
0.87706241334199,0.87706241334199,0,0.315132353885698,0.416487530832689,700.0977112466,147.999471430459,113.094495650734,892.953648208314,611.538878325296,12.6700590961118,1
0.870380580938187,0.870380580938187,0,0.334464257017502,0.677472289296255,696.921980137571,145.999478573291,110.838340409168,740.857347927316,787.985464026401,9.92025234838079,1
0.848200143052325,0.848200143052325,0,0.2353647184855,0.609027465329379,798.535537454247,137.999507144617,114.782471494354,1165.26912691108,750.224234426179,29.5723754106132,1
0.646311507655615,0.646311507655615,0,0.243574621275206,0.114562811757402,783.194018646017,143.999485716122,124.648942246746,1818.32848534036,1052.78971867556,22.9307799012956,0.368421052631579
0.595052856714033,0.595052856714033,0,0.0508409867382549,0.112116976669888,952.560527959357,135.999514287449,122.98543893996,2484.10119847687,1640.23756168017,48.9697643931655,0.315789473684211
0.992276672635043,0.992276672635043,0,0.899105993607326,0.600251068111766,955.120629532997,159.999428573469,116.970224714299,1310.54664088746,740.397359388067,25.6867086598727,1
0.952674047268301,0.952674047268301,0,0.762674901433729,0.734428963931714,810.702989221824,159.999428573469,113.05274303191,881.450310956711,813.158465634676,12.812103116025,1
0.853211129433109,0.853211129433109,0,0.305587633686569,0.649516852912661,740.875966895403,143.999485716122,113.320414853413,895.356678920502,776.450128330281,18.0079233546496,1
0.825131621757737,0.825131621757737,0,0.20143212938848,0.591203573760119,779.064732021665,137.999507144617,114.306347039316,1107.77821004611,742.959753232347,30.9104425863491,1
0.65802498893247,0.65802498893247,0,0.680265708316879,0.164954483486975,881.922166608833,145.999478573291,124.771341638995,1836.14522530424,1481.64476947443,29.5627553588522,0.421052631578947
0.952111488518823,0.952111488518823,0,0.47821979432338,0.00642518813039483,734.160530525471,153.999450001964,118.186440681793,1337.23056227191,1297.1738593507,29.8122030904044,0.526315789473684
0.675544493045255,0.675544493045255,0,0.645394689400083,0.884350134902747,710.569174648185,159.999428573469,57.0816530156615,3.04660475082649,830.105851099199,9.21168608639135,1
0.842866671847003,0.842866671847003,0,0.539344573789289,0.0427419931875518,721.927660354812,153.999450001964,117.886474968984,1297.22889102684,1229.63419714242,30.8233079098693,0.526315789473684
0.66338611918186,0.66338611918186,0,0.957565208536764,0.54382270135223,658.869439485459,169.999392859311,59.4712290713892,3.91202932825858,575.525936519774,10.0079248059966,1
0.674381791483107,0.674381791483107,0,0.34911017931142,0.663656009657514,745.626183381745,147.999471430459,112.486309800436,866.042708509772,676.307598213187,15.3887519175571,1
0.998253016601473,0.998253016601473,0,0.373155532902336,0.359992968537307,875.428415172976,135.999514287449,122.187552790666,1642.76945080969,1474.68206563862,26.8422386797143,0.526315789473684
0.693581599341863,0.693581599341863,0,0.181730806936867,0.914222468652179,945.507757214617,125.999550001607,118.262990295033,1637.83076900136,1549.88512173094,28.8595587741566,0.578947368421053
0.968921512316488,0.968921512316488,0,0.621535977195581,0.257737540114666,608.800754557465,159.999428573469,109.997283771314,621.039544553695,494.041775843573,10.8856860902027,1
0.68755577299192,0.68755577299192,0,0.722432396247781,0.734235346431678,672.646493149643,163.999414287806,-6.94993003755834,0.00382121503265508,765.49342630885,8.95490193061036,1
0.549304903611729,0.549304903611729,0,0.168011166512492,0.510598841975617,804.888823642992,127.999542858775,118.214876213463,1525.06805049516,1386.07976475317,23.8744997886008,0.526315789473684
0.805034434084715,0.805034434084715,0,0.429679241196234,0.814292853061093,998.857991041248,133.999521430281,121.583905810945,1773.16208518302,1576.61690171518,27.7288177586314,0.473684210526316
0.736800008895994,0.736800008895994,0,0.299080501809074,0.0321110539704774,896.976660067745,147.999471430459,125.180389732686,2139.85021978562,1342.19702547036,39.3590954315468,0.368421052631579
0.517189399282042,0.517189399282042,0,0.160395984485384,0.0164639200228524,724.872914587286,141.999492858954,118.186221079475,1714.6328067332,470.198814945613,22.8467598192272,0.315789473684211
0.837870678564176,0.837870678564176,0,0.309377642234168,0.633829953112048,697.143892593859,145.999478573291,111.359112173879,772.867670005173,772.711316889269,11.7137643893953,1
0.73574418447256,0.73574418447256,0,0.624847162435525,0.703816292569634,964.604979256683,153.999450001964,117.3044341774,1396.52870792704,805.979757664055,31.5364342455185,1
0.684472551955953,0.684472551955953,0,0.142282915394133,0.312133613992761,982.214241147726,133.999521430281,122.363461091391,2256.12028711164,1886.0076365367,24.5541252872766,0.578947368421053
0.984516871426055,0.984516871426055,0,0.0539292602861392,0.896270620038743,691.407689047783,129.999535715944,109.587314814668,759.783938772382,856.011282425656,6.95351563804137,1
0.82594475446629,0.82594475446629,0,0.707994701505775,0.408145124722453,683.535860058097,161.999421430638,111.043253024054,686.94592163615,630.265437874367,11.5328856903801,1
0.926676221885535,0.926676221885535,0,0.788369210341879,0.227232643487009,708.846503856869,165.999407144974,113.395932094076,864.446063087039,470.848227890102,12.1506576567502,1
0.956604779835947,0.956604779835947,0,0.0589395257547541,0.798439001484974,934.183552355097,117.999578572934,119.994414970345,1685.88310238657,1779.43672783437,23.2065416835064,0.526315789473684
0.673607964279478,0.673607964279478,0,0.144229191901928,0.0770003749471254,919.906081812493,141.999492858954,126.69804904322,2305.08367934913,1397.93275899762,30.3671005799202,0.368421052631579
0.996418570535172,0.996418570535172,0,0.229670827137867,0.710322669144988,883.113921832535,127.999542858775,118.217295586976,1565.90726277529,1435.187805734,21.5660825742466,0.526315789473684
0.667600130621671,0.667600130621671,0,0.844044022405322,0.00509758005520455,819.638928082099,157.999435716301,120.726402110607,1818.60141318707,1373.87476760331,25.8724167204848,0.473684210526316
0.541048496309827,0.541048496309827,0,0.214854422418632,0.908611452605786,964.07116136428,127.999542858775,119.136088088801,1721.48398337759,1610.13639027168,22.6235580621143,0.526315789473684
0.526244682813857,0.526244682813857,0,0.286431982806801,0.360878991768711,994.264134394172,135.999514287449,121.713567739302,2414.14893334065,2211.23167590054,18.8526643710149,0.421052631578947
0.888087066821353,0.888087066821353,0,0.408606142567337,0.360481903109857,652.072545837543,151.999457144796,111.28034134997,752.767208801161,567.892451852438,15.7140668192873,1
0.839068852081234,0.839068852081234,0,0.636567952770774,0.871461238362934,698.377295026368,157.999435716301,59.2613901823941,4.66782763342439,912.433672677767,10.606397189934,1
0.649955175956299,0.649955175956299,0,0.483739412341096,0.0489320938827466,941.816767927181,151.999457144796,124.133294566778,2290.64038189026,1538.62001182976,28.4967443532216,0.315789473684211
0.72401105597329,0.72401105597329,0,0.0286796486528983,0.113548620446723,950.637944186987,135.999514287449,123.589881725205,2398.68120931654,1604.27406627944,28.6099918532231,0.473684210526316
0.968742457730044,0.968742457730044,0,0.12544410608515,0.575970338680945,716.093243806681,133.999521430281,112.43897982533,971.315095102332,696.214973750872,34.6552001590005,1
0.542989786929815,0.542989786929815,0,0.966649082623984,0.746243812462692,653.111228770028,393.998592862168,-48.2333139096616,8.70500487014716e-06,497.65737286371,12.4575817608676,1
0.64438846651471,0.64438846651471,0,0.642702519473004,0.597114339833267,870.668417178202,157.999435716301,115.420111636527,1127.53369577286,568.012488440952,14.7485621665105,1
0.907208587154,0.907208587154,0,0.855822224434401,0.162411242636879,889.830139454259,155.999442859133,120.226478286516,1599.0843824332,1530.55685581844,40.2444789873484,0.526315789473684
0.885846466192346,0.885846466192346,0,0.882966127348313,0.875487766849843,982.80627461068,161.999421430638,116.412771992532,1241.87581846825,906.534367480805,13.3882372848338,1
0.614880266230251,0.614880266230251,0,0.754253156442186,0.80816569309819,778.849474535856,163.999414287806,111.090586431506,683.771481256699,699.897793351388,10.237050324506,1
0.795448885606592,0.795448885606592,0,0.453479532362851,0.69825722104173,904.394252518714,147.999471430459,116.431663666036,1312.59637960081,824.165417600504,20.9656466950924,1
0.88656269585534,0.88656269585534,0,0.100267389666477,0.688426363731909,909.33041894183,121.99956428727,119.256692925998,1681.59910792108,1666.02692519169,25.8262256659077,0.526315789473684
0.794803495633879,0.794803495633879,0,0.421370164463688,0.981932201132006,895.118627883364,145.999478573291,115.26247941975,1113.18541510993,962.544622968936,23.0292987984935,1
0.509783618383738,0.509783618383738,0,0.253550442191389,0.380908051611377,830.985954593228,133.999521430281,120.487920868207,1813.02903405975,1317.36550700641,25.7175647920025,0.421052631578947
0.622046208095136,0.622046208095136,0,0.883846877701032,0.654221235126458,923.050221701817,165.999407144974,116.151454916197,1162.24809280903,591.679411727894,18.4869969506952,1
0.677824924382924,0.677824924382924,0,0.198707071570338,0.418230228175649,870.862497758068,131.999528573112,120.329779594889,1704.93026961231,1637.99933825211,28.3665676986409,0.526315789473684
0.576067018859137,0.576067018859137,0,0.645411143054304,0.525369180291436,879.94894787534,157.999435716301,116.281488212267,1223.7170621042,125.559801394306,18.5538308080424,1
0.912345083128182,0.912345083128182,0,0.578856424296524,0.236583149232503,770.500079366215,159.999428573469,115.120359840744,1076.97881944153,461.422702123898,16.9816777774794,1
0.99355937688514,0.99355937688514,0,0.140553688686389,0.43795372215679,885.119089695802,127.999542858775,119.377045706528,1742.24539442621,1513.56758136678,32.4091544763392,0.473684210526316
0.513923183078884,0.513923183078884,0,0.748701279206726,0.433728799479885,926.832745949126,143.999485716122,127.002186467289,1923.62804843313,1594.5081455062,26.2325655718878,0.473684210526316
0.898616714680899,0.898616714680899,0,0.455987580459771,0.41730730686582,969.947855413099,137.999507144617,124.190049600134,1918.14736583132,1836.51105207518,23.0332940795594,0.526315789473684
0.774162520480391,0.774162520480391,0,0.0926806151834511,0.72818024188718,737.261273201346,131.999528573112,111.999080541463,938.702641760178,820.165810881019,20.8079124759393,1
0.911740637555411,0.911740637555411,0,0.398368461875554,0.900122457479661,793.693729765331,145.999478573291,112.650621635005,886.745703790879,891.077736345929,12.7851037865016,1
0.637312848070868,0.637312848070868,0,0.661230370542304,0.61905260109296,864.486203801403,159.999428573469,115.166174433275,1093.9848993821,576.979510956659,15.9970408392388,1
0.83426588221895,0.83426588221895,0,0.224044457188898,0.179394318093037,856.54837825129,137.999507144617,124.515846095645,1766.40561840334,1399.08597357069,31.1202325775345,0.631578947368421
0.505928513252901,0.505928513252901,0,0.930788622991049,0.424361264710272,636.065516800978,161.999421430638,112.203231681659,777.779761428761,0,12.1744461987588,0
0.53234593966208,0.53234593966208,0,0.777931963200791,0.314063617085428,815.842903315116,143.999485716122,125.769101509737,1659.39160226732,1366.44911248883,20.1854032766111,0.368421052631579
0.646436725053043,0.646436725053043,0,0.480320523742778,0.460991507035357,724.918342465643,155.999442859133,112.86524168985,874.902474881076,330.425458947677,20.4005989853116,1
0.858062427421706,0.858062427421706,0,0.638812651584563,0.760630706578844,953.43522308309,153.999450001964,116.676883459231,1324.69702168274,850.033263087633,31.2109909657273,1
0.951393258721443,0.951393258721443,0,0.380064341499178,0.968738050788681,722.52820847204,145.999478573291,109.073906792659,623.403714095524,912.948299505221,8.38945081878766,1
0.897653030012105,0.897653030012105,0,0.499362950843899,0.517233863904751,674.260962913366,153.999450001964,110.456436058436,688.720347230491,690.811223520113,15.3340104995121,1
0.916723184591244,0.916723184591244,0,0.00945275686613334,0.662239725392389,863.715451420732,117.999578572934,119.318959476041,1575.66429147675,1626.95206604996,30.6959512582433,0.526315789473684
0.901145555652901,0.901145555652901,0,0.461365176846806,0.4918823382509,764.815140952263,151.999457144796,113.817079328352,976.789604717643,671.351143424103,6.11297896738716,1
0.608801708658528,0.608801708658528,0,0.851966591053159,0.767722923832305,904.44334036554,165.999407144974,115.217987453276,1059.95385389294,664.441002597675,9.57062722394372,1
0.623576820113582,0.623576820113582,0,0.592249023939747,0.476083618647401,826.815158779351,157.999435716301,115.290890220835,1106.14454640722,273.238529532237,19.5908030511502,1
0.707463206728922,0.707463206728922,0,0.32272089481057,0.306227132646681,837.121869278736,137.999507144617,123.504299198516,1609.58014795889,1479.4248617852,29.9238250569138,0.526315789473684
0.72046748670541,0.72046748670541,0,0.599736592864594,0.424842602167967,849.627382611488,157.999435716301,115.81276736425,1164.63164672873,534.342670801392,26.0509601702487,1
0.592074274109381,0.592074274109381,0,0.34180728373929,0.677740622464281,958.75029064552,133.999521430281,121.375297208555,1771.74655357584,1648.89175424962,25.3185147585915,0.473684210526316
0.748340676137964,0.748340676137964,0,0.180327035675458,0.127861641466157,860.732330001131,139.999500001786,125.737144515981,1936.90732428559,1205.64124150216,24.6764589276735,0.368421052631579
0.947926439223837,0.947926439223837,0,0.856341247069803,0.356753024576545,938.475004718292,149.999464287628,122.403536986474,1670.22485160181,1432.70514790671,27.1314600917198,0.526315789473684
0.946879917999376,0.946879917999376,0,0.0811468424631251,0.718410684585686,711.897471882398,129.999535715944,111.299669915749,892.622425382147,775.811491288387,18.4975766887419,1
0.977074144982273,0.977074144982273,0,0.466466684163423,0.942868814617346,770.712422203404,149.999464287628,111.149675384537,765.877890415783,901.206062414097,7.3972144689122,1
0.88494989138297,0.88494989138297,0,0.726796044458396,0.566644852889586,874.335504496896,157.999435716301,115.547897283489,1144.77981667327,735.49244547899,20.9684616179306,1
0.671795117084662,0.671795117084662,0,0.665265218940373,0.32166249394804,638.870499806852,161.999421430638,111.116233027252,690.7311155018,55.8417614466154,7.50785452197482,1
0.531012418039708,0.531012418039708,0,0.452140235810534,0.636661581409034,612.555103661132,153.999450001964,103.865803753248,323.736971643154,124.750876769486,9.22516302155722,1
0.680046760899355,0.680046760899355,0,0.175129074816,0.214529068527526,931.711091018789,137.999507144617,124.240905024595,2138.72717151441,1406.95620903016,29.4395887751321,0.421052631578947
0.734381237266611,0.734381237266611,0,0.523227985654571,0.93668336445587,877.510449773577,151.999457144796,114.18223348258,1031.82179147096,917.846618242957,14.9473841475395,1
0.791009104888388,0.791009104888388,0,0.988758538331549,0.796984858825936,939.093242753767,165.999407144974,115.698188016408,1112.42459807627,896.656506773357,22.5320419784985,1
0.797141907280635,0.797141907280635,0,0.678630491645108,0.829424388930408,642.616152577726,399.998571433673,-42.6382235621351,1.55950682597696e-05,902.136846681034,13.4285996342299,1
0.610642123445559,0.610642123445559,0,0.20017802849783,0.842569136909216,910.15628063094,129.999535715944,117.997157274166,1553.75802931158,1334.96915445662,33.4730755836006,0.578947368421053
0.95242997658581,0.95242997658581,0,0.104935437188662,0.881497264427803,865.715728542871,121.99956428727,117.033827548566,1444.7267406415,1389.65969681009,27.4383615169027,0.526315789473684
0.793679477848202,0.793679477848202,0,0.65080830035164,0.856178477459046,626.719487424427,401.998564290842,-41.6659801715681,1.62648237434816e-05,914.148284544855,12.4500003509994,1
0.775816920937303,0.775816920937303,0,0.943437271502856,0.695821771202788,625.165980948625,383.998628576326,-47.6623498634536,9.58012141838438e-06,839.347149602826,13.389743337195,1
0.662483252482698,0.662483252482698,0,0.846331649168696,0.450270750635951,635.791923039639,167.999400002143,104.928000502759,331.230501119496,425.292638804426,8.00346253002811,1
0.795006774001588,0.795006774001588,0,0.464494963238427,0.479730420544645,802.675758418762,151.999457144796,114.729550043802,1066.70411220641,673.674447182701,16.3438450802123,1
0.599371980028405,0.599371980028405,0,0.463188916710218,0.642879755900514,933.779128212801,141.999492858954,125.746529912398,1637.2366656522,1349.12906245097,21.1864243788463,0.526315789473684
0.757326711799597,0.757326711799597,0,0.591250768905073,0.594689153269027,903.633716845101,153.999450001964,116.184830011669,1236.93217435258,751.875587158347,22.4408625502249,1
0.86727546487063,0.86727546487063,0,0.607619539263996,0.55238477789371,708.130023164951,155.999442859133,111.122323938871,723.122565399547,726.462192207337,10.6909582285991,1
0.668843245104205,0.668843245104205,0,0.80761966961678,0.282903342056459,858.795152726551,153.999450001964,120.450924610379,1527.515350343,1354.12456274288,25.1895483540427,0.526315789473684
0.749295004863141,0.749295004863141,0,0.0640567718002026,0.547976693863847,920.864691302689,123.999557144439,119.52934570002,1794.69188616264,1587.16444115378,34.7405392997256,0.526315789473684
0.983250707872133,0.983250707872133,0,0.274021713252936,0.113936201019732,840.762483159722,141.999492858954,126.205969593122,1720.53742589517,1351.67374759837,27.150445072776,0.578947368421053
0.75435346817664,0.75435346817664,0,0.952238346515996,0.947698661533098,618.801890768901,415.99851429102,-43.5800140804694,1.2390671984535e-05,952.782631016584,12.0308570674023,1
0.694241851848013,0.694241851848013,0,0.933574000388074,0.999121821507415,917.665025189797,167.999400002143,114.269283903967,950.779587795892,914.776251573739,10.8486443780602,1
0.682994342063743,0.682994342063743,0,0.591983261483906,0.401823710579049,801.732745960695,159.999428573469,114.981108426465,1065.47406297056,373.390150834621,15.3634629929444,1
0.648493049938687,0.648493049938687,0,0.17005703160908,0.438152175708543,738.056509394857,139.999500001786,114.740922362217,1116.35285200705,365.074707674478,23.9851968588923,0.526315789473684
0.877280646134419,0.877280646134419,0,0.55224452927317,0.841569458163475,638.325245507044,399.998571433673,-40.1108557948674,2.00820626404183e-05,880.877091584734,13.6317053512535,1
0.532012683710837,0.532012683710837,0,0.735764606604475,0.327221808994136,864.90027751879,143.999485716122,127.170849037024,1780.33640361259,1490.80795713835,26.2387923309986,0.315789473684211
0.614744842683401,0.614744842683401,0,0.304707527057441,0.159641222865598,776.127590025849,143.999485716122,124.719903490567,1765.51585326957,1073.74525672322,27.5069914650243,0.368421052631579
0.836035296000779,0.836035296000779,0,0.00747068907769599,0.878122003763002,638.044449865158,129.999535715944,107.632240988029,616.040671115757,885.769953784088,9.07710970080817,1
0.698751190539734,0.698751190539734,0,0.684248298958204,0.153340835095533,911.466622758226,149.999464287628,123.150849379927,1922.02442054387,1579.52719719036,34.3878749621241,0.473684210526316
0.561519041286525,0.561519041286525,0,0.289863914594653,0.651942095601602,976.584113616891,131.999528573112,121.207059918581,1912.64819909257,1909.16271600779,19.5201070568413,0.473684210526316
0.830535405117451,0.830535405117451,0,0.663080314959621,0.703484951280228,849.208051593828,155.999442859133,114.340801837251,1023.7153829768,830.24969250179,8.27723514994245,1
0.577127127765733,0.577127127765733,0,0.736918674560226,0.71004749740514,904.908180151966,161.999421430638,115.637865812107,1133.52209638091,532.522764088011,20.8953437704484,1
0.844190595914801,0.844190595914801,0,0.485024488522927,0.444710902416092,899.3193166929,139.999500001786,125.553731580083,1623.84821196499,1415.91645040497,25.7926581382531,0.473684210526316
0.898850596875656,0.898850596875656,0,0.985249983078426,0.415413716342838,806.011539974295,165.999407144974,114.498516515136,965.601098429768,642.30482251793,8.48236010434626,1
0.83199914590152,0.83199914590152,0,0.857335984169061,0.0377453366590957,645.400029835685,169.999392859311,113.458546248413,833.773739063525,6.61694327336465,11.5530805192608,1
0.848547407758034,0.848547407758034,0,0.752927207494111,0.209907262997405,768.793087854874,165.999407144974,115.096095333376,1030.27548124738,414.776935903566,18.5291957709163,1
0.70289119610308,0.70289119610308,0,0.181385489341869,0.429551371992225,846.974869786078,129.999535715944,119.388976277748,1605.15985858634,1481.25521440721,26.5377006911423,0.526315789473684
0.970318811457241,0.970318811457241,0,0.672093100083199,0.163906859516809,690.271407812337,163.999414287806,113.509056354769,890.846038133926,409.569835448761,17.4492482401745,1
0.832863987584412,0.832863987584412,0,0.875357751966956,0.87190446845887,965.242213928764,161.999421430638,116.041352387759,1188.49428411414,923.405844352863,19.8116296133068,1
0.830596844094342,0.830596844094342,0,0.168111383639121,0.556519802959146,925.986910128637,125.999550001607,120.168255106088,1808.46140600313,1693.80764709021,37.4145979475689,0.473684210526316
0.970838478119986,0.970838478119986,0,0.0238908899907559,0.790644626038457,857.783549325129,115.999585715765,119.58210514125,1502.71256307314,1596.44841342889,21.0333885048198,0.526315789473684
0.696339826504274,0.696339826504274,0,0.039668797203974,0.421329410193607,742.430129408183,127.999542858775,116.552768438965,1335.11909854408,1139.20512511707,29.6532913902383,0.526315789473684
0.993156271170967,0.993156271170967,0,0.296648969757598,0.319854686258457,819.399724345855,135.999514287449,120.980634224665,1542.64681827264,1411.81270179379,24.0031031832582,0.526315789473684
0.656926546182442,0.656926546182442,0,0.722698435025739,0.290655849123422,634.400553190351,161.999421430638,111.813869618235,743.140082493733,0,10.0195405337415,0
0.908671587682874,0.908671587682874,0,0.730379724765302,0.303370299538939,974.534990965868,147.999471430459,123.955195319235,1843.06317188207,1724.09713220134,28.1783012711329,0.473684210526316
0.805007027484541,0.805007027484541,0,0.662210828657047,0.817218303351382,642.055279537702,397.998578576505,-42.5924495936666,1.57758244401923e-05,894.872067283643,14.3214374496599,1
0.571404097472071,0.571404097472071,0,0.0851727919674937,0.706700857407017,938.190269204663,121.99956428727,119.509220649906,1772.55882985732,1690.98301518331,26.9924753392763,0.526315789473684
0.652983569926707,0.652983569926707,0,0.312204975409802,0.23255662238223,785.594109353778,139.999500001786,123.67327125784,1645.00129322605,1159.2930586675,23.2656974309354,0.473684210526316
0.690599631248255,0.690599631248255,0,0.199019535486826,0.7175601527648,917.641835790013,127.999542858775,118.923603076954,1654.35566678492,1521.33876680892,34.747973481908,0.473684210526316
0.764752022517026,0.764752022517026,0,0.0231173182254077,0.2483388525096,921.338834641506,131.999528573112,120.948579630711,2031.8047610489,1378.63450964603,31.9934671133967,0.473684210526316
0.886755806018546,0.886755806018546,0,0.895041635290012,0.312179987847361,622.746543350175,167.999400002143,108.290358398877,486.157636786456,555.467171309568,6.91588977883195,1
0.689717757760857,0.689717757760857,0,0.664107506225664,0.239961225064552,975.502854892938,151.999457144796,123.291404171328,2026.71759460786,1827.26061916479,25.1061356415004,0.526315789473684
0.717629037648716,0.717629037648716,0,0.57097915734589,0.470434755167089,949.937194516715,143.999485716122,127.318470852918,1734.15851826806,1562.01146974711,18.3640591890556,0.526315789473684
0.92678529446787,0.92678529446787,0,0.279590429915517,0.440394989444813,740.161526751449,143.999485716122,115.297800102665,1012.10332647531,621.678347173094,32.6468039306453,1
0.543544265361197,0.543544265361197,0,0.896012951653371,0.545206441988076,988.698626988193,149.999464287628,124.074424461069,1786.65647242948,1530.56180375882,29.3705244591922,0.526315789473684
0.863798109026632,0.863798109026632,0,0.0970370575352936,0.758403856142613,960.196776581074,119.999571430102,119.664872094713,1789.08715111543,1825.01991960608,28.0871107658922,0.578947368421053
0.770911705542721,0.770911705542721,0,0.149113813413488,0.845843391231373,963.38368542852,121.99956428727,119.437841556603,1780.41574712156,1898.53043746035,25.4722905339535,0.578947368421053
0.815383133058787,0.815383133058787,0,0.357038686030038,0.0621506694053011,787.560309250836,145.999478573291,123.950525005635,1592.47799386618,1316.25118820762,22.8916526914518,0.526315789473684
0.721181060314223,0.721181060314223,0,0.104354820400014,0.299899812142955,809.37700578055,131.999528573112,119.40302975448,1612.72506766284,1321.53939160666,34.5329002587975,0.526315789473684
0.619059090573813,0.619059090573813,0,0.0661232227228393,0.961819051878083,876.830119518134,123.999557144439,116.686782183544,1439.29648373992,1357.23058727009,23.9095942045321,0.526315789473684
0.833805829194942,0.833805829194942,0,0.0183921288098339,0.59142271654995,759.077172996227,123.999557144439,115.84411597309,1285.25147190006,1123.59949441326,33.0131129659588,0.526315789473684
0.938242378318201,0.938242378318201,0,0.473018404726689,0.362545169857838,895.631208876225,139.999500001786,125.106251210766,1667.08970858838,1498.99834773794,24.996809685565,0.526315789473684
0.994689747457061,0.994689747457061,0,0.491866909430205,0.121399476075345,803.376353478561,147.999471430459,121.223081438582,1489.29733961539,1399.4476937582,31.7852352563777,0.526315789473684
0.586439161025473,0.586439161025473,0,0.0888293045741769,0.902241482211215,707.71028576756,135.999514287449,110.160952866848,765.235365636086,677.096318297169,15.5990140841832,1
0.640332583830589,0.640332583830589,0,0.531540603824596,0.0809706523099123,828.087271342793,149.999464287628,122.512008460765,1921.522305892,1282.52597467412,28.6285742355297,0.315789473684211
0.69559231518533,0.69559231518533,0,0.321822122189068,0.303231767399809,742.93262772043,147.999471430459,115.28419154352,1145.17098739654,303.636923266678,31.5649555936742,0.526315789473684
0.662107095034603,0.662107095034603,0,0.949858326881976,0.0581418232018291,775.567224827086,155.999442859133,120.012847564588,1611.30385702704,1391.07838103392,26.1143585751948,0.473684210526316
0.549935476615253,0.549935476615253,0,0.626281669180779,0.143869599624314,687.365572606557,147.999471430459,118.939602038836,1489.64731285452,888.243247077498,42.2424184442682,0.421052631578947
0.951188658659373,0.951188658659373,0,0.855704840092675,0.169963076406963,891.876501371318,155.999442859133,120.307013031051,1604.88973968594,1527.80732065637,34.5362987793362,0.526315789473684
0.964286718303612,0.964286718303612,0,0.282721786750716,0.763465313555433,857.405548324072,135.999514287449,116.084898902663,1318.99352905691,806.580137665057,30.3560433893045,1
0.946848113161284,0.946848113161284,0,0.840730371112421,0.81656971875912,770.030591680501,161.999421430638,110.537052929857,652.399482773817,858.992290333625,4.03971411699754,1
0.718314987629217,0.718314987629217,0,0.851584289084529,0.244969628585382,730.791531307484,167.999400002143,114.189450824877,918.263946291393,152.10043060391,18.4504328070351,1
0.508927305339352,0.508927305339352,0,0.40316507852952,0.251677944621805,993.497942263625,141.999492858954,127.221955825985,2390.81848281747,1880.65904450982,17.5717900443936,0.315789473684211
0.938984751711141,0.938984751711141,0,0.210809882585575,0.129538016775901,954.898990186994,139.999500001786,127.392098644743,2080.49605639745,1518.07420115219,37.9400161947775,0.631578947368421
0.756451496186026,0.756451496186026,0,0.658523057935858,0.581229987076415,955.953922820407,155.999442859133,117.661915939582,1420.9069859656,745.276802234074,29.6646658377633,1
0.921964240596356,0.921964240596356,0,0.248333269094687,0.364630619169383,803.176867636852,133.999521430281,119.66174568241,1468.13503137595,1273.60091452265,28.4050073771344,0.526315789473684
0.943581379970743,0.943581379970743,0,0.0496688922639125,0.307941738135121,805.132605544726,127.999542858775,118.53065952088,1604.767588108,1309.97014571349,28.1369358815486,0.473684210526316
0.82991780175336,0.82991780175336,0,0.708217493800657,0.634962627927372,794.320454463502,159.999428573469,113.154862578315,889.216916066886,792.831341374752,7.34068121354917,1
0.584868374240133,0.584868374240133,0,0.140775213226155,0.942939498877589,645.769578568357,139.999500001786,105.273777665351,429.802559927229,703.591434137543,14.0527255911945,1
0.921247068275321,0.921247068275321,0,0.536259660346315,0.498721220689323,814.892304091058,151.999457144796,114.887466946768,1084.24164439447,674.799085782088,15.0695044816081,1
0.99278727159157,0.99278727159157,0,0.330533057558742,0.319408184510046,699.675817741566,147.999471430459,113.8398088607,949.761727071372,531.027147262229,18.9832271523639,1
0.967501844585673,0.967501844585673,0,0.0280741076312877,0.608190666058249,962.415233650584,119.999571430102,119.977459237773,1918.28705354657,1778.024860727,24.7373983376432,0.526315789473684
0.95633237006082,0.95633237006082,0,0.930044756347524,0.290461199585471,796.980333467607,165.999407144974,115.118631790539,1024.7627966462,538.577110285565,17.4362618474832,1
0.745557269999598,0.745557269999598,0,0.319971061559079,0.707762038835012,629.164736418649,147.999471430459,104.991259629324,389.449799675999,803.469281255641,5.74487123494217,1
0.514958402642878,0.514958402642878,0,0.387834293221483,0.379303009473647,649.075718926281,137.999507144617,118.603090732163,1192.34300411599,919.56222723562,25.2879431175535,0.473684210526316
0.779024615522431,0.779024615522431,0,0.716913446976375,0.400461729201202,997.550259950199,145.999478573291,125.716380764304,1860.68350948391,1705.64791709467,25.6199570878036,0.526315789473684
0.931063637468496,0.931063637468496,0,0.739755325986323,0.245957138601297,810.085553774762,163.999414287806,115.775648855364,1123.31154546257,486.111245146718,15.9825704108026,1
0.858513446492797,0.858513446492797,0,0.817045918800368,0.252068078980823,690.747761289687,165.999407144974,112.562062638608,785.488573602542,481.84499837291,9.47055042067969,1
0.715521757109987,0.715521757109987,0,0.63988330591934,0.875737133207921,659.16874957671,405.998550005179,-41.4964086007361,1.71193873963957e-05,874.745714905681,12.3591283893848,1
0.983404882298187,0.983404882298187,0,0.346620433231696,0.61634053823146,794.371655489559,143.999485716122,115.623572399238,1057.51566926803,728.361362308513,24.7421424408147,1
0.686138314402831,0.686138314402831,0,0.661528480344686,0.299960122383208,826.819843808799,161.999421430638,116.284084889297,1192.85624613751,101.761967463118,20.4571097395077,0.526315789473684
0.835014177089372,0.835014177089372,0,0.689135031522344,0.212852279486926,782.891166764515,163.999414287806,115.462145411092,1081.67371664764,400.080972622765,17.5128763510095,1
0.79539497159596,0.79539497159596,0,0.0251531878055893,0.132803250333142,817.954702088802,135.999514287449,121.168461602737,1817.07044703742,1158.01565056737,25.7833468963264,0.578947368421053
0.830519527313519,0.830519527313519,0,0.984741646214418,0.264602416878915,639.405353189276,169.999392859311,109.998751784158,577.141966732878,499.058295211453,9.34873948024054,1
0.923909009720401,0.923909009720401,0,0.0217947889455786,0.919513210481923,793.944263060936,121.99956428727,114.106067187861,1183.28970762839,1081.13924048057,44.2489140119693,0.473684210526316
0.60759632105276,0.60759632105276,0,0.484360091008074,0.099581879547763,629.351956883885,145.999478573291,117.476733628429,1310.88514968537,737.467280005595,42.0481259483451,0.473684210526316
0.649413152191238,0.649413152191238,0,0.354624144623591,0.114081086803727,811.561023015555,145.999478573291,124.598862367138,1870.561519232,1149.77058154371,34.6740255327039,0.368421052631579
0.75800104379914,0.75800104379914,0,0.126423672927008,0.808680829145267,879.034884587967,123.999557144439,117.539412160374,1502.65622204831,1399.54006614484,31.2859239098856,0.578947368421053
0.564716158296931,0.564716158296931,0,0.41281982527093,0.687002474460068,795.439890709569,151.999457144796,113.678657981804,974.468527408024,434.301611002243,15.254557627066,1
0.8133620495542,0.8133620495542,0,0.789904907222038,0.943740898114847,920.752345854176,159.999428573469,114.823276728611,1056.71810231825,958.723592043223,11.2668984684445,1
0.566487629895681,0.566487629895681,0,0.868329147502112,0.519926372424399,658.811450960124,167.999400002143,108.500742931348,496.86052040948,80.0777991377541,9.48684871114101,1
0.502708186157421,0.502708186157421,0,0.33770224532342,0.927320770554647,882.143515024989,145.999478573291,115.375969092613,1126.39224801272,536.879947431958,16.6561556237327,1
0.642504905565531,0.642504905565531,0,0.103580173890276,0.335797019269289,830.976150919685,131.999528573112,119.543703501492,1737.77838530589,1287.15413554093,29.0488612473861,0.526315789473684
0.885513525310724,0.885513525310724,0,0.531355835790362,0.569806194958049,603.848557131065,153.999450001964,93.6583173502438,116.00283214136,728.990012845636,7.25516504484167,1
0.56922925638362,0.56922925638362,0,0.504523593980865,0.741404932665839,604.591509079188,387.998614290663,-44.1157629806907,1.44931160172071e-05,529.952434617345,11.8799650629184,1
0.951257454407175,0.951257454407175,0,0.608489729954916,0.557405253074499,975.185788251129,139.999500001786,125.678132350143,1795.49731342628,1678.98391454773,23.7719252631193,0.526315789473684
0.756627731740718,0.756627731740718,0,0.816214109304617,0.645605409902454,799.493067687189,163.999414287806,112.979771359978,846.888979246042,795.244059905267,12.7525738984485,1
0.885972681898798,0.885972681898798,0,0.658622463875602,0.418880303420063,727.59181169578,159.999428573469,112.681793207784,837.79332580097,630.832306278322,15.501062014551,1
0.948436939583445,0.948436939583445,0,0.147593238801845,0.56666786498782,778.160370833775,131.999528573112,115.472477254338,1270.87497267754,893.071141376937,22.9373650679825,0.578947368421053
0.852051646420453,0.852051646420453,0,0.93627729480886,0.949440102914588,704.220512449817,415.99851429102,-42.3419269028283,1.41943518570942e-05,955.693672718552,12.5346019940614,1
0.629214641320916,0.629214641320916,0,0.326632985285064,0.542243922883042,732.933568468774,147.999471430459,113.110753768787,910.589728984528,410.260408697593,14.7921741450407,1
0.937921397404572,0.937921397404572,0,0.585279241201155,0.307119278145845,738.739001818652,157.999435716301,113.913277445329,958.83146681762,532.392117773965,19.8517927750142,1
0.690718990583344,0.690718990583344,0,0.981808302520469,0.340418785704751,878.182594674697,169.999392859311,116.822241729653,1188.49114646003,323.64133420935,23.2378316481266,1
0.980932534377841,0.980932534377841,0,0.285013877236713,0.524895105512334,698.638272881611,143.999485716122,112.991195640962,860.349438113484,672.069267441982,13.8581099798312,1
0.638415243153646,0.638415243153646,0,0.615959497715797,0.600427154332928,649.849875324976,159.999428573469,104.766778693311,344.025710506918,553.256513922761,6.02552887727098,1
0.84303893971341,0.84303893971341,0,0.506793717387503,0.345447877642014,903.239065683151,141.999492858954,126.720066626015,1683.94888826478,1536.99203442333,31.0161001104365,0.526315789473684
0.595147929683398,0.595147929683398,0,0.813363291629044,0.953987347319843,669.430673596344,415.99851429102,-42.7587741779663,1.32104024984717e-05,759.705559118668,12.8115224940759,1
0.572577316761534,0.572577316761534,0,0.355310935604922,0.597087923794117,765.855971308236,149.999464287628,113.781219996629,973.76506985732,273.115967237315,13.7505209153794,1
0.768996567746131,0.768996567746131,0,0.495325387990296,0.427798150932826,686.000329249982,155.999442859133,111.525184750083,757.965890926597,610.593575239815,8.49999919695878,1
0.689551697877204,0.689551697877204,0,0.85291794712134,0.0235283204982774,811.0629670298,155.999442859133,120.683683833522,1726.29415624336,1435.64909936504,29.3379973130039,0.473684210526316
0.762322821392339,0.762322821392339,0,0.400444378209426,0.00909257451027379,952.888945338667,149.999464287628,125.136291458802,2217.9063741189,1553.69286847251,27.164127733416,0.315789473684211
0.973329565672677,0.973329565672677,0,0.965722975709779,0.281676776394891,712.121647789206,167.999400002143,112.858852403349,803.85817565326,535.084257197532,18.598707505764,1
0.534181082849797,0.534181082849797,0,0.146975651425093,0.727547510847225,905.626875551292,125.999550001607,118.824260335357,1664.91844705438,1578.15430032168,25.2852535193407,0.473684210526316
0.983586341716473,0.983586341716473,0,0.681086940019349,0.377480770108936,774.109331242128,159.999428573469,114.255505755318,990.401203623079,592.908001789408,12.4891272188913,1
0.681939518221344,0.681939518221344,0,0.351247380295303,0.181320312724746,931.706210504123,143.999485716122,128.330872311899,2101.81441092406,1447.1434401626,30.0917778758552,0.315789473684211
0.914571387909475,0.914571387909475,0,0.350392271028332,0.0441601642061731,811.586724498845,145.999478573291,122.801078557624,1611.53135762555,1511.60268803976,25.0246097726406,0.526315789473684
0.995151762870027,0.995151762870027,0,0.102946283438506,0.831042862254291,951.255005321252,117.999578572934,119.860966776951,1726.36935534852,1822.23920267443,23.4950425114199,0.526315789473684
0.896235534094851,0.896235534094851,0,0.795158869780263,0.421135591787102,853.494416643783,161.999421430638,115.72038658083,1132.16014050561,637.624163020998,20.8727847430808,1
0.979918441240373,0.979918441240373,0,0.515933769152754,0.141420117638224,705.878739044926,157.999435716301,114.336315660947,995.512584213969,378.360838390749,27.8719495478083,1
0.538827502793212,0.538827502793212,0,0.200082899676448,0.514741269784631,882.682380506051,129.999535715944,120.574866271978,1827.73002900107,1675.71622769928,26.6600994498969,0.526315789473684
0.873928981944362,0.873928981944362,0,0.884182865219966,0.503681130184639,765.708744912087,163.999414287806,112.871778383261,828.809450453981,704.226611220877,10.4182165201335,1
0.861870005190407,0.861870005190407,0,0.783634829966822,0.309763968121176,953.267297908329,149.999464287628,123.155846474804,1749.33786084724,1596.0948592835,30.3412748270652,0.526315789473684
0.917330578470712,0.917330578470712,0,0.408704130087428,0.773922234746952,762.362685134016,147.999471430459,112.282044947651,855.20490672371,827.572559357344,16.4550922288409,1
0.584987808723652,0.584987808723652,0,0.476675792764595,0.735378931218214,751.945008284687,153.999450001964,111.738039555605,786.97071462262,562.346180133974,12.1630365138833,1
0.579211354889422,0.579211354889422,0,0.448057362748694,0.62492921226712,892.895185236459,149.999464287628,116.578135978473,1322.00836857736,386.422482744279,21.5139577891958,0.578947368421053
0.595895324296413,0.595895324296413,0,0.374247270112452,0.287868481131923,835.160337213219,139.999500001786,124.983582726747,1789.66757893526,1285.08635288405,23.6531532655996,0.368421052631579
0.751447615271406,0.751447615271406,0,0.376703701871913,0.97657847548523,655.606159317031,421.998492862525,-34.7263382598631,3.1421492523772e-05,942.505403958342,14.1265260909511,1
0.750356288719509,0.750356288719509,0,0.668575378839578,0.852850912135431,978.171235506677,155.999442859133,116.557294536274,1292.1115026896,897.663967635244,26.3844034486582,1
0.91811910413979,0.91811910413979,0,0.516173756835281,0.955677634766615,854.002554087771,149.999464287628,113.647650654698,983.8120467059,920.726079033836,13.6698691866061,1
0.628068218612925,0.628068218612925,0,0.785720478585699,0.0937568383657137,869.696135712575,153.999450001964,122.266083002999,1950.52157498498,1403.54431843222,26.5904915980861,0.368421052631579
0.799118020260421,0.799118020260421,0,0.178737093130407,0.535053439236598,898.624606365006,127.999542858775,120.368385474212,1732.53911087488,1708.15260495048,28.8699625713369,0.473684210526316
0.608159150012562,0.608159150012562,0,0.592585753756677,0.635113981898907,766.97400358329,157.999435716301,112.65255536534,843.896520526557,514.804682408065,8.07273161914385,1
0.843905494477035,0.843905494477035,0,0.592284228966013,0.0561890387286695,889.31420849408,153.999450001964,120.741998427034,1750.77946487957,1793.95532181453,25.7136628323137,0.473684210526316
0.908535881000797,0.908535881000797,0,0.112678293084381,0.350000731496497,627.338745672422,137.999507144617,111.908102402806,826.7828983963,540.220246142952,11.9118166355291,1
0.65220602409087,0.65220602409087,0,0.109432904334646,0.979738647307346,750.639701411875,133.999521430281,111.058698676916,845.214761720877,820.672058751128,14.5383763812458,1
0.685139116420849,0.685139116420849,0,0.736440098717977,0.49445120447142,682.512154336198,163.999414287806,109.95529225783,601.009491157116,551.670379493286,4.83609986040842,1
0.530962017956863,0.530962017956863,0,0.517322984986413,0.67623867160584,822.337847970234,155.999442859133,114.307286539296,1025.11839515599,272.689365607657,13.7465988892936,1
0.696669292013399,0.696669292013399,0,0.520108637766856,0.0165980948664073,797.953412560352,151.999457144796,121.322024285062,1815.02032706901,1184.14145332499,37.2144174867387,0.368421052631579
0.969279442891294,0.969279442891294,0,0.284819096015256,0.701186669615891,771.258385237373,139.999500001786,114.12164319519,976.848837201465,773.741794250827,16.1408294930234,1
0.758750526265002,0.758750526265002,0,0.70328806351292,0.521674015267633,828.479850998362,159.999428573469,114.638281833513,1026.8599624693,702.86482787359,13.1743886316237,1
0.74510458137554,0.74510458137554,0,0.363399696357032,0.969158560683218,919.674821688342,143.999485716122,116.139106286451,1235.93037763438,934.249357159897,27.2304370547373,1
0.580086120599599,0.580086120599599,0,0.139687716169364,0.390852827053326,895.879576844632,131.999528573112,120.646600110256,1994.95228480341,1603.85819632707,27.7288176339367,0.526315789473684
0.947138597714405,0.947138597714405,0,0.356611802659963,0.253798374819714,847.752015406329,137.999507144617,123.806145942999,1637.89413765625,1501.86629817908,25.5297127404758,0.526315789473684
0.948033888920829,0.948033888920829,0,0.447529473985367,0.631235650168809,804.544166518364,147.999471430459,114.550361400036,1033.79923086305,745.943001469151,28.1320273019222,1
0.640594625231629,0.640594625231629,0,0.552883092744888,0.584956598603373,971.150258027984,141.999492858954,127.437299514926,1751.04246116473,1519.09976345689,22.3065484031376,0.473684210526316
0.676359557433799,0.676359557433799,0,0.346312418399101,0.116096926571296,905.564797232443,145.999478573291,126.770576299965,2128.78774883907,1418.28469750328,26.1450092843294,0.315789473684211
0.827590224435489,0.827590224435489,0,0.204343777489887,0.509773066234581,821.417369124599,131.999528573112,118.326411581423,1461.87138888826,1290.97561750794,26.8506135462451,0.473684210526316
0.550674269847201,0.550674269847201,0,0.980969837420481,0.710812488430216,653.001725347295,389.998607147832,-49.0312671258062,8.38028707842928e-06,476.361542261174,12.5209403329944,1
0.597967797006208,0.597967797006208,0,0.310128199161103,0.788685717359247,806.34566145653,145.999478573291,114.218811465856,992.431078613692,629.93989779021,10.4130281927512,1
0.617576128113042,0.617576128113042,0,0.135396365022871,0.881160508469289,683.459028017608,137.999507144617,109.22687897726,672.399726039097,720.010899437933,14.8302758435098,1
0.705689323881372,0.705689323881372,0,0.812286974571938,0.723832681324352,846.620778600144,163.999414287806,113.914589557485,936.743473197269,788.343666454764,7.98205315449881,1
0.930904143975289,0.930904143975289,0,0.84100961398806,0.482350222958443,787.819139248948,161.999421430638,113.776325121524,923.681269048948,675.38851410535,11.1631761354751,1
0.846781746201216,0.846781746201216,0,0.757886419129166,0.0312550796733039,664.966798777088,167.999400002143,114.081438625718,902.666947278925,24.3597505859563,12.1075514036009,1
0.83706119420167,0.83706119420167,0,0.33162801424463,0.432696603594954,853.527307743355,135.999514287449,121.544392614871,1540.83063256246,1332.09737710579,25.1131567331429,0.526315789473684
0.502335850555841,0.502335850555841,0,0.496944747951773,0.386412154432962,813.860593634151,139.999500001786,124.272712741466,1700.4298053306,1300.59153384645,24.2627910635218,0.368421052631579
0.84753289504471,0.84753289504471,0,0.784917123264939,0.0616859605777212,961.397064171418,157.999435716301,121.329816496972,1854.94423428245,1920.77385817587,36.7331036784793,0.473684210526316
0.800723000612481,0.800723000612481,0,0.712012479928026,0.135133648444458,845.023394800516,155.999442859133,119.866035462052,1528.65401126384,1460.3239274499,27.0085406030217,0.526315789473684
0.899620061033402,0.899620061033402,0,0.806803083597926,0.0455412759096608,717.216838718356,169.999392859311,115.004834092608,984.651240506582,219.950688846594,18.6787919823043,1
0.566071657247445,0.566071657247445,0,0.00188653903556946,0.220785882931975,782.450668090456,129.999535715944,118.503402898891,1846.72211880773,1221.1331963764,43.3974112832234,0.368421052631579
0.51431186444304,0.51431186444304,0,0.872095186251223,0.0788048947718953,848.928279186991,155.999442859133,121.772351306933,2067.69364579576,1180.90025602065,27.9956963821599,0.368421052631579
0.550545452719434,0.550545452719434,0,0.433552771999306,0.52733405502841,933.547479185119,137.999507144617,123.59184701778,1831.40163052875,1781.33314304268,24.6028069036505,0.526315789473684
0.53901389804691,0.53901389804691,0,0.574316341119963,0.260149288044048,954.147152755878,143.999485716122,127.690960131639,2177.76446532069,1673.04164261841,24.9063066627068,0.315789473684211
0.594966535725693,0.594966535725693,0,0.0557788943947153,0.508665732421737,728.261453338675,129.999535715944,115.232908497914,1231.71613882252,862.615411743048,33.3868777402048,0.526315789473684
0.940559777145167,0.940559777145167,0,0.921620675719994,0.392203917598513,710.709467111506,165.999407144974,111.903177294112,735.730205320692,617.143292145929,18.9761335775788,1
0.643018583430534,0.643018583430534,0,0.163333728350216,0.544971232177087,892.416916848419,127.999542858775,120.212028616585,1718.25926385147,1716.54939716373,29.8315153423942,0.473684210526316
0.868261961465519,0.868261961465519,0,0.812934216980531,0.182115991304246,747.00185955577,167.999400002143,114.699793963062,977.554688567735,396.101681140733,17.689383057352,1
0.950675617649637,0.950675617649637,0,0.917657043609587,0.729609326782283,710.497952770411,163.999414287806,103.725272854271,296.740123666367,816.32504258129,11.5413099447336,1
0.805187671392844,0.805187671392844,0,0.937005546796141,0.767018288903848,721.485237348135,165.999407144974,70.7935436648255,10.8111765078045,879.156548600827,9.43493870026773,1
0.769862112770497,0.769862112770497,0,0.548396778236156,0.653947753533061,716.904945518948,155.999442859133,110.657257798015,695.119175396201,796.426036164829,14.5297512073335,1
0.689114385366207,0.689114385366207,0,0.793371343509097,0.491403418736151,974.840175147279,151.999457144796,122.625798753824,1706.10727501904,1402.25222679662,42.7507119764542,0.473684210526316
0.874218813282493,0.874218813282493,0,0.579821847238787,0.199139089119505,832.767503034396,149.999464287628,121.022342302513,1495.54556357451,1348.88503592382,25.9401396394884,0.526315789473684
0.769708366031841,0.769708366031841,0,0.19819893775395,0.780611219224738,868.169146127379,129.999535715944,117.120557394817,1443.6977559551,1170.11228902604,27.1225975854517,0.578947368421053
0.533060287913305,0.533060287913305,0,0.0666396099207965,0.563425594154613,838.073604078452,123.999557144439,118.558377596173,1626.49248363855,1456.95957187036,38.6146971336037,0.526315789473684
0.859614947629903,0.859614947629903,0,0.464056846348559,0.934488215630034,850.933000215427,147.999471430459,113.829189939632,999.559580371703,928.201137820481,8.40349741901544,1
0.777973132738004,0.777973132738004,0,0.698366757213305,0.250886789644979,743.059572688345,163.999414287806,114.298590981442,956.551137071306,382.120443907352,13.1833605083775,1
0.727528709393202,0.727528709393202,0,0.787400738034357,0.902338679075383,864.878096474357,161.999421430638,113.48375550609,901.594950950733,904.669363574122,12.1901185693327,1
0.67235248273353,0.67235248273353,0,0.979189415852927,0.56037824227961,737.092535839184,169.999392859311,110.96745399009,647.97635139067,615.257319501784,15.2745276209667,1
0.809033411169588,0.809033411169588,0,0.192591790830311,0.686685084011998,898.20633763493,125.999550001607,118.68189254982,1626.78215835001,1522.24856391781,21.6724689191745,0.473684210526316
0.999323991878508,0.999323991878508,0,0.184071010620221,0.0293538766758242,692.290739537156,141.999492858954,121.580557598321,1344.1994036944,1195.41871058651,26.1613487489089,0.526315789473684
0.555798063858815,0.555798063858815,0,0.587592393660381,0.255438054031342,640.222084654629,143.999485716122,121.468129498645,1239.60623821968,985.609185764406,25.0433425241853,0.473684210526316
0.798851765080429,0.798851765080429,0,0.725146703597343,0.611829145516794,878.341001554619,157.999435716301,115.358208949789,1120.00092593687,783.885937474981,8.73584654565791,1
0.760737547717098,0.760737547717098,0,0.642853685197773,0.641024628413589,607.323757235342,373.998664290485,-46.6383856658951,1.20863563840383e-05,787.512481441038,13.5867769134052,1
0.86229335983199,0.86229335983199,0,0.346892846997775,0.734793702654614,753.370453598241,145.999478573291,112.672762444597,870.548222828907,823.093386257335,9.31048886367793,1
0.708033776670737,0.708033776670737,0,0.288873658224336,0.376614495681797,866.43664224516,135.999514287449,121.922964996424,1658.83273147299,1566.71795812904,29.9581027482612,0.526315789473684
0.970459911842587,0.970459911842587,0,0.0457056775333182,0.11524147466794,724.20294841709,133.999521430281,119.126979951203,1472.35465346872,1075.39644758792,35.1570200655827,0.526315789473684
0.595150072264215,0.595150072264215,0,0.0919634351045944,0.0536080967718606,778.219792431127,139.999500001786,120.938213729422,1943.73889506648,953.59366552568,28.741952447688,0.368421052631579
0.71509549666599,0.71509549666599,0,0.00874398060725456,0.803322560438612,700.835600217144,127.999542858775,110.426421901382,834.031077800649,809.073420158069,10.876482327697,1
0.534807292086832,0.534807292086832,0,0.928948431047631,0.776386483706754,782.593299805614,169.999392859311,110.936873537692,642.273554353903,508.621228407948,5.65422061125942,1
0.834586720352064,0.834586720352064,0,0.305703004663667,0.602510681398648,867.427326855596,133.999521430281,119.479749549837,1517.14114326116,1303.81712085392,26.5250267994738,0.473684210526316
0.978615147174698,0.978615147174698,0,0.881340031093332,0.0291795151339185,877.185737081201,161.999421430638,119.760322501289,1597.71243783074,1586.15493674119,36.4241511754497,0.526315789473684
0.62640318978333,0.62640318978333,0,0.0429501167543856,0.295727596160157,637.267104185807,127.999542858775,115.338632792523,1222.06979670177,954.773833665863,32.388120692924,0.526315789473684
0.848970499113092,0.848970499113092,0,0.290468175734347,0.05175488741488,617.1174407982,151.999457144796,113.816645446352,958.196721563826,70.2707959198874,43.6508818419816,0.526315789473684
0.991706468113906,0.991706468113906,0,0.0484212616474066,0.443111973428218,828.148371780003,123.999557144439,118.522649231215,1604.62114865841,1411.82567275671,32.8396666677369,0.526315789473684
0.807514018056389,0.807514018056389,0,0.3443245224536,0.910132125619584,672.169771964711,147.999471430459,104.383881234826,364.762434838022,926.225832966944,8.59020436637395,1
0.652103896615107,0.652103896615107,0,0.729434703494204,0.0757514524043968,633.237885669895,149.999464287628,117.737467183681,1261.60338183671,1054.14559576378,21.5280821286682,0.473684210526316
0.863882478506695,0.863882478506695,0,0.233467789232154,0.401438196592595,964.117713602809,131.999528573112,121.961828078782,2023.94466955711,1786.48123298269,25.0678265644678,0.578947368421053
0.527948557837052,0.527948557837052,0,0.237755985918124,0.116774296910062,914.282227450457,141.999492858954,125.858418014994,2374.3274712751,1544.44506683619,23.8273723779318,0.315789473684211
0.874634389770552,0.874634389770552,0,0.354193764063657,0.914150446038361,983.256107764336,131.999528573112,119.716285823723,1727.38238535428,1509.89563238506,24.9944149437844,0.526315789473684
0.893264794237224,0.893264794237224,0,0.29651232215537,0.630917398827707,707.651133929609,143.999485716122,112.177138502951,819.68001255076,752.62686784186,9.31980627963092,1
0.583339329930565,0.583339329930565,0,0.527068090374385,0.301777558244147,801.244767853288,141.999492858954,126.482786987964,1638.57474340504,1263.30284600161,33.0922603791339,0.473684210526316
0.551651082410738,0.551651082410738,0,0.550847717159727,0.00614082162361862,722.21939591408,153.999450001964,118.683230247352,1657.65441311264,561.952613697157,25.5277135337122,0.368421052631579
0.981328425099579,0.981328425099579,0,0.452635268384868,0.431988294901475,870.733905289248,139.999500001786,123.745708682023,1563.57264712894,1340.16532311548,24.3642819804282,0.473684210526316
0.626303792731699,0.626303792731699,0,0.330690100762877,0.0188254340808782,969.838056662679,149.999464287628,125.131252799135,2505.59110904137,1572.35312369222,27.7035848487914,0.315789473684211
0.691527829522571,0.691527829522571,0,0.434995054411519,0.395985410752774,600.098338390712,155.999442859133,108.649075536515,554.017781191748,371.086503498733,6.33135337497507,1
0.797409026285028,0.797409026285028,0,0.157900772903546,0.97445284305876,862.93303500296,129.999535715944,114.886965977709,1285.27120019809,946.151815073415,29.4520730686003,1
0.771031388820387,0.771031388820387,0,0.347042177717051,0.953907806364103,906.623412928064,141.999492858954,115.942311956515,1214.83066855591,942.260077724913,23.4870480966362,1
0.918975210167874,0.918975210167874,0,0.843859054122797,0.992385896820887,909.903849918299,161.999421430638,114.33031874698,1000.3278420734,950.360406302002,16.5962007927468,1
0.695499635310713,0.695499635310713,0,0.146344964390383,0.275798654849359,892.443051187266,133.999521430281,121.680698207525,1915.75178915833,1404.27438814783,29.1890588166946,0.578947368421053
0.553983546307203,0.553983546307203,0,0.0870445870241146,0.148567725957756,756.406840762842,135.999514287449,118.950877322631,1823.39087508768,1002.52507822847,36.0926340292625,0.368421052631579
0.693233670109547,0.693233670109547,0,0.783641335909332,0.114512121395386,833.602271560189,151.999457144796,120.957495742258,1697.67743512195,1605.84533465823,36.0429093029317,0.526315789473684
0.587592109385839,0.587592109385839,0,0.178446028818187,0.30900786161099,964.180920365562,133.999521430281,122.142737329891,2348.96920298975,1980.26764044769,23.3087102242599,0.473684210526316
0.582213816339748,0.582213816339748,0,0.0388841682587058,0.56756876340032,636.800135105736,133.999521430281,110.4482365273,784.012348266466,158.351902864456,16.3098749894988,1
0.607111316092823,0.607111316092823,0,0.460418364696471,0.209926775537426,657.646003869338,141.999492858954,121.452277577759,1304.23509694216,1024.63350567552,19.9501546294473,0.473684210526316
0.598039263919332,0.598039263919332,0,0.00100556214272696,0.654648104795683,903.272041880653,119.999571430102,119.242610784155,1717.11287775613,1646.69777581762,27.9502939220768,0.526315789473684
0.674381498082833,0.674381498082833,0,0.404799931211789,0.324864668258456,788.249257129605,143.999485716122,124.465829926486,1415.97611367612,1180.39516912439,33.8865503110011,0.526315789473684
0.56389540688556,0.56389540688556,0,0.186048674167709,0.919091220399086,950.076531330129,125.999550001607,118.833471963825,1674.36516118859,1627.34093010687,26.1141544205865,0.578947368421053
0.810094320983445,0.810094320983445,0,0.488154713213185,0.650181439922084,745.87651908819,151.999457144796,112.034704418973,822.246680275527,796.768118410991,16.3078601386939,1
0.898612708117569,0.898612708117569,0,0.900105565972789,0.686581159361472,843.965248164101,161.999421430638,114.054190905563,952.628400778043,806.479747529481,11.5692700787022,1
0.868185217584934,0.868185217584934,0,0.767988738043011,0.780521929240448,949.71564446393,157.999435716301,116.187949897371,1231.05737387204,861.758482488274,35.225958488564,1
0.709178731090254,0.709178731090254,0,0.390663457600046,0.869900108154747,616.220441840839,405.998550005179,-37.9360945707106,2.5589655123625e-05,855.29890420028,15.9168599253538,1
0.947574279541161,0.947574279541161,0,0.986752698824903,0.0723113501889898,731.282312232169,171.99938571648,114.971428131746,964.498459631054,327.392080194441,17.3285539273975,1
0.777676932402494,0.777676932402494,0,0.20735570487866,0.610893654295731,992.366392952267,127.999542858775,122.491551087336,2021.65631976754,1840.61397954783,26.6305461061566,0.473684210526316
0.982079884616191,0.982079884616191,0,0.316543182725064,0.979416999797173,702.206107077411,143.999485716122,108.265057236803,581.658073521367,910.408265104244,10.0456994494353,1
0.723152739559136,0.723152739559136,0,0.937661880618605,0.332247629105917,807.891257476226,169.999392859311,115.195784074212,1012.78375125013,426.421493811011,18.4347786887584,1
0.805724283118939,0.805724283118939,0,0.338981049631144,0.591643416771387,689.264592911326,147.999471430459,111.01738609702,751.375999430277,753.487531574879,14.2189321645897,1
0.674389760647691,0.674389760647691,0,0.802319841973676,0.391800639539359,856.659281431162,165.999407144974,116.126327173531,1149.64202558884,346.383769157148,16.205851593094,1
0.696398735160406,0.696398735160406,0,0.144415082238376,0.388254062478789,992.625571082403,131.999528573112,122.424759550187,2189.31001038605,1858.22724149984,26.9540797324326,0.526315789473684
0.964748526575748,0.964748526575748,0,0.694635457622711,0.530478825326528,875.545846195912,155.999442859133,115.847929016382,1185.4158830429,694.473170452909,22.6102760294037,1
0.534469445179607,0.534469445179607,0,0.970456399432245,0.806447697991801,918.623737594051,169.999392859311,115.398648747032,1043.90380750252,542.793839796385,20.3221462396888,1
0.970530110972861,0.970530110972861,0,0.932610660151276,0.847057218319886,620.803625861087,401.998564290842,-44.3532303815989,1.275752404108e-05,873.377036801031,13.8260121260048,1
0.543645538310028,0.543645538310028,0,0.989988093846335,0.936117882656236,877.988435443628,171.99938571648,113.346455653441,829.82406311591,670.586226604512,13.8564011299105,1
0.884697715473176,0.884697715473176,0,0.537435186620553,0.770059799177391,945.903328519009,147.999471430459,116.90527126764,1387.26332389373,841.407671165498,22.4707439647671,1
0.869740680751751,0.869740680751751,0,0.917781105001741,0.0538419353978177,971.314796870618,161.999421430638,121.645437951701,1842.43124529313,1909.88935092464,31.0502820358723,0.473684210526316
0.94482314390144,0.94482314390144,0,0.407962526939369,0.87943272343417,911.670670156129,143.999485716122,116.206844026861,1277.63766316111,873.363346993404,30.6151393553917,1
0.98284995671771,0.98284995671771,0,0.505397827179283,0.42238384398229,856.539131049158,149.999464287628,116.591253033609,1309.75982075899,615.988066219667,25.5054778996135,1
0.955020740995061,0.955020740995061,0,0.326857598299557,0.341149694216679,992.518928220059,135.999514287449,122.898850232491,2109.25487777661,1864.46680556194,25.0535426659041,0.631578947368421
0.80473957771072,0.80473957771072,0,0.888866892570624,0.352836153540679,749.202673578783,167.999400002143,113.399277053426,852.700579951028,582.947244894968,10.9087414198958,1
0.723942299590211,0.723942299590211,0,0.45803821916112,0.323072868607594,708.58810155848,155.999442859133,113.32841052634,913.014994695519,335.942928626634,21.8010359618683,1
0.535342370103725,0.535342370103725,0,0.609153658168738,0.859657207344238,717.976749405881,161.999421430638,104.834423782177,345.007336506689,574.583479212371,9.3543924690274,1
0.99186738017146,0.99186738017146,0,0.396067773686439,0.849057968593107,730.453799467772,147.999471430459,110.55456398063,727.463686372982,851.538725549033,9.2330521188127,1
0.983994717350633,0.983994717350633,0,0.613315351936806,0.920789349430568,746.378065278808,155.999442859133,109.136344326334,586.104077425862,896.226088213265,9.37481909049032,1
0.50843660218927,0.50843660218927,0,0.512639112281186,0.891301395556462,637.910250311714,407.998542862347,-40.9764585474022,1.78037721284413e-05,529.96740082493,12.3628137396287,1
0.761722226174258,0.761722226174258,0,0.587142216251577,0.398656514542403,837.266202808104,157.999435716301,115.665283661613,1148.17420354879,575.259119655549,33.3576012805671,1
0.645141760437538,0.645141760437538,0,0.476762409170153,0.111502882160399,649.319856518628,145.999478573291,119.921853894984,1346.97657754542,937.814408224595,22.3749963930698,0.473684210526316
0.888702350998941,0.888702350998941,0,0.65561776662625,0.611650352865365,708.255872972494,157.999435716301,110.48066557504,670.481169191988,757.946825034704,13.2366667120932,1
0.737410283751557,0.737410283751557,0,0.236371851032768,0.102071893919875,979.015835815149,143.999485716122,129.182533828528,2329.81159949035,1482.81886177115,22.9656068984665,0.315789473684211
0.915961994661955,0.915961994661955,0,0.442145843885348,0.487516360599083,693.623531181118,151.999457144796,111.659391509082,790.8479969763,664.008009630522,14.5915747342493,1
0.753675989895984,0.753675989895984,0,0.834295248505081,0.064176374490575,968.316931936662,157.999435716301,122.616397170291,2064.75788040275,1963.90467227148,22.6653116367019,0.473684210526316
0.881376167846647,0.881376167846647,0,0.211600209678244,0.756590662035713,996.303952088182,121.99956428727,120.293959824927,1864.51207232172,1757.07634164551,26.7623529595274,0.473684210526316
0.825851832061126,0.825851832061126,0,0.387400669015553,0.395062467280518,962.577317083128,137.999507144617,123.8089095431,1902.84907196999,1814.45340981985,19.6083173720925,0.526315789473684
0.794665017374071,0.794665017374071,0,0.927806959534267,0.23234992329483,773.79940273227,169.999392859311,114.97965356688,986.182701772816,409.983008008403,13.9913198487191,1
0.747476139004128,0.747476139004128,0,0.367568376407677,0.650818659708537,686.706753208796,149.999464287628,110.159451319638,687.256861928195,772.148075686474,10.3334812051673,1
0.917231770668332,0.917231770668332,0,0.137205369957167,0.0723852706610693,645.375084141141,139.999500001786,119.138232103596,1202.1114232172,934.423177699429,27.8207859750537,0.526315789473684
0.778817381116517,0.778817381116517,0,0.299645725006127,0.0105791350492769,661.464391699373,145.999478573291,120.277884467524,1374.13958219811,1091.7761703461,27.7001384952783,0.473684210526316
0.785930189201504,0.785930189201504,0,0.109911411966406,0.714767753727986,930.374285698782,121.99956428727,119.419015448102,1714.03731320328,1695.7904861189,28.3732067232381,0.526315789473684
0.828608608598081,0.828608608598081,0,0.260144493592846,0.996828170554722,974.038879437805,127.999542858775,118.406688666111,1663.53393450133,1535.9956612324,27.0505362695706,0.578947368421053
0.891051722992359,0.891051722992359,0,0.59217064949772,0.293715638195824,843.991946176849,147.999471430459,121.970031107152,1482.31293876381,1247.99254852714,36.781914289741,0.526315789473684
0.545564707781515,0.545564707781515,0,0.261648600779049,0.450821775052016,702.576883254266,141.999492858954,114.629173185601,1113.43888592946,448.407901420421,22.507679666237,0.526315789473684
0.613203176252917,0.613203176252917,0,0.0132902369548622,0.20383687609761,819.570865323126,131.999528573112,119.6083425379,1945.8000867295,1161.3651934694,32.4971511024401,0.421052631578947
0.951683731089559,0.951683731089559,0,0.683811026553789,0.355583842036363,705.501577821201,159.999428573469,112.474182604318,812.982004600304,577.233526452958,12.6191515549386,1
0.927626508389938,0.927626508389938,0,0.131262978515177,0.321175274543955,689.629989331456,137.999507144617,114.062698628712,1032.19254310515,515.530261684486,26.4820049278687,1
0.610442899816607,0.610442899816607,0,0.85181392711967,0.109461461637964,889.060797839739,153.999450001964,122.483794940251,1994.83116818204,1453.36054552654,34.7626490240595,0.368421052631579
0.992619162643825,0.992619162643825,0,0.422711529512519,0.647647897056192,980.794302032366,133.999521430281,121.262511536983,1850.06939564819,1823.60522283241,26.9924932783166,0.473684210526316
0.599529183406487,0.599529183406487,0,0.361917335440389,0.365168268009399,675.547637593846,147.999471430459,114.111253702291,967.385022550417,96.535827661763,31.4911509871025,0.526315789473684
0.62199366879205,0.62199366879205,0,0.506001950012752,0.730809554925397,773.578544034685,155.999442859133,112.35398255436,839.769669257058,640.513594595572,11.8586133447131,1
0.698280327276158,0.698280327276158,0,0.303703009354974,0.439301241273654,653.993750506889,149.999464287628,111.095559871095,748.897105985741,465.101595766386,11.4662414180843,1
0.592126031658593,0.592126031658593,0,0.555163247176906,0.263959166276028,793.558106796364,143.999485716122,126.311224979735,1646.64290201272,1224.99679360809,28.7251576447299,0.421052631578947
0.544735090802626,0.544735090802626,0,0.934828330939145,0.20677260770859,728.937572187066,149.999464287628,120.202266647632,1519.73509229107,1175.37372328867,28.0930281779877,0.473684210526316
0.689623774706409,0.689623774706409,0,0.590630042359178,0.840398670132205,791.384341275661,157.999435716301,111.914753032605,790.477695502027,823.938715032736,14.9823186433065,1
0.77143425553255,0.77143425553255,0,0.962059394305323,0.258161625292428,706.765053093629,169.999392859311,112.890745466309,789.284706088408,417.38974592814,12.6202160556658,1
0.92592507692202,0.92592507692202,0,0.0255124523414691,0.53142790421702,677.251635476381,129.999535715944,111.609219637194,933.158549266034,670.252811427101,32.5260663006685,1
0.646237889552453,0.646237889552453,0,0.990598881134329,0.677557960313022,874.372524031732,167.999400002143,114.78102939523,987.294976992292,668.433771855826,11.6911515641246,1
0.935327060109779,0.935327060109779,0,0.252872401277061,0.0266197147263236,958.178222480355,143.999485716122,128.295986051268,2154.20442173035,1625.70426010119,23.8353473381377,0.684210526315789
0.699777747869876,0.699777747869876,0,0.313115284280406,0.706313085099038,931.954182902831,131.999528573112,120.097673408589,1656.22941603258,1486.82619675293,26.8130143714344,0.473684210526316
0.727395346998954,0.727395346998954,0,0.657060012638413,0.366426503887779,998.673035208034,147.999471430459,125.455396888741,1917.08675121492,1824.5416497444,23.2077160091216,0.526315789473684
0.5982188872594,0.5982188872594,0,0.648881906014997,0.0557020203923903,722.727120711307,153.999450001964,119.225664340737,1624.36897367217,947.901796648303,25.4258292020963,0.421052631578947
0.682416008227481,0.682416008227481,0,0.457697986237801,0.127597174828847,939.30807448632,145.999478573291,126.923161027665,2144.38364589425,1512.17979622005,24.7833051913946,0.315789473684211
0.968456457027884,0.968456457027884,0,0.567034645068443,0.280667204093655,737.024096347292,157.999435716301,114.088809147599,977.823516997304,510.609049166947,16.2446072499647,1
0.802639056976628,0.802639056976628,0,0.402260256774996,0.390949389104073,780.878463061071,151.999457144796,114.919890907671,1077.39887993599,587.459300150557,17.603493044642,1
0.840848980673466,0.840848980673466,0,0.215802453145805,0.342061680898223,878.856959478498,131.999528573112,120.901544452189,1758.35555255854,1565.89394715202,36.7270875379183,0.526315789473684
0.961723037584071,0.961723037584071,0,0.68651342840417,0.636673924652491,887.620346678828,153.999450001964,115.651421271225,1172.64895210682,756.446398260116,20.6090285908767,1
0.684788401927425,0.684788401927425,0,0.629245983867332,0.667573372615463,639.908755786277,159.999428573469,30.0733927026233,0.201397799209338,712.4803713723,9.11665854228464,1
0.609574201607077,0.609574201607077,0,0.161846366027456,0.20108910716537,942.098976610818,137.999507144617,123.652367992038,2280.64715153737,1527.07695069563,32.5944792596133,0.421052631578947
0.778297045465828,0.778297045465828,0,0.437524534717473,0.44447869069895,654.720054784909,153.999450001964,110.379268125066,679.084690428869,631.810804285858,18.1486468645798,1
0.576361840453355,0.576361840453355,0,0.772402693689172,0.978436608763434,771.477652274531,165.999407144974,92.2460975408652,132.238164552177,742.937370524249,10.9843363907743,1
0.750975991522524,0.750975991522524,0,0.998040929258766,0.397989739056327,885.766351067489,167.999400002143,116.427951697356,1155.11879328422,592.746350187182,12.4257435820306,1
0.791929097546904,0.791929097546904,0,0.933566827300432,0.682680717265314,971.677721324999,163.999414287806,116.872526466948,1272.20761932694,833.932180289491,17.9250274893658,1
0.600266003734456,0.600266003734456,0,0.946038974017365,0.429241661254809,685.61531895016,167.999400002143,111.500539615248,688.897813558711,0,10.5850664646157,0
0.649651129843109,0.649651129843109,0,0.0822334400428915,0.238654874904793,720.142611279786,131.999528573112,117.98797439148,1515.11775823207,1015.4249382186,34.9646982417752,0.473684210526316
0.765449235083621,0.765449235083621,0,0.107081052739722,0.469468480398951,852.343222842646,125.999550001607,119.040587856687,1618.74001331502,1543.39272920683,26.863996412649,0.473684210526316
0.92894666518533,0.92894666518533,0,0.747230769867527,0.163444784757208,613.731514365866,165.999407144974,110.913502525139,661.637658206806,400.330801791772,19.5994488678984,1
0.673176886751344,0.673176886751344,0,0.812549380423013,0.96992315139563,799.786452427453,165.999407144974,108.940120095808,531.789991201635,873.286341752738,5.92554551214612,1
0.696376342899447,0.696376342899447,0,0.505874676926617,0.716482944809048,970.060401292314,139.999500001786,125.604961426722,1688.96656002218,1372.84051096881,25.9713867138314,0.473684210526316
0.531754127712768,0.531754127712768,0,0.373952714147603,0.720226585558365,768.770165737891,149.999464287628,112.909401625644,904.999222356262,353.879571793227,16.2174039689439,1
0.685922915095741,0.685922915095741,0,0.159931199259586,0.637802378006589,727.261376551511,137.999507144617,112.883661868419,917.529307759857,664.435364651662,15.929356310505,1
0.66424660373394,0.66424660373394,0,0.12619074060081,0.261693673931088,967.788836128805,133.999521430281,122.362344654561,2343.30967854411,1893.07953814097,27.016215810243,0.526315789473684
0.637308578371296,0.637308578371296,0,0.723360244720756,0.835710019438802,660.077032726101,399.998571433673,-43.8547822085006,1.3222961516967e-05,752.458725924893,14.5426171381865,1
0.507104197641081,0.507104197641081,0,0.823565146360216,0.543802249204031,970.818688434449,147.999471430459,126.087311389841,1849.52485922054,1706.75075997827,31.0412180605339,0.473684210526316
0.540203369604364,0.540203369604364,0,0.357696974493249,0.207009292833773,857.737959795284,141.999492858954,125.999724266297,2040.78169516978,1364.59722555288,31.0970804929815,0.315789473684211
0.797438766715478,0.797438766715478,0,0.89452146625135,0.423453347246001,715.957990702043,167.999400002143,111.64082405968,709.506651819445,650.541178492507,13.4878353325097,1
0.765362410893249,0.765362410893249,0,0.47858887481205,0.244717767518464,980.714831249346,147.999471430459,124.00713399896,2032.6384784526,1876.45661472016,23.5595532895798,0.526315789473684
0.604229314848848,0.604229314848848,0,0.529986175405139,0.706758552989626,628.359404622898,159.999428573469,-44.2535104133108,3.12786565311723e-05,582.677602834072,12.2968762215447,1
0.761330567161986,0.761330567161986,0,0.068735222610929,0.57842940867457,904.417787518904,121.99956428727,119.270319516498,1723.31244353351,1560.51144046531,33.9008865259241,0.526315789473684
0.945651545480007,0.945651545480007,0,0.888324812318731,0.666310354201646,765.270154967543,163.999414287806,111.718009662003,739.71081441984,782.798930639483,12.502833741931,1
0.689684031216721,0.689684031216721,0,0.588484007356304,0.308467979647578,873.288565115241,145.999478573291,124.515974704708,1612.90685719747,1437.23262197253,29.6744162674884,0.526315789473684
0.506560751137762,0.506560751137762,0,0.142005563451311,0.33751957295481,619.915284828121,129.999535715944,115.072484913127,1231.6276126907,840.399088995841,30.3083707099705,0.526315789473684
0.831705207767059,0.831705207767059,0,0.549021319703693,0.955832562741399,650.701294924864,415.99851429102,-37.801498608181,2.32774722348957e-05,951.065347267633,13.0391593633861,1
0.539792388863613,0.539792388863613,0,0.368755723070776,0.564429208755566,675.356400241627,149.999464287628,111.574696701867,786.979491823172,0,21.4450107420319,0
0.712833794148967,0.712833794148967,0,0.207939093645534,0.390836433265047,783.993816646975,135.999514287449,119.678064183438,1402.50372601474,1174.67792893798,29.5510670087922,0.526315789473684
0.993003079403368,0.993003079403368,0,0.0720793575750386,0.754505530315902,735.33206470029,129.999535715944,111.879296132108,968.802744000632,787.765481118838,23.0529330924991,1
0.919165205459037,0.919165205459037,0,0.396017307383259,0.118750852566359,606.830766143454,155.999442859133,112.031463324878,798.595971068892,300.884158308488,18.9172780420596,1
0.667375278285753,0.667375278285753,0,0.548395226533704,0.763355708712008,897.19343552388,153.999450001964,115.401720924136,1152.98004823294,746.34653731113,24.7484451638437,1
0.709595016930998,0.709595016930998,0,0.446614267391278,0.574989069666518,611.608049624914,153.999450001964,102.872463760743,290.554941002569,670.337440790695,13.449346091017,1
0.503584988150769,0.503584988150769,0,0.47017681202983,0.106116653481169,986.173407007264,147.999471430459,126.414354953605,2574.12134868165,1723.40649370833,25.3176866714992,0.315789473684211
0.966641698848363,0.966641698848363,0,0.531904820918033,0.225654888514819,899.321172661778,143.999485716122,125.301815027115,1729.0066395443,1614.05187701041,24.4163801198111,0.526315789473684
0.939543815174944,0.939543815174944,0,0.222942767500635,0.418655633679448,799.214964989387,131.999528573112,118.673314187373,1441.81531155474,1237.18415432136,27.3782319742343,0.473684210526316
0.82335384673038,0.82335384673038,0,0.924528231807311,0.344507774680397,636.030979267014,167.999400002143,107.957449857792,464.741914927156,581.967950232487,8.55227694217745,1
0.695043534423589,0.695043534423589,0,0.208393389769047,0.889156867648095,990.573719365332,123.999557144439,119.735678992219,1798.43961598852,1746.06584633188,36.7422110673258,0.526315789473684
0.915646403113528,0.915646403113528,0,0.434789552781823,0.788488414967654,760.285922518473,147.999471430459,111.947500178716,828.952504880519,836.834320473655,14.455279593466,1
0.89113966251054,0.89113966251054,0,0.889114770549104,0.327913076594546,603.856524921945,167.999400002143,104.97965392135,334.999921460115,569.013602924091,6.83843736596685,1
0.575005389816494,0.575005389816494,0,0.719711497446371,0.485139005673859,813.539984743103,161.999421430638,115.161729293358,1071.52666232184,10.2649047821005,17.5338068757132,0.526315789473684
0.936506494026308,0.936506494026308,0,0.0790096326156026,0.00700712205771725,855.613666403508,141.999492858954,127.15858077082,1941.01405556838,1199.93857792996,41.8622955627807,0.631578947368421
0.920842835643762,0.920842835643762,0,0.669830752337534,0.202750946901278,865.476520032764,151.999457144796,120.912676775045,1560.20080335752,1432.69987500378,32.7269273778728,0.526315789473684
0.638568562297453,0.638568562297453,0,0.20443781160994,0.521320234417908,651.230197390516,143.999485716122,111.17935052749,748.772907209211,387.634818877268,14.4944887750226,1
0.715510459805027,0.715510459805027,0,0.772342450517357,0.444920442635433,782.625873177525,163.999414287806,113.893528440564,920.190615349365,565.071990098279,8.77436228074387,1
0.777882077543494,0.777882077543494,0,0.867789352831072,0.579462725989846,755.258963887967,165.999407144974,111.84737643198,737.282349955833,765.365798016401,8.48473522606468,1
0.832413166488206,0.832413166488206,0,0.170887376837113,0.0712402931209618,860.410158853193,141.999492858954,127.42502917876,1917.51019458435,1228.9971287305,22.7365464032026,0.684210526315789
0.709292606688882,0.709292606688882,0,0.414200685161295,0.72652637540146,753.956280071295,149.999464287628,111.976759663005,826.604204576987,778.713683279365,4.45556573768295,1
0.663675763465719,0.663675763465719,0,0.57396504931751,0.496924637231621,660.615551984463,159.999428573469,109.701582011948,604.895560779109,479.913874495699,7.16091936945,1
0.633330404037657,0.633330404037657,0,0.232875017651658,0.486232717770605,847.031957746261,133.999521430281,119.924381501981,1561.00895519362,1398.45727124007,25.1848319547559,0.526315789473684
0.716826050577516,0.716826050577516,0,0.853129799436991,0.148350266750873,974.611666273537,157.999435716301,122.179238619578,1988.53140433996,1905.11727739631,25.8055422966251,0.526315789473684
0.668277404761059,0.668277404761059,0,0.51770393122603,0.96914957367683,732.103231351698,155.999442859133,106.037477522373,412.048265565842,856.079253888844,12.8800693827389,1
0.999197113685485,0.999197113685485,0,0.0238962431375809,0.837852424109744,953.811522770269,115.999585715765,121.037762346614,1758.4008672267,1851.48629083779,19.5558358094308,0.526315789473684
0.739338244412691,0.739338244412691,0,0.759115272779339,0.183457749002187,767.2820572837,165.999407144974,115.693796337421,1088.66102412139,35.295425093758,22.559842498401,0.526315789473684
0.728419219361699,0.728419219361699,0,0.981182820279944,0.865154790636809,931.314863356127,167.999400002143,115.214655306813,1048.92148806432,894.594730525548,10.994634517083,1
0.824128599817762,0.824128599817762,0,0.911777495059341,0.00694411962353536,711.30359011519,169.999392859311,115.945596177295,1085.36558763994,417.129490270813,35.6054880936898,0.526315789473684
0.501514594967006,0.501514594967006,0,0.139155667671631,0.541292699297239,670.74954482671,135.999514287449,112.816542831686,999.826727800189,384.312299861805,24.2084462381879,0.473684210526316
0.532677876612678,0.532677876612678,0,0.795656104254943,0.647102993451385,970.178372801528,161.999421430638,117.36369813502,1344.11893394626,256.454483884266,21.4955335615298,1
0.628899007149203,0.628899007149203,0,0.125063744918261,0.112166354443714,616.240286774535,135.999514287449,115.353492718746,1286.00179297295,446.312415982198,24.8108189201931,0.421052631578947
0.828184198922819,0.828184198922819,0,0.252593317096352,0.555733351663584,702.063178804361,143.999485716122,112.78866381665,850.642277637788,721.926818886863,10.8046195386917,1
0.793574347766491,0.793574347766491,0,0.600848348404559,0.0481079023376028,950.405651902863,151.999457144796,122.949032102952,1932.04632443403,1710.19504036068,30.0463304560348,0.526315789473684
0.799326711909869,0.799326711909869,0,0.573745902822263,0.169533076212724,604.957296102841,161.999421430638,111.195933904862,702.008398033829,222.936959093666,20.0023522114791,1
0.785906400079065,0.785906400079065,0,0.614187315417414,0.495512211503895,854.831866222952,157.999435716301,115.518040818763,1141.87374280891,692.871350736746,21.95813034216,1
0.972820488603994,0.972820488603994,0,0.0154308672286554,0.125802078029236,988.774481758261,135.999514287449,123.803663866803,2322.11980546642,1513.72237934699,30.9270179248667,0.578947368421053
0.603529533366316,0.603529533366316,0,0.779704485502576,0.857152585216926,675.508756530732,403.99855714801,-44.126092455061,1.23644818342261e-05,713.339649000146,11.4722043706638,1
0.715343081476606,0.715343081476606,0,0.253019622471065,0.41148315593062,893.701413434327,133.999521430281,121.117950704963,1738.6585564578,1690.66643943759,28.2471349611411,0.526315789473684
0.832809204232911,0.832809204232911,0,0.00824284104522011,0.703919247967413,694.734587326193,127.999542858775,110.825641603557,874.766478039501,798.966876470079,42.7330183995897,1
0.82193035260527,0.82193035260527,0,0.355253597411174,0.431216283186782,930.666888679604,135.999514287449,122.279039700975,1807.04232451132,1756.93632149674,22.0074930410387,0.526315789473684
0.581675384853549,0.581675384853549,0,0.336600384047669,0.757897113818484,888.406637995362,145.999478573291,116.214975330051,1292.39519610499,566.859416934806,28.4320755406377,1
0.520706821811843,0.520706821811843,0,0.151661395462001,0.377794025659048,738.784219970695,129.999535715944,117.802473062282,1545.81479598495,1178.91607090156,26.9348466567419,0.526315789473684
0.668934594243098,0.668934594243098,0,0.350757298102812,0.850277698233514,946.289260462508,139.999500001786,120.486650843799,1546.53126287246,994.551849844828,26.2475491344905,0.526315789473684
0.937055771054093,0.937055771054093,0,0.251716989098987,0.450353387760695,698.337755983434,143.999485716122,113.857451479792,906.054236049738,626.100756948974,13.7596826325459,1
0.785341876600873,0.785341876600873,0,0.351710393276464,0.0271132855332007,618.005821879766,145.999478573291,118.482698760141,1186.50031126965,1039.75169668937,21.3002167543149,0.526315789473684
0.515348812127281,0.515348812127281,0,0.760837015294565,0.0375480197580084,819.326986374959,155.999442859133,121.237562991288,2012.71800232847,986.662362100547,29.443028094318,0.368421052631579
0.998326447866153,0.998326447866153,0,0.428372605645275,0.280813975679878,757.861440044848,151.999457144796,115.03436754075,1085.36912899758,506.049498925789,28.7497977175278,1
0.925995485726507,0.925995485726507,0,0.793043578074531,0.845348003239919,673.104002448283,401.998564290842,-42.84346504977,1.49364727400694e-05,876.43714581066,16.5590249293931,1
0.757536110234503,0.757536110234503,0,0.47529591341417,0.799669681124581,843.702537582034,149.999464287628,114.128136507492,1022.8637072084,868.730159048106,10.9476372927614,1
0.924459489606171,0.924459489606171,0,0.782013771445575,0.204051042726021,699.419439289369,165.999407144974,113.310542330874,855.741520893518,446.076162242089,20.7757893090665,1
0.880667915313064,0.880667915313064,0,0.793922905232197,0.940316661950885,894.750784379549,159.999428573469,114.223784984948,994.224029724937,936.312144848036,14.2239640763268,1
0.789315800843653,0.789315800843653,0,0.354947504547154,0.0766130899865399,728.17487457792,143.999485716122,123.185056489358,1441.86571254471,1266.84708457509,24.3449045529145,0.526315789473684
0.781923978084032,0.781923978084032,0,0.591209188057996,0.0929520830644684,843.998987108441,151.999457144796,121.025375378647,1658.2949838718,1664.19070346832,34.2198448748503,0.526315789473684
0.919986896532816,0.919986896532816,0,0.433126118634461,0.533711748443516,701.33279153064,149.999464287628,111.65000181641,793.858322388652,693.091313624519,14.9588784477002,1
0.971802620251869,0.971802620251869,0,0.860425555309559,0.350007500392954,787.579473187689,163.999414287806,114.565488301883,988.186280158991,582.067196823284,7.3028318201803,1
0.552195615359611,0.552195615359611,0,0.7257554761757,0.103921222064186,924.622567237744,153.999450001964,123.196796772942,2255.68847570004,1482.95270988062,32.1196750219713,0.368421052631579
0.81654553543532,0.81654553543532,0,0.149065826348831,0.191136899416806,666.212067723699,143.999485716122,115.103637386672,1041.63027157281,241.156087161457,22.0559125112421,1
0.924844672675286,0.924844672675286,0,0.357905594170565,0.141243978639954,688.212435529671,153.999450001964,114.303060671998,1008.5777157177,331.806542730125,26.7197690389269,1
0.71879370000824,0.71879370000824,0,0.192603428881997,0.471676276603424,802.196926414713,133.999521430281,118.618676572699,1404.95448239193,1139.78195835079,33.7871496001309,0.473684210526316
0.99241695082989,0.99241695082989,0,0.440875567009417,0.710214578658836,975.26614546658,133.999521430281,121.049215176644,1781.59953275818,1678.99980141091,21.4015149766436,0.473684210526316
0.597210973391394,0.597210973391394,0,0.170452163918695,0.655557570712138,884.127238865793,127.999542858775,118.667392330187,1601.14651660404,1480.21748546695,29.3315346573284,0.473684210526316
0.513854477563539,0.513854477563539,0,0.866042661381013,0.322842587684524,875.719482548026,143.999485716122,126.03304940427,1803.22763193959,1548.46240228099,25.5082422500057,0.315789473684211
0.748164865828782,0.748164865828782,0,0.794663611332908,0.910238005976482,907.112695501279,161.999421430638,114.594714347208,1021.90636239693,927.146623119076,20.7961257978485,1
0.543754246826891,0.543754246826891,0,0.331236222627338,0.438943318907125,849.208165380923,133.999521430281,121.217632518612,1746.55775944876,1480.89948507217,45.2764735671472,0.526315789473684
0.649703316786243,0.649703316786243,0,0.0816591487461368,0.867570325043001,893.72319520797,121.99956428727,117.843960711317,1535.10287979737,1513.36139358475,40.5219489022711,0.526315789473684
0.511986223546945,0.511986223546945,0,0.760180777230726,0.632002277018297,850.283533535836,161.999421430638,115.189909320366,1074.92676705949,0,17.4127466631738,0
0.863318003946479,0.863318003946479,0,0.599160428978691,0.976029663441909,939.907894380794,151.999457144796,115.491512737486,1175.98830993418,951.671614544328,15.9421761844735,1
0.930311248079863,0.930311248079863,0,0.99494961870244,0.888095091175353,869.63590794575,165.999407144974,113.516814462932,885.676188964572,903.08049063437,15.8958095793327,1
0.811893269231391,0.811893269231391,0,0.915634995049695,0.907243791075111,882.667686268418,165.999407144974,113.796413720088,917.839381538075,946.288830860195,12.9252376200739,1
0.725228376134175,0.725228376134175,0,0.483758969996387,0.341489432291036,837.274346150628,145.999478573291,123.483833062417,1475.30462119362,1230.5973935232,37.410607822679,0.526315789473684
0.61460512779946,0.61460512779946,0,0.947679087141652,0.197618070668293,607.513782926249,161.999421430638,113.214331897999,863.625197593394,0,10.137038835445,0
0.759980712804564,0.759980712804564,0,0.301527239959264,0.888145560703498,889.298309581076,139.999500001786,115.574801203957,1241.41429990751,905.843765467876,23.9701782688383,1
0.997140304078604,0.997140304078604,0,0.662118345037399,0.669100917422925,666.963332710268,157.999435716301,105.871846370903,399.874396599733,769.492306315764,6.74784065278776,1
0.847116914607454,0.847116914607454,0,0.216072803126682,0.572652084240644,714.22702492537,139.999500001786,113.160003005928,896.618607586767,726.721142686321,11.2292381481885,1
0.911404799438407,0.911404799438407,0,0.0293307502708569,0.429062163850398,955.971962668785,125.999550001607,120.372298267916,2041.7114355243,1655.01442879437,26.7033801311802,0.578947368421053
0.734889590569101,0.734889590569101,0,0.207471711583094,0.353072801826512,940.31965894622,133.999521430281,121.913829808855,1987.62576188273,1764.33455651016,26.3709050514668,0.578947368421053
0.56618229263359,0.56618229263359,0,0.712042587664157,0.87302840617889,648.10956896394,405.998550005179,-43.5997677626563,1.35412625123371e-05,654.983901435662,16.6801869091648,1
0.981834118960301,0.981834118960301,0,0.128117104616208,0.292905653894168,929.761722197369,131.999528573112,121.095991976745,1985.47044483666,1509.83990302003,30.059476643611,0.578947368421053
0.921771944349774,0.921771944349774,0,0.78427945870133,0.603096755619742,841.039703463118,159.999428573469,114.551599831563,1026.69208234932,748.979441771135,16.6255230792195,1
0.648308269569333,0.648308269569333,0,0.926876313348043,0.85275308283836,905.205723943746,167.999400002143,114.699668597389,991.996789464786,785.576604070454,6.8488748595457,1
0.502883896304893,0.502883896304893,0,0.00252362568070952,0.868174570116022,632.561381392168,131.999528573112,107.637759843407,598.27713338953,427.496802587062,4.77092776588448,1
0.869785107845303,0.869785107845303,0,0.698296596615208,0.206537200053143,888.595223442509,151.999457144796,121.006358070648,1613.87514223036,1502.01128395225,35.9653343250772,0.526315789473684
0.706879778456355,0.706879778456355,0,0.413105875647421,0.84748996247841,694.72425020457,151.999457144796,107.367174541615,495.324565862878,842.730202752866,5.83977257627342,1
0.597118682499699,0.597118682499699,0,0.70922074398044,0.812216575691663,880.662829638351,161.999421430638,114.560388524769,1019.89940563866,668.726400712613,18.6715633848345,1
0.690198037361971,0.690198037361971,0,0.165508750613666,0.249659390320002,961.239856493295,135.999514287449,123.562718615016,2232.2565667344,1648.51559506657,26.8476135444506,0.578947368421053
0.723704100457689,0.723704100457689,0,0.367640806660445,0.781470213467041,818.238922030989,145.999478573291,114.215701962957,1004.78847695006,826.118851867158,12.4984037645873,1
0.706284888985614,0.706284888985614,0,0.450723880702982,0.747215738188889,607.257324733974,387.998614290663,-42.0602757738278,1.81821182458977e-05,789.197513712256,14.7848361470839,1
0.765531392476086,0.765531392476086,0,0.401028077516253,0.244692340706075,663.666698327554,153.999450001964,112.786212413001,866.874015365669,278.421594611227,12.7746608954717,1
0.731079011251679,0.731079011251679,0,0.738261436408547,0.924329357255248,964.746396615996,159.999428573469,115.915903335342,1195.26068489204,916.419720092793,17.7946555946221,1
0.512039517875339,0.512039517875339,0,0.875434345039956,0.606216382354104,780.843363808675,165.999407144974,113.615963167451,885.39750500118,0,17.6754430513703,0
0.659695002406357,0.659695002406357,0,0.0845311834462731,0.926661114416889,770.037766921108,131.999528573112,111.842739846095,934.811049089215,803.859495347057,15.5030538819793,1
0.767623218774279,0.767623218774279,0,0.242929505032243,0.554340765906525,894.147916824591,129.999535715944,119.519402646778,1652.81722207919,1566.4524847049,24.4437448120998,0.473684210526316
0.965540834071809,0.965540834071809,0,0.858580909951615,0.859146018925419,901.138565486152,159.999428573469,114.73058017518,1042.69217303562,877.489948944199,13.2846002841114,1
0.939558549879067,0.939558549879067,0,0.334425013471305,0.866094354365606,699.077424239374,145.999478573291,109.199193097914,638.051965868673,864.500192841324,7.92363127206052,1
0.936051166007699,0.936051166007699,0,0.379204854332351,0.900348697042583,749.673219036218,145.999478573291,111.02748494869,763.932079614079,883.932189904459,11.0931719430282,1
0.538710643594181,0.538710643594181,0,0.228539332487676,0.879118545539867,680.414546447623,143.999485716122,108.480216087442,591.834997328877,572.906650805613,10.8674016308281,1
0.964866889646337,0.964866889646337,0,0.413712569877618,0.121616427111831,786.247435830088,145.999478573291,122.395733059467,1467.90683840943,1359.50220975831,43.4028263829154,0.526315789473684
0.876935319615491,0.876935319615491,0,0.620234728118331,0.624652697701738,953.523162123664,151.999457144796,117.588752710214,1449.78134666975,768.241588733982,29.8187137735557,1
0.976868120782444,0.976868120782444,0,0.770742487881843,0.672367287673532,985.588838156457,155.999442859133,117.935006415794,1465.75208629544,777.084774457939,31.0066170436815,1
0.55080699272184,0.55080699272184,0,0.710473063158027,0.317500845506081,855.271024544429,143.999485716122,126.884977091596,1721.3716314021,1432.16625547167,38.2548252272245,0.368421052631579
0.60596757865124,0.60596757865124,0,0.454142067187462,0.502896183326671,888.35612761912,141.999492858954,126.080140408989,1588.16125875703,1331.43258564091,24.2428144458388,0.473684210526316
0.77002259104712,0.77002259104712,0,0.154105145406928,0.121922425640666,813.947784905884,139.999500001786,124.320385518227,1783.14687552448,1158.1950625948,26.2719489596914,0.578947368421053
0.748286158974186,0.748286158974186,0,0.294025304477807,0.839392796346356,644.242900895156,145.999478573291,103.143657576994,320.194471897671,874.814603004589,16.9575610702263,1
0.580163234691452,0.580163234691452,0,0.518551744377016,0.153785239894274,692.888497146202,145.999478573291,120.894117394889,1494.13120961629,909.104496937338,34.7389122642066,0.368421052631579
0.953461695062437,0.953461695062437,0,0.346835848301711,0.542640826912867,837.044509225011,141.999492858954,116.348052532286,1278.419215773,688.474239270501,32.8864435144167,1
0.655301550618676,0.655301550618676,0,0.183297531952407,0.00488294487014374,894.399669663735,145.999478573291,124.971958588615,2308.22150231726,1316.73213463762,23.1593128174253,0.315789473684211
0.953551364057776,0.953551364057776,0,0.661592739377336,0.132788324691896,898.243187866699,151.999457144796,121.302111586758,1684.24267595579,1638.64857889896,37.3170604395596,0.526315789473684
0.90162128814559,0.90162128814559,0,0.799856833508119,0.77475314333976,671.460858055265,391.998600005,-44.4256133990265,1.33944863664123e-05,848.149496646673,14.565748173956,1
0.72159839315803,0.72159839315803,0,0.812953893575985,0.363942774447089,921.873154120593,163.999414287806,117.447524151225,1314.5795817581,463.98168464464,20.8574014632427,1
0.905083709332026,0.905083709332026,0,0.86371135237963,0.187356310411046,825.893837971551,161.999421430638,117.253895275243,1306.46486616975,766.492092183494,33.1959239328491,0.526315789473684
0.746797061593053,0.746797061593053,0,0.622509387192872,0.809946419109178,898.750761665536,155.999442859133,115.063103959072,1110.3862084415,872.878270754022,17.3914669165999,1
0.709799468884158,0.709799468884158,0,0.413379085927577,0.577309713581447,785.327844334709,149.999464287628,113.909432459987,990.090141747661,669.706514440357,20.5456825138852,1
0.795102020042898,0.795102020042898,0,0.364933820800077,0.536009711984849,629.942807631609,149.999464287628,108.582388447224,573.487771339286,713.675861565062,15.8540384921948,1
0.678885745299788,0.678885745299788,0,0.629218091919034,0.501672672993853,838.86536055388,159.999428573469,115.184023470835,1091.00584556474,536.253063169358,10.8664237575242,1
0.811925970847569,0.811925970847569,0,0.777511743197668,0.538314710914987,636.339175447504,161.999421430638,84.6957434081335,39.5782672061648,736.836005904211,8.76189945388026,1
0.624817500069929,0.624817500069929,0,0.7102082916185,0.691023539917089,689.525737606312,163.999414287806,104.920706362638,343.227523573027,623.842913857599,9.73706440578805,1
0.577577734237963,0.577577734237963,0,0.652653614716087,0.738431410784259,801.461968638911,159.999428573469,112.922521128845,858.083257539739,559.466437576763,10.393517629558,1
0.544544029668897,0.544544029668897,0,0.385202258383813,0.663249752749348,833.1862460629,149.999464287628,115.181247815135,1113.35625507441,292.425532588152,12.2306380416586,1
0.862922839367347,0.862922839367347,0,0.300662233319493,0.976423102658017,600.702462956097,423.998485719694,-32.7793678679991,3.82769112087546e-05,938.37547134317,12.538253708309,1
0.983720066253426,0.983720066253426,0,0.153990309495038,0.594792104326681,648.815817954465,137.999507144617,110.220062759738,744.651125707311,707.082512425056,9.09561227693288,1
0.503247650690052,0.503247650690052,0,0.208380794241018,0.529783361817782,771.397203912271,129.999535715944,117.810747117046,1455.52776072846,1334.96495424634,37.3736505631404,0.526315789473684
0.919551421021663,0.919551421021663,0,0.74029768459217,0.451338140903496,700.937013463474,161.999421430638,111.381987942157,719.814532692335,652.859691320104,13.4145405127256,1
0.918985365648348,0.918985365648348,0,0.299301404265579,0.468985020091994,966.15870429542,133.999521430281,121.468142235499,1970.67274676992,1860.91863378264,24.0470474255185,0.473684210526316
0.973240069560438,0.973240069560438,0,0.401603024028284,0.64694881862405,859.019443333672,143.999485716122,116.122014799054,1263.05911171706,748.915739969141,30.2035859683935,1
0.990279674376214,0.990279674376214,0,0.293359175990436,0.853892957045367,686.871317732464,143.999485716122,109.028986101328,633.990378067986,849.095568844789,8.62691631992266,1
0.735910335688867,0.735910335688867,0,0.289083752995799,0.143668284430473,881.986553317184,141.999492858954,127.674192404492,1949.03829143458,1278.08858075244,34.9978860698993,0.315789473684211
0.74175291250381,0.74175291250381,0,0.264107032957762,0.672707141096326,627.767499139358,145.999478573291,107.280960492954,515.692294023864,775.372966778696,7.6811719886679,1
0.834640179246565,0.834640179246565,0,0.23250223246241,0.217249441866319,984.964719657439,137.999507144617,124.540426621077,2060.39900016165,1755.61805563362,25.4308026302743,0.684210526315789
0.954708758087856,0.954708758087856,0,0.983163502490306,0.848565871968332,823.65914289446,165.999407144974,112.229649745593,769.794363652896,878.230921581947,12.0288046036865,1
0.989011845173615,0.989011845173615,0,0.901069205625417,0.10827587239087,806.148213109624,167.999400002143,116.420636480089,1147.2034086165,380.384680394194,16.915885972328,1
0.783693730874182,0.783693730874182,0,0.655517079333589,0.345187693272879,954.777712474469,145.999478573291,125.322035507109,1777.18786626692,1622.79392343147,33.3005306905032,0.526315789473684
0.961240229873737,0.961240229873737,0,0.0256881797412004,0.071846161395194,792.746382872868,137.999507144617,121.927588068938,1720.27318582735,1102.27776106071,28.1445568972772,0.526315789473684
0.540963135348673,0.540963135348673,0,0.827331070668441,0.957100767331694,979.769218608358,165.999407144974,116.172453396298,1177.26098459117,673.521705911482,9.1284243244441,1
0.84731343692408,0.84731343692408,0,0.7402674111189,0.302550016340168,870.712431270406,161.999421430638,116.707437587998,1238.00151737882,531.12285368674,20.0161456819756,1
0.95108767550801,0.95108767550801,0,0.0306908996581889,0.545543686570183,973.940912745295,121.99956428727,120.254653287064,2027.46267230508,1784.98793029773,25.6362945934795,0.578947368421053
0.711082967237204,0.711082967237204,0,0.972156168220672,0.981314087466621,620.787265160246,419.998500005357,-43.4253827252987,1.23824892396887e-05,927.780994747704,12.6814807550339,1
0.745950093976918,0.745950093976918,0,0.638313544860729,0.860548877089166,618.257870736931,403.99855714801,-41.8583415993025,1.64319535625804e-05,897.207251032847,12.8062973976876,1
0.529682435981226,0.529682435981226,0,0.751204264880211,0.144625666057233,844.302531289322,151.999457144796,122.088898597745,1996.61658762189,1304.94099634926,31.8847727094634,0.368421052631579
0.756335324293773,0.756335324293773,0,0.207651502708788,0.112663132436309,700.584908430143,139.999500001786,122.029998457321,1439.20439155809,1034.19207799835,27.9697342336459,0.526315789473684
0.554943646183027,0.554943646183027,0,0.999046277301722,0.454918979596604,951.76998723374,151.999457144796,123.084359756451,1745.50502787796,1521.88099001857,37.9865513465075,0.526315789473684
0.660448162992005,0.660448162992005,0,0.530001886163928,0.717795198787564,667.696385424739,155.999442859133,104.608739960828,347.162338544596,703.359042769886,4.37772605383269,1
0.577405930890332,0.577405930890332,0,0.502566978967521,0.068494968823189,962.128881801273,149.999464287628,124.467395659972,2433.58889438503,1597.09835098715,25.8955533597144,0.368421052631579
0.790015003745988,0.790015003745988,0,0.732355958629006,0.33475547403334,759.231132726253,163.999414287806,114.007992119195,932.410627030637,537.902462326838,19.158489678705,1
0.808367393046877,0.808367393046877,0,0.413787450192949,0.672489296615835,964.498174078654,133.999521430281,121.581083111233,1750.65758049064,1607.06679919927,30.20963225378,0.473684210526316
0.944079993647619,0.944079993647619,0,0.135168574869209,0.741749532455283,701.813795262159,133.999521430281,110.932933534539,827.600414477521,791.432165898412,9.81705361621242,1
0.6844982111089,0.6844982111089,0,0.531409211108315,0.657755479926645,742.898059327198,155.999442859133,111.708551809444,778.212340081022,699.253905645344,15.9007559479084,1
0.764094475332263,0.764094475332263,0,0.307723980330478,0.636762793927378,603.800495762895,147.999471430459,103.787994326843,340.854078632025,771.419372667582,4.83302006020347,1
0.63424912994718,0.63424912994718,0,0.3357664411561,0.0923430723765608,981.022669926549,145.999478573291,127.149964397914,2434.12992867952,1642.35479710483,23.4510099139979,0.368421052631579
0.947455452489149,0.947455452489149,0,0.949278597393542,0.178654969731195,696.136947623156,169.999392859311,113.2291841861,825.920052120313,437.887353260107,14.2330793301389,1
0.815397232046109,0.815397232046109,0,0.57159374006746,0.806272268419725,651.372906292546,395.998585719337,-41.4464671115965,1.81573699218479e-05,884.448246969483,12.9325531564989,1
0.79236377626056,0.79236377626056,0,0.191015203363598,0.348360465610993,868.874216340611,131.999528573112,120.566289978306,1728.94847413685,1564.67450539113,36.9668135100756,0.526315789473684
0.8381289808045,0.8381289808045,0,0.981891853555521,0.379921602160048,724.325127652283,167.999400002143,112.246465568367,749.249601959044,621.563052429512,9.05290809928606,1
0.955169836433626,0.955169836433626,0,0.280807207369108,0.235735485869132,939.496730404879,137.999507144617,124.288991238358,1961.14552273139,1648.36348835424,31.1768672707695,0.631578947368421
0.746795928524154,0.746795928524154,0,0.866699767161035,0.507195916342189,969.919635365176,163.999414287806,117.584337333957,1355.53644372048,688.735227097702,21.6659771174577,1
0.504325115747306,0.504325115747306,0,0.0404934837610151,0.795152338461044,832.442712905246,123.999557144439,117.179992256327,1431.18055735664,1348.16323047869,24.9063059538609,0.526315789473684
0.703809337551183,0.703809337551183,0,0.0411854270117208,0.440200948460329,722.187363770712,129.999535715944,114.943938453803,1204.83719327438,802.288167190571,40.2554439039313,0.526315789473684
0.87522902231288,0.87522902231288,0,0.0141271930063823,0.722609341878206,657.347488429625,127.999542858775,109.573441275552,761.368190709269,794.757704775091,16.0343424431764,1
0.898406800372989,0.898406800372989,0,0.666024130213479,0.464290794949469,757.575386967741,157.999435716301,113.263423273838,897.242863561686,661.835736950288,15.2479172205302,1
0.883123533952088,0.883123533952088,0,0.119901647178553,0.389988419660145,686.806123723913,137.999507144617,113.372844530316,963.144955901064,576.263151914257,21.8350897975007,1
0.84714231015868,0.84714231015868,0,0.244496191691109,0.799895222743585,721.798564838399,141.999492858954,111.334166785656,792.121109067875,857.445304855056,9.29947263336685,1
0.929384509747124,0.929384509747124,0,0.707024165343055,0.82342607120323,645.54108717368,397.998578576505,-42.5109359008057,1.59862096433747e-05,861.51662190326,14.3633610744908,1
0.813274228478806,0.813274228478806,0,0.232597146641297,0.0655296551659477,966.392112397059,143.999485716122,128.900193885807,2239.37872141281,1408.60063753929,21.1653368477355,0.368421052631579
0.925365519461133,0.925365519461133,0,0.835834554693645,0.0694523008897302,682.592664564314,169.999392859311,113.865225840243,878.816812149451,290.613473734584,19.7650195679055,1
0.67190099285804,0.67190099285804,0,0.294692441369737,0.597582900935029,987.664637754886,131.999528573112,121.375833214153,1949.93883125391,1943.65293758182,20.7637895974215,0.473684210526316
0.617105257574687,0.617105257574687,0,0.449523477018503,0.23864263831303,997.792288873008,141.999492858954,128.719472890146,2271.53736906236,1765.31290888303,27.9281994015847,0.315789473684211
0.897591907746905,0.897591907746905,0,0.844997961788871,0.782856032482239,717.258669520851,161.999421430638,102.71579460309,267.335594659479,855.2429129113,9.85595546124402,1
0.984124657689342,0.984124657689342,0,0.986327859480501,0.203275511096035,873.742796303065,157.999435716301,119.672497026141,1512.73305609214,1338.45795759305,31.4641006577206,0.526315789473684
0.719706796129147,0.719706796129147,0,0.248372420543971,0.429196424542064,896.615249275824,133.999521430281,120.91107252417,1739.16710391049,1697.69405307666,25.8010204015842,0.526315789473684
0.53440771555574,0.53440771555574,0,0.901139676446715,0.369362542559661,812.571235154517,147.999471430459,122.705650766183,1536.37720152918,1344.28232587874,29.7694674792522,0.473684210526316
0.942618261345642,0.942618261345642,0,0.55806635604665,0.194807083082028,786.549856714785,149.999464287628,119.8638220415,1375.53691265469,1160.0556627984,28.7750312049931,0.473684210526316
0.860532556557218,0.860532556557218,0,0.531045277322536,0.391408995163251,896.62667321218,143.999485716122,126.475089600231,1626.21244165696,1414.632522271,22.4304864021212,0.526315789473684
0.699142013348326,0.699142013348326,0,0.286374958333589,0.782765781567019,694.905235594011,145.999478573291,109.817515327064,675.617110279039,792.734733082402,12.0890339425428,1
0.99293829453513,0.99293829453513,0,0.68018273458305,0.571979965969327,617.191587591322,157.999435716301,84.5939405878051,40.9836480956989,716.074892225088,10.2330476548441,1
0.577846067012425,0.577846067012425,0,0.524675600061514,0.903735314988714,649.485209095725,409.998535719515,-40.175550389999,1.85611997234776e-05,689.435700453741,13.7788952349426,1
0.662878807878467,0.662878807878467,0,0.0858681461782679,0.347015062913141,640.524244348628,137.999507144617,112.849553143636,941.319708040238,172.205754265996,18.6451112978114,0.526315789473684
0.811857943730496,0.811857943730496,0,0.983564989427263,0.647498530115132,889.173725548405,165.999407144974,115.251342469282,1060.04975003052,814.206464203766,15.4882223393421,1
0.648175634879944,0.648175634879944,0,0.47983159752903,0.00582316685847339,792.529322669559,153.999450001964,120.836257384621,1881.98949854898,1098.27559629064,29.846640921793,0.368421052631579
0.958229035773364,0.958229035773364,0,0.72585736463888,0.540527247934713,969.031302133968,143.999485716122,126.971028013248,1733.92859157851,1492.396508206,17.5011073003363,0.526315789473684
0.982569358602834,0.982569358602834,0,0.0416702519623604,0.743452927979609,929.337989172286,117.999578572934,119.990885435711,1726.10355026051,1767.77766441984,21.5377786913071,0.578947368421053
0.55922890782363,0.55922890782363,0,0.615171069833113,0.109274041099984,868.435410162595,151.999457144796,122.606859935252,2092.93352345537,1337.3274528747,35.2306888991314,0.315789473684211
0.763719710821432,0.763719710821432,0,0.838274391327268,0.201970289899389,757.261252594017,167.999400002143,115.004387433548,998.341300263381,245.277044374272,16.2180138500095,1
0.841006890675743,0.841006890675743,0,0.926803448283598,0.372458551899731,952.559058437509,163.999414287806,117.992670917303,1423.83460733025,612.044535541457,23.0095610047237,1
0.57835011519233,0.57835011519233,0,0.556990329374762,0.951473994643652,614.622840391447,415.99851429102,-39.9213546150309,1.86216438861735e-05,720.516562637885,12.4907705808945,1
0.706915358732172,0.706915358732172,0,0.524586420205825,0.155017905436129,663.863465618269,149.999464287628,117.082150967615,1166.07597438944,854.760954634333,24.3404734264049,0.526315789473684
0.967278113721426,0.967278113721426,0,0.649361378707332,0.116703107814167,860.936291037475,151.999457144796,120.498651929345,1587.64276828724,1527.70631513597,26.93546626981,0.526315789473684
0.731307326792376,0.731307326792376,0,0.781939529350393,0.261294908250618,789.366117889782,165.999407144974,115.426390222084,1057.56102445382,264.022039205188,18.9896346202929,1
0.61581818788792,0.61581818788792,0,0.147698661096682,0.22638405174432,977.080576389054,135.999514287449,122.149800483097,2423.5344404115,1947.5177925618,27.199245595225,0.473684210526316
0.573270630269149,0.573270630269149,0,0.507491114622759,0.520546101609002,810.488521990139,153.999450001964,115.058750137104,1100.76917934569,74.999750279819,22.0071170738652,0.526315789473684
0.704449267102319,0.704449267102319,0,0.157641028459536,0.670580762869147,990.105733346978,123.999557144439,120.801286062964,1976.78139773245,1805.30628287446,24.8547994839118,0.526315789473684
0.90900792545675,0.90900792545675,0,0.875456229331164,0.143250756603316,946.484915172268,155.999442859133,121.046972792592,1757.9304626043,1745.14428233827,32.6584786093866,0.526315789473684
0.819953555811904,0.819953555811904,0,0.671485546396925,0.808370980454523,928.929144259365,155.999442859133,115.724257224875,1186.60230675006,888.265423115787,32.1133578003606,1
0.629330295976806,0.629330295976806,0,0.653930190047088,0.862451404235618,829.858719762156,159.999428573469,112.93997777335,866.482751265944,752.370619393447,18.8974229755032,1
0.816164049865119,0.816164049865119,0,0.30103350779613,0.385380051524543,799.534283657238,141.999492858954,121.418442383199,1349.5648778534,905.702731634319,28.5546381340031,0.473684210526316
0.607982808263012,0.607982808263012,0,0.352388404558715,0.676562518221165,969.209959855608,133.999521430281,121.544257236672,1803.21719133511,1709.26361961605,23.8699095516464,0.526315789473684
0.973672555462246,0.973672555462246,0,0.418478984698492,0.995251854458587,951.789504871245,141.999492858954,116.543625982865,1368.06719170246,923.762828024209,28.5655212883693,1
0.750575472105526,0.750575472105526,0,0.602772541056898,0.0207834142950668,945.61417501323,151.999457144796,123.316649282383,2179.96646771977,1777.46464606958,20.3514177024949,0.473684210526316
0.577337589201786,0.577337589201786,0,0.7556238974221,0.988023019260358,878.53946582441,163.999414287806,113.536783564576,898.010402766832,748.689907698165,16.6709379622222,1
0.531920306317161,0.531920306317161,0,0.605703972876947,0.987606338419865,726.453549638851,419.998500005357,-39.5898209021043,2.92618150305075e-05,665.76094495098,15.3046691874522,1
0.620567585341081,0.620567585341081,0,0.188633171336317,0.459594880672896,685.533707476595,141.999492858954,113.987548417979,914.616360293514,78.4882971574316,14.085036740422,1
0.652965348403657,0.652965348403657,0,0.410031592233265,0.377689952472601,956.605542255959,139.999500001786,125.062875883234,1957.82934910889,1844.38180052849,23.4896175623208,0.526315789473684
0.98379678200134,0.98379678200134,0,0.292584983551937,0.140954534805208,996.507950396533,141.999492858954,129.158282258514,2146.32273238332,1659.30954861423,26.6764563747728,0.684210526315789
0.895139998140706,0.895139998140706,0,0.175499271167811,0.147657209772622,602.894538403805,145.999478573291,113.210588396418,862.360147001845,292.139594084538,20.3988726137003,1
0.571536796486084,0.571536796486084,0,0.0681152381463859,0.756326532315957,865.467534705018,123.999557144439,117.992692568101,1533.98390286965,1549.84369123187,23.3210274034811,0.578947368421053
0.542604654536036,0.542604654536036,0,0.34136494692069,0.33924071675752,800.293171871166,137.999507144617,121.99937770352,1695.82581802627,1245.05796198578,31.1717740072378,0.421052631578947
0.540588022842009,0.540588022842009,0,0.542299850382602,0.326129390812176,643.801735813224,145.999478573291,118.344098272475,1133.74383083116,767.302747556173,30.0671277328726,0.473684210526316
0.563593672880777,0.563593672880777,0,0.403589951921924,0.340556196805764,719.431764313734,137.999507144617,121.268781838715,1394.93983689757,1183.18147389745,33.4034101258051,0.473684210526316
0.934189170729922,0.934189170729922,0,0.951384963593285,0.47621321200307,818.00766346304,163.999414287806,114.512672113536,981.788309333141,675.517322936441,14.6951584215777,1
0.597682067775965,0.597682067775965,0,0.550029651267426,0.163538890840004,984.217737827675,147.999471430459,126.356929756991,2314.02187808201,1675.02571985111,26.3370447094442,0.368421052631579
0.580486168918568,0.580486168918568,0,0.50344892417862,0.598407358686933,928.855395712046,143.999485716122,126.300003254403,1634.65885048305,1348.18922835449,25.3787226195556,0.526315789473684
0.692855313728172,0.692855313728172,0,0.756471440432255,0.722846739071847,990.281536552376,159.999428573469,117.194164223636,1349.11184065772,768.13904803205,22.1759786042649,1
0.82862768479563,0.82862768479563,0,0.684300422682712,0.734561701962865,698.847443165014,159.999428573469,106.307095675326,413.192167727751,848.158133061638,5.3956236482536,1
0.995137862087475,0.995137862087475,0,0.945284234682789,0.553615543454032,970.142307230193,159.999428573469,117.50077308562,1381.6512784821,715.043146432794,21.4732687017258,1
0.923010462657022,0.923010462657022,0,0.0584161775694254,0.542531529392926,756.742163243925,125.999550001607,115.850230225644,1294.86157187783,1071.63088919216,30.6188450859914,0.578947368421053
0.835537357463206,0.835537357463206,0,0.974656775203555,0.215442151056431,710.476135516376,169.999392859311,113.313541954213,825.02545494448,436.167918834635,16.56066962865,1
0.988444211223864,0.988444211223864,0,0.276022022643642,0.483983689797585,910.272253825462,131.999528573112,120.528330895249,1769.79606161463,1734.05941349792,22.5557051098628,0.473684210526316
0.644831377707501,0.644831377707501,0,0.851982695286099,0.945759922785898,838.253829726297,165.999407144974,112.059427830328,748.748156324014,826.855215909149,8.542008789622,1
0.832108240670295,0.832108240670295,0,0.26908395239117,0.0459094611271457,947.788981647661,145.999478573291,127.852422261323,2152.29967836506,1407.36461607801,26.5307391330637,0.315789473684211
0.620949523933597,0.620949523933597,0,0.663416608203798,0.871905352202679,663.351929686943,405.998550005179,-42.5048505472456,1.48261904597997e-05,746.140647358063,13.9030968510615,1
0.808387925466344,0.808387925466344,0,0.78571209776005,0.640654602348714,733.784672471072,161.999421430638,110.650032247318,659.69139177963,803.804882057721,4.57719587789402,1
0.752580258266218,0.752580258266218,0,0.257676802558903,0.381804931985564,860.721831566511,133.999521430281,120.88110757844,1624.17087918976,1487.41603825858,24.6586280728606,0.526315789473684
0.507612275861619,0.507612275861619,0,0.110131859812181,0.301410335066455,717.533247475386,131.999528573112,117.546534090031,1586.08454939613,1024.99278603052,29.275057172004,0.421052631578947
0.848593659297195,0.848593659297195,0,0.0455248607783272,0.467227852241637,780.645557522107,123.999557144439,117.583982024465,1432.569624199,1314.15032706819,30.9582848438549,0.473684210526316
0.758174163186783,0.758174163186783,0,0.409155094572523,0.720892086229132,886.887206545988,145.999478573291,116.112651183627,1245.41039476764,824.110470908303,21.4086499167274,1
0.564419555821728,0.564419555821728,0,0.622248649441562,0.102778563298452,930.206369343333,151.999457144796,123.626030689497,2278.93784609834,1523.88344827967,34.7788754568023,0.368421052631579
0.934934365787509,0.934934365787509,0,0.939833096125799,0.116424649998622,733.484882060881,169.999392859311,114.736560345329,955.396473907843,366.564892859227,15.7684857588994,1
0.536974115101196,0.536974115101196,0,0.44904614423012,0.647394511207779,610.814355308971,153.999450001964,100.168050707886,215.533680171247,213.481327225581,8.9900576769202,1
0.876636155360372,0.876636155360372,0,0.30305041969198,0.412893231985917,908.417863788867,133.999521430281,121.182976875666,1760.96369477723,1715.06045263867,32.3745995715897,0.526315789473684
0.957881547073816,0.957881547073816,0,0.409660437419364,0.0456432715291429,859.021441732033,147.999471430459,122.939050243602,1685.03691112246,1556.21369218127,30.9021846870825,0.526315789473684
0.54828794609785,0.54828794609785,0,0.431579116755326,0.389157614443711,972.809901376324,137.999507144617,124.526356163626,2133.57454292054,1778.38045021596,26.1477863094583,0.368421052631579
0.864211061456041,0.864211061456041,0,0.671720223550942,0.137090263360822,948.293698486743,155.999442859133,121.465566483172,1845.60883080517,1858.5208900845,24.0426717366491,0.526315789473684
0.52888910588011,0.52888910588011,0,0.268135604342444,0.688019437574389,971.340692078933,131.999528573112,120.789878854133,1878.07132101875,1894.86332478642,21.7936573948948,0.473684210526316
0.693937512749232,0.693937512749232,0,0.531503783059174,0.410347267819453,828.00533024078,155.999442859133,115.604366986716,1147.21445929824,425.228279610761,24.7365668871141,1
0.756368630867504,0.756368630867504,0,0.580765046559541,0.986224026546882,985.145505792216,151.999457144796,116.412208841852,1290.10598356422,957.882747159742,22.8530095184036,1
0.647006775696398,0.647006775696398,0,0.0200054228855614,0.302122034800855,945.84885063567,129.999535715944,121.91202196103,2277.82541618614,1931.32629431019,24.1633246777844,0.526315789473684
0.823831208593884,0.823831208593884,0,0.793435328424468,0.60117199783344,884.682202268396,159.999428573469,115.493463032161,1124.70837455806,777.511188426903,17.4320800744316,1
0.942963974810606,0.942963974810606,0,0.502158033686758,0.449878194398779,862.372576807108,149.999464287628,116.562568348317,1309.32674827811,636.860106588487,29.7750714806204,1
0.863186382165744,0.863186382165744,0,0.175664357675047,0.998539085730883,653.645178932666,137.999507144617,104.848487694383,414.145777223365,941.155710471888,6.51487890253547,1
0.836840470238476,0.836840470238476,0,0.931126384217754,0.424869232018381,762.212356675904,167.999400002143,113.208796485678,841.589129897916,657.33300017002,12.1124684996835,1
0.610741241795515,0.610741241795515,0,0.949852485749748,0.587329135197954,662.235283680761,169.999392859311,16.4576230955626,0.0513429692504831,486.629263862093,9.58625749547696,1
0.561868744099987,0.561868744099987,0,0.782463805780437,0.304716390326848,888.290741948201,145.999478573291,125.845407697027,1865.92148621028,1556.78452756246,28.5366090626363,0.368421052631579
0.559153439563667,0.559153439563667,0,0.131724048748679,0.991431608183843,667.838734381113,139.999500001786,107.11199460384,532.602789968914,689.386230374963,7.29382045806942,1
0.852914322247952,0.852914322247952,0,0.616374707857697,0.627805089605871,607.99672426263,371.998671433316,-46.1395960641797,1.54367385302341e-05,777.585931860405,13.9056298731173,1
0.945134009989586,0.945134009989586,0,0.08293338021001,0.883378451063713,653.284836749205,131.999528573112,108.116151637101,630.424226532727,857.774977953231,15.0835423324915,1
0.858385600365045,0.858385600365045,0,0.0218853040114539,0.102905632682442,926.146879496993,137.999507144617,124.058290016709,2145.88336035943,1375.20220540606,25.3498336080955,0.578947368421053
0.795845871940554,0.795845871940554,0,0.256187752753384,0.016251100242434,947.271433156586,147.999471430459,126.827061745588,2254.00202013024,1415.39548156697,25.6988542202907,0.368421052631579
0.61945657107321,0.61945657107321,0,0.969770107439764,0.522478149858351,754.550008973574,169.999392859311,112.410866029219,756.244193942921,413.929140123201,23.7010815332542,1
0.901149773974264,0.901149773974264,0,0.894893710507561,0.0598724264851981,600.921153473224,171.99938571648,111.316805321462,664.722338829793,257.456263969851,12.6430913163734,1
0.868377729754165,0.868377729754165,0,0.468496098814022,0.21942129151927,874.123947763006,143.999485716122,126.013394885802,1655.08266926688,1487.48638321636,24.7341452640977,0.526315789473684
0.99818645912814,0.99818645912814,0,0.925037129685797,0.657896942212532,903.454323784031,161.999421430638,115.653232991646,1136.91660083724,772.582580999975,16.3636813810388,1
0.764696262977378,0.764696262977378,0,0.340466668375225,0.0410279959823288,847.175038965523,147.999471430459,125.09373071774,1905.2392447307,1290.72882636807,26.4247867478743,0.315789473684211
0.836497494275063,0.836497494275063,0,0.168153196768739,0.610444434603013,928.805936302467,123.999557144439,119.97483123985,1792.53538431464,1667.34540645359,27.5911349347705,0.473684210526316
0.64615865672648,0.64615865672648,0,0.208600728512865,0.73684961245634,995.534961897768,127.999542858775,121.956476777887,1935.2272894909,1818.12376933274,26.5206676002897,0.578947368421053
0.848995705319001,0.848995705319001,0,0.0562060072002888,0.800919594242878,922.337371243087,117.999578572934,119.89749704665,1650.49634566715,1768.42782918968,20.2966562440237,0.526315789473684
0.703388793380007,0.703388793380007,0,0.807762346957136,0.918001789627948,781.882009161242,163.999414287806,108.360091252243,500.545778170535,886.296249023887,9.7688085160535,1
0.827542855382365,0.827542855382365,0,0.282737573797088,0.0280809778617878,982.901787818247,147.999471430459,127.553973866661,2290.30296300844,1467.9397938372,32.8242190019583,0.368421052631579
0.877620985212014,0.877620985212014,0,0.615613132979922,0.892102622637472,632.386077150406,407.998542862347,-39.9885976454715,1.96363717386988e-05,907.755432391338,15.1347495558763,1
0.947731748036313,0.947731748036313,0,0.853081041890638,0.593408352071892,894.956567625415,159.999428573469,115.798084403632,1159.86205435258,740.650691571703,23.5976258710878,1
0.68474824906616,0.68474824906616,0,0.0464948106723218,0.289664164392952,741.907626750094,129.999535715944,117.747970091983,1485.93196789412,1162.94624824931,23.3414449104244,0.526315789473684
0.94035109471834,0.94035109471834,0,0.207153985202566,0.332973711253286,821.309279460308,131.999528573112,119.505079744016,1564.85151515436,1415.57418293033,27.4405145815925,0.526315789473684
0.656972883320418,0.656972883320418,0,0.75598999829942,0.949899535463609,981.056060521218,159.999428573469,116.186852872957,1216.83073872468,841.46608675948,10.883004345045,1
0.990652246639295,0.990652246639295,0,0.706988062170516,0.605195201364952,833.42721042203,155.999442859133,114.486966151659,1037.52267603902,736.196205223252,13.0510682219651,1
0.784874234393003,0.784874234393003,0,0.479133543320413,0.256994984158017,768.836316432469,155.999442859133,115.188213094807,1093.92643532543,376.799582130015,16.6618096437079,1
0.756947053767764,0.756947053767764,0,0.749544075791643,0.266155147587095,635.259456504693,165.999407144974,110.666964637392,641.665511180846,367.770580685178,9.13287689078975,1
0.813302655324782,0.813302655324782,0,0.446737009531755,0.504535583199148,908.958759437294,139.999500001786,124.077095350444,1633.77940545284,1417.29874979684,24.5430220275712,0.526315789473684
0.949157996982218,0.949157996982218,0,0.276889692293561,0.0625936923985816,970.073560654508,143.999485716122,128.609856017673,2158.95045546243,1674.15832913177,33.3487398405403,0.684210526315789
0.922325740823149,0.922325740823149,0,0.580350719957469,0.875902877922607,757.690154044001,153.999450001964,110.58197929515,695.363738925766,884.285682704122,10.6644593566214,1
0.633825449790261,0.633825449790261,0,0.696591425644732,0.361119049616967,905.353172439001,147.999471430459,124.416761553329,1687.69589449597,1500.4918115889,30.839979384656,0.526315789473684
0.665853103855189,0.665853103855189,0,0.373146027771191,0.152911847372823,942.456285592689,143.999485716122,127.995895450926,2183.43656208607,1530.79023454274,28.2797653876404,0.315789473684211
0.681761472694488,0.681761472694488,0,0.290866126254142,0.944293266407095,753.601617016441,143.999485716122,111.095522793073,772.255957764082,852.244639532444,8.13438139803199,1
0.942808017987083,0.942808017987083,0,0.393386913862736,0.345329805582409,640.824927143625,151.999457144796,111.115648030299,743.00940722045,553.736954009235,9.5490108538318,1
0.906445432241743,0.906445432241743,0,0.138676699973823,0.286339629971796,625.495226895521,141.999492858954,112.928898995362,847.019387138187,479.599357574847,10.7432270201418,1
0.992199263999342,0.992199263999342,0,0.0402859279439461,0.213532135908441,792.905351566602,131.999528573112,118.988751240428,1626.39169732343,1199.26252958892,27.8174599732331,0.578947368421053
0.699165332477521,0.699165332477521,0,0.446296878174127,0.00658158445974066,864.30430201799,151.999457144796,122.470390480951,2041.42035936191,1334.1358952045,38.0542194990066,0.315789473684211
0.671934260366464,0.671934260366464,0,0.199909579027656,0.842463882977584,965.807747409912,125.999550001607,119.63393972567,1774.7175036391,1754.06214770105,22.7731208872971,0.526315789473684
0.751246742928268,0.751246742928268,0,0.515965573394406,0.587314597092295,763.8360375441,153.999450001964,112.87339557934,886.128648202405,739.07693298094,15.3967663205469,1
0.910516929688391,0.910516929688391,0,0.678592613334365,0.874184901340125,972.48129717878,153.999450001964,116.462380224981,1288.23286874456,890.568068920477,40.8705475536094,1
0.909507456669136,0.909507456669136,0,0.903139378997803,0.325229494634647,668.122873737297,167.999400002143,110.874289943537,652.544955420162,566.905832302536,11.406187393705,1
0.605951814374917,0.605951814374917,0,0.696924968495544,0.573331939371491,620.905447101256,163.999414287806,18.1618023180767,0.0656290605430157,423.733505063347,10.4815748069785,1
0.613567979953121,0.613567979953121,0,0.867546335250017,0.355875923681393,877.877958404001,151.999457144796,122.01580950393,1592.53204487222,1382.41332645196,45.3130920036976,0.526315789473684
0.762331660541842,0.762331660541842,0,0.30075876913082,0.443105370487228,841.320883459806,135.999514287449,121.448308411633,1504.97628348865,1286.69459300259,31.0871698940135,0.526315789473684
0.734111222115037,0.734111222115037,0,0.459331839519869,0.578741947701153,770.659096717086,151.999457144796,113.282618259199,930.965028519264,709.853757119178,15.967205101634,1
0.617710291694141,0.617710291694141,0,0.89171033822206,0.986865444687702,756.798485515877,419.998500005357,-42.3500539045858,1.32440829679094e-05,811.635820844596,11.7770302153383,1
0.936294133794029,0.936294133794029,0,0.149928612066147,0.436940247231004,719.327562904961,137.999507144617,113.759926040004,1047.87179793163,611.299573210719,23.524853752515,1
0.938446046273296,0.938446046273296,0,0.340769041393009,0.437754300723353,746.053885661885,145.999478573291,114.634159993875,1004.34416700371,621.10859084968,35.0933267782582,1
0.504834364062185,0.504834364062185,0,0.150770481739764,0.381930467239344,938.956578181346,131.999528573112,120.923624787378,2250.76386858717,2040.07822913152,22.4581992766886,0.473684210526316
0.767092658294399,0.767092658294399,0,0.803281293754135,0.177010929659894,884.987038447044,155.999442859133,120.309695998726,1594.87345057019,1508.65504418568,37.0416246101398,0.526315789473684
0.84064810379264,0.84064810379264,0,0.253738704576519,0.725910300350794,665.011406001477,141.999492858954,109.305934320394,648.083209215718,821.659930152436,11.9533456168396,1
0.62650867996907,0.62650867996907,0,0.342882006746658,0.953179116443876,752.425281563681,147.999471430459,110.602670775144,727.791678095269,785.02333976454,10.2009950269099,1
0.931038802498131,0.931038802498131,0,0.579216890391947,0.529662746715317,997.11593391256,139.999500001786,125.37752349588,1890.78224826479,1842.79727850084,26.7924583421877,0.526315789473684
0.696006517147049,0.696006517147049,0,0.716912133948531,0.0826329496597304,629.140112386979,153.999450001964,116.561415572444,1154.16961783635,987.98072296933,37.8847384628031,0.473684210526316
0.69836651435853,0.69836651435853,0,0.363276727116018,0.776296791898411,945.385410713691,135.999514287449,121.043273342118,1640.5305865825,1396.44896348527,27.6459435328277,0.473684210526316
0.604139122011416,0.604139122011416,0,0.410981874998287,0.533381151777906,636.247641478242,153.999450001964,109.208272592288,598.698887105782,289.382673589117,16.060006482324,1
0.931936576723868,0.931936576723868,0,0.179604328237586,0.0844749123980908,649.185504380663,141.999492858954,119.381394373268,1165.91002173796,852.678380722798,41.1080435033554,0.526315789473684
0.81255800209559,0.81255800209559,0,0.59462517117057,0.88902242275759,788.633234086064,155.999442859133,111.529865298085,765.437405810316,926.268851014537,20.5813720204691,1
0.826825532856643,0.826825532856643,0,0.525852718166282,0.767406793720404,635.446160821656,389.998607147832,-41.8640691103709,1.94027491556142e-05,859.876986296376,13.3195072056091,1
0.62044649751434,0.62044649751434,0,0.46911528856692,0.473038335252643,722.748413147943,155.999442859133,112.869900244309,878.850232236373,218.812226860077,13.7456910219435,1
0.503572328300905,0.503572328300905,0,0.801587630631566,0.290775085676887,867.967276377082,147.999471430459,124.446232475329,1907.6337587311,1449.7845846712,32.9783184321013,0.368421052631579
0.568544197641812,0.568544197641812,0,0.0647344125583073,0.411967183100178,679.406438886864,125.999550001607,115.875551097171,1270.20342376227,1074.77445506576,26.6832954978521,0.526315789473684
0.627442996731038,0.627442996731038,0,0.795973895834256,0.410502619152497,949.942767023366,149.999464287628,123.488714785522,1728.5692158489,1515.22586013363,27.6678004742817,0.526315789473684
0.544989803803051,0.544989803803051,0,0.0982119095939546,0.256069012276522,617.176137610369,129.999535715944,115.069172423521,1271.15230353592,711.778245070439,24.2980194631967,0.526315789473684
0.536492130670291,0.536492130670291,0,0.344800335071137,0.730045301349203,824.316378520364,147.999471430459,114.829732619448,1065.35416496436,388.857141701625,24.9257767132516,1
0.831855549704569,0.831855549704569,0,0.183702473317227,0.353134922627329,655.827274887836,143.999485716122,113.301816364227,861.361616772477,538.996096499267,9.88796218117083,1
0.890311946555729,0.890311946555729,0,0.530176067898697,0.410934838766299,673.725620986382,155.999442859133,111.249171957565,735.913550238983,617.333901247173,19.3160016601986,1
0.959546783399601,0.959546783399601,0,0.690004199035486,0.813231289426828,758.906853797302,157.999435716301,110.784325499095,694.197214983683,849.679017343102,14.4575338135481,1
0.579835459208214,0.579835459208214,0,0.896206340519899,0.637161023140372,700.309844082274,167.999400002143,106.326009515905,386.012829293835,457.019017673197,6.41403830961302,1
0.869993827389067,0.869993827389067,0,0.122114290406502,0.749390157068415,832.035166863227,125.999550001607,116.717218259936,1399.04956641888,1248.93872283957,35.6678581922869,0.526315789473684
0.955438552309622,0.955438552309622,0,0.569818933106348,0.384530072699552,886.753313382218,143.999485716122,125.968790171614,1588.33179882261,1334.19592412858,30.7959414450463,0.473684210526316
0.719986459744797,0.719986459744797,0,0.808584852312082,0.907650902751479,898.334694958063,163.999414287806,114.360906394006,989.687990183467,900.598337176688,13.6111236537047,1
0.810527996101535,0.810527996101535,0,0.151100971201981,0.187943642512224,781.766777143283,135.999514287449,121.30576057658,1562.69348375535,1232.90678365311,46.5887920738802,0.526315789473684
0.865063918102625,0.865063918102625,0,0.801458874232938,0.0273635762304132,707.923489709164,169.999392859311,115.051116376981,984.701611094295,102.856913663739,14.5504222913385,1
0.734730304912431,0.734730304912431,0,0.326908341548876,0.971984840235712,623.42781864193,421.998492862525,-34.054743364093,3.26705721937631e-05,925.150347048534,12.6639858635331,1
0.503829537135352,0.503829537135352,0,0.0890825985117927,0.785902185874654,658.788510184907,135.999514287449,109.396332162676,692.165375852856,295.981697066118,8.68547664588502,1
0.678600770684307,0.678600770684307,0,0.332322181773007,0.79195360123591,934.934643699312,135.999514287449,120.101915019627,1591.48893498785,1243.61740992032,28.5621893821913,0.526315789473684
0.835627787579725,0.835627787579725,0,0.542041407287847,0.991458716538351,660.950693495476,421.998492862525,-36.8433900926102,2.48937726443806e-05,965.808148624207,13.0892696378492,1
0.842346717176548,0.842346717176548,0,0.899021612231155,0.450664061093459,957.057925858224,151.999457144796,121.510375793419,1644.80630832919,1326.72249650341,31.3049167327328,0.473684210526316
0.616469132424078,0.616469132424078,0,0.840725896279319,0.0549221079755381,897.748181142675,155.999442859133,122.370852248325,2087.00825067831,1446.78770842046,37.8461017668429,0.368421052631579
0.817066184198795,0.817066184198795,0,0.223906391788934,0.971637696240271,884.495557249227,135.999514287449,114.821348230285,1250.84140366041,946.659783004015,27.9452259342728,1
0.539076397969229,0.539076397969229,0,0.719443153398774,0.413112005922556,977.84062052044,149.999464287628,122.112372249517,2051.96257728648,1973.65203366493,26.5003665943174,0.526315789473684
0.58134980823452,0.58134980823452,0,0.42903986348768,0.0418259266568644,927.99747644768,149.999464287628,124.149988897121,2377.12887520755,1495.10242367464,27.3785239933986,0.315789473684211
0.668381679448565,0.668381679448565,0,0.0331793609451331,0.417303074705428,711.253917584373,129.999535715944,115.228079956952,1218.86018714344,851.88562510278,38.9935544770751,0.526315789473684
0.980236102590345,0.980236102590345,0,0.487876045939844,0.0482198232791347,809.341962404639,151.999457144796,120.374067584428,1528.46493616064,1502.12567578853,32.94631945945,0.526315789473684
0.949050886285702,0.949050886285702,0,0.987568436710299,0.174774668594079,790.660921627026,169.999392859311,115.664985339748,1057.46736848446,437.925123146167,17.6290709520702,1
0.82479615317528,0.82479615317528,0,0.151918467070632,0.495726472446326,708.131765498528,137.999507144617,113.282468703131,943.860722676676,672.117942247765,17.2555029378629,1
0.789400143418687,0.789400143418687,0,0.909878785837138,0.801358347446591,738.040852685997,165.999407144974,97.6408932380292,183.396965852867,896.445750192045,7.66900414394343,1
0.865898214621052,0.865898214621052,0,0.365711242551292,0.542090484282411,824.527628174524,145.999478573291,115.797813385882,1195.17145606303,709.052624322769,32.2145724817479,1
0.980816268946748,0.980816268946748,0,0.131396685304824,0.680689649336119,843.350883557527,123.999557144439,117.549663120387,1486.65490691264,1400.17432387883,31.6735158160965,0.578947368421053
0.756300336714869,0.756300336714869,0,0.344617432371977,0.00364818577909576,809.418870983747,149.999464287628,122.881032705408,1852.01150459064,1194.65484126663,30.9866280794714,0.315789473684211
0.759886340162749,0.759886340162749,0,0.375332904037946,0.470572065958705,957.500264796214,135.999514287449,122.761855571276,1862.02156831803,1818.38537451592,16.0435388928124,0.526315789473684
0.655111261951677,0.655111261951677,0,0.738765672623643,0.438621003704827,754.772244802479,163.999414287806,113.422944331144,876.402319442062,359.397117883544,8.91723912924458,1
0.860736463478907,0.860736463478907,0,0.600673608764187,0.33963871915995,898.638001207105,145.999478573291,125.155211475353,1636.19333843067,1445.94356845059,26.9657171552235,0.526315789473684
0.867659577875709,0.867659577875709,0,0.476038667368997,0.930022938608396,758.475562291228,151.999457144796,110.543698394418,711.304303520498,923.667057735741,7.94774551831728,1
0.501822043004102,0.501822043004102,0,0.478791251535574,0.668686330694238,930.712559235995,139.999500001786,125.430605724257,1670.11872862738,1398.84977378539,32.3621662602662,0.526315789473684
0.622089546720459,0.622089546720459,0,0.285718465701092,0.580274162220388,623.51983745987,147.999471430459,108.435430561218,572.650879549345,446.773609394354,8.77809524707755,1
0.947109818118792,0.947109818118792,0,0.636805455554828,0.464767938006227,803.180910289661,155.999442859133,114.535840560489,1036.59424349368,653.215501384932,11.8086147188088,1
0.721305086936431,0.721305086936431,0,0.129755561940597,0.780573063713131,677.090708849323,137.999507144617,109.736600284335,716.052341522632,811.1239564729,6.5420020771321,1
0.905250534998037,0.905250534998037,0,0.917762853680701,0.255035039005388,972.944955974796,151.999457144796,122.167833087273,1776.57151337209,1630.3929183856,27.9832366171629,0.526315789473684
0.695654146044612,0.695654146044612,0,0.342544845834993,0.365239358052218,749.196888468261,149.999464287628,114.709887758443,1047.82442621772,295.64389075689,26.6159430174981,1
0.759840955993034,0.759840955993034,0,0.701785291584607,0.28867523595559,946.417371405928,149.999464287628,123.30088352406,1761.6683810805,1637.88350968242,31.500494236106,0.526315789473684
0.912370987298206,0.912370987298206,0,0.361266542729871,0.651665814084851,751.224657203065,145.999478573291,113.268156070105,906.899623538013,761.815202339363,15.7230435786537,1
0.727306134616495,0.727306134616495,0,0.633196361859088,0.607934489855719,637.666110507798,159.999428573469,83.9636709954083,39.7104636976069,732.935227039248,8.90369113359243,1
0.720984275467097,0.720984275467097,0,0.793458287643877,0.796984077045633,703.32836389584,165.999407144974,-2.54480869005121,0.0065823225579441,847.751976489226,9.94838816575812,1
0.905865243885125,0.905865243885125,0,0.956285355039739,0.886857323816363,674.518357761503,407.998542862347,-43.6617102717821,1.32471333165116e-05,907.903501716474,15.018321589779,1
0.558039646000436,0.558039646000436,0,0.265480536396422,0.952598078261039,637.127258925606,419.998500005357,-34.3616391013735,3.35872578664451e-05,671.088045382096,13.5635473306747,1
0.829924193147896,0.829924193147896,0,0.068061840104613,0.903049718397792,983.775290105469,117.999578572934,120.479793353567,1789.93193429464,1893.69624227448,23.3235938513936,0.526315789473684
0.977944936033909,0.977944936033909,0,0.866322920497607,0.119261453470048,821.00225835007,159.999428573469,118.336997877933,1399.42933277974,1264.51190285045,26.340391462039,0.473684210526316
0.876865184154369,0.876865184154369,0,0.138188291944457,0.698530929401246,913.066097041618,121.99956428727,119.219052397764,1688.43310101815,1650.41346240654,32.6612939259004,0.526315789473684
0.899485516834491,0.899485516834491,0,0.161452754325544,0.816120635782753,895.721842750631,123.999557144439,117.867528700226,1557.73439685294,1493.00616560519,23.5107198215184,0.578947368421053
0.791627283631969,0.791627283631969,0,0.600103359676734,0.026322161527272,883.411277857392,153.999450001964,121.680762090385,1865.4281370649,1727.26373426847,24.4702638025105,0.473684210526316
0.569657366780849,0.569657366780849,0,0.924707764441023,0.924161046818941,719.092295177111,413.998521433852,-44.1986636408375,1.17908795249123e-05,705.704614563698,13.7265587478619,1
0.771894363582189,0.771894363582189,0,0.210405945099788,0.764002668958419,854.637448583455,133.999521430281,116.040924553345,1339.61228482494,885.771263522589,39.6244414858212,0.578947368421053
0.772788029693627,0.772788029693627,0,0.901375766266158,0.792710423039404,862.701083610588,165.999407144974,113.848179976739,920.80579454296,887.980382242669,12.8380717341811,1
0.533093904473266,0.533093904473266,0,0.484579534556134,0.238547723813562,805.511004024848,143.999485716122,125.215948780182,1819.94727081658,1239.89896283698,27.1605523330701,0.368421052631579
0.863024890978316,0.863024890978316,0,0.968183632465887,0.0654817543414117,940.447786874255,161.999421430638,120.824110825251,1752.44843905956,1809.84803253363,41.3109401828655,0.473684210526316
0.556552410413818,0.556552410413818,0,0.650316384474801,0.401550227268607,660.751155448179,157.999435716301,112.70411726136,847.955699555804,0,10.0232728263689,0
0.885502176833371,0.885502176833371,0,0.850622141943818,0.273950066137064,626.460164365745,167.999400002143,109.681247065667,571.612399163508,514.486259011157,7.49558241241495,1
0.919190376284564,0.919190376284564,0,0.617288143302472,0.52877809910435,697.67292911656,155.999442859133,110.956427273455,710.214356023052,697.817710278115,12.9566757287522,1
0.633008998913767,0.633008998913767,0,0.864470070757388,0.253334703035384,974.904427789603,153.999450001964,123.164344429522,2057.68351053922,1871.28788054528,21.4882413042894,0.526315789473684
0.935961193716425,0.935961193716425,0,0.219619584303822,0.0469562098300237,963.047327182304,143.999485716122,129.388233345459,2153.05236731131,1490.31905126426,28.9673791163501,0.684210526315789
0.928711216275391,0.928711216275391,0,0.560291570212445,0.397654743136985,791.65052242427,155.999442859133,114.769841712606,1060.29932670102,604.638246378314,12.5062981657268,1
0.805490379144224,0.805490379144224,0,0.664039326389221,0.395418888332525,829.846548969778,159.999428573469,115.402963158121,1107.2372880327,611.901005933607,16.2372089610918,1
0.817745637256025,0.817745637256025,0,0.428510475233616,0.183117024624491,914.189871330055,143.999485716122,126.311430016034,1857.82888907504,1612.91525598081,28.3025586880759,0.578947368421053
0.762878031233365,0.762878031233365,0,0.966682630555622,0.330325694240727,766.033714880122,169.999392859311,113.999726415235,892.012362899169,521.137487039727,20.1275950197065,1
0.502054933988007,0.502054933988007,0,0.147933407381677,0.457666093781364,634.44554504724,131.999528573112,113.992598093101,1086.27454400697,722.440138945459,32.7869508400833,0.473684210526316
0.530297443791909,0.530297443791909,0,0.288404749264698,0.130142404365405,797.270292293314,143.999485716122,123.2877528762,1947.28905775075,1100.67312421294,29.5287560197735,0.368421052631579
0.50689541744977,0.50689541744977,0,0.328624606276794,0.657734541736831,802.056293203092,145.999478573291,115.340113614494,1112.99748059881,189.605340552159,23.6365383485639,0.526315789473684
0.916522417966117,0.916522417966117,0,0.345654013160566,0.257866357186714,753.171553339581,149.999464287628,115.354152720396,1154.87609657831,466.972925053931,23.0493558991734,1
0.695337573195015,0.695337573195015,0,0.235973755265161,0.983285081034249,883.018837607378,137.999507144617,114.912002782188,1217.67422756154,883.064074477676,33.9477235994408,1
0.65232855356489,0.65232855356489,0,0.188650700514628,0.395938614050717,914.107567494854,133.999521430281,121.302888150759,1923.70228177321,1704.30620153223,27.6168445577092,0.526315789473684
0.613715015552859,0.613715015552859,0,0.673140282375681,0.397159595888492,859.32161588698,149.999464287628,122.222055336636,1527.0720271415,1265.82269333515,30.4684524041462,0.473684210526316
0.531765179000505,0.531765179000505,0,0.399376329685251,0.891574443159019,948.323848203062,147.999471430459,116.678374175618,1370.67259559803,580.733356968883,35.7560522487493,1
0.700428897858332,0.700428897858332,0,0.355668798496854,0.768223067225573,909.523496252424,143.999485716122,116.65946783264,1351.55206935308,789.247282060019,28.9300374745259,1
0.76773635893166,0.76773635893166,0,0.0728253030680297,0.251066151711703,864.614781723535,131.999528573112,120.529396161338,1819.22504160252,1330.065555484,30.7895431886205,0.526315789473684
0.736635342034453,0.736635342034453,0,0.881759135511219,0.718867899467228,980.753980911473,161.999421430638,116.911010191731,1286.0843016098,824.671603819724,15.1416023278593,1
0.99107865616661,0.99107865616661,0,0.188664892891001,0.180089322870669,744.070613206364,135.999514287449,120.076195219661,1428.47553290548,1217.49938602888,30.1804519876563,0.526315789473684
0.795119853574502,0.795119853574502,0,0.924689989059798,0.00275498937720176,969.948136473796,161.999421430638,123.518487134192,1969.76490780768,1927.50875130541,42.6488832429183,0.526315789473684
0.587828001179179,0.587828001179179,0,0.031810343487056,0.457950878622318,972.510364989307,125.999550001607,122.148709120192,2227.02187306723,2002.41252875739,23.6782573222343,0.526315789473684
0.586846268556037,0.586846268556037,0,0.341824451704828,0.465156039594716,932.729387772523,135.999514287449,122.252983881622,1887.27496132734,1808.31538127348,24.4374220051336,0.526315789473684
0.581158027597661,0.581158027597661,0,0.950013022616965,0.306520242800091,849.369196760793,149.999464287628,121.649640832986,1595.57770120076,1443.98728051447,29.7821352062267,0.473684210526316
0.616250545642339,0.616250545642339,0,0.0731857538357047,0.933914168443153,709.739072227716,133.999521430281,110.005932866898,764.35724416724,743.884470061615,16.2420393205973,1
0.558537154292474,0.558537154292474,0,0.285370635794018,0.0204181594011421,812.36356548715,147.999471430459,121.680581716592,2050.37030052114,999.205452709953,25.7115116631096,0.368421052631579
0.62420897367755,0.62420897367755,0,0.98154999063117,0.212999280596036,699.177060982538,155.999442859133,117.026073536364,1211.13565845449,1009.61049234854,30.1347758770015,0.526315789473684
0.638095330078652,0.638095330078652,0,0.783093953463095,0.410552999080692,804.749080561381,165.999407144974,115.016217617463,1030.01937930686,197.257828742556,13.7569620894944,1
0.753287964870003,0.753287964870003,0,0.0660838718532928,0.756498143659805,819.325432732019,123.999557144439,116.445838991373,1365.2933128244,1242.86670542766,30.7264610161644,0.526315789473684
0.96762745241594,0.96762745241594,0,0.708102943487079,0.0549296624207888,894.669031376627,155.999442859133,120.340959073019,1690.19061047191,1751.94292472493,32.3275400647669,0.473684210526316
0.51542656594552,0.51542656594552,0,0.267335525099648,0.719736030730386,655.923482513414,145.999478573291,109.097979257506,621.921628035938,239.42241923488,7.53325821641599,1
0.988369837059379,0.988369837059379,0,0.729729767997902,0.742052076186355,815.214930382306,157.999435716301,113.224639339595,905.9215568035,811.258935957974,18.1759480646931,1
0.894811659180793,0.894811659180793,0,0.908675887668421,0.976421444326074,849.609780217061,163.999414287806,112.377814608523,788.736456895112,952.404414244187,6.96348139580169,1
0.840791043612187,0.840791043612187,0,0.323013289814869,0.454790918524993,919.052807638479,133.999521430281,121.31083495006,1760.38249430497,1725.15527550972,30.4160713147103,0.526315789473684
0.891769271483969,0.891769271483969,0,0.58841443489041,0.802916495641984,951.85822865889,149.999464287628,116.727896919834,1352.0705645081,857.70364702633,18.2942796966826,1
0.905353495446781,0.905353495446781,0,0.99249114780373,0.573626451555244,799.459837035705,165.999407144974,113.351868505568,867.161457914033,743.636789960393,14.7201726424917,1
0.516975233466517,0.516975233466517,0,0.800471119149495,0.884665977512124,824.084699984154,167.999400002143,112.296676549266,766.738399929891,565.544500538675,8.55704384863462,1
0.600800857568193,0.600800857568193,0,0.539804502148497,0.534456815715749,662.208246136613,157.999435716301,109.874234245091,623.152444056306,297.44890881565,4.16755019317819,1
0.674363808205996,0.674363808205996,0,0.0420864470788015,0.639699729089585,990.04450825268,121.99956428727,120.203148517025,1992.67729344028,1819.9013328675,23.4569515618883,0.578947368421053
0.750581519800434,0.750581519800434,0,0.775099145319734,0.124546352859678,778.702797893769,157.999435716301,118.44746224225,1379.30763350737,1302.24856108047,29.5730885790163,0.526315789473684
0.775650869085723,0.775650869085723,0,0.475213639983327,0.291997133965377,832.297210555643,145.999478573291,123.64130427768,1484.35271114536,1254.46273004065,26.1461503581661,0.473684210526316
0.787454167884893,0.787454167884893,0,0.932654060239914,0.792644412850689,637.678420145342,395.998585719337,-45.7147762907163,1.13682611501548e-05,892.507386321848,12.8604207744674,1
0.883099354059413,0.883099354059413,0,0.661011079253226,0.921118251867156,705.977229205266,157.999435716301,40.6250233504246,0.60157770991287,921.37145697077,9.1111845295634,1
0.725998480906822,0.725998480906822,0,0.995461290940163,0.22401837143438,791.519511200486,169.999392859311,115.747512616433,1051.08921819227,163.343923041048,15.5983122519067,1
0.642791531814553,0.642791531814553,0,0.650185853814824,0.913660577556698,930.959535290947,157.999435716301,115.344478779077,1133.95351642689,800.315878810692,19.5534117777737,1
0.998822270741554,0.998822270741554,0,0.713760139683146,0.22408734051775,691.648748592503,163.999414287806,113.043083068892,848.879970693263,475.277461265686,11.5792212526378,1
0.893217301747985,0.893217301747985,0,0.550236714941875,0.858137025586494,741.745639179467,153.999450001964,110.069564790872,660.246916110902,883.175138884997,22.5561504944403,1
0.724722068138495,0.724722068138495,0,0.74326858923585,0.456320203143989,784.529940556551,163.999414287806,113.885436214591,927.02076063851,596.283131961308,14.3444588246398,1
0.544387370868982,0.544387370868982,0,0.00680922075475465,0.678063099934104,673.359511382618,131.999528573112,110.730553209222,838.592860799715,243.843695115771,13.0321519622433,1
0.721107091072843,0.721107091072843,0,0.805342396416802,0.739156530566166,863.268309929135,161.999421430638,114.291359005176,979.099693666715,816.73977487356,11.3596141364825,1
0.973438394381263,0.973438394381263,0,0.144537912414835,0.695322590723772,909.435095434542,121.99956428727,119.204854228116,1680.4249396529,1641.84097860655,28.9067134836043,0.526315789473684
0.55018954380079,0.55018954380079,0,0.146158160510179,0.360756502734905,788.71640047628,131.999528573112,118.949094016905,1683.88064539598,1225.15631250849,47.2017730964104,0.526315789473684
0.92595741607134,0.92595741607134,0,0.740396854423583,0.291706523595891,887.500264425822,149.999464287628,121.263081056141,1563.06102172101,1362.45340095484,35.0388049706873,0.526315789473684
0.776454592911059,0.776454592911059,0,0.561451776566798,0.955198351160627,745.24273987934,155.999442859133,107.808077194361,503.152396555486,953.456884230447,4.44879567573083,1
0.553072196855237,0.553072196855237,0,0.312639766333142,0.497541446971827,937.550797318551,135.999514287449,121.512970452937,1968.33685252432,1838.62818430567,22.725985027599,0.526315789473684
0.760641416258632,0.760641416258632,0,0.47620351894426,0.2149452207217,667.794866671168,157.999435716301,113.079877280385,878.777391922835,182.614223765926,15.3487223391865,1
0.973115711625083,0.973115711625083,0,0.79083012351916,0.444813207941558,668.872476998976,161.999421430638,109.98112306495,611.413416098015,644.28698597049,4.10527801328475,1
0.738369928090246,0.738369928090246,0,0.912125708095692,0.392135143316061,745.536550825208,167.999400002143,112.974384267613,809.740361593782,556.212238988752,9.45848632625272,1
0.582838429897429,0.582838429897429,0,0.57369915270026,0.345555827554047,623.712722002675,153.999450001964,112.214469669243,813.787529990612,0,10.4542938247917,0
0.510481550686923,0.510481550686923,0,0.60906421494975,0.997314838537008,666.301690145443,419.998500005357,-39.9169737901765,1.72686492926413e-05,631.584739905353,13.340424496254,1
0.834308987409194,0.834308987409194,0,0.84814876190865,0.465344050391773,671.363020647196,165.999407144974,108.93750705326,531.128249726108,684.847948271521,10.3576194072529,1
0.727780197978844,0.727780197978844,0,0.361855901538038,0.443955506432586,785.639480025164,149.999464287628,114.984450939027,1077.97370135843,555.297514476709,24.0975159926291,1
0.684826113924307,0.684826113924307,0,0.120725877189941,0.156849892977834,964.229316551931,137.999507144617,124.448747221061,2378.83111894002,1657.94346870297,28.1769403238489,0.421052631578947
0.61241926568431,0.61241926568431,0,0.656145536531228,0.884645187298354,733.338271981762,161.999421430638,104.954352365456,348.777893790604,740.124684105123,5.71608597046394,1
0.729789183156706,0.729789183156706,0,0.85166545912773,0.884710389012911,820.989899851361,165.999407144974,111.844889419263,739.560194224641,901.101068847391,8.48608301648881,1
0.905920886288272,0.905920886288272,0,0.707129318595858,0.42381219430134,628.519494360244,161.999421430638,107.644914803212,472.386983200234,634.094379078955,4.8277399379776,1
0.558093093388919,0.558093093388919,0,0.40363448514824,0.0210023482205892,714.785878024327,149.999464287628,118.053309650526,1629.46118406507,549.682235346958,28.1637477743795,0.315789473684211
0.837851801558755,0.837851801558755,0,0.554956375257056,0.358801142350062,605.088704489774,157.999435716301,108.430777027509,528.389930457864,574.985766634349,7.67790474525584,1
0.853464176417245,0.853464176417245,0,0.819518640175844,0.0496658843164389,747.007572516301,169.999392859311,115.792424009431,1062.02914647425,128.545443657568,29.996032373719,1
0.502666667123021,0.502666667123021,0,0.893925437123439,0.838577427921144,615.546920456646,403.99855714801,-46.340432643932,1.00441874869434e-05,483.67848689374,13.3325346382701,1
0.888000728608165,0.888000728608165,0,0.935006803615899,0.13791359112945,618.256996135948,169.999392859311,110.974639062365,642.814705110711,363.807417497554,11.6880492340393,1
0.674637705431899,0.674637705431899,0,0.0240997063219558,0.345735141777383,823.817846402664,127.999542858775,118.793213771511,1696.41823524054,1321.89518637635,25.1100493286473,0.473684210526316
0.991336513643173,0.991336513643173,0,0.800380805255286,0.647395380001864,927.967942975212,157.999435716301,116.330626273895,1242.80066137317,763.182074888624,26.9286039760552,1
0.692303503911255,0.692303503911255,0,0.548966247488367,0.655414074082528,915.509120576271,153.999450001964,116.329685069972,1262.65793996876,711.4712275767,19.455857332034,1
0.646574928955947,0.646574928955947,0,0.115598584532105,0.204097350656058,998.689478117318,135.999514287449,122.60701112905,2542.06515862093,2106.34182371396,28.1509075953149,0.473684210526316
0.809813896446529,0.809813896446529,0,0.735542359205744,0.870197389500438,863.530762213184,159.999428573469,113.743674664054,947.68595402237,922.97669633657,17.5939600469731,1
0.509540797960765,0.509540797960765,0,0.767599779119442,0.726169755606627,824.430315011755,163.999414287806,113.736078378449,909.070998614655,314.65934148401,13.9799835209453,1
0.921607901606478,0.921607901606478,0,0.709255470879689,0.977985891359014,845.997920591765,157.999435716301,112.791580359815,866.783220419429,937.98570866519,19.0614911928392,1
0.905195936259332,0.905195936259332,0,0.690753813423901,0.977822680079566,634.513046656917,417.998507148189,-39.0740113612523,1.92398040316406e-05,941.87840238104,15.104381242168,1
0.995960750128809,0.995960750128809,0,0.190907970512852,0.544616552427685,925.79508750844,125.999550001607,119.763014126682,1805.26477937169,1654.4062535752,27.3654673565389,0.473684210526316
0.959016731450194,0.959016731450194,0,0.464973412710623,0.639595877933129,715.855355640142,149.999464287628,111.322788724476,771.702772081438,749.67657213932,16.7168471261504,1
0.515706075834418,0.515706075834418,0,0.922117308133956,0.340678319175678,818.758420937206,145.999478573291,123.997054407047,1608.76427513807,1396.5567777854,24.3801502223134,0.473684210526316
0.787859392410875,0.787859392410875,0,0.508204979197801,0.291164133364042,702.111426701902,157.999435716301,113.140720951074,886.357066909712,448.633582042118,21.2069576790222,1
0.724151403271389,0.724151403271389,0,0.878367594877706,0.969748232426272,620.160478223685,417.998507148189,-42.5907649382749,1.352543375693e-05,933.78597515168,14.0790213066339,1
0.785775543301967,0.785775543301967,0,0.225334443675424,0.211625533450084,836.254868010396,137.999507144617,123.42523562756,1692.70318559466,1358.69921927209,34.6937691397424,0.473684210526316
0.767076602651479,0.767076602651479,0,0.682184731288476,0.776600086504534,889.106004756727,157.999435716301,114.893392125855,1080.05494327926,870.109774037586,17.0967835122697,1
0.780363435007436,0.780363435007436,0,0.672820187194413,0.336499478236814,990.150568272849,147.999471430459,124.718958581681,1887.11112382876,1768.92842853802,23.4837619164167,0.473684210526316
0.935101411168001,0.935101411168001,0,0.828821212736102,0.948046642762722,704.19592050842,413.998521433852,-40.841178796777,1.65264173331535e-05,925.020219937534,14.3992629942142,1
0.820551274686476,0.820551274686476,0,0.0697621815739897,0.459937332494026,650.136480691024,135.999514287449,111.391864953243,841.763127839928,636.698913663517,17.7883546180079,1
0.524604908247301,0.524604908247301,0,0.884722143753378,0.580315438130846,690.990383642991,167.999400002143,110.507056187401,625.922826027401,0,5.91352235188975,0
0.858634649294586,0.858634649294586,0,0.934450484533364,0.423548445055348,772.105111030996,165.999407144974,113.536676495261,873.602388759288,652.534408151966,6.60936203065671,1
0.809337500669911,0.809337500669911,0,0.671434618142817,0.294068875276332,714.378558458636,163.999414287806,113.145306817881,859.305131340593,495.993170135546,12.5505364333888,1
0.51708520534485,0.51708520534485,0,0.379178943373556,0.700079608361122,651.332359275622,151.999457144796,108.263739244467,545.319657083432,218.95390255382,12.0428913708114,1
0.537117369236776,0.537117369236776,0,0.0897780952590015,0.624091070496533,846.918943258037,123.999557144439,118.422323260975,1585.92487313749,1507.11253566217,20.8153795955129,0.473684210526316
0.66884387540541,0.66884387540541,0,0.666763284904617,0.367726790593,992.292762097883,145.999478573291,127.000559431778,1868.28364297917,1637.99570946273,23.4762353539242,0.526315789473684
0.755838879007552,0.755838879007552,0,0.352752977338518,0.689163301932759,851.107975738765,143.999485716122,116.022088821006,1164.86194732976,801.751254149034,27.5031732168275,1
0.998245163838849,0.998245163838849,0,0.975273348880972,0.763481183809061,951.450250834302,161.999421430638,116.181595470791,1198.74567647333,830.000464802343,17.6999566823875,1
0.993843110104185,0.993843110104185,0,0.839895860255589,0.949825789668217,740.344760354229,161.999421430638,46.4889246223123,1.05394845184223,917.83752281308,9.40268866435349,1
0.76713772021857,0.76713772021857,0,0.375790351261014,0.631773770866439,999.312438873583,133.999521430281,121.569229985565,1933.94214545621,1929.69122917696,23.531114364325,0.473684210526316
0.781507710555284,0.781507710555284,0,0.0419526959193951,0.777866698660933,657.214935408254,131.999528573112,109.131699507196,709.643129781595,845.853974387129,12.7268811950093,1
0.604042441149323,0.604042441149323,0,0.353709734539231,0.328780734702751,833.219627916283,137.999507144617,123.2647299805,1722.33863926988,1342.43598280663,27.74611521295,0.526315789473684
0.687026955325348,0.687026955325348,0,0.963856455539374,0.966234699081246,768.612764172801,417.998507148189,-42.8803704764113,1.2898130914013e-05,893.224952419004,13.8268873277506,1
0.690158668550356,0.690158668550356,0,0.625788037722101,0.198674740030774,924.044466307879,147.999471430459,124.307108836983,1922.80649930597,1590.73056172449,28.1423633068619,0.368421052631579
0.871876170976548,0.871876170976548,0,0.257708012692794,0.244241940891846,930.092298656094,135.999514287449,123.802002953971,1935.77334422005,1651.23249620616,27.1172705961191,0.631578947368421
0.62886839081367,0.62886839081367,0,0.122363434795416,0.713925073571426,930.140226274581,123.999557144439,119.578360367658,1760.57508440097,1705.2574547964,26.3003182581912,0.526315789473684
0.98268781348287,0.98268781348287,0,0.594649004612735,0.636646341491189,986.203706690216,137.999507144617,124.636368543712,1802.28216687453,1652.88129392246,26.9799634801973,0.526315789473684
0.783301095416078,0.783301095416078,0,0.0648201194093418,0.0510851466008234,940.124160680311,139.999500001786,126.974823299624,2315.65080260532,1363.21288877681,19.3777842706787,0.368421052631579
0.941199565490661,0.941199565490661,0,0.946158079249121,0.923338175672881,751.881291536025,165.999407144974,42.1703889988722,0.613072759843617,915.992491283835,10.9625034375261,1
0.935697599264376,0.935697599264376,0,0.576122450052427,0.187686606951283,997.15797965121,149.999464287628,123.314771949702,2057.1059478058,1902.50683395273,23.3156393265899,0.526315789473684
0.94621580336616,0.94621580336616,0,0.0210341523578456,0.423159687180418,933.500875143688,125.999550001607,120.1139537011,1969.5039241179,1564.37468570777,33.5117266448931,0.578947368421053
0.825572914012226,0.825572914012226,0,0.419948768027491,0.750253083538839,627.219516069571,149.999464287628,79.1180379333623,21.5610108908073,846.991798323583,8.27216009345125,1
0.677646626113012,0.677646626113012,0,0.957582426298654,0.939823169046368,777.367213754077,169.999392859311,6.47370955799026,0.0165927291351231,869.51530845973,9.45282612618847,1
0.539979031982927,0.539979031982927,0,0.369321265445682,0.0483720967418957,759.084378756346,147.999471430459,119.782769992114,1814.72140855771,801.045881005218,40.7364388774279,0.368421052631579
0.731207969562014,0.731207969562014,0,0.613438215975957,0.356047899932015,917.439636110658,145.999478573291,124.919760605341,1678.61056833179,1496.75475887986,22.1146504536243,0.526315789473684
0.996857404519041,0.996857404519041,0,0.896175973593195,0.126397989742279,782.111281714356,167.999400002143,115.813740981987,1082.49844494892,399.824119918701,15.9861215723663,1
0.513149382623732,0.513149382623732,0,0.976221607130237,0.688974689592196,653.970744116483,387.998614290663,-49.6411707183861,7.69730611714647e-06,279.309968915968,13.0871877097428,1
0.631710362248166,0.631710362248166,0,0.955829053862072,0.629087978993909,832.45829734317,167.999400002143,113.996272169516,909.016758587264,593.322765614776,9.27455847388484,1
0.562866527391393,0.562866527391393,0,0.678130866152387,0.549605075252719,811.377952297663,159.999428573469,114.615243686576,1019.73510318586,121.015347870024,13.7505840701698,1
0.852569988170871,0.852569988170871,0,0.227230866532985,0.848184907220547,800.748120738565,137.999507144617,113.505175050995,1003.69054520542,878.357900424709,41.4740405317416,1
0.804369747744779,0.804369747744779,0,0.5603948398482,0.942280435911139,648.158253358857,413.998521433852,-38.4240574463828,2.2113536045712e-05,950.652292676549,15.2653283961777,1
0.860056421123965,0.860056421123965,0,0.926289192249239,0.451132923285287,910.760568084712,163.999414287806,116.682682222503,1227.59312679636,673.479335412876,24.7113582380792,1
0.619930628980296,0.619930628980296,0,0.301670827658624,0.930775903765155,786.308459952321,145.999478573291,112.470615272262,870.579328870164,760.72173824607,8.97335780886735,1
0.615772942260938,0.615772942260938,0,0.0811444473327625,0.449405889941288,781.156080841298,125.999550001607,117.804412345878,1483.82627105678,1367.37676575997,22.4926851055026,0.473684210526316
0.940459376195111,0.940459376195111,0,0.967042569874165,0.363371599431113,993.439148988023,149.999464287628,123.254715937623,1813.91376542862,1635.26081881563,28.8931176079365,0.526315789473684
0.54198452570693,0.54198452570693,0,0.0839429802155708,0.948772755332558,882.556233898307,125.999550001607,117.020209217604,1465.01220050315,1350.97245490866,27.3368164166723,0.526315789473684
0.835554991989289,0.835554991989289,0,0.478959642256989,0.140213417450083,891.732530481105,147.999471430459,123.635481576897,1765.40816731068,1639.65540337319,25.56090548487,0.526315789473684
0.505549904536991,0.505549904536991,0,0.832703868695006,0.891824741144674,657.78988875574,409.998535719515,-44.6733906315643,1.11987904301454e-05,546.387829360874,12.4692085774407,1
0.554446737519814,0.554446737519814,0,0.0283118419177881,0.231954254485023,945.585910182592,131.999528573112,121.486858853063,2424.56244578002,2059.93177070556,33.7529954385979,0.421052631578947
0.649837739666173,0.649837739666173,0,0.874258700082461,0.65762436226692,821.468243791669,165.999407144974,113.556000171603,882.045615188823,653.191734487041,12.7583273456524,1
0.95448060463667,0.95448060463667,0,0.501665335313806,0.966701042023305,772.669336481851,151.999457144796,110.861609458613,736.729600315961,917.125534084687,14.6231675684232,1
0.658275809539023,0.658275809539023,0,0.0963486364326391,0.797750928015814,938.213404004928,119.999571430102,119.407345962837,1728.35210411289,1797.3254259123,26.6183899516153,0.578947368421053
0.809066842786424,0.809066842786424,0,0.0877697256883727,0.268634920051428,685.712973999438,137.999507144617,114.329691510614,1096.34115343654,408.335264018962,29.5715266994559,0.526315789473684
0.657492350171595,0.657492350171595,0,0.285888679369593,0.443021843293638,981.518585227705,135.999514287449,122.356080614511,2050.10091225028,1896.5619037336,22.0274845972468,0.578947368421053
0.690605982184344,0.690605982184344,0,0.0614226577595215,0.910764088001068,816.716696105623,125.999550001607,114.22898538667,1220.61600861343,909.255206700428,32.0041358114084,0.473684210526316
0.641464455278421,0.641464455278421,0,0.524466212423248,0.965470518684332,880.056021879888,153.999450001964,114.108105311415,1019.56206842004,819.737542900238,18.1943545481913,1
0.973450439698085,0.973450439698085,0,0.242762887719187,0.560607434514053,810.746177642694,135.999514287449,116.838136207098,1334.6009707301,871.392569954836,27.5083029081251,0.526315789473684
0.927200894485614,0.927200894485614,0,0.371223160381736,0.939811323867693,605.839139762124,417.998507148189,-34.9291882217125,3.19217811906025e-05,904.301004150895,14.2600514359147,1
0.79441219757694,0.79441219757694,0,0.537840526258158,0.197455523930455,621.661941465777,159.999428573469,111.536848361398,734.909608772012,275.123911761662,14.3338851311738,1
0.57386097197837,0.57386097197837,0,0.0126491879446129,0.600187451327493,821.981585689283,121.99956428727,118.289875170304,1518.17682093489,1459.79653820886,33.041445723525,0.526315789473684
0.798238409882432,0.798238409882432,0,0.224630329713293,0.82461654499489,716.588824199401,139.999500001786,110.900532526246,767.278564576436,880.411718137905,14.4461123412531,1
0.533624112710888,0.533624112710888,0,0.264296274517422,0.894165211136013,737.123229954951,145.999478573291,110.965801686551,758.536904616067,577.521107231359,13.7409375866238,1
0.573070945418589,0.573070945418589,0,0.632924164773789,0.640081810246676,961.123615828248,155.999442859133,117.715636628621,1427.25271891674,411.371081444621,23.4763832250911,1
0.685119869546976,0.685119869546976,0,0.732358323073227,0.486377926097388,977.706292824935,147.999471430459,124.663293775417,1748.86856779158,1480.55247523684,39.1284249877164,0.526315789473684
0.947213429882488,0.947213429882488,0,0.166034721190809,0.849354768530485,934.17730433061,121.99956428727,118.760076559123,1649.92340817404,1712.83990008551,23.2591346085386,0.578947368421053
0.735503970209478,0.735503970209478,0,0.872465171018927,0.838495814054511,716.940671230096,401.998564290842,-44.2645570820978,1.2353503961969e-05,886.041286742721,14.3763029683008,1
0.525419479031963,0.525419479031963,0,0.0618575396279066,0.191485730083123,958.701884848255,131.999528573112,121.635424620757,2528.55155159638,1917.90237666843,25.4644053261165,0.368421052631579
0.790200242769989,0.790200242769989,0,0.875658330410899,0.444336610751356,919.344415790207,163.999414287806,116.883444399535,1252.11117868982,664.726703253597,24.6945977891106,1
0.658594578025706,0.658594578025706,0,0.024942032025658,0.10173879772221,725.139231512453,135.999514287449,118.388382417653,1681.62322369355,783.187563683605,40.6092613675994,0.421052631578947
0.57545007368642,0.57545007368642,0,0.405240413255995,0.807269977228252,766.14622356778,151.999457144796,111.950160390237,821.189995888646,603.239915389862,13.276952108135,1
0.778080982496393,0.778080982496393,0,0.686526825360236,0.859850116480614,936.906227976451,155.999442859133,115.63912783796,1172.14923173618,914.87249567947,12.3359673331603,1
0.699503270789417,0.699503270789417,0,0.0462104736184386,0.215255816097875,810.708041026543,133.999521430281,119.747364774988,1786.23120202944,1181.56667662756,37.4410654091101,0.578947368421053
0.908587738681154,0.908587738681154,0,0.740322731182167,0.220736792684878,843.970692187112,153.999450001964,119.784863001357,1469.72899268366,1274.45755511809,29.1359816065429,0.526315789473684
0.906349340524771,0.906349340524771,0,0.0837392029288907,0.76582552603933,693.087244134442,131.999528573112,110.451854913582,811.491661265023,810.432633289247,20.5105986598813,1
0.531987529427655,0.531987529427655,0,0.0865924095088019,0.287972946234531,687.095439683754,129.999535715944,116.7678676149,1482.11722750931,928.497492986921,24.7508965623056,0.421052631578947
0.573947734210378,0.573947734210378,0,0.577718010392732,0.179446524774833,600.734792595359,143.999485716122,119.049163704328,1185.55737105829,905.572323450008,34.2890420231826,0.473684210526316
0.500789833372597,0.500789833372597,0,0.499770043883606,0.283670708535304,808.292695156284,143.999485716122,125.488136879871,1813.58753366182,1275.98143463847,22.5855669785638,0.368421052631579
0.967726619240346,0.967726619240346,0,0.294797767320125,0.117821484049987,907.280785698206,141.999492858954,127.692226138053,1888.30626178158,1452.56811697803,30.3166500360972,0.631578947368421
0.79939455871614,0.79939455871614,0,0.49117988139073,0.382117003390573,710.699475323364,155.999442859133,112.708944240027,859.147564176008,582.420813158094,19.8332096387352,1
0.631473668301341,0.631473668301341,0,0.740445922363647,0.898448676978213,964.300667323903,159.999428573469,116.056606867311,1197.98551962984,779.938177121897,13.0024690740677,1
0.732768166011215,0.732768166011215,0,0.75095625007137,0.613667927868931,847.712897762693,161.999421430638,114.60871886485,1019.63090094472,749.529604383826,15.3994866346073,1
0.803825954126923,0.803825954126923,0,0.346661006160802,0.547586058108047,652.860091734633,147.999471430459,109.75777249119,657.488010257799,722.648796066215,11.1347505115491,1
0.883440051362492,0.883440051362492,0,0.653698833073436,0.546160006450487,921.750834213723,153.999450001964,117.076364582703,1354.08360220425,720.105382846199,28.2193496100311,1
0.557688791479168,0.557688791479168,0,0.130406055273539,0.784517756170854,943.744913800506,123.999557144439,119.582879067919,1771.8370566355,1749.27031276259,29.2683929693048,0.526315789473684
0.573291619373823,0.573291619373823,0,0.654351345967073,0.518613074167185,602.16746580446,161.999421430638,102.286609253513,256.443470946136,71.0492444574455,10.891588790629,1
0.848203962915956,0.848203962915956,0,0.7640397243217,0.504827674971426,964.00062634907,147.999471430459,124.134941342999,1690.08088096767,1394.81286877546,36.7203374695126,0.473684210526316
0.576366972566527,0.576366972566527,0,0.222178863951949,0.00928129383586929,924.296844331373,145.999478573291,125.120141062841,2468.01711946233,1399.91651415279,20.9799190856423,0.368421052631579
0.967188879477052,0.967188879477052,0,0.0854488418016141,0.648405661344449,642.028932832709,133.999521430281,109.564294102192,729.727383086192,735.477264344516,9.45048924766121,1
0.817562248901947,0.817562248901947,0,0.291692550542122,0.884222083209458,738.933673832727,143.999485716122,111.119697278733,770.299134312064,909.868438040596,7.32802881415741,1
0.866783077997071,0.866783077997071,0,0.99881744140486,0.0959049910166193,779.23992168112,171.99938571648,116.013632276287,1066.01653867813,284.083858586229,12.3233684032261,1
0.638754208571614,0.638754208571614,0,0.718000621902645,0.0935618268687843,623.050472243088,149.999464287628,117.606416242963,1231.33668952302,1039.34827647358,52.1424973920215,0.473684210526316
0.86618421256435,0.86618421256435,0,0.237678025384991,0.244544814838757,881.95134048288,135.999514287449,123.043400064429,1773.77423837998,1476.44557313526,33.497257096044,0.631578947368421
0.616787028070805,0.616787028070805,0,0.602828200937012,0.0919657147575381,960.764014959717,151.999457144796,124.316503860878,2305.80698776486,1617.03275431408,30.3208226934712,0.315789473684211
0.754041391562695,0.754041391562695,0,0.625006178659334,0.672255524368326,712.344083893726,157.999435716301,109.859085823516,621.77653185684,802.299182622369,5.71555281744892,1
0.677582824717744,0.677582824717744,0,0.136736862437479,0.542113410893612,693.265385080039,139.999500001786,112.631861246183,882.543537070471,541.361998669189,11.4704409525159,1
0.764341484519839,0.764341484519839,0,0.96776647016192,0.00812020676785097,783.359328921304,159.999428573469,119.047493395258,1485.85536091074,1421.17103535312,27.4742929509586,0.473684210526316
0.868335229308762,0.868335229308762,0,0.889303811890118,0.890948572806793,851.269376637381,163.999414287806,113.033099592549,851.484455943919,920.473332148863,13.8634054994828,1
0.832037450586797,0.832037450586797,0,0.758627401942335,0.640132958321767,793.232855297099,159.999428573469,113.005248427662,865.756345521153,797.001257663256,19.0937118191481,1
0.583594016867705,0.583594016867705,0,0.558018578351769,0.652260131537847,661.340935128497,157.999435716301,106.493443127687,423.519518417846,460.778591312761,9.41858162768866,1
0.910940678908683,0.910940678908683,0,0.474528540954196,0.0529112031377246,637.113588273458,159.999428573469,113.334396040056,889.563832403101,194.411343535099,12.8473641189098,1
0.626428066066991,0.626428066066991,0,0.163503248626804,0.433668136709186,603.424480663682,141.999492858954,110.811770130949,721.455847272535,0,12.6943923738045,0
0.550384132425136,0.550384132425136,0,0.818546051349651,0.39234936282335,643.257497181254,161.999421430638,112.204376891544,782.137372594772,0,17.2730164960944,0
0.977427489729568,0.977427489729568,0,0.0107985346360182,0.489418991722689,669.635957498683,127.999542858775,111.830700732451,962.74745383289,636.206361009249,23.554246695876,1
0.960478393863762,0.960478393863762,0,0.0412526883508624,0.826551876257141,906.010939506696,115.999585715765,120.094236589839,1592.84809468998,1686.0769129287,39.3646747926329,0.526315789473684
0.638214238929045,0.638214238929045,0,0.845324526967535,0.642374409275693,889.090733197034,163.999414287806,115.44452970382,1088.01491744458,613.808391770646,10.3167852052454,1
0.695728589433082,0.695728589433082,0,0.238814607624861,0.914170431455711,774.251595068151,141.999492858954,112.564051925721,879.059913209451,853.350031813554,13.5829478276028,1
0.846233198587283,0.846233198587283,0,0.0640186124471045,0.861066902570803,957.473954549701,117.999578572934,120.24255797842,1740.54764457027,1839.69772738271,25.2556274712604,0.526315789473684
0.982294054745717,0.982294054745717,0,0.783508371692579,0.189049071003746,671.188278610025,165.999407144974,112.613556952009,796.048069163942,445.596428640928,6.20794848316037,1
0.646239987027482,0.646239987027482,0,0.305889402109226,0.0124077543693569,953.589946310895,149.999464287628,125.036619950666,2449.55757372647,1526.31587324721,27.5967152038534,0.315789473684211
0.892309929317139,0.892309929317139,0,0.378291417208482,0.636658715643594,923.331598794909,133.999521430281,120.562826803927,1653.71024290965,1476.60940655887,32.5968000063485,0.473684210526316
0.532970278113297,0.532970278113297,0,0.871685571272029,0.949920602154187,652.287107133454,415.99851429102,-43.94823739759,1.16857663411303e-05,655.185620361458,11.6470434815249,1
0.805143648080001,0.805143648080001,0,0.146271212361099,0.908376181596265,865.438655614835,129.999535715944,115.453148104982,1344.6928646997,992.173566316839,25.0779095715981,0.526315789473684
0.543456145794897,0.543456145794897,0,0.073825764299898,0.901426315800858,679.370678748632,135.999514287449,109.14753353693,686.062536347333,589.748738850985,11.3615857018329,1
0.609863794693868,0.609863794693868,0,0.679980264986847,0.535583011980629,766.245338497321,161.999421430638,113.231506874034,875.034525707001,365.980394726894,16.9064343988373,1
0.540033576702395,0.540033576702395,0,0.485528554433754,0.376586521872418,701.270066511021,141.999492858954,122.42598926605,1285.37532365766,1033.61608009865,24.8632607655741,0.473684210526316
0.843100843420593,0.843100843420593,0,0.153723457694325,0.923871449754527,848.301640470263,129.999535715944,114.746462680587,1268.45782949716,913.399123280739,35.6876960833235,1
0.895022559723347,0.895022559723347,0,0.0653169681006689,0.159804062068104,968.688930948991,135.999514287449,123.831943307029,2208.69062607915,1478.45470019105,29.6626325673485,0.578947368421053
0.878529007894288,0.878529007894288,0,0.278707996396082,0.916376958186194,612.536426553141,415.99851429102,-33.5369555412582,3.69489755089845e-05,903.81087497854,14.4580135909286,1
0.7720089667442,0.7720089667442,0,0.750053200020768,0.488167711356957,759.063507350536,163.999414287806,112.901580132668,838.517459911457,686.904316431104,11.2121258347871,1
0.526914594926665,0.526914594926665,0,0.319515946328353,0.914676521525308,833.094675406067,145.999478573291,114.058419512336,1002.11386692529,584.273601846985,14.316344701909,1
0.736388167464797,0.736388167464797,0,0.317983238007662,0.908044785764155,965.124767074631,133.999521430281,119.282061061001,1637.06855030416,1348.62294049608,25.6892087404035,0.578947368421053
0.774638068866553,0.774638068866553,0,0.846130026616488,0.280630998146984,698.724737079428,167.999400002143,112.551729462536,776.300189058092,449.261854766992,11.3634922501013,1
0.892391468191475,0.892391468191475,0,0.601609432907696,0.239787929673527,767.272771151511,159.999428573469,115.001961116532,1057.58205347201,460.91537103437,31.7143863481798,1
0.577258636490328,0.577258636490328,0,0.167927485337363,0.675901355085867,959.242474650883,125.999550001607,121.441382760593,1883.42106689929,1772.86220799414,25.1291954278363,0.473684210526316
0.786839430048949,0.786839430048949,0,0.945280305988369,0.529887110710842,697.665068465682,167.999400002143,108.616639494728,504.637545132517,736.311546834867,9.85093281898997,1
0.641573121715994,0.641573121715994,0,0.922131420215228,0.539938147904728,800.889197487243,167.999400002143,113.740926880017,883.22914929716,509.150404593541,14.1470556973159,1
0.704936058630326,0.704936058630326,0,0.640815149802659,0.706984299229225,695.25279067242,159.999428573469,106.900069374257,440.091052824083,770.778356635017,11.5571331005232,1
0.967006278902562,0.967006278902562,0,0.234472437845922,0.260206778698729,822.045634438031,133.999521430281,120.906112366195,1590.7233767,1363.73134855505,26.1121374784817,0.526315789473684
0.634991238043628,0.634991238043628,0,0.158717020839993,0.259781733011098,939.875671003208,135.999514287449,122.326775730562,2255.90109566777,1795.93324336943,26.6812371595435,0.473684210526316
0.563058943062702,0.563058943062702,0,0.775635169881832,0.0254673061016787,847.394390771409,157.999435716301,121.684625297936,2067.3023995029,1185.03965441994,31.5521507334304,0.368421052631579
0.63582596079895,0.63582596079895,0,0.026255449588617,0.407162849942013,882.075652345395,127.999542858775,119.496520815183,1850.85758887201,1408.90892904596,26.500431431123,0.526315789473684
0.965797525830634,0.965797525830634,0,0.059698132390668,0.0716997071869401,694.952658529924,135.999514287449,119.678492874271,1401.43647696368,1019.64076883919,26.2658498142894,0.526315789473684
0.561114478768704,0.561114478768704,0,0.0735629433058315,0.179519986500193,949.268609990439,133.999521430281,122.04010538121,2410.82328207207,1703.47395604901,29.5700340940718,0.315789473684211
0.925471827721734,0.925471827721734,0,0.855580106402632,0.550440838974419,772.751300946728,161.999421430638,112.886525864427,842.423002664552,719.766145423564,11.2442205944583,1
0.945699638105866,0.945699638105866,0,0.0850050234966797,0.61565882446395,744.285205717524,129.999535715944,113.167965987661,1096.03861254671,720.266761157238,34.8596663041944,1
0.851403768988146,0.851403768988146,0,0.671029976323798,0.996290592042911,681.218791885083,421.998492862525,-38.4181545274543,2.06336520677634e-05,968.06657653374,13.4340255909183,1
0.742945518851892,0.742945518851892,0,0.0661829813493227,0.158040484635006,941.288520287973,135.999514287449,123.514532089005,2217.02022876877,1387.57230841301,24.8287871465526,0.578947368421053
0.509684185920582,0.509684185920582,0,0.181752850996167,0.566581742235226,741.59295069419,133.999521430281,116.099229185105,1256.51077848637,867.823783747501,26.3854225220213,0.473684210526316
0.955960273671187,0.955960273671187,0,0.815049470129582,0.51138931692601,747.879606563155,161.999421430638,112.463404484676,807.760434151548,688.766055760973,11.9219378458838,1
0.729898478054024,0.729898478054024,0,0.839354157685266,0.101507152692413,681.496545754083,161.999421430638,115.799904399972,1116.30427183636,750.404807022368,29.5945259638145,0.526315789473684
0.6891409451055,0.6891409451055,0,0.264489112392776,0.0403027479146998,777.86427489248,145.999478573291,123.000213822487,1822.96291506602,1009.83371965251,30.2708746151492,0.368421052631579
0.825949808604862,0.825949808604862,0,0.921460930145877,0.330729498012905,856.301191810881,167.999400002143,116.173588858531,1137.52487218147,568.408116890895,15.1149032103823,1
0.852563944816484,0.852563944816484,0,0.985603718363916,0.508054873753827,716.067907964527,167.999400002143,110.665083003306,636.021904565194,717.081101623243,8.31625126173747,1
0.593498761701273,0.593498761701273,0,0.788038640331813,0.436550505988635,622.558220247932,165.999407144974,109.090450097444,542.202955891004,0,11.4245735616162,0
0.959005331526706,0.959005331526706,0,0.103265108551486,0.663181880376602,689.221000844884,131.999528573112,111.029012330901,847.997117125841,745.588669839218,12.7717018575435,1
0.757698242458989,0.757698242458989,0,0.152705276741335,0.245259782701193,670.899791312877,141.999492858954,115.327214500492,1008.38277502557,185.555209655522,27.1055532570422,1
0.537050651671253,0.537050651671253,0,0.799545376822998,0.394293716309152,658.797167137014,159.999428573469,112.928869560602,851.205002265023,0,11.0279801098159,0
0.934576540362577,0.934576540362577,0,0.121351281073626,0.92188605505295,817.103562877145,127.999542858775,113.823709748071,1179.63329749399,880.405452159212,24.9307674503688,1
0.512950639434264,0.512950639434264,0,0.0722905122830001,0.12474941954601,861.816180200156,135.999514287449,120.983305578479,2253.98795261248,1374.00627700538,30.1896938403594,0.368421052631579
0.796648075314828,0.796648075314828,0,0.286760538587383,0.116985258187465,793.65687413714,141.999492858954,126.24446817413,1623.57662635023,1246.5858009157,30.6113281516291,0.526315789473684
0.954259201525897,0.954259201525897,0,0.0854164270660556,0.0786203267687708,633.125919250894,137.999507144617,117.144055840591,1173.11483289211,861.600398743613,32.3441155736683,0.526315789473684
0.726410349210787,0.726410349210787,0,0.546631381389868,0.168976763643404,625.757591971984,157.999435716301,112.913516519321,857.528766064549,0,16.4945330485754,0
0.614497133702784,0.614497133702784,0,0.0896223452855358,0.289522683912648,700.013378114681,129.999535715944,117.150092814441,1429.06471450412,1055.91415079238,29.2016250405192,0.526315789473684
0.941722808041576,0.941722808041576,0,0.234136301624601,0.474502153306554,716.811123684772,141.999492858954,114.33583498228,953.532255628559,641.070989263331,23.4417041930706,1
0.868858367376056,0.868858367376056,0,0.674248698507291,0.308804605225929,732.804208435492,161.999421430638,113.5677868445,904.461637075988,535.64195328723,20.4784724954158,1
0.560610791685878,0.560610791685878,0,0.813682510564631,0.445972422914195,940.638323515175,147.999471430459,125.32611693092,1774.16375808384,1595.95617300297,34.2487012890073,0.526315789473684
0.718978262019356,0.718978262019356,0,0.349189391478484,0.0744546242457989,667.350501200121,143.999485716122,121.295552051895,1381.09439217216,1015.98516757551,23.8954019332322,0.473684210526316
0.826898221162474,0.826898221162474,0,0.94638254429171,0.943654893937383,833.523317619724,165.999407144974,111.646030438298,715.72071904246,961.26777214346,7.5341364697311,1
0.689589976765158,0.689589976765158,0,0.514439754692645,0.773906488900612,618.22860498324,391.998600005,-42.4776254901139,1.69554453485245e-05,783.871681129875,14.6664715979534,1
0.834659177231812,0.834659177231812,0,0.378226437117371,0.0011867575665041,888.456387086995,149.999464287628,124.171522504404,1933.10946993886,1371.50002484437,26.8020132081603,0.368421052631579
0.719590794412001,0.719590794412001,0,0.887842855484568,0.567205328836589,957.279582406308,163.999414287806,117.099042518714,1290.3468095962,703.96270097119,44.9763303154512,1
0.760538683532395,0.760538683532395,0,0.643069952218295,0.100309901455612,770.941584540916,151.999457144796,119.521374832186,1440.78948818401,1392.82195866188,23.5460898880665,0.526315789473684
0.514729267771902,0.514729267771902,0,0.710816623428327,0.673283106064479,936.374542533069,159.999428573469,116.697866762497,1275.28103782352,194.467638190253,35.8998593224641,1
0.937075317919424,0.937075317919424,0,0.629704872540381,0.354522046078656,843.907485614936,157.999435716301,116.053141066106,1194.43390777641,573.587159807272,23.18562126487,1
0.970273268071005,0.970273268071005,0,0.528731293037435,0.263095119213184,785.682289640135,155.999442859133,115.444846507752,1126.17839714317,492.784116471465,32.5756915656248,1
0.907145315691338,0.907145315691338,0,0.516594184593337,0.450955601373472,674.201529417296,153.999450001964,110.988132954238,721.872726100408,643.460791883486,9.56220287766939,1
0.598741503858108,0.598741503858108,0,0.474613290753347,0.0690909877701411,648.443966398261,147.999471430459,117.417111348745,1396.27879674779,675.376254901912,31.6700851582971,0.473684210526316
0.514718154610959,0.514718154610959,0,0.110388328117916,0.684966243323634,833.212703476024,125.999550001607,117.662069095862,1490.89730108814,1355.71700016213,23.4091163760563,0.526315789473684
0.755431593908501,0.755431593908501,0,0.936154810166302,0.697523003382293,605.602369751838,385.998621433495,-48.0071364612828,9.3048047023446e-06,829.814570263566,12.902854489399,1
0.849820431457009,0.849820431457009,0,0.462394828437035,0.791510877089175,776.709641368077,149.999464287628,112.280493301417,854.301934318289,861.843542943146,16.5339648500324,1
0.640145953388363,0.640145953388363,0,0.779437306716358,0.103076307729147,904.450039541048,151.999457144796,123.020073267071,1995.24454604152,1509.11419948285,29.1960059963101,0.368421052631579
0.68649418646481,0.68649418646481,0,0.713029791018043,0.89653756712955,746.171989488666,161.999421430638,105.460774658201,367.19763143776,852.409263089181,8.88614961499935,1
0.817266487296771,0.817266487296771,0,0.581727640501292,0.674789610096178,883.294829448743,153.999450001964,115.472915125228,1158.04443953304,813.858887184319,37.8970290684716,1
0.706281529398318,0.706281529398318,0,0.722224232413303,0.862336035191168,798.490778421616,161.999421430638,111.57954290676,736.341599511635,860.252772983426,11.7226366301946,1
0.521352442251138,0.521352442251138,0,0.687034695161921,0.616737879318127,667.429520998709,161.999421430638,109.153071556619,557.645826627669,0.470163236513547,4.50856974352176,1
0.793390395031095,0.793390395031095,0,0.763112220740705,0.328483030074142,629.295717675561,165.999407144974,109.1516482756,543.654194186055,536.974595379573,15.1342358821518,1
0.764976209232074,0.764976209232074,0,0.00134018322833596,0.642929077034669,739.430727665165,125.999550001607,113.753816767505,1150.86619835882,826.019120364192,32.6909344549752,0.526315789473684
0.629672433041884,0.629672433041884,0,0.0871022169203378,0.626335004642896,856.876465042132,123.999557144439,118.422413317206,1574.79187924952,1500.63132117527,21.9392280782978,0.526315789473684
0.663481644214455,0.663481644214455,0,0.0531689004517868,0.736100426734523,999.553674457019,119.999571430102,120.098628893485,1931.52586347009,1947.32921153416,27.2750252088374,0.578947368421053
0.789845773809068,0.789845773809068,0,0.590028452078996,0.838254202794536,777.722700812508,155.999442859133,111.47204937867,758.772324055951,902.913466803557,16.8927830307963,1
0.838029775991077,0.838029775991077,0,0.222465813220735,0.304946282297824,600.297492879656,145.999478573291,110.771412587928,718.885726426807,486.52763947349,10.9136932447218,1
0.630007473676615,0.630007473676615,0,0.556694844183475,0.762036006289722,629.653854553659,389.998607147832,-43.7647446447275,1.4916999168009e-05,683.268651405262,12.9618689938681,1
0.584652741238068,0.584652741238068,0,0.128396156296251,0.53262128514689,913.355775684735,127.999542858775,119.752335616283,1834.46395346244,1612.29036846662,24.5010083486426,0.473684210526316
0.514203028011611,0.514203028011611,0,0.888532072919497,0.0207233097246554,819.795464937097,157.999435716301,121.179985664968,2008.75460949098,974.885198336231,32.5020692324534,0.368421052631579
0.59575447428939,0.59575447428939,0,0.536924418695378,0.392011611809665,634.513652592712,155.999442859133,111.550950155316,758.388138958726,0,19.4211644542594,0
0.705343788021652,0.705343788021652,0,0.260044317330136,0.19247521318742,741.411057121242,137.999507144617,122.468834783086,1498.77815142035,1123.2006860766,35.100643136355,0.526315789473684
0.578386007222121,0.578386007222121,0,0.553733495880002,0.202775579838565,705.239614732767,145.999478573291,122.224470592073,1479.12961942862,1008.89984657206,31.9794706471337,0.421052631578947
0.501023162225561,0.501023162225561,0,0.81556464414229,0.113237257115503,665.366539041936,151.999457144796,117.218210813228,1415.83191604294,607.108126879445,33.3144906055217,0.473684210526316
0.787914879318244,0.787914879318244,0,0.527981118376103,0.769684272695495,854.799411744655,151.999457144796,114.409366710416,1050.28689061043,865.499599381796,17.5002162318216,1
0.647231790254937,0.647231790254937,0,0.763263383936604,0.216472696625074,952.136856182298,149.999464287628,123.892463039063,2034.21181463176,1666.7465438044,27.2938621498921,0.368421052631579
0.576833686582127,0.576833686582127,0,0.671131285036742,0.270452319653906,630.667349683878,153.999450001964,113.696975917566,940.970383491643,86.8712062566868,32.709537296258,0.473684210526316
0.869655113849504,0.869655113849504,0,0.0843369494129916,0.46565144692184,835.353596625753,123.999557144439,118.669805903381,1591.4660331134,1503.0688969531,27.4057135385641,0.473684210526316
0.710357873791896,0.710357873791896,0,0.144615125771885,0.237191313707962,796.383090270577,135.999514287449,120.639400244573,1651.18542318388,1195.11068444894,31.2576041895682,0.526315789473684
0.977573023533856,0.977573023533856,0,0.110499041350007,0.517865872771878,690.022731387286,133.999521430281,112.12115797422,920.021269122173,659.367531962533,13.0967207527401,1
0.975436014970641,0.975436014970641,0,0.182976785817666,0.657103058012085,645.017519282427,137.999507144617,109.461052878249,683.10989965708,744.163416570081,13.8051426833032,1
0.786256238899509,0.786256238899509,0,0.812409467188765,0.604504130862916,942.404030085691,159.999428573469,116.657860115283,1264.53599293644,781.362499427331,20.3652630420977,1
0.579945132892091,0.579945132892091,0,0.737403749802024,0.717339010027158,813.382928113969,163.999414287806,113.26006769569,873.755639614874,548.663529466946,7.9948069225379,1
0.657494049945507,0.657494049945507,0,0.795915818774119,0.577616844372799,799.50805379775,163.999414287806,113.550862820016,891.329684145824,586.649480722622,12.1998573267167,1
0.757761335043723,0.757761335043723,0,0.499589933975089,0.222392868992059,759.282104477592,157.999435716301,115.302256439999,1098.29495729111,200.325864611414,30.1759543967723,1
0.64045993060769,0.64045993060769,0,0.796503412102183,0.350985525971327,662.946707760537,165.999407144974,111.75288187782,724.080669456808,0,10.9893605907575,0
0.635953969880644,0.635953969880644,0,0.118845947343677,0.52783723576761,736.089359415426,137.999507144617,113.732617442269,1058.24578489127,378.224169836848,27.8494793336935,1
0.797725598345373,0.797725598345373,0,0.646499035201416,0.959840292157714,912.398679195237,155.999442859133,114.727302847784,1077.00379595694,962.023703210712,20.9926923629647,1
0.901736210248303,0.901736210248303,0,0.0783313016882424,0.4289892978535,754.660197451533,127.999542858775,116.685655929817,1350.55535147632,1153.62992697291,32.0072504625017,0.526315789473684
0.872146725113755,0.872146725113755,0,0.937682070134981,0.501943985401241,953.483954653958,163.999414287806,117.280591725835,1318.79735417231,706.137913300953,23.9520662230821,1
0.674045324132049,0.674045324132049,0,0.796858294327427,0.60576681179387,739.407606282476,163.999414287806,111.196671169876,687.633306365658,651.503978260299,12.3664644638198,1
0.659995991112217,0.659995991112217,0,0.987738832712091,0.717001833580308,603.453129971643,387.998614290663,-48.3808646541457,8.77574797769967e-06,722.902958096045,14.0658853868772,1
0.81859077868204,0.81859077868204,0,0.11245079594795,0.858010211585435,856.292868510846,123.999557144439,116.717212621203,1414.57367618262,1293.5839662688,36.4283631850349,0.526315789473684
0.551283234762677,0.551283234762677,0,0.29877751759506,0.765431168247128,724.368571901652,147.999471430459,111.288499362229,777.255029410001,490.047333360563,14.2482388274601,1
0.884832534501888,0.884832534501888,0,0.924875628855975,0.92919506448944,818.529351087941,165.999407144974,111.26662376404,693.350799858214,934.079579214605,12.8208901280962,1
0.63028851146651,0.63028851146651,0,0.871272118621892,0.740834804396526,689.346698816959,389.998607147832,-46.7120321644765,1.07860260436729e-05,682.848426678355,15.4066376772922,1
0.870299751665051,0.870299751665051,0,0.417652428383118,0.301875948117806,636.568775433667,153.999450001964,111.200516370134,740.02919874852,509.926536768342,17.3987868931193,1
0.894714746859019,0.894714746859019,0,0.874862433801028,0.108722573504286,715.780636414677,169.999392859311,114.413934611909,929.106433304434,321.272666186638,19.9149653138859,1
0.870634300893359,0.870634300893359,0,0.32528044784641,0.395983471496526,813.110462408939,137.999507144617,121.924230599699,1433.55659521254,1184.50400488733,25.7215320224767,0.526315789473684
0.762886430621224,0.762886430621224,0,0.76903982055044,0.944502444355347,631.230414552366,413.998521433852,-41.600206801897,1.567719391804e-05,950.369461483896,10.9937133285807,1
0.941427294421968,0.941427294421968,0,0.763803202070581,0.754869937167087,873.406074234907,157.999435716301,114.627510218193,1046.92833117797,826.165954023272,14.659959728411,1
0.549816668667382,0.549816668667382,0,0.0336975006903261,0.269902847959688,825.800096264792,129.999535715944,119.257876189054,1948.45268744416,1340.67417614117,40.1934383059455,0.368421052631579
0.949478337298356,0.949478337298356,0,0.100423759894385,0.238753649009687,720.222411691616,131.999528573112,117.656164323031,1356.77484660846,1146.45104911736,25.8267307046366,0.526315789473684
0.547282394125726,0.547282394125726,0,0.538922651468316,0.493111779996696,898.679606021656,141.999492858954,126.406835136522,1711.5929126603,1604.62763985234,30.6648480857353,0.526315789473684
0.908126623361863,0.908126623361863,0,0.0613426059636123,0.959181786178067,622.459646150822,131.999528573112,105.080577466071,448.732729286963,900.519105486406,14.7079924340755,1
0.894909962390767,0.894909962390767,0,0.289733735858655,0.474790987852746,742.524053017671,143.999485716122,114.940602572882,993.5090399061,651.797640953249,39.5949643876415,1
0.643266278753928,0.643266278753928,0,0.853607227281686,0.660639283417804,731.435400932654,165.999407144974,109.518758714072,561.599379757111,642.718404936935,10.5853877713913,1
0.76166218034358,0.76166218034358,0,0.874548463237284,0.65723721917229,979.824690335455,161.999421430638,117.141093959355,1318.02045927976,808.277725504508,34.4060170239113,1
0.808700248937325,0.808700248937325,0,0.0422683512569081,0.275146491110181,625.626895317255,135.999514287449,112.454699322814,901.524015204542,392.713448909031,20.0548056138313,1
0.839043924236689,0.839043924236689,0,0.646402099710695,0.928848114213058,696.464429951508,411.998528576684,-39.4699231419257,2.01056741784902e-05,940.22688602326,13.84711681938,1
0.677351271798619,0.677351271798619,0,0.326183023606659,0.540796455539982,903.655971340713,135.999514287449,121.637565877691,1652.33132351529,1494.34484968183,27.1203636194863,0.526315789473684
0.909442210753835,0.909442210753835,0,0.603578204907723,0.512834285600478,999.225145088985,139.999500001786,126.428257735511,1885.12124545237,1806.95195238036,27.3609005019664,0.526315789473684
0.707966224665595,0.707966224665595,0,0.358575203368505,0.189346195585056,876.34147462462,141.999492858954,127.748977170297,1878.60337008934,1302.46098258644,26.4092541950407,0.631578947368421
0.880456274489461,0.880456274489461,0,0.389200552340707,0.0252980519873101,794.530821585562,147.999471430459,121.095722886154,1555.49069587942,1534.67728299651,36.9644255366156,0.526315789473684
0.526962772793286,0.526962772793286,0,0.461751290111501,0.724330670485979,854.399597348286,151.999457144796,114.960520912057,1103.42519893057,352.36957617206,9.12356151883419,1
0.592251634442551,0.592251634442551,0,0.302244597583258,0.358149135197823,758.296481840284,135.999514287449,120.050456011285,1477.9891555223,1311.29449971071,30.3646378595577,0.526315789473684
0.972784322157508,0.972784322157508,0,0.422029241086582,0.795760550529147,779.193919513687,147.999471430459,112.750823055059,892.323391815928,828.043640221103,11.009150896481,1
0.674180408731286,0.674180408731286,0,0.946846990936487,0.180228301903139,881.365809677745,153.999450001964,121.022577342996,1672.14575819643,1607.61484152485,32.896195693117,0.526315789473684
0.893780798262682,0.893780798262682,0,0.841098093592745,0.588185260987984,875.574260484655,159.999428573469,115.363645847945,1105.62121606798,749.880350098995,15.5924917927506,1
0.763624532487104,0.763624532487104,0,0.0839498564745554,0.849935217536229,965.421173083496,119.999571430102,119.92414980951,1754.55597480758,1836.8120456989,21.5241088918688,0.526315789473684
0.58921782454481,0.58921782454481,0,0.891744853961946,0.523107668464362,684.355928343063,167.999400002143,109.584393405329,557.55776991325,266.831629587065,4.67462891007595,1
0.931643657728626,0.931643657728626,0,0.292018978193033,0.929868380266571,971.741921846348,127.999542858775,118.964828331296,1717.78700725059,1619.35474805771,25.3270738094188,0.526315789473684
0.690757768528358,0.690757768528358,0,0.036658131338955,0.611993808877021,838.581355098287,121.99956428727,118.42871883858,1530.6511027295,1501.45196734863,23.4088244398927,0.578947368421053
0.562135176369358,0.562135176369358,0,0.933498244330626,0.0594636184574071,840.11473264389,157.999435716301,121.373560321148,1985.37864107085,1229.26553018883,23.4586515465085,0.368421052631579
0.714819357993624,0.714819357993624,0,0.803261111783146,0.76309556898095,949.512710758248,161.999421430638,116.16890246063,1204.03046086778,823.075351721865,12.4268076813719,1
0.975216897058635,0.975216897058635,0,0.153030359777186,0.379799095009103,995.351660580534,129.999535715944,122.647997668367,2205.75229192714,1859.14325330556,34.693116280558,0.526315789473684
0.665382417470597,0.665382417470597,0,0.519600024334909,0.12028495799452,914.455545756055,147.999471430459,125.407537657423,2083.67932120169,1483.23195524529,21.4389743544228,0.315789473684211
0.918727838043131,0.918727838043131,0,0.210858649141094,0.706217992271247,776.266459859778,137.999507144617,113.517500420393,1018.63765433574,782.790660214095,19.6664080654369,1
0.643992826114154,0.643992826114154,0,0.564104800766443,0.58683508542159,804.318993858522,157.999435716301,114.011379266424,982.213914570393,547.714733283048,8.52511318554745,1
0.841103209183375,0.841103209183375,0,0.476115766461795,0.857988238662847,727.683503535354,151.999457144796,109.657347984723,640.461140795889,898.946810998374,16.536005629319,1
0.731561507951633,0.731561507951633,0,0.309232536442874,0.617957418399924,906.788248254426,133.999521430281,120.265380318655,1620.2591498156,1442.79882707992,39.5724250455178,0.473684210526316
0.905112193179358,0.905112193179358,0,0.733200973886584,0.893176199592853,601.347524140264,407.998542862347,-41.5668681203417,1.63221165641429e-05,903.463442075909,14.4885892241515,1
