a_LCA,a_IA,a_PCA,a_CT,a_TA,Ps,F0,SPL
0.831242520606806,0.831242520606806,0,0.126666673940643,0.242822855822117,975.868001768118,135.999514287449,122.962376959812
0.569635809718476,0.569635809718476,0,0.0910787076122684,0.0960472943316002,918.762545044334,137.999507144617,123.614974945045
0.569469960089561,0.569469960089561,0,0.102642860880824,0.477299164913964,632.691957326141,135.999514287449,111.688545466046
0.796294107248908,0.796294107248908,0,0.147532531518639,0.906655587174862,739.718703952495,135.999514287449,111.093016038244
0.649001834475873,0.649001834475873,0,0.45396565078594,0.685939228293157,614.3048097085,153.999450001964,40.6764767691738
0.836051117673579,0.836051117673579,0,0.732325590689679,0.113945443155818,767.409769969593,165.999407144974,115.814669382972
0.840460263342746,0.840460263342746,0,0.44947683005476,0.355275715183646,835.443528307977,143.999485716122,124.740226068775
0.725124680195912,0.725124680195912,0,0.702758034792588,0.00175025992302724,812.902410179682,153.999450001964,120.846038422066
0.770254486577627,0.770254486577627,0,0.742667597547335,0.889381696633984,700.584105324761,407.998542862347,-41.9375459959728
0.883718296648711,0.883718296648711,0,0.127640340002447,0.0380866871003673,761.887000242064,141.999492858954,125.291844680966
0.586753419528776,0.586753419528776,0,0.814107705602788,0.490895763512879,761.57719386601,165.999407144974,113.514584080311
0.962571408929772,0.962571408929772,0,0.781108452153246,0.655817200101824,958.081904251471,155.999442859133,117.010314659229
0.820831110591062,0.820831110591062,0,0.408213392099529,0.278522976166337,603.744591047814,153.999450001964,110.194224334117
0.605551060134239,0.605551060134239,0,0.455742340965584,0.795121864516862,642.50258690271,157.999435716301,-32.6034999081146
0.838533181556233,0.838533181556233,0,0.167299053159603,0.470385611306592,621.67522206191,141.999492858954,110.331560120203
0.818925696786108,0.818925696786108,0,0.239021455389521,0.212849841798207,812.456906638106,137.999507144617,122.671949298942
0.528207896925512,0.528207896925512,0,0.467429683717437,0.0403787603528318,951.74504861059,149.999464287628,124.30481658598
0.974576199249972,0.974576199249972,0,0.0393784572048483,0.866974126683193,851.487052361359,117.999578572934,117.382669636023
0.888595602446455,0.888595602446455,0,0.468866584390215,0.970417984363004,896.316346555283,147.999471430459,115.12450968124
0.822765385542312,0.822765385542312,0,0.966320921810662,0.555354654055966,873.511055516138,165.999407144974,115.360353440929
0.979361951244688,0.979361951244688,0,0.318907934732487,0.767413242172473,854.733551101739,139.999500001786,115.319273286361
0.51087074228513,0.51087074228513,0,0.0914758632812162,0.778968035596419,611.5069326678,137.999507144617,106.900252589902
0.557829993838153,0.557829993838153,0,0.0686613645248516,0.372565759536452,648.782966164304,125.999550001607,115.52620524041
0.520981531979003,0.520981531979003,0,0.590504349388339,0.981042212065808,971.115907205548,157.999435716301,116.112641575323
0.630012698949675,0.630012698949675,0,0.23050188524096,0.934217546131685,965.379597592749,129.999535715944,118.586073565834
0.998987210240817,0.998987210240817,0,0.665504209356528,0.556229292865462,940.151502880726,143.999485716122,126.332371808547
0.864054878462486,0.864054878462486,0,0.242090501769407,0.724933401590021,695.904200090982,141.999492858954,110.923460941106
0.599894299766118,0.599894299766118,0,0.464037069288569,0.460016343698375,785.004455391462,153.999450001964,114.953600300105
0.730645159095032,0.730645159095032,0,0.67106289014772,0.230266826790867,797.785583126055,161.999421430638,116.00051619395
0.935365551858216,0.935365551858216,0,0.441016682926844,0.558459261414194,609.557136165958,151.999457144796,105.690430931534
0.782535280346164,0.782535280346164,0,0.320371349054438,0.479903486778568,983.272141618166,135.999514287449,121.8442819714
0.542861957014948,0.542861957014948,0,0.937517119346303,0.782762620324306,760.471384289909,169.999392859311,108.116811775001
0.523913585440543,0.523913585440543,0,0.174734490405905,0.916735742380277,852.81904115031,137.999507144617,114.645898465264
0.687265307058943,0.687265307058943,0,0.318651217762932,0.00889649922093216,925.374436193816,149.999464287628,124.346508010608
0.754714396190826,0.754714396190826,0,0.662707289055824,0.983903283211278,968.588668842947,155.999442859133,115.876803765928
0.602267251960049,0.602267251960049,0,0.336005437888431,0.328576098942974,901.520256644688,137.999507144617,124.261216326103
0.598357159650484,0.598357159650484,0,0.309656420463673,0.147602176174457,860.18714702893,143.999485716122,126.202092730438
0.609253597689547,0.609253597689547,0,0.239791751894182,0.161376140068148,991.488746366282,139.999500001786,126.845113442481
0.856290724260491,0.856290724260491,0,0.3894301436874,0.0795006341177477,654.468367061828,155.999442859133,113.929600098294
0.862662257411669,0.862662257411669,0,0.0584526385426831,0.597081475387812,986.755242960122,121.99956428727,120.236985784806
0.928073791057975,0.928073791057975,0,0.499752249029782,0.183587785189877,783.15191151033,147.999471430459,120.95434548215
0.522344294270614,0.522344294270614,0,0.552806408735757,0.921557910504593,824.120715752632,157.999435716301,112.730855370846
0.750101700684034,0.750101700684034,0,0.708489993335882,0.937811713891494,650.42654611398,413.998521433852,-40.8805860985573
0.984125935306458,0.984125935306458,0,0.492361800557588,0.192236329379165,837.991112152296,143.999485716122,124.759035453623
0.886330486817611,0.886330486817611,0,0.551092623541949,0.170367051763848,919.155595589664,147.999471430459,123.154991967606
0.538306005979792,0.538306005979792,0,0.871109133620905,0.535977225736311,625.166208478865,165.999407144974,105.708610104607
0.607610489903096,0.607610489903096,0,0.662279550525841,0.223274698834365,859.309286212186,145.999478573291,126.15523388943
0.55818006393132,0.55818006393132,0,0.111215787097844,0.874422175207919,727.567579852426,135.999514287449,111.115310985177
0.990936048623977,0.990936048623977,0,0.975073216192429,0.40149498785943,985.322805313055,149.999464287628,123.503620789239
0.555906257689038,0.555906257689038,0,0.320289751601226,0.997035544959884,864.784036510044,145.999478573291,114.764381500393
0.704865277732918,0.704865277732918,0,0.211268502946523,0.953395206160619,809.319180919119,137.999507144617,113.264400337492
0.968915870035262,0.968915870035262,0,0.443394004738745,0.0845396000326122,693.796811813748,157.999435716301,114.565636306255
0.879055375420081,0.879055375420081,0,0.430752685618981,0.600314009193097,816.808098302352,147.999471430459,115.074820310207
0.859521360413407,0.859521360413407,0,0.538764727490197,0.760280716490156,984.304127113929,139.999500001786,124.43069207928
0.784034710199387,0.784034710199387,0,0.393818558905479,0.102203089336377,887.19611375861,143.999485716122,127.296861300184
0.575267016127471,0.575267016127471,0,0.260241761378883,0.699815006220498,832.967407239478,141.999492858954,115.588498716972
0.933510104646853,0.933510104646853,0,0.346231769792842,0.77930431007572,671.204845786622,145.999478573291,108.486112280454
0.764284465563357,0.764284465563357,0,0.356872128408042,0.257358000792994,882.518354118846,139.999500001786,125.642884758919
0.882828830170447,0.882828830170447,0,0.595450785507117,0.453842904464403,988.086839201654,139.999500001786,126.938602486182
0.913185956054159,0.913185956054159,0,0.199999868662876,0.376238171794696,772.659619614822,133.999521430281,118.516867776063
0.95572368851345,0.95572368851345,0,0.964202042085849,0.54859384881105,735.97843980184,165.999407144974,111.446323122189
0.942393900017885,0.942393900017885,0,0.701154644444023,0.983458169883139,979.841409418692,153.999450001964,116.189465282134
0.908152375857736,0.908152375857736,0,0.478743399998422,0.588162953079039,690.835654466332,151.999457144796,110.640851173189
0.724027267515858,0.724027267515858,0,0.549189616152239,0.629200275481835,812.776273699521,155.999442859133,113.946175056085
0.772458503278736,0.772458503278736,0,0.534588817815158,0.259939243841495,667.077317072626,159.999428573469,112.379557176036
0.865829334124122,0.865829334124122,0,0.64958411660421,0.78576542197245,678.18538285981,157.999435716301,78.5428388737569
0.696545512197411,0.696545512197411,0,0.229409114341078,0.973452991586921,992.119738943626,125.999550001607,119.344245811878
0.997199567071994,0.997199567071994,0,0.641161205669123,0.785508577018391,614.076820233634,393.998592862168,-42.5207422511658
0.659129720494248,0.659129720494248,0,0.0886088667618811,0.602045714778187,764.928174913712,133.999521430281,113.880820059005
0.83930253160003,0.83930253160003,0,0.350090215474098,0.00235017198862209,999.099171099507,147.999471430459,126.740827257504
0.97089193138019,0.97089193138019,0,0.582644845271635,0.374936822954357,756.635119475674,155.999442859133,113.983951613119
0.781012533670422,0.781012533670422,0,0.97910176775037,0.632900790952783,913.720082426409,165.999407144974,115.867280295598
0.969487368439541,0.969487368439541,0,0.136141029145439,0.654944423063719,899.728350674201,121.99956428727,119.156704546645
0.887810221419192,0.887810221419192,0,0.0856928159774406,0.32917812589134,816.174544424341,127.999542858775,118.732533207314
0.785801314988183,0.785801314988183,0,0.877970975480686,0.0356722830989433,604.745598745862,167.999400002143,113.045527049377
0.598011899999908,0.598011899999908,0,0.362909223567664,0.147588126631074,665.276687748641,141.999492858954,120.432109493257
0.530933221649031,0.530933221649031,0,0.35851489096447,0.986168566381826,893.31511388251,147.999471430459,115.200733049333
0.866071978672424,0.866071978672424,0,0.798681996326226,0.816722929108625,858.801291125645,159.999428573469,113.847822233027
0.551520099391569,0.551520099391569,0,0.526225523834338,0.277394541638318,885.854744648852,143.999485716122,127.036229955591
0.614240695355103,0.614240695355103,0,0.136453814794762,0.258436855063221,687.979505915055,131.999528573112,117.479467972396
0.769230590343486,0.769230590343486,0,0.640154809578915,0.56133053656942,984.685149849902,143.999485716122,127.421611407597
0.88142767381246,0.88142767381246,0,0.060805953377294,0.607979751261512,673.885447675268,131.999528573112,110.922164906867
0.747234085914716,0.747234085914716,0,0.250317232118892,0.432452954182292,802.509427958921,141.999492858954,116.51719936816
0.52710276669848,0.52710276669848,0,0.179609609126659,0.440384712931046,743.847589211469,129.999535715944,117.710201286122
0.857628701911815,0.857628701911815,0,0.82718309804327,0.835304336689676,906.758217244066,161.999421430638,114.941821537395
0.926955693455428,0.926955693455428,0,0.825842782333412,0.857988733210158,683.444907216024,403.99855714801,-42.9359180065051
0.929266466300817,0.929266466300817,0,0.0307632984965477,0.0459864081706304,815.132952344252,139.999500001786,124.099185620928
0.744714358244879,0.744714358244879,0,0.358818303089021,0.314146462079009,756.535327943642,151.999457144796,114.987406573114
0.616602084931117,0.616602084931117,0,0.646166742928045,0.153740664392665,736.511826033839,147.999471430459,121.618815451279
0.926196193209302,0.926196193209302,0,0.913364656468247,0.992530721358568,732.729505047871,419.998500005357,-40.8363319492615
0.529689269202005,0.529689269202005,0,0.0486924782504353,0.34690770727471,673.604900176471,127.999542858775,116.308233080102
0.950460082194766,0.950460082194766,0,0.577075884999243,0.22801617770162,603.870344573029,159.999428573469,110.273912025428
0.822940179754182,0.822940179754182,0,0.723875632787032,0.312177948321404,832.239104178478,161.999421430638,115.873357252812
0.999724188938667,0.999724188938667,0,0.0481995814964831,0.279753659287306,746.372917219766,127.999542858775,117.621714330181
0.678935147644107,0.678935147644107,0,0.386272542852883,0.695714594866376,892.523030528482,145.999478573291,116.395331267575
0.700223768953191,0.700223768953191,0,0.681286967220601,0.984820550567937,716.676228231451,419.998500005357,-39.508121129333
0.976609732134806,0.976609732134806,0,0.459010663256578,0.449014319060248,695.891991546899,151.999457144796,112.033527137659
0.891721292436789,0.891721292436789,0,0.839450314818758,0.457252702870658,768.521503846767,163.999414287806,113.354758157487
0.820702385441684,0.820702385441684,0,0.715190169090653,0.814344518775712,612.6044255883,397.998578576505,-43.461351280538
0.751539582121777,0.751539582121777,0,0.880205622367784,0.45568922509471,991.666351873736,151.999457144796,123.036336949986
0.861365599740122,0.861365599740122,0,0.701550383648754,0.369971685801684,908.925495591441,149.999464287628,122.537873566483
0.547819019486394,0.547819019486394,0,0.144582148249977,0.0941048611089456,841.451416678574,139.999500001786,122.912066171862
0.623606352177185,0.623606352177185,0,0.743373327136851,0.336649166035047,904.139443354733,147.999471430459,123.977320088576
0.915678791656541,0.915678791656541,0,0.749625256128242,0.322588382761563,922.252404706479,149.999464287628,122.94308485569
0.71431549428954,0.71431549428954,0,0.510322468940207,0.143253924947745,970.075983933478,143.999485716122,127.834397076077
0.730101994540095,0.730101994540095,0,0.263851309123979,0.795544958037691,623.772546084258,143.999485716122,101.57243163776
0.577888743840953,0.577888743840953,0,0.636726899823158,0.548982722143673,949.712793383208,145.999478573291,126.214606009197
0.603255176032711,0.603255176032711,0,0.131768286848426,0.71831613643685,713.348288150739,137.999507144617,111.78780119854
0.845692726812775,0.845692726812775,0,0.193106923999154,0.604427157950102,853.508315709728,127.999542858775,118.122057469691
0.760212323227399,0.760212323227399,0,0.307391552445389,0.340723355946711,625.652167221608,149.999464287628,110.84466710914
0.834740572821529,0.834740572821529,0,0.692908316307436,0.394864224227336,805.275246439005,159.999428573469,114.812947327552
0.743097768563385,0.743097768563385,0,0.0255011245501721,0.316853817741761,742.383687249833,127.999542858775,117.464587493411
0.96647037912573,0.96647037912573,0,0.273180522356946,0.284710785620959,742.600397365354,143.999485716122,115.54158330592
0.60375782197745,0.60375782197745,0,0.849823769813891,0.867304341257625,822.406138443478,167.999400002143,112.092114436688
0.920459007337957,0.920459007337957,0,0.544545024133252,0.483864620988084,854.809915103926,151.999457144796,115.896121292992
0.896016746922256,0.896016746922256,0,0.803662932545526,0.43061052261411,875.186261710801,161.999421430638,116.124630985787
0.650771992157905,0.650771992157905,0,0.00113913494142381,0.00851256452276539,973.884799069347,139.999500001786,125.944655972659
0.557625957041635,0.557625957041635,0,0.254508786105744,0.870896332487886,765.523047041386,143.999485716122,112.51143624768
0.88197738293932,0.88197738293932,0,0.274658173153894,0.157673872254453,713.690706725595,141.999492858954,122.499123427236
0.625120546909065,0.625120546909065,0,0.102518429198643,0.305797450776424,756.030953077699,131.999528573112,118.281619955617
0.853348915094502,0.853348915094502,0,0.266005486050075,0.972981848170637,786.396649934377,139.999500001786,112.485583410928
0.694736753755866,0.694736753755866,0,0.366217570162343,0.121772761714528,759.117897104856,143.999485716122,124.873894615954
0.919382927406023,0.919382927406023,0,0.948229156611425,0.581441893377479,881.43541076101,163.999414287806,115.47619126427
0.622418739357608,0.622418739357608,0,0.945226594903734,0.272702125881907,795.078542952983,153.999450001964,119.406897737424
0.756166901217451,0.756166901217451,0,0.297377021061019,0.473574680094866,603.862868873415,147.999471430459,108.309462029724
0.722731808645921,0.722731808645921,0,0.134685037838775,0.97626386938094,769.50329358991,133.999521430281,111.594115713792
0.697493893286726,0.697493893286726,0,0.57061259701455,0.0854309899748176,704.275722384206,147.999471430459,120.326813051404
0.506110687009854,0.506110687009854,0,0.684502412848097,0.699747981545134,725.225139683342,161.999421430638,110.741847322259
0.823833145379338,0.823833145379338,0,0.574374027287944,0.896840486964829,609.250320217235,407.998542862347,-39.7447573235571
0.718168837048752,0.718168837048752,0,0.966973109316049,0.749050514557961,807.486716269929,167.999400002143,112.126631492964
0.716099472603798,0.716099472603798,0,0.921804234294881,0.317275875750546,731.965484742509,169.999392859311,113.344588269476
0.705581327751862,0.705581327751862,0,0.00706077167576391,0.220935415259373,674.594971602706,129.999535715944,116.466672080037
0.598144362612476,0.598144362612476,0,0.279658080876593,0.725115446072452,724.382890422514,145.999478573291,111.759219880136
0.604031261351031,0.604031261351031,0,0.194359157570743,0.622892967594651,744.057137552162,141.999492858954,114.138353617116
0.859505523738337,0.859505523738337,0,0.405253935465146,0.930752147919561,992.503037706405,135.999514287449,120.369831119611
0.565478355533244,0.565478355533244,0,0.440752315548481,0.724639065493509,771.721556629081,153.999450001964,112.610329182807
0.565289248937257,0.565289248937257,0,0.738512295426662,0.855858108814446,942.813831110878,161.999421430638,115.8119550282
0.798590003297277,0.798590003297277,0,0.828080755027408,0.347177633220951,876.229979054755,165.999407144974,116.529836879312
0.5481325168219,0.5481325168219,0,0.335072243895602,0.763541866455081,709.752402713607,149.999464287628,110.509484639588
0.816022461592588,0.816022461592588,0,0.99271348036885,0.570392376051803,609.17281854146,369.998678576148,-51.1978703511648
0.853671488311299,0.853671488311299,0,0.186532899227733,0.115544213917046,615.435018062259,145.999478573291,113.868850704897
0.795184501076004,0.795184501076004,0,0.958300809113869,0.118970276574807,705.147266693455,171.99938571648,114.256789115439
0.743973092148539,0.743973092148539,0,0.24511201970369,0.210091222663635,796.531159571719,137.999507144617,123.310489508016
0.524994758104711,0.524994758104711,0,0.747464254082775,0.520095855459453,762.6722794466,159.999428573469,114.174962934453
0.791613731311588,0.791613731311588,0,0.86483330941591,0.0311065136341708,916.998439359506,159.999428573469,121.23205399648
0.63195193516801,0.63195193516801,0,0.560020885519086,0.787939669805089,661.757980723644,159.999428573469,3.88926363191001
0.906169307110726,0.906169307110726,0,0.682407360623801,0.482797059903603,614.894248014672,159.999428573469,103.104509586512
0.938446412938315,0.938446412938315,0,0.512282335599883,0.23760555747559,613.161692286698,157.999435716301,110.732211393295
0.975396701265954,0.975396701265954,0,0.106139919517256,0.230909145976884,752.60181193999,131.999528573112,118.59161934714
0.928387702588891,0.928387702588891,0,0.160754897897482,0.523636368908255,894.517120882958,125.999550001607,119.640971000229
0.925474848363221,0.925474848363221,0,0.317178446145948,0.549744318506917,664.20092812674,145.999478573291,110.737015364749
0.663613675251381,0.663613675251381,0,0.614105683233517,0.927606539526868,850.724240715666,157.999435716301,113.280444572935
0.999411677217659,0.999411677217659,0,0.0941076048730937,0.0383094284928653,609.255289938887,141.999492858954,114.688431185656
0.615776287666751,0.615776287666751,0,0.214243814046302,0.353169805496322,806.301360156118,133.999521430281,119.9578904043
0.963617640520448,0.963617640520448,0,0.179034171781407,0.882020910492735,867.233580984263,127.999542858775,116.050775510835
0.957263979348956,0.957263979348956,0,0.571385946886986,0.963330400898832,750.322722294248,153.999450001964,109.151241342695
0.75984703736989,0.75984703736989,0,0.191736370921527,0.733197471982602,769.241682141193,137.999507144617,113.317582639135
0.752913585945254,0.752913585945254,0,0.480729977725604,0.762516884292579,822.309850441385,151.999457144796,113.672134932845
0.693143511433197,0.693143511433197,0,0.762690925765474,0.196618927156274,697.735008766185,163.999414287806,114.542487851094
0.864720190523656,0.864720190523656,0,0.343110252030121,0.471018252235055,765.313774427466,145.999478573291,114.84434879479
0.767297733816914,0.767297733816914,0,0.936457622102489,0.96682316874928,860.152327646531,165.999407144974,112.546156746323
0.893385073633267,0.893385073633267,0,0.0491098361763336,0.678310219298107,682.731762434722,129.999535715944,110.691147914083
0.692996799710999,0.692996799710999,0,0.852710737272723,0.286074583719979,811.520507095077,167.999400002143,115.889943444647
0.689392857774878,0.689392857774878,0,0.949078249605233,0.355818692895819,688.181441878954,169.999392859311,111.491042540406
0.638235633026364,0.638235633026364,0,0.708979783723314,0.447113356539312,892.612341080796,161.999421430638,116.702138074727
0.542236235841436,0.542236235841436,0,0.841451796629074,0.285584740148609,602.613933671911,155.999442859133,113.016970141101
0.878496944007729,0.878496944007729,0,0.327333627802513,0.00223792373243359,664.825055152332,149.999464287628,118.318226381361
0.942953307039933,0.942953307039933,0,0.665974988070067,0.216075637428618,841.258565733495,151.999457144796,120.482901805916
0.869939733466135,0.869939733466135,0,0.955382100202952,0.341564556291935,918.988100821321,165.999407144974,117.371573168115
0.596111781814029,0.596111781814029,0,0.587195606554827,0.895342073920487,970.473289004591,155.999442859133,116.385360347441
0.804352442449154,0.804352442449154,0,0.612750187072291,0.812279046373744,979.471799951187,151.999457144796,117.188484841332
0.895687085670407,0.895687085670407,0,0.88503933314141,0.347805472758411,961.062421467481,151.999457144796,122.678338805986
0.842876794971566,0.842876794971566,0,0.85288630606982,0.661943460455442,857.412486725395,161.999421430638,114.526238135179
0.709671246064593,0.709671246064593,0,0.632023435182569,0.101457081737159,660.888582348794,151.999457144796,117.396634137146
0.704456765767494,0.704456765767494,0,0.213644259080274,0.721542242035233,686.170153965722,141.999492858954,110.538054685455
0.516610134989802,0.516610134989802,0,0.33116144024147,0.294842094155641,680.978046500894,137.999507144617,119.405625515643
0.61709256866516,0.61709256866516,0,0.491744055285025,0.664903518536319,699.605823441126,155.999442859133,110.144661693408
0.57045988007925,0.57045988007925,0,0.543705794492126,0.100359982925856,697.52040633171,149.999464287628,118.732417132778
0.535772683734469,0.535772683734469,0,0.614751724397862,0.0789605599608278,809.33297167813,151.999457144796,121.232152818049
0.747434825628555,0.747434825628555,0,0.14894483600742,0.309020566928949,672.116058063994,141.999492858954,114.728600125965
0.969982902624857,0.969982902624857,0,0.832978455852371,0.640391753602386,872.750940985663,159.999428573469,115.101303343284
0.819346408338656,0.819346408338656,0,0.0940846340096986,0.13466471464907,727.912294107615,135.999514287449,120.018657114925
0.613706616550172,0.613706616550172,0,0.867930886965013,0.218624300084419,692.576518805432,151.999457144796,117.879544313451
0.783274928858678,0.783274928858678,0,0.674737377185956,0.0181746972851466,981.958512623851,157.999435716301,123.302354820835
0.909381449056623,0.909381449056623,0,0.146841791077653,0.172571967111925,774.208234647753,135.999514287449,120.994955739138
0.537500984715616,0.537500984715616,0,0.899198110124954,0.22732837296259,871.260908753924,149.999464287628,123.226258674047
0.914876704988521,0.914876704988521,0,0.775413052354946,0.824600452833498,869.371935697265,159.999428573469,114.152587652182
0.807454007440414,0.807454007440414,0,0.672459602803931,0.319835814494562,774.65292906783,161.999421430638,114.564208051726
0.670399833349337,0.670399833349337,0,0.100565241357847,0.117783108604627,827.084369542268,137.999507144617,122.892630833049
0.750921554465999,0.750921554465999,0,0.405041932204243,0.0631358241303946,630.545872936105,145.999478573291,118.659354929134
0.565798419377369,0.565798419377369,0,0.827064374872295,0.0726420397982397,679.490249135117,153.999450001964,117.913001085944
0.725231163005653,0.725231163005653,0,0.988470092849443,0.666934522474506,780.623481630348,167.999400002143,111.728003428982
0.531651452291915,0.531651452291915,0,0.630431945565197,0.185410702385588,624.419231570308,145.999478573291,117.888702454771
0.884865094010723,0.884865094010723,0,0.211694199529785,0.677668337095053,909.415951517236,125.999550001607,118.96784375936
0.879397450660482,0.879397450660482,0,0.911270762386515,0.901699810762752,834.389066382723,163.999414287806,112.320160270997
0.723993264990413,0.723993264990413,0,0.840326513365949,0.930470734177508,964.954563158064,161.999421430638,115.830787540962
0.695569364056956,0.695569364056956,0,0.838719535677107,0.402994500605676,607.354532912368,167.999400002143,91.0861663890273
0.708055415727198,0.708055415727198,0,0.57311580159045,0.189760787409371,901.430754992795,145.999478573291,124.768991868806
0.707707421376666,0.707707421376666,0,0.487500899681629,0.623180478645189,923.023348276931,149.999464287628,117.037505295097
0.577546316492691,0.577546316492691,0,0.997182895451774,0.390521311966548,817.429424462867,165.999407144974,116.143824436765
0.788612604704709,0.788612604704709,0,0.406050082496253,0.267306164699709,850.810642152289,141.999492858954,125.871185971761
0.857112685133283,0.857112685133283,0,0.316171695886011,0.13759451720653,719.744008018681,143.999485716122,122.368505422206
0.688871289279398,0.688871289279398,0,0.703919982414434,0.100128027742497,761.562937203661,149.999464287628,120.439641452874
0.856523851619829,0.856523851619829,0,0.696303880020244,0.0281905427311514,629.15527405057,167.999400002143,113.177334747751
0.794614024273455,0.794614024273455,0,0.273375456312854,0.111728598684324,668.265935104345,141.999492858954,121.791624976478
0.813960486004421,0.813960486004421,0,0.265559714376584,0.184658427551706,756.184991269006,139.999500001786,122.765365462047
0.874999373370198,0.874999373370198,0,0.92775204582709,0.934532486180527,783.588055843206,165.999407144974,107.139401251469
0.659487414589451,0.659487414589451,0,0.110694265875887,0.0503937745165034,951.627579832873,141.999492858954,127.29310360642
0.772086547110341,0.772086547110341,0,0.596966639531763,0.954099043771241,745.712453933191,157.999435716301,107.06797704622
0.550466266537174,0.550466266537174,0,0.798850200590596,0.223384188567711,619.549230538241,147.999471430459,117.648346731843
0.896212200714708,0.896212200714708,0,0.708424116685629,0.586357066678114,767.589746684228,157.999435716301,112.729153668867
0.868309644266971,0.868309644266971,0,0.77856906211054,0.178751392513738,810.039098951524,159.999428573469,117.094925167566
0.584845198591773,0.584845198591773,0,0.00909414218100979,0.937442698136871,661.146626754179,131.999528573112,108.21416913721
0.987595892838267,0.987595892838267,0,0.498908351556384,0.941883614211158,912.258721120148,147.999471430459,115.675291685651
0.835433360448329,0.835433360448329,0,0.31417052352226,0.351837196647586,734.025519136877,147.999471430459,114.545405981818
0.703777805710616,0.703777805710616,0,0.166347629693061,0.178612181645704,746.298347876963,137.999507144617,120.874144192998
0.741171997872722,0.741171997872722,0,0.622031345566729,0.868291136327973,678.653488787187,403.99855714801,-41.119682928117
0.924166642202003,0.924166642202003,0,0.662689409291893,0.631536154375952,768.963459728798,155.999442859133,112.600565030064
0.979486330399464,0.979486330399464,0,0.516544671232958,0.785485257804036,664.25540817017,151.999457144796,103.681212062798
0.942353514046327,0.942353514046327,0,0.817342741805915,0.385161602804966,934.166445457474,149.999464287628,122.668906309884
0.928096021591745,0.928096021591745,0,0.227049371686094,0.625593717224261,992.256890152596,125.999550001607,122.251351880395
0.699522307081953,0.699522307081953,0,0.669041810795675,0.777023105324598,828.728879439516,159.999428573469,113.337250228702
0.732612000600817,0.732612000600817,0,0.851570004643538,0.356032399279606,775.882693141359,167.999400002143,114.247779251821
0.728884897678332,0.728884897678332,0,0.52328264114451,0.60043335862228,921.852480570473,151.999457144796,117.032871423813
0.513430687697384,0.513430687697384,0,0.404198502513403,0.314076727674937,836.368983155003,139.999500001786,124.618754187023
0.658103216078288,0.658103216078288,0,0.293557423644074,0.346933611147511,872.374466928918,135.999514287449,122.441195659888
0.816850434086388,0.816850434086388,0,0.13182040354527,0.718544145367858,827.160140915562,127.999542858775,116.433817473493
0.993955238038326,0.993955238038326,0,0.806814657038472,0.81585003601511,768.95537031627,161.999421430638,110.752142132988
0.962338495967426,0.962338495967426,0,0.264804900718773,0.944563498300862,983.162559292398,125.999550001607,119.373311085293
0.647907982521409,0.647907982521409,0,0.963092767810321,0.901350078721078,681.672509537608,409.998535719515,-44.6019583310696
0.880257730125667,0.880257730125667,0,0.426527727163191,0.287659192826535,601.829035650734,153.999450001964,109.959613073095
0.76239379599356,0.76239379599356,0,0.872133590596931,0.22168588439675,757.156991166922,167.999400002143,114.780937979183
0.811442436020222,0.811442436020222,0,0.0578112686606593,0.190555729723333,667.421893583829,131.999528573112,116.704903973644
0.727278846005619,0.727278846005619,0,0.102974021507449,0.628365232485252,977.088140525421,123.999557144439,120.54593411356
0.939315174108192,0.939315174108192,0,0.414450713095377,0.985801892427369,679.928143552525,147.999471430459,83.9843664344464
0.565979072892543,0.565979072892543,0,0.581375421878914,0.0654381728304084,982.396618002911,151.999457144796,124.408232328136
0.765573915758047,0.765573915758047,0,0.498446033743087,0.443360455505021,964.56661199052,139.999500001786,126.368549955406
0.560407987875055,0.560407987875055,0,0.583344029678784,0.295222544385159,905.962334141641,143.999485716122,127.591743534462
0.500070893266913,0.500070893266913,0,0.979925092821577,0.468104805550182,635.566854807868,163.999414287806,111.411506752451
0.877573963630346,0.877573963630346,0,0.549139714841298,0.88575584954251,706.790852595128,153.999450001964,105.597650168449
0.959711692516904,0.959711692516904,0,0.267798641134703,0.980026774148553,633.581320021288,143.999485716122,12.5450990496638
0.548669322935425,0.548669322935425,0,0.655182471052648,0.872739141509917,692.838550786174,405.998550005179,-42.8193952257599
0.779396911044431,0.779396911044431,0,0.995447411940931,0.245850337074772,712.089897734103,171.99938571648,113.110429131826
0.642325705153742,0.642325705153742,0,0.0459065577448737,0.784074215322236,642.555117512837,133.999521430281,108.546242421963
0.918245336726302,0.918245336726302,0,0.772820020422208,0.647404674703989,907.56689274959,157.999435716301,115.884924048974
0.5552575951566,0.5552575951566,0,0.253570607622833,0.264044500623339,816.21562455858,137.999507144617,122.291629793585
0.689200177399293,0.689200177399293,0,0.0889441886045239,0.701920529101292,749.393629643258,133.999521430281,112.599554824126
0.804249930671553,0.804249930671553,0,0.326289370022831,0.542134431521205,907.486593673881,133.999521430281,120.658189225118
0.706671767575415,0.706671767575415,0,0.272033672563188,0.213291303197549,786.542789137727,137.999507144617,123.69941628362
0.808758383737345,0.808758383737345,0,0.510434386094486,0.280105007674218,746.631885755295,157.999435716301,114.39087794155
0.911151945204102,0.911151945204102,0,0.955381895966228,0.0996699353594155,772.467831252119,171.99938571648,115.782066546968
0.957227115225818,0.957227115225818,0,0.856732897797949,0.767644115455434,620.136587987202,391.998600005,-45.1122332825862
0.957438377596934,0.957438377596934,0,0.310273354423527,0.186599703411983,862.116857930569,139.999500001786,124.917103770446
0.901933726678174,0.901933726678174,0,0.710867019203313,0.863542652360563,672.384451706357,403.99855714801,-41.4990416112525
0.525273939454096,0.525273939454096,0,0.725745263950923,0.779470564982458,706.855905148575,163.999414287806,101.28937993263
0.795757177863817,0.795757177863817,0,0.18157109928707,0.65892156542121,771.650833452219,137.999507144617,113.587241840095
0.986281266250964,0.986281266250964,0,0.421968600796206,0.224671336573216,923.157740999568,141.999492858954,126.509883676203
0.806349524899185,0.806349524899185,0,0.0142589888961426,0.756352787132661,698.37043430663,127.999542858775,110.614728432947
0.793214475144522,0.793214475144522,0,0.401250364248049,0.156273100140551,879.395499690046,143.999485716122,126.19169300912
0.913151493587426,0.913151493587426,0,0.106001951967146,0.235756079418173,862.734699292299,133.999521430281,120.719484368258
0.853590977354721,0.853590977354721,0,0.293219021494854,0.270497163094732,731.712291212236,147.999471430459,115.143734539983
0.736870212468558,0.736870212468558,0,0.26710299543492,0.585512639820602,958.480192178746,129.999535715944,120.746191965252
0.94559809799529,0.94559809799529,0,0.294479942133055,0.228641489578412,956.969086819713,137.999507144617,124.551916810372
0.775553546719036,0.775553546719036,0,0.375820485865648,0.371683226027504,962.038322705062,139.999500001786,124.435462095429
0.597335643117963,0.597335643117963,0,0.28190879517927,0.649724717942246,807.170816198862,143.999485716122,115.69174403306
0.93496328137637,0.93496328137637,0,0.495141570219777,0.633155840346594,775.935127221136,149.999464287628,113.256544102086
0.913581513126912,0.913581513126912,0,0.346051386928664,0.430805076115264,635.483992063333,149.999464287628,110.284949052199
0.802258280898748,0.802258280898748,0,0.302308791017961,0.471434883356877,736.689605610129,145.999478573291,114.05805294524
0.830812897191214,0.830812897191214,0,0.0378082346592566,0.874828072194692,835.686380849979,119.999571430102,116.384116039872
0.918343112403718,0.918343112403718,0,0.687008369974257,0.206562264440437,619.547130081645,163.999414287806,110.815667535337
0.70597968261527,0.70597968261527,0,0.348417219817111,0.00312443236650839,662.853453908169,147.999471430459,118.699119581813
0.880372374204909,0.880372374204909,0,0.275838618336182,0.694644615749917,673.15477422793,143.999485716122,109.986389919846
0.709449544738305,0.709449544738305,0,0.890786577627622,0.347142088338313,995.051904484225,151.999457144796,122.6283076624
0.737732772775122,0.737732772775122,0,0.466647111249637,0.838599113771156,888.927640832926,149.999464287628,115.213122562999
0.96338402918158,0.96338402918158,0,0.535844686403909,0.770448511637746,909.874504954156,149.999464287628,116.109788064653
0.878124183188044,0.878124183188044,0,0.614714026630068,0.835883228360933,710.549015223257,155.999442859133,106.415491945478
0.733864147781842,0.733864147781842,0,0.342306501590167,0.510467777468764,961.730961426874,135.999514287449,121.858135948455
0.772369812854941,0.772369812854941,0,0.38492379449669,0.973417444029144,602.568337501017,419.998500005357,-35.0857874830342
0.621051347339151,0.621051347339151,0,0.160603993789063,0.517349108321431,916.35058792029,129.999535715944,121.128023992751
0.667021646088615,0.667021646088615,0,0.286321009343389,0.242941785809136,983.737299156126,137.999507144617,124.909331992407
0.948968258844396,0.948968258844396,0,0.962339338057492,0.75159665292764,786.251916095491,165.999407144974,111.60037046381
0.500283280464574,0.500283280464574,0,0.314362863437203,0.150651528523231,993.734171147417,141.999492858954,127.480195352008
0.944006226230935,0.944006226230935,0,0.851394368670422,0.847041574092599,718.807680094581,161.999421430638,54.4893543180936
0.954787975940333,0.954787975940333,0,0.299244588687909,0.750187007147542,829.726864120418,139.999500001786,114.878394965891
0.839675253233028,0.839675253233028,0,0.221151479205683,0.387658082333431,955.626606151115,133.999521430281,121.88180268476
0.535060364277809,0.535060364277809,0,0.315222654253188,0.0823106191508588,809.51147843673,145.999478573291,122.988165105637
0.703686390773295,0.703686390773295,0,0.258556316438806,0.0083578722080303,785.601210352379,147.999471430459,122.220599266952
0.573080510196124,0.573080510196124,0,0.224519074647714,0.035858182938347,977.015694755982,145.999478573291,127.156590403973
0.666961051978575,0.666961051978575,0,0.860703142394148,0.000312751024593605,705.388850515089,157.999435716301,118.679137869266
0.517990495716086,0.517990495716086,0,0.787983797785738,0.540565966119535,747.384430727575,161.999421430638,113.58216295889
0.523221041208073,0.523221041208073,0,0.509783201568647,0.900999932472262,829.257049648035,155.999442859133,113.117775173504
0.501654760337486,0.501654760337486,0,0.0386585947599103,0.295491564841396,963.095407903903,129.999535715944,121.956926728148
0.593503271530881,0.593503271530881,0,0.387892822956371,0.464669657122877,877.715961881794,137.999507144617,123.349449334477
0.623492476186175,0.623492476186175,0,0.835571428610663,0.400734947404511,831.201456201802,165.999407144974,115.825770444484
0.577028165880559,0.577028165880559,0,0.421695450252374,0.570617114717185,802.313800763974,151.999457144796,114.656551040789
0.924183124341074,0.924183124341074,0,0.771798212670962,0.914348616454993,805.719126507878,159.999428573469,111.573814148937
0.749082184947146,0.749082184947146,0,0.364247568277523,0.675026251302439,713.990649721759,147.999471430459,111.128236620052
0.684844634083272,0.684844634083272,0,0.493379572420928,0.628682210785583,794.905980573151,153.999450001964,113.60495613712
0.754516152014982,0.754516152014982,0,0.712996443972265,0.513771000667978,969.396076664897,147.999471430459,124.382871824918
0.569549209234878,0.569549209234878,0,0.898531473326886,0.901965399927902,849.925287509115,169.999392859311,112.778263897365
0.947228069414894,0.947228069414894,0,0.713992440672016,0.971070583975556,752.044177042618,159.999428573469,106.115968738758
0.89756334805471,0.89756334805471,0,0.358989013748301,0.809827093896521,915.116013746383,137.999507144617,118.758109306178
0.512610314118254,0.512610314118254,0,0.227829699462117,0.969788138710943,865.548147774048,139.999500001786,114.969794489351
0.614194485199707,0.614194485199707,0,0.127606318842055,0.733803313812483,860.436493498871,127.999542858775,117.501520059685
0.670233514453259,0.670233514453259,0,0.200783928630793,0.541035312853687,820.020471972924,133.999521430281,118.467006789891
0.660840414815285,0.660840414815285,0,0.056161750463642,0.63525008619055,876.578941487107,121.99956428727,118.906638770295
0.584377914152621,0.584377914152621,0,0.534675738136542,0.978603216221739,727.79007863702,157.999435716301,102.025732506973
0.54839019256294,0.54839019256294,0,0.241585009599342,0.420365266602392,700.144937500688,133.999521430281,117.451842948341
0.617814453185029,0.617814453185029,0,0.797702100334291,0.827916552123207,839.514747466825,163.999414287806,113.161948436837
0.575458224849137,0.575458224849137,0,0.509556920624085,0.179088959418592,803.014119915814,145.999478573291,123.905674492588
0.869069678066657,0.869069678066657,0,0.322155250928187,0.831026128093785,861.260966583094,141.999492858954,115.377353924613
0.838895426448161,0.838895426448161,0,0.979645011991554,0.0362692626162661,731.875470826209,173.999378573648,115.554312405268
0.568329499912716,0.568329499912716,0,0.343316709757372,0.040236822953979,701.062418093783,145.999478573291,117.859741279952
0.792834227772474,0.792834227772474,0,0.61435969184745,0.937635479508569,831.049533647962,155.999442859133,112.625382010805
0.644001540489275,0.644001540489275,0,0.000759917408269306,0.739305126564132,656.377457730401,129.999535715944,109.523341324129
0.931943625514217,0.931943625514217,0,0.0941157610840506,0.561866260839865,613.212236089823,135.999514287449,109.142041280325
0.86001160569716,0.86001160569716,0,0.30138630893123,0.969130274617343,937.198584079062,133.999521430281,117.566634603431
0.540612970538341,0.540612970538341,0,0.584645015843305,0.376347389288745,683.870211896419,151.999457144796,114.212935068239
0.733198854274326,0.733198854274326,0,0.292236740708525,0.589925030361474,793.594637194285,143.999485716122,115.61093169459
0.950518154712047,0.950518154712047,0,0.262643677994681,0.685946602695646,980.49706689719,125.999550001607,121.357129456824
0.654271424028127,0.654271424028127,0,0.311995981809099,0.674665896559595,977.128479247446,131.999528573112,121.058578663
0.558915960516269,0.558915960516269,0,0.87975336150396,0.704507365325161,972.247855497116,165.999407144974,117.036281688412
0.706800646020976,0.706800646020976,0,0.119324283809919,0.152486092862043,806.218677835819,137.999507144617,122.17071185873
0.841339014811919,0.841339014811919,0,0.363714082475983,0.862524208074866,740.80875394359,145.999478573291,110.884681604975
0.573745574453793,0.573745574453793,0,0.920111058365234,0.971790724341685,663.062285246164,417.998507148189,-43.7455873980448
0.993934193352985,0.993934193352985,0,0.104126090523831,0.653477492306467,812.938079465527,123.999557144439,116.990872641574
0.504727625650655,0.504727625650655,0,0.880578724250158,0.127630318367147,733.103558584218,153.999450001964,119.22960862381
0.655146848003739,0.655146848003739,0,0.132521680486445,0.923034955599313,728.081676605732,135.999514287449,110.680181737898
0.883955415884295,0.883955415884295,0,0.0631267539449655,0.120624181278309,673.26635093296,133.999521430281,117.661632506131
0.97356434630083,0.97356434630083,0,0.193970799004924,0.59581227110097,934.10202018364,123.999557144439,120.028684409658
0.793954885108388,0.793954885108388,0,0.374719855644487,0.927557943378762,946.560197335389,141.999492858954,116.758001173644
0.895997084444206,0.895997084444206,0,0.460729427172956,0.946373464818695,799.969413352103,149.999464287628,112.158860352925
0.509950087163207,0.509950087163207,0,0.301170549430817,0.928266918234476,695.303905065857,147.999471430459,107.7866940003
0.629472571158738,0.629472571158738,0,0.601539653802035,0.33619048682088,789.62612188361,147.999471430459,121.48940271178
0.765182233020531,0.765182233020531,0,0.1440987919731,0.772058705142507,875.554894141624,125.999550001607,117.492026564144
0.93732790897024,0.93732790897024,0,0.820119035131983,0.43076107360819,655.044502199002,163.999414287806,109.126534818654
0.814166660758698,0.814166660758698,0,0.899222598273413,0.772532791052431,958.447051474496,161.999421430638,116.264898399448
0.986676731632714,0.986676731632714,0,0.230217403528999,0.972873056173344,660.484857894989,139.999500001786,105.505482152286
0.957041431272855,0.957041431272855,0,0.304053393750315,0.887487137540357,635.066159357885,143.999485716122,93.5795926017432
0.912571683294331,0.912571683294331,0,0.313671701753407,0.628991503360754,786.974082407583,141.999492858954,115.367313694623
0.94938570747204,0.94938570747204,0,0.856658455623391,0.0381554038770088,909.569710981133,159.999428573469,120.372455503588
0.736372898203189,0.736372898203189,0,0.160108441191957,0.733280365872545,619.232456127704,139.999500001786,106.952504924883
0.982086248022508,0.982086248022508,0,0.593570449429478,0.595469139376663,626.354485945147,155.999442859133,103.215669179681
0.700222006589903,0.700222006589903,0,0.785041228881382,0.854081446844206,738.60722077221,163.999414287806,100.195673653022
0.895226211926446,0.895226211926446,0,0.894446172669516,0.866644785126912,876.170348001724,163.999414287806,113.945557924826
0.693241761827934,0.693241761827934,0,0.233014381246015,0.764525934576549,701.863205205904,141.999492858954,110.762771854639
0.500508366869193,0.500508366869193,0,0.319139059806808,0.887473969354376,970.687904058732,135.999514287449,121.073824206656
0.730682454442653,0.730682454442653,0,0.605571242642574,0.325860450925608,850.304568997738,159.999428573469,116.39157712633
0.791778962601973,0.791778962601973,0,0.0124489208530347,0.0180101086911271,828.964652349439,139.999500001786,124.381176936258
0.597363247666553,0.597363247666553,0,0.428529996286208,0.830426880512994,936.619980164176,147.999471430459,116.516803905097
0.737586289053571,0.737586289053571,0,0.284040762278258,0.468081598745317,615.740329563582,147.999471430459,109.112602933852
0.509573852820899,0.509573852820899,0,0.410572468752742,0.809518302287416,713.270933459981,153.999450001964,109.913373549725
0.725503891209346,0.725503891209346,0,0.280693314970998,0.980830275192963,721.070468426384,143.999485716122,109.301444486899
0.907582164008234,0.907582164008234,0,0.0815610842432916,0.895059428689594,700.245899836015,131.999528573112,109.862720050967
0.626786297196425,0.626786297196425,0,0.684813220805678,0.568988998517271,685.504762347528,161.999421430638,109.56532903159
0.960050422057232,0.960050422057232,0,0.156369978560706,0.347210125989707,935.684238521834,129.999535715944,121.008858839004
0.664206557381463,0.664206557381463,0,0.478460281548033,0.626375487361568,749.363350041694,153.999450001964,112.321549981287
0.872791999274473,0.872791999274473,0,0.906296157473793,0.981718393281228,945.642667882163,163.999414287806,115.171075345527
0.952495587219796,0.952495587219796,0,0.0650461916457431,0.826760053039657,679.939842080437,129.999535715944,109.636591298717
0.958841942927836,0.958841942927836,0,0.445254865783962,0.574344656770233,665.002991166017,149.999464287628,109.85537022044
0.691219011335989,0.691219011335989,0,0.678612518539518,0.91461265827184,668.005463049402,409.998535719515,-41.2827991899242
0.954525400676339,0.954525400676339,0,0.62651684452051,0.408822735947764,661.371425783861,157.999435716301,110.579534033174
0.969830682582484,0.969830682582484,0,0.725380174628482,0.723307064190794,937.002432668224,155.999442859133,116.279520435328
0.850526967371806,0.850526967371806,0,0.06587951283057,0.250858502211273,614.11212110612,137.999507144617,112.544230074356
0.54183157714535,0.54183157714535,0,0.801979525013186,0.0590978229850747,854.507155359272,155.999442859133,121.795850947431
0.875764153892268,0.875764153892268,0,0.731707993791429,0.0692296247611328,969.052394029033,157.999435716301,121.591020750881
0.521917280311075,0.521917280311075,0,0.485733597132367,0.89585868715435,844.946087784517,153.999450001964,113.654987007651
0.677580335470354,0.677580335470354,0,0.436395964424522,0.849179622790461,632.482368420883,401.998564290842,-39.3462480709559
0.579605583165612,0.579605583165612,0,0.890312498286143,0.664741533599326,694.64756349197,167.999400002143,92.41751892484
0.899469008995921,0.899469008995921,0,0.735677512944879,0.532091572094528,636.882680110707,159.999428573469,103.738835000344
0.543870996324922,0.543870996324922,0,0.506387879734535,0.110969274266823,941.444442042056,147.999471430459,124.881158406528
0.865464185302153,0.865464185302153,0,0.954726302835562,0.538656385558069,956.735338604064,163.999414287806,117.180699341459
0.936695354500628,0.936695354500628,0,0.564631008839251,0.446744057945154,754.570119950516,155.999442859133,113.515146622104
0.988205588773212,0.988205588773212,0,0.497760827551223,0.488514698037663,939.532648250042,137.999507144617,123.531893741277
0.814528021353373,0.814528021353373,0,0.986989853475753,0.139101502289222,602.872260518274,171.99938571648,110.341379470945
0.821536968516889,0.821536968516889,0,0.194126185305294,0.389085991739289,968.742587006157,131.999528573112,121.978491105511
0.643685901729008,0.643685901729008,0,0.769425813161283,0.3736499542061,645.604120664637,165.999407144974,110.549418654634
0.586957520758696,0.586957520758696,0,0.287368156620203,0.283820773438574,976.17279097392,137.999507144617,123.174172769689
0.754118355011135,0.754118355011135,0,0.983149148002792,0.2344857856402,973.340625851154,157.999435716301,121.304298518006
0.637633798287062,0.637633798287062,0,0.715883276702819,0.681744225232058,657.376518885614,163.999414287806,-2.0993809276716
0.821489673397763,0.821489673397763,0,0.182702675717868,0.366541603180617,706.088410217897,141.999492858954,115.094441969745
0.621625162965828,0.621625162965828,0,0.99664670121126,0.917690670588095,906.875210183375,169.999392859311,114.329772123315
0.823786054848524,0.823786054848524,0,0.991759043107701,0.0947308617684259,665.866651871264,171.99938571648,113.213838920011
0.889932805336647,0.889932805336647,0,0.367523670760888,0.0715380661662481,758.470587555215,145.999478573291,121.268412475291
0.520931040982474,0.520931040982474,0,0.852324588579483,0.30399654655921,837.918892707515,145.999478573291,125.391066794023
0.644896104090652,0.644896104090652,0,0.309437731006688,0.564460846464204,688.366147129534,147.999471430459,111.379387163549
0.834039861669756,0.834039861669756,0,0.605123583425725,0.79309072817364,618.862404484498,393.998592862168,-42.431292582693
0.560611516220289,0.560611516220289,0,0.599239164372379,0.566094112449101,743.387342713997,159.999428573469,112.749205459104
0.882698932995849,0.882698932995849,0,0.584404763172632,0.215610133774612,998.227981925987,149.999464287628,122.953735770925
0.662135414315655,0.662135414315655,0,0.620049521203031,0.73446962689342,854.795406919669,157.999435716301,114.371226538383
0.826821102635031,0.826821102635031,0,0.589462776989114,0.325176618859686,620.404710382547,159.999428573469,109.627242462883
0.936921071994331,0.936921071994331,0,0.676267273686103,0.949707117518444,652.865977348425,415.99851429102,-39.266545748768
0.579719348598849,0.579719348598849,0,0.364614211057789,0.993098856082383,676.87018313287,151.999457144796,15.9766610901629
0.709991893643956,0.709991893643956,0,0.77448717528876,0.427580002399834,868.393755208433,163.999414287806,116.056787957238
0.989451830406744,0.989451830406744,0,0.110808610120133,0.851210916512204,614.504735823423,133.999521430281,105.779605950194
0.666773989112038,0.666773989112038,0,0.692599546085648,0.0939410981540962,953.143612269883,149.999464287628,124.249417151938
0.735475585485907,0.735475585485907,0,0.722656770080846,0.682015555864655,612.515502658477,379.99864286199,-46.4164902196364
0.503292420180165,0.503292420180165,0,0.309156802853103,0.945416343090485,976.109273045358,135.999514287449,120.478869383708
0.821262474064136,0.821262474064136,0,0.553372929789817,0.66368491394292,966.219952267759,139.999500001786,125.420695059096
0.532918809234687,0.532918809234687,0,0.398446160464222,0.164694266966744,845.038291970981,143.999485716122,125.11544372451
0.951500273138644,0.951500273138644,0,0.689027021485288,0.450376459896917,727.814470128019,159.999428573469,112.479946751341
0.677049950606161,0.677049950606161,0,0.192399938263364,0.182233861759418,684.045086273174,135.999514287449,119.352822433214
0.694546576229624,0.694546576229624,0,0.957124942515596,0.233037998949856,798.17730535395,167.999400002143,116.179253029367
0.578017241798987,0.578017241798987,0,0.419465367454735,0.855806906123955,601.765016565974,401.998564290842,-39.7700868072812
0.54891952648821,0.54891952648821,0,0.933113093743654,0.291344152412518,990.401492237678,149.999464287628,124.482784971455
0.734185281537663,0.734185281537663,0,0.920480117100601,0.881417634137321,768.192652425462,167.999400002143,103.329548372401
0.881266606613178,0.881266606613178,0,0.422979351923603,0.19764631435903,954.93407964751,143.999485716122,127.026550203947
0.677477557315254,0.677477557315254,0,0.907937540932835,0.487738633926165,609.569176510221,361.998707147474,-53.9303912738686
0.683821024627108,0.683821024627108,0,0.65889229993747,0.383664530380227,677.528047116444,161.999421430638,111.473348384025
0.75546796328294,0.75546796328294,0,0.864703351988198,0.450938318508797,752.204049411431,165.999407144974,112.742061156511
0.831166057367696,0.831166057367696,0,0.486110152825355,0.561369155470547,626.624913809089,153.999450001964,106.172612298146
0.970794104396307,0.970794104396307,0,0.520002173832548,0.76573539096547,660.251888815881,151.999457144796,103.678346975237
0.869624243522104,0.869624243522104,0,0.232902528373605,0.485522972408697,670.928963790493,143.999485716122,112.268614503461
0.887017906860984,0.887017906860984,0,0.254365850109122,0.402105656357544,684.644560505686,143.999485716122,113.418345869639
0.624169463023498,0.624169463023498,0,0.0266942886137408,0.0420369478425294,639.632285580387,135.999514287449,116.030532145662
0.703254036425895,0.703254036425895,0,0.103696523323962,0.484512826773176,746.428636128737,135.999514287449,114.252907965159
0.624523015542227,0.624523015542227,0,0.244433437287677,0.842465688678996,605.072978094609,145.999478573291,-11.0565552025263
0.995761202028646,0.995761202028646,0,0.0988271258173181,0.981409304706574,825.775832211931,125.999550001607,114.215566175779
0.969506739374659,0.969506739374659,0,0.152931624509597,0.523855117632967,830.952245815153,125.999550001607,118.171490420192
0.505100301964674,0.505100301964674,0,0.641458109771245,0.900729841235004,825.252967664284,161.999421430638,112.711812909889
0.770588225469323,0.770588225469323,0,0.883890969745651,0.736389136219388,642.52652173941,389.998607147832,-46.309132650065
0.964331675881653,0.964331675881653,0,0.0979041810005931,0.928912250785701,788.860861676634,129.999535715944,112.637713841575
0.612712499039344,0.612712499039344,0,0.98755168259308,0.197766004137597,692.310020699542,155.999442859133,117.374093283125
0.852136110093465,0.852136110093465,0,0.549679812737562,0.524337302661062,865.919473048025,151.999457144796,115.861866045726
0.634640641127497,0.634640641127497,0,0.483608727975385,0.461594370340446,692.073790080541,155.999442859133,111.890375324211
0.824914655963671,0.824914655963671,0,0.324370643204819,0.705730763400531,769.052671323462,143.999485716122,113.757127952081
0.977564942028517,0.977564942028517,0,0.415468387079444,0.763291779368099,850.923090031954,145.999478573291,115.805750851788
0.947558614573549,0.947558614573549,0,0.845508715943673,0.25688718756254,821.580464793305,165.999407144974,115.906772714061
0.99839466343035,0.99839466343035,0,0.775804996706092,0.0881912609764613,819.221935241451,157.999435716301,118.656729196399
0.959244846761595,0.959244846761595,0,0.416244703416408,0.0153980980591384,969.149611261731,151.999457144796,123.07025029294
0.735367213524552,0.735367213524552,0,0.953482725367151,0.155267416938142,638.001886327951,169.999392859311,112.540593692893
0.605378145173964,0.605378145173964,0,0.41126243664684,0.0760702909491919,647.893139416833,145.999478573291,117.686291615852
0.588909869948112,0.588909869948112,0,0.984093530577157,0.622731700786885,735.746395764852,169.999392859311,110.173464992363
0.923267375176375,0.923267375176375,0,0.871445888317128,0.8525855464568,709.387053455529,401.998564290842,-43.262415889335
0.79912609445752,0.79912609445752,0,0.493329650510809,0.748044443081313,689.139464586301,153.999450001964,108.190592055716
0.914439477702218,0.914439477702218,0,0.477516528626535,0.84072186344279,603.358209777156,401.998564290842,-39.1437915604738
0.560170367795058,0.560170367795058,0,0.46872488702491,0.0590093659261319,817.447051168013,149.999464287628,121.648527765827
0.643671755765565,0.643671755765565,0,0.542640848274071,0.796007697406438,795.677600994283,155.999442859133,112.526585077918
0.660877203695789,0.660877203695789,0,0.366764349760439,0.531619213853534,768.405872588089,149.999464287628,113.970885876938
0.547436601252997,0.547436601252997,0,0.344957216351424,0.0896733218555532,934.359238463672,145.999478573291,126.092096854808
0.819787696029642,0.819787696029642,0,0.495023905916817,0.995655999264856,954.138516966913,147.999471430459,116.223145592696
0.585615281731671,0.585615281731671,0,0.0781921230775963,0.633685311917091,689.62685265294,135.999514287449,111.590613843507
0.960135258037466,0.960135258037466,0,0.557375310755784,0.84567582401214,800.610046630925,151.999457144796,112.525552567563
0.897935159829811,0.897935159829811,0,0.160370259460774,0.652291518235047,627.702518746176,137.999507144617,108.709845526185
0.825581820696736,0.825581820696736,0,0.513718727732617,0.3310042630037,777.660518870226,155.999442859133,114.809749630719
0.707394681572332,0.707394681572332,0,0.0944672605955053,0.333607353746553,638.000888291145,139.999500001786,112.887542118976
0.530494202918173,0.530494202918173,0,0.887428570798037,0.00711512522065727,848.676944369662,159.999428573469,121.722427336605
0.753715253624424,0.753715253624424,0,0.618719714819158,0.896558348427133,936.895322997831,153.999450001964,115.601092470337
0.568018323850605,0.568018323850605,0,0.447251275069364,0.34151455213113,998.530647433908,139.999500001786,125.94421115866
0.992129853609974,0.992129853609974,0,0.421629505665535,0.858121413539641,974.729448937439,133.999521430281,120.505280078882
0.725829533310779,0.725829533310779,0,0.142120973284571,0.764640357064717,899.131876892194,123.999557144439,118.588991336429
0.916322648037024,0.916322648037024,0,0.735276262246556,0.199037867614485,889.080640267393,151.999457144796,120.786154860744
0.781827349475049,0.781827349475049,0,0.381061518622699,0.917276165923026,692.162581838025,149.999464287628,106.081565841207
0.966442985840189,0.966442985840189,0,0.587659326935507,0.504591887263499,761.025681949501,153.999450001964,113.320140034335
0.833919237056757,0.833919237056757,0,0.24607391394128,0.347131945650761,845.092757134502,133.999521430281,120.519735762431
0.886543918943474,0.886543918943474,0,0.431579473776275,0.37528554714259,690.96911155252,151.999457144796,112.381208487688
0.635639512535983,0.635639512535983,0,0.579716680651965,0.83438480226728,786.369038272794,157.999435716301,111.844959423231
0.67351597437716,0.67351597437716,0,0.741513905354622,0.522691031270411,790.837916768442,163.999414287806,113.719728297255
0.743435339681418,0.743435339681418,0,0.198851087528187,0.78384055625037,666.352775717343,139.999500001786,108.944826580872
0.89727812171283,0.89727812171283,0,0.504893518706371,0.667099102907575,771.149218787522,151.999457144796,112.80370166356
0.550282596502383,0.550282596502383,0,0.378658671884701,0.0964423265117864,964.683477163006,145.999478573291,126.318820615468
0.977486515211589,0.977486515211589,0,0.167723616311243,0.361487658901359,832.54037211232,129.999535715944,119.066780965912
0.61433695296212,0.61433695296212,0,0.804714158013491,0.386579648336684,959.763160831062,149.999464287628,124.02781190238
0.572535952554126,0.572535952554126,0,0.641294468913496,0.541406230256311,898.073699272266,157.999435716301,116.584778897573
0.919071228130119,0.919071228130119,0,0.950874876020684,0.245717846812899,894.556476113096,167.999400002143,117.397026427512
0.631294673219005,0.631294673219005,0,0.1771008762099,0.452995797258069,894.234188708195,129.999535715944,120.020774332059
0.940009015436467,0.940009015436467,0,0.0776120666283261,0.575558619714676,727.365651226996,129.999535715944,112.891850789573
0.896813113122155,0.896813113122155,0,0.368959761471558,0.0303559979703822,985.712634977831,145.999478573291,126.112723771787
0.954386842522947,0.954386842522947,0,0.941646709731088,0.787384434655505,916.125036272655,161.999421430638,115.336323462299
0.69855638871549,0.69855638871549,0,0.225517712023988,0.137468092935393,722.420814135383,139.999500001786,122.477435505375
0.881975534625149,0.881975534625149,0,0.0540610596595681,0.12422698660445,690.40740905597,133.999521430281,118.286141314565
0.515915114242953,0.515915114242953,0,0.447042937440683,0.545247934435214,697.532652004474,151.999457144796,112.752285262122
0.736182614427218,0.736182614427218,0,0.547170213129478,0.754124707165147,888.29502038158,153.999450001964,115.245203033903
0.818371217517712,0.818371217517712,0,0.44515144735496,0.548257342435627,683.907557156949,151.999457144796,110.663715855083
0.534147087760806,0.534147087760806,0,0.129482652308961,0.338910211949607,780.615828517875,131.999528573112,118.847399979201
0.657027320680001,0.657027320680001,0,0.0981318127739549,0.750942931898819,739.852438025522,133.999521430281,112.085706722153
0.984422340056244,0.984422340056244,0,0.941076038898992,0.878410532535936,670.795749102331,405.998550005179,-43.5390260596554
0.643067943268316,0.643067943268316,0,0.5216532476857,0.962316721610685,906.824166390267,153.999450001964,114.801478259702
0.763972065282821,0.763972065282821,0,0.655780437917933,0.381904713816788,826.938717025147,159.999428573469,115.432775614813
0.940705412693599,0.940705412693599,0,0.501192685605456,0.466331697626436,786.315711283376,151.999457144796,114.450624836603
0.894089484924952,0.894089484924952,0,0.463921940611914,0.413240300459496,937.092988026913,139.999500001786,124.776949983351
0.692555211883431,0.692555211883431,0,0.880172492671221,0.743740689611908,900.190964392737,163.999414287806,115.138287052682
0.763795186401269,0.763795186401269,0,0.489012626024519,0.142702662277728,986.179439790446,145.999478573291,126.502315768914
0.943328854849762,0.943328854849762,0,0.536335483558075,0.924955314699012,893.675532846589,149.999464287628,114.877482228967
0.71161804559576,0.71161804559576,0,0.0168238546277679,0.346675402655633,670.235931163179,133.999521430281,113.194992391059
0.672591137187621,0.672591137187621,0,0.687111588395787,0.339243109702197,671.110648490697,163.999414287806,111.911334270569
0.782360671538967,0.782360671538967,0,0.765801041222677,0.536857301976683,624.28796366583,163.999414287806,44.9114130206406
0.97544194327765,0.97544194327765,0,0.0589751003195675,0.4819497818686,906.375980671805,123.999557144439,119.480617230467
0.606655175035199,0.606655175035199,0,0.435877885736826,0.928681886452248,616.669225342305,411.998528576684,-38.1089968249
0.69813392302503,0.69813392302503,0,0.266850459910287,0.775299314952911,990.531842558941,127.999542858775,120.427310204088
0.943841654131093,0.943841654131093,0,0.109509024581837,0.549449638156459,864.343375599501,123.999557144439,118.847924495967
0.584275049496204,0.584275049496204,0,0.426413569691752,0.221016798316843,857.699370093624,143.999485716122,126.374809039275
0.55162435214869,0.55162435214869,0,0.740289720445137,0.113408417272125,641.591266137837,149.999464287628,117.000624243939
0.953768641428716,0.953768641428716,0,0.520322598042531,0.564986139641927,790.618975471661,151.999457144796,113.999615456179
0.870157347189013,0.870157347189013,0,0.450852140352412,0.857409248324057,745.958259591896,149.999464287628,110.7254816114
0.527177756860221,0.527177756860221,0,0.934113643481997,0.506551292344011,974.126049687326,149.999464287628,124.672763560371
0.674403988842993,0.674403988842993,0,0.673900613176145,0.0110083941134188,871.088359763908,155.999442859133,121.89516812091
0.952565768375308,0.952565768375308,0,0.249481094849886,0.375571585185971,734.355514434142,143.999485716122,115.76182600577
0.529692841490128,0.529692841490128,0,0.146877243228156,0.280350328829434,653.312369023609,131.999528573112,116.220438720435
0.952962557722338,0.952962557722338,0,0.124471149059135,0.754080242922413,626.847930286134,135.999514287449,107.841701001843
0.538368446919018,0.538368446919018,0,0.288100465951828,0.224378921696637,756.893801543266,139.999500001786,121.965123896957
0.768851493962028,0.768851493962028,0,0.491348558922409,0.265562443726148,975.754589954619,145.999478573291,124.202476206618
0.71299983154418,0.71299983154418,0,0.384564173729097,0.736531114434628,743.407913915927,149.999464287628,111.659825863679
0.684480705004435,0.684480705004435,0,0.556760764501918,0.945962691028218,863.665566560705,155.999442859133,113.664429867305
0.818045251091833,0.818045251091833,0,0.673729751449427,0.470439849462036,800.675045813049,159.999428573469,114.288331484225
0.656761403085594,0.656761403085594,0,0.126480149922698,0.377289872253151,785.073133470425,129.999535715944,118.455132424208
0.970853768029373,0.970853768029373,0,0.125170985667259,0.155502274852418,642.811669287761,141.999492858954,114.694208213128
0.90671901813479,0.90671901813479,0,0.54455955511753,0.411551646437614,737.512239338234,155.999442859133,113.264188486317
0.874011451550659,0.874011451550659,0,0.238690065131398,0.0337411999940491,650.634254626127,143.999485716122,119.681670191072
0.909226296673224,0.909226296673224,0,0.135021524595603,0.711597878904889,862.32608635648,123.999557144439,117.853638028839
0.669796732394034,0.669796732394034,0,0.771190529342546,0.722207649164836,632.585932494761,385.998621433495,-46.2471180631084
0.899745106058686,0.899745106058686,0,0.0531896223427484,0.415389305348125,934.032515841332,127.999542858775,120.105226325415
0.988115432502342,0.988115432502342,0,0.665359928119308,0.4832993396818,898.01387171797,149.999464287628,120.350154116402
0.654054124953556,0.654054124953556,0,0.745495155740905,0.299612303984548,739.671228465868,161.999421430638,114.660535588385
0.63854231958531,0.63854231958531,0,0.248941041530621,0.777066928417889,691.980655603998,143.999485716122,110.032861367995
0.821947650387882,0.821947650387882,0,0.882703187050442,0.762983073688033,948.744540460269,161.999421430638,116.108067288125
0.709293082597002,0.709293082597002,0,0.265285039359411,0.0275200783559805,954.798264684996,147.999471430459,126.150401943072
0.948695569406875,0.948695569406875,0,0.836261424865392,0.458175902294264,974.392200711892,147.999471430459,124.927315216483
0.508572425555382,0.508572425555382,0,0.0600281534656929,0.500872087194199,958.468249525932,125.999550001607,121.616297376161
0.577839303269706,0.577839303269706,0,0.228526402353146,0.959813016363532,708.645831281886,143.999485716122,109.21343099452
0.818234928217789,0.818234928217789,0,0.637882561601376,0.483677002770594,844.162010953201,157.999435716301,115.315018854826
0.971378428628985,0.971378428628985,0,0.656423756046504,0.0831296885216867,787.545592573342,155.999442859133,118.380369565741
0.637351315142931,0.637351315142931,0,0.57346473091338,0.39202119308367,843.937564200183,147.999471430459,122.147367482369
0.611984766577232,0.611984766577232,0,0.983991685539097,0.278381315465961,962.176857676369,155.999442859133,122.44768867658
0.98405369032648,0.98405369032648,0,0.557349163342345,0.924276418989353,653.854890389526,411.998528576684,-38.0605507395576
0.588155329765455,0.588155329765455,0,0.780442248841045,0.0375473256965272,613.074876710662,153.999450001964,116.05711022732
0.533727077617518,0.533727077617518,0,0.593252621502802,0.735287939245186,821.019166520847,157.999435716301,113.73054349323
0.733108787184563,0.733108787184563,0,0.34363325295109,0.498537586752155,713.506969704495,149.999464287628,112.488016108699
0.787812450963053,0.787812450963053,0,0.154736715946981,0.811358407748871,965.153551020969,121.99956428727,119.557723222675
0.542443421724016,0.542443421724016,0,0.471319627372551,0.717706077566905,975.710496910314,139.999500001786,125.649099158925
0.581445013466901,0.581445013466901,0,0.137629344279268,0.415176557287177,606.11715526881,137.999507144617,111.756240355519
0.663000583746147,0.663000583746147,0,0.337670047571304,0.898079694715904,710.23034297282,147.999471430459,109.021643461685
0.661486894722176,0.661486894722176,0,0.586259848303999,0.460218007389892,805.548767409979,157.999435716301,114.752853641696
0.680137876291433,0.680137876291433,0,0.025699218884217,0.907144142842118,643.811296975936,131.999528573112,107.531723352115
0.604668271072264,0.604668271072264,0,0.371556163234576,0.6930857338209,786.003409734494,149.999464287628,113.514591663597
0.616227068960213,0.616227068960213,0,0.178446063169723,0.321296058354403,706.407343192233,131.999528573112,117.794221175679
0.802315261466068,0.802315261466068,0,0.884022714296901,0.140545355070888,814.222274381197,161.999421430638,118.140289550515
0.984733342033906,0.984733342033906,0,0.0201752482211932,0.69369227499985,830.33991688209,117.999578572934,118.84456709959
0.565530249287308,0.565530249287308,0,0.93706289344995,0.184540740201443,904.260160481976,149.999464287628,123.129444876136
0.897714962483095,0.897714962483095,0,0.104418905839593,0.764482458242482,782.800483724148,129.999535715944,113.284127342811
0.556162803926611,0.556162803926611,0,0.140435320544129,0.398583255291048,605.171259354378,135.999514287449,112.157911215267
0.533052487618848,0.533052487618848,0,0.999480668643662,0.30529143243676,759.524747792867,149.999464287628,120.694025888989
0.649914789952251,0.649914789952251,0,0.133733315385976,0.453595168725793,995.898513464374,129.999535715944,122.501556082952
0.788088821880532,0.788088821880532,0,0.818630580796509,0.281902180134237,652.407066931279,167.999400002143,110.861744773279
0.772695307786846,0.772695307786846,0,0.0570956758404082,0.033057272074562,712.965902352252,139.999500001786,120.800549254765
0.811244823678116,0.811244823678116,0,0.679765200501176,0.630112026047963,950.092662452815,155.999442859133,117.224673635877
0.62308570192509,0.62308570192509,0,0.202564381376804,0.462056663772451,898.141151812426,131.999528573112,120.661107066989
0.582896911975749,0.582896911975749,0,0.695429788277777,0.551748378285446,699.544565622469,163.999414287806,110.881742504476
0.646032308701622,0.646032308701622,0,0.823228589951054,0.393936868918345,724.567368832126,165.999407144974,112.922384427941
0.758508979432717,0.758508979432717,0,0.590427806782705,0.192844078949252,881.180200584232,149.999464287628,122.438828855587
0.969922952745586,0.969922952745586,0,0.876206325986976,0.855342162021061,675.915435071285,403.99855714801,-43.3870771845552
0.608349701885897,0.608349701885897,0,0.0923944878927019,0.397054194121552,904.688047214452,129.999535715944,120.67298277715
0.913385440205499,0.913385440205499,0,0.93509650183379,0.490044203119009,636.844041555319,165.999407144974,89.5155509669058
0.641636222542901,0.641636222542901,0,0.0255364595502527,0.0533294717837897,746.815236625919,137.999507144617,119.210182834856
0.506204640467423,0.506204640467423,0,0.115236728656779,0.542906971168772,889.020712710649,127.999542858775,120.503704475792
0.814960426476187,0.814960426476187,0,0.210801432484484,0.510189846216937,980.021076750961,129.999535715944,122.289333140388
0.917201266426507,0.917201266426507,0,0.468764941970664,0.675776762292186,773.146637434167,149.999464287628,113.001775071831
0.735301073691269,0.735301073691269,0,0.900855148666676,0.685092592313516,803.54326033491,165.999407144974,112.667393773329
0.517317712313579,0.517317712313579,0,0.344066213973474,0.379014313096885,713.065714906073,135.999514287449,119.452604291297
0.704556123323493,0.704556123323493,0,0.209788034073965,0.122698328249099,749.405891927862,139.999500001786,123.34134132103
0.954258382249537,0.954258382249537,0,0.785493891631696,0.403180948493832,701.389783883071,161.999421430638,111.74738967535
0.515587287805564,0.515587287805564,0,0.873923431025575,0.640062752297933,975.811538703959,163.999414287806,117.603301500824
0.885650545334767,0.885650545334767,0,0.695042432604634,0.0966487829631747,896.486769859452,153.999450001964,120.686393474408
0.550346530799544,0.550346530799544,0,0.300806608955317,0.069659154023077,728.664418103871,145.999478573291,119.058601414551
0.90629232821352,0.90629232821352,0,0.778212304897634,0.730784708152307,858.208339255516,159.999428573469,114.325486622913
0.950990255579573,0.950990255579573,0,0.130415787928764,0.386027233464546,884.476954145159,127.999542858775,119.641266073624
0.694156592609157,0.694156592609157,0,0.712451235586218,0.144733138199791,984.90156782404,153.999450001964,122.934755224571
0.979343503624863,0.979343503624863,0,0.636631613557693,0.33546072925975,715.340078607031,159.999428573469,113.008864782675
0.830639819090504,0.830639819090504,0,0.931725651598205,0.345345378427322,768.621587837462,167.999400002143,113.970958620443
0.771727400191175,0.771727400191175,0,0.686702500189869,0.29121210924119,735.983137081317,163.999414287806,113.801516843337
0.635518846193648,0.635518846193648,0,0.776550104519893,0.280157551752898,914.665733475262,149.999464287628,122.94277571483
0.880634501976527,0.880634501976527,0,0.0893157693450156,0.14710833985507,708.474595568704,133.999521430281,118.839802660422
0.92099390041969,0.92099390041969,0,0.226116863356213,0.0393279853411656,896.191448014533,143.999485716122,127.977864574433
0.610336634314815,0.610336634314815,0,0.872688762888489,0.999652483205,770.889732463985,421.998492862525,-41.9467239258447
0.622542421510116,0.622542421510116,0,0.0688484471466548,0.431954704817377,729.376004432686,127.999542858775,116.486875265216
0.657630040930946,0.657630040930946,0,0.594538639831707,0.644198360748345,613.933930225855,373.998664290485,-46.506460300895
0.84386821251364,0.84386821251364,0,0.40858176546424,0.622410413031321,714.725888042055,149.999464287628,111.481677357503
0.678466204822969,0.678466204822969,0,0.636630584436113,0.498421466062555,825.392903284734,159.999428573469,114.86943558546
0.866176352295912,0.866176352295912,0,0.350332143635426,0.682027730336233,989.599889136956,129.999535715944,120.913889330393
0.655435799033109,0.655435799033109,0,0.0422166720468877,0.425296930562062,734.224959904177,127.999542858775,116.449398250184
0.739904236597648,0.739904236597648,0,0.849125988857484,0.181196672330424,702.400492308,167.999400002143,114.034674555167
0.506276605861413,0.506276605861413,0,0.648235873409005,0.678216565894587,727.930486941212,161.999421430638,111.3551596573
0.964205508077679,0.964205508077679,0,0.410075718406364,0.262632703978838,834.915512895266,139.999500001786,124.934477547721
0.59133195839079,0.59133195839079,0,0.827290235879098,0.678165406347626,755.111164306719,165.999407144974,111.207175600962
0.72509078687306,0.72509078687306,0,0.0312087602278308,0.451147605475349,940.562142813108,125.999550001607,120.301140214193
0.656500183384257,0.656500183384257,0,0.908191026528265,0.383082105773816,766.178250450634,167.999400002143,114.071692434304
0.835100198136877,0.835100198136877,0,0.288479666722787,0.934161597314928,737.066121550636,143.999485716122,110.631394262358
0.503997438403456,0.503997438403456,0,0.0597243405585377,0.131589676746383,863.031245883786,133.999521430281,120.714287773681
0.593763329085073,0.593763329085073,0,0.963391727628474,0.0836841869264198,695.450023449144,153.999450001964,118.469794349668
0.556509912010116,0.556509912010116,0,0.977255798324027,0.278485117552051,950.794799259109,149.999464287628,123.962202207954
0.88796756989542,0.88796756989542,0,0.0820124072265196,0.514805472412701,839.268474313327,123.999557144439,118.557011575765
0.75648329199943,0.75648329199943,0,0.919748954708086,0.029506968777493,647.27420966933,163.999414287806,115.264997891615
0.573491112421847,0.573491112421847,0,0.653848601273283,0.620784819784935,639.307986438725,161.999421430638,83.2175583034176
0.775809316652229,0.775809316652229,0,0.31123486300137,0.247797314741827,950.129661660062,137.999507144617,125.054717179448
0.606755656672967,0.606755656672967,0,0.0692084369934752,0.662255407411576,907.654756871344,121.99956428727,119.249221086489
0.671303810450325,0.671303810450325,0,0.313548846592383,0.431279086726894,982.041001361574,137.999507144617,122.884939641587
0.962926040615192,0.962926040615192,0,0.122038007141497,0.336537941879602,774.782728912722,129.999535715944,118.021198890516
0.851218684741656,0.851218684741656,0,0.0648893177601315,0.0397800102349964,632.178506458201,137.999507144617,117.876588407138
0.590004778942909,0.590004778942909,0,0.789778493848741,0.0799968851055639,747.103688804127,153.999450001964,119.539569899805
0.643795838876429,0.643795838876429,0,0.284155361567844,0.264604406264744,972.148416439976,137.999507144617,124.705369701918
0.85024471510386,0.85024471510386,0,0.28914733928843,0.121291144069849,700.952101766363,143.999485716122,122.085851948451
0.833209483032691,0.833209483032691,0,0.538385363304419,0.781352100689057,741.97942888684,153.999450001964,110.742695074121
0.618402730141117,0.618402730141117,0,0.636872758222892,0.420312078784544,954.597820728008,145.999478573291,126.465984673214
0.753119689166168,0.753119689166168,0,0.540233894315385,0.168090201682332,925.126687059022,147.999471430459,124.255647624747
0.953008229184676,0.953008229184676,0,0.847098250170567,0.805379329246098,649.953543122903,395.998585719337,-44.2057625776108
0.701017577970931,0.701017577970931,0,0.747613750763738,0.779281745090201,618.461933185553,393.998592862168,-45.0507377350483
0.933373275279169,0.933373275279169,0,0.143863428073027,0.356857972081305,928.430029350129,129.999535715944,120.781212747639
0.583079482454461,0.583079482454461,0,0.808745653403129,0.635428720996251,655.449735061268,167.999400002143,9.87247140578807
0.782207873441847,0.782207873441847,0,0.595304184351703,0.970778905559584,773.468707878755,155.999442859133,109.92311454455
0.826561034216158,0.826561034216158,0,0.223414559709466,0.606703106750258,668.466625614566,141.999492858954,110.881368799317
0.978460622282004,0.978460622282004,0,0.968629744793329,0.193412991219933,654.770561409403,169.999392859311,111.713794610228
0.74849346829992,0.74849346829992,0,0.452581996497654,0.0470973001936453,765.357310532178,147.999471430459,121.922037871787
0.972291155313145,0.972291155313145,0,0.33099949244291,0.562447163185936,958.544405990368,131.999528573112,120.874584006592
0.750987149168758,0.750987149168758,0,0.392616860238641,0.573651145672224,647.892922918799,151.999457144796,108.884545517501
0.524112599021588,0.524112599021588,0,0.485445526526588,0.618844344675329,944.317063764669,139.999500001786,125.373347661512
0.798984238785221,0.798984238785221,0,0.52718578967725,0.731587031352506,627.576484623548,385.998621433495,-42.960271975993
0.511068839666057,0.511068839666057,0,0.178908686273605,0.482537622955737,643.842695632586,137.999507144617,112.77386832605
0.828236075209689,0.828236075209689,0,0.88847269847678,0.188524931219722,636.97689833444,169.999392859311,111.238653293539
0.715987445558679,0.715987445558679,0,0.21914128459828,0.708310784748815,718.06659875983,141.999492858954,112.085159578486
0.863536803049412,0.863536803049412,0,0.256433242007978,0.905901156761327,655.959998344356,141.999492858954,105.343737193763
0.844526063145592,0.844526063145592,0,0.0815730013496909,0.990204910131598,815.987311317982,127.999542858775,113.426678151338
0.528967782401304,0.528967782401304,0,0.755628084043024,0.0337507498221923,974.058760379502,155.999442859133,123.958539331352
0.953802627715713,0.953802627715713,0,0.354146364297633,0.292971230049005,966.908338521861,137.999507144617,123.938010307974
0.542532846764043,0.542532846764043,0,0.817058966363903,0.413855032635999,697.860066080178,161.999421430638,113.578447996962
0.539635103194044,0.539635103194044,0,0.09947251644977,0.0959730746148907,754.128769733284,137.999507144617,118.895538591214
0.517956683989963,0.517956683989963,0,0.222089730334067,0.855545500991869,993.703026240197,127.999542858775,120.811171986923
0.713006250008787,0.713006250008787,0,0.978711520570237,0.607450361029489,872.029732134749,167.999400002143,115.057090486022
0.939637479629537,0.939637479629537,0,0.120230941911076,0.247372142141772,942.617476652569,133.999521430281,122.045860934575
0.665763788456198,0.665763788456198,0,0.731694147834507,0.844471975724066,715.253275571758,163.999414287806,51.4094592841349
0.629707932697664,0.629707932697664,0,0.374280887550734,0.838783429124153,603.933220086161,399.998571433673,-38.946787055903
0.755940534810008,0.755940534810008,0,0.759752164924556,0.383297616974062,707.500224092511,165.999407144974,112.019540905515
0.95170541471527,0.95170541471527,0,0.956544206019534,0.815178936365567,768.726635735041,165.999407144974,109.312903265357
0.759431158823591,0.759431158823591,0,0.887600593448047,0.174674620886352,886.40854306633,157.999435716301,120.162508197844
0.682598387353263,0.682598387353263,0,0.769001521080395,0.634086765461855,931.29894325992,161.999421430638,116.38459486692
0.898101075581874,0.898101075581874,0,0.448062082152152,0.518111704473389,626.718673378536,151.999457144796,108.312106440963
0.535782633095878,0.535782633095878,0,0.432816729947143,0.128361403140819,870.887304559967,145.999478573291,124.585870763644
0.541560130579571,0.541560130579571,0,0.695513539446432,0.237598211483367,850.893884432074,147.999471430459,124.149949758126
0.80165820581105,0.80165820581105,0,0.379956593654601,0.942511376405596,601.499489352327,415.99851429102,-35.4683975041804
0.863894766843961,0.863894766843961,0,0.541123722434655,0.2188165339939,676.761327075167,159.999428573469,112.926674889876
0.743577329895443,0.743577329895443,0,0.704272789974024,0.073887740654299,990.746547722979,157.999435716301,123.086003668661
0.718174756849203,0.718174756849203,0,0.634355145776951,0.34787696917943,603.267974476954,161.999421430638,108.089450655204
0.935690053019024,0.935690053019024,0,0.0120138920397971,0.192870423457702,823.613423879482,131.999528573112,119.651312979919
0.652047731325833,0.652047731325833,0,0.26985449962742,0.3349685641408,935.533797864098,135.999514287449,123.219293801017
0.680137120047331,0.680137120047331,0,0.033658071053986,0.142551942783316,720.794728833178,133.999521430281,118.230882238622
0.684739319247108,0.684739319247108,0,0.206891174025747,0.936783189519901,985.105731111239,125.999550001607,119.491307025742
0.939310284591277,0.939310284591277,0,0.663951784120085,0.0203575195111952,711.366526408281,165.999407144974,115.109042094172
0.520599097229248,0.520599097229248,0,0.999940137793752,0.736853209184449,765.677375014057,171.99938571648,110.118060483262
0.706999365377119,0.706999365377119,0,0.850768183437694,0.210481226786358,684.883239692024,167.999400002143,113.623835781198
0.942061396960064,0.942061396960064,0,0.17660523361455,0.278735226921739,748.64757658176,133.999521430281,118.710003863268
0.581531553450425,0.581531553450425,0,0.163701172085418,0.550556214950293,600.139356563673,141.999492858954,108.953593127168
0.583408630717984,0.583408630717984,0,0.559754288636965,0.705342492913508,789.187074844415,157.999435716301,112.944386430492
0.544797646447354,0.544797646447354,0,0.361376969454531,0.626873127927889,949.663145949735,135.999514287449,122.138774092483
0.782876050349053,0.782876050349053,0,0.514503475498792,0.400798780558196,856.261258109455,153.999450001964,116.31963779461
0.889123518140807,0.889123518140807,0,0.159729488502843,0.532984797954462,707.543914078257,137.999507144617,112.825936039453
0.883793618318632,0.883793618318632,0,0.875277446065758,0.559919967269562,714.719884382738,163.999414287806,110.45750315468
0.690914360350994,0.690914360350994,0,0.458864362611627,0.160676268208152,847.039055989636,145.999478573291,126.832728121641
0.708151306667725,0.708151306667725,0,0.80707590633415,0.601499297700234,859.32412837238,163.999414287806,114.915679928629
0.959159265181295,0.959159265181295,0,0.715143998176773,0.727474165645945,702.71317610814,159.999428573469,107.65890191749
0.575317454829901,0.575317454829901,0,0.00309068262175516,0.58456238567498,819.329543577387,121.99956428727,118.264023218161
0.686210652411232,0.686210652411232,0,0.956310872498516,0.622352380353232,879.315719196564,167.999400002143,115.195041604668
0.733454067738119,0.733454067738119,0,0.996467408345383,0.471727197224956,995.543831953783,155.999442859133,121.549773257169
0.970627973146952,0.970627973146952,0,0.136865633928255,0.32211275851279,909.102174797524,131.999528573112,120.593437895348
0.502763280321336,0.502763280321336,0,0.938045429034531,0.460636287472727,787.033938980099,161.999421430638,115.646901728974
0.706813073988847,0.706813073988847,0,0.0139369750856351,0.208761096456544,833.476784555859,131.999528573112,119.936598908847
0.778256105123354,0.778256105123354,0,0.390843637084399,0.880480280284176,829.040793447464,147.999471430459,113.808509619071
0.965789468746089,0.965789468746089,0,0.595171819297794,0.539547840729551,727.838389501411,155.999442859133,112.072167590617
0.997020180513869,0.997020180513869,0,0.881272748578414,0.497321182931933,800.520653503317,161.999421430638,114.023690434087
0.802737534921532,0.802737534921532,0,0.77483485064705,0.891121995068621,905.004623810703,159.999428573469,114.676560109926
0.845335161624823,0.845335161624823,0,0.927136716681902,0.228608265353307,777.527556049432,169.999392859311,115.040321653749
0.797051738562981,0.797051738562981,0,0.746507369482023,0.718705456355763,862.386962542865,159.999428573469,114.451502595059
0.793901643224256,0.793901643224256,0,0.935625671581217,0.638777624788521,689.469798500405,165.999407144974,85.9278399312708
0.584670005776108,0.584670005776108,0,0.390938781202662,0.45901141916301,938.177197908691,137.999507144617,123.400774149613
0.766641639662295,0.766641639662295,0,0.0712790994550572,0.353618097635513,971.184772103505,129.999535715944,121.654148532058
0.707123986137107,0.707123986137107,0,0.368953828327902,0.85089607825178,919.040944965708,143.999485716122,116.370857249322
0.675117794115167,0.675117794115167,0,0.776399016660156,0.0484701682151539,836.108276041592,153.999450001964,121.453664662614
0.579118837197187,0.579118837197187,0,0.937622240029232,0.208507496450647,763.210897759415,149.999464287628,121.018139130702
0.780339432320888,0.780339432320888,0,0.412655018619747,0.269013184413698,906.184809323544,141.999492858954,126.657277161139
0.60322857508861,0.60322857508861,0,0.614634286657941,0.940915724539768,764.205803618825,159.999428573469,108.902521359816
0.513343976247283,0.513343976247283,0,0.504141520390684,0.0227676987161874,703.702966889414,149.999464287628,117.629950925738
0.583671132531824,0.583671132531824,0,0.829965628106585,0.425913006389827,679.235137284741,165.999407144974,112.033944356597
0.904281968826961,0.904281968826961,0,0.629178589752453,0.234788572321452,606.763664422647,161.999421430638,110.103209966974
0.669794616577309,0.669794616577309,0,0.369515926579256,0.806961734501883,811.748395352389,147.999471430459,113.680140532156
0.592037504075124,0.592037504075124,0,0.642756699162697,0.168354265007364,684.069715005055,147.999471430459,120.266595011294
0.700143484045881,0.700143484045881,0,0.00118582249665289,0.587480546183653,664.725072852071,129.999535715944,110.827515023452
0.75661617223222,0.75661617223222,0,0.533155542742839,0.772015056418022,757.374187215268,153.999450001964,111.360993699095
0.554465890913709,0.554465890913709,0,0.699340616294946,0.476833486804929,976.502916860696,147.999471430459,125.391185176693
0.576372039021945,0.576372039021945,0,0.0187102154731975,0.80162057891874,641.723527937433,131.999528573112,108.510490419552
0.748655430491743,0.748655430491743,0,0.0364294419327079,0.497062686079759,941.730624507288,125.999550001607,119.990522519002
0.542532960418748,0.542532960418748,0,0.357530319483666,0.424586638464576,602.91327430589,145.999478573291,111.745162221192
0.817866121669817,0.817866121669817,0,0.334794315391685,0.282113097183295,719.974480989753,149.999464287628,114.320009249689
0.608878835442657,0.608878835442657,0,0.42668393200355,0.102162621171967,812.778677727119,147.999471430459,123.059712154741
0.774633346688699,0.774633346688699,0,0.516215710816309,0.537140564679979,830.442680985014,153.999450001964,114.95869720745
0.777335354626557,0.777335354626557,0,0.963563226516016,0.762418816793524,861.08154652143,165.999407144974,113.894867501879
0.681108869799222,0.681108869799222,0,0.26070192327088,0.959953999988159,896.157817866562,139.999500001786,115.379851386083
0.579165051413138,0.579165051413138,0,0.236558827500526,0.521876445233518,663.815527365506,143.999485716122,112.164380651411
0.927586207653697,0.927586207653697,0,0.718890858515072,0.599302907133006,750.864742617614,157.999435716301,112.107532005715
0.763819005415385,0.763819005415385,0,0.287619699980272,0.86957039076289,805.140127256549,141.999492858954,114.065929712952
0.560793072539278,0.560793072539278,0,0.136590116280269,0.773513257775547,984.977320441421,123.999557144439,120.202423791615
0.830302482439751,0.830302482439751,0,0.417794243167078,0.239318092025457,939.447197323593,141.999492858954,127.084700515518
0.642601159681211,0.642601159681211,0,0.670409340640196,0.843502763085515,833.643922548663,159.999428573469,113.132587910194
0.533513146623913,0.533513146623913,0,0.505638084857398,0.511587330320119,659.185659326062,153.999450001964,111.561825922717
0.873264198904581,0.873264198904581,0,0.925342675674144,0.152405429855188,742.821872850666,169.999392859311,114.741001185348
0.642890977100458,0.642890977100458,0,0.554574476511848,0.407303745646389,967.375461586087,143.999485716122,127.042644628168
0.705626346550855,0.705626346550855,0,0.332925516276825,0.712154117608097,732.436958454305,147.999471430459,111.745297342394
0.770785738861216,0.770785738861216,0,0.22679940603611,0.689349218015391,641.042818131585,141.999492858954,108.432917378928
0.681118884072682,0.681118884072682,0,0.0334651651080081,0.941985552970288,776.138149081289,127.999542858775,111.795053275492
0.590733146236427,0.590733146236427,0,0.867053474430421,0.581646009581834,620.989337858477,371.998671433316,-51.2215717982546
0.94355025052835,0.94355025052835,0,0.0598561364217647,0.908642226810661,811.961849436119,123.999557144439,114.349122192199
0.709149798013391,0.709149798013391,0,0.396027383243462,0.919955031142306,918.199631243838,145.999478573291,116.039767942274
0.898740839639139,0.898740839639139,0,0.254279032999973,0.713979406881368,751.113064211321,139.999500001786,113.229475076828
0.812322265139365,0.812322265139365,0,0.334986688421983,0.516721017330693,941.422240881697,133.999521430281,121.245019901909
0.769255875269219,0.769255875269219,0,0.916496737605165,0.873900302705694,782.733236288626,165.999407144974,108.314895344869
0.712551696328634,0.712551696328634,0,0.438700072748296,0.258603824407169,605.237017432307,155.999442859133,111.078200491416
0.964232362604798,0.964232362604798,0,0.741803667839483,0.503201125109261,610.227279999662,159.999428573469,86.2228991505902
0.8791160643777,0.8791160643777,0,0.308118461187853,0.0628623309243893,663.863898259332,151.999457144796,114.988082836384
0.959490022196918,0.959490022196918,0,0.389672155937342,0.191012459327341,898.334117396565,141.999492858954,126.459514833352
0.726483369078031,0.726483369078031,0,0.916164659629072,0.201290429697127,944.495475699974,155.999442859133,121.172596388301
0.887777153388787,0.887777153388787,0,0.0718157565311742,0.228422774610654,611.062244371331,137.999507144617,112.728589523753
0.992707064342966,0.992707064342966,0,0.687082350724544,0.154482165387131,877.228192560073,151.999457144796,120.913298643943
0.839092802074063,0.839092802074063,0,0.972541685897289,0.803322868425118,629.280669861852,397.998578576505,-45.5467744905415
0.989542838024705,0.989542838024705,0,0.576900796990581,0.474274286923336,682.728353165965,155.999442859133,111.023118732143
0.921318734439839,0.921318734439839,0,0.605122523612289,0.331647859101992,880.988313935487,145.999478573291,124.494362386226
0.813666472130433,0.813666472130433,0,0.241717970002806,0.598074965118283,960.254077240708,127.999542858775,121.501268880591
0.865715780569873,0.865715780569873,0,0.633925157310842,0.204588528320697,638.475907486211,161.999421430638,111.651242550325
0.787406737741458,0.787406737741458,0,0.314545961296893,0.884987836997066,792.548361724635,143.999485716122,113.254487231538
0.669134323724081,0.669134323724081,0,0.393842815618738,0.653757421849603,704.57745654778,151.999457144796,110.792921357213
0.981323106361901,0.981323106361901,0,0.790666333967939,0.0999668051741162,822.721413543399,157.999435716301,118.641097157653
0.707795058482061,0.707795058482061,0,0.265914559113181,0.460864170225792,680.559862524347,147.999471430459,112.180063803736
0.848732640456077,0.848732640456077,0,0.0235147337923383,0.174171814947742,854.541764218597,133.999521430281,120.738529970826
0.826309834754817,0.826309834754817,0,0.737229690988618,0.671357507798475,617.130278370622,379.99864286199,-46.3593679266007
0.996979965554977,0.996979965554977,0,0.298973881124279,0.806671575723277,672.925987453484,143.999485716122,108.744677299699
0.736021508724388,0.736021508724388,0,0.511821527886501,0.928432935536847,821.418676165227,153.999450001964,112.611922643407
0.759942737508117,0.759942737508117,0,0.387258893326326,0.19213590514502,774.28875365576,143.999485716122,124.001986300996
0.624149883203592,0.624149883203592,0,0.449320864251324,0.925797555552396,741.195524048486,153.999450001964,109.588494344414
0.997281253113974,0.997281253113974,0,0.778860015323621,0.880635619104122,839.674256435754,159.999428573469,113.049010536967
0.550509859777427,0.550509859777427,0,0.926551369573007,0.285345151919133,721.498470662178,149.999464287628,119.709173535106
0.719397462171755,0.719397462171755,0,0.892161808557311,0.578487903092393,721.653842268194,167.999400002143,110.086400127788
0.513296607356594,0.513296607356594,0,0.860932696267526,0.93321728425813,831.214431531976,169.999392859311,111.876915748273
0.671976001349878,0.671976001349878,0,0.241486183108952,0.163513239707759,860.456204108407,141.999492858954,125.831854225889
0.606974531614392,0.606974531614392,0,0.37721399526942,0.710316066085691,828.572182288556,147.999471430459,114.728349282176
0.805548364633462,0.805548364633462,0,0.37070246625639,0.0902283750450209,974.40046422211,143.999485716122,129.062687962712
0.918826152586588,0.918826152586588,0,0.922892480210745,0.344624931522267,738.37988944278,165.999407144974,113.174130413015
0.650292512073457,0.650292512073457,0,0.694323192656789,0.758225288214889,645.009422916033,389.998607147832,-45.0218647008703
0.893787630022019,0.893787630022019,0,0.271455200778436,0.518437961103352,714.414582469894,143.999485716122,113.676450369077
0.568012632810857,0.568012632810857,0,0.622477918137404,0.468543411359849,812.997346507023,157.999435716301,115.579201280151
0.722225327428765,0.722225327428765,0,0.808032822727521,0.660112847803919,998.513418251905,159.999428573469,117.634639074667
0.712756364819511,0.712756364819511,0,0.311849438016452,0.182277279327668,877.103970497932,141.999492858954,127.227086601725
0.649208279127192,0.649208279127192,0,0.444220688161704,0.397435931191168,955.845684820821,139.999500001786,125.955744334409
0.681401726385664,0.681401726385664,0,0.185131109552365,0.921076272008583,602.802838258526,417.998507148189,-32.2473317768817
0.752512240531706,0.752512240531706,0,0.85953220070201,0.26378139874116,795.315104173702,167.999400002143,115.396041558677
0.77499479570591,0.77499479570591,0,0.131450943993078,0.262005547147892,735.151723810404,133.999521430281,118.510945022432
0.806963151279301,0.806963151279301,0,0.816516762777003,0.433128248926102,607.254789255252,163.999414287806,77.4853271617365
0.592807406305466,0.592807406305466,0,0.677348059280357,0.691205769192687,659.607668435128,163.999414287806,37.2058570880254
0.771569398825406,0.771569398825406,0,0.0889938350101998,0.495602361949104,752.379058072955,131.999528573112,115.260802803745
0.849505159455981,0.849505159455981,0,0.736283800987925,0.358391872042247,990.741372325962,147.999471430459,124.728544202363
0.600116780097679,0.600116780097679,0,0.223831035862962,0.797545159516934,745.429036327526,141.999492858954,112.5580148007
0.583163326417481,0.583163326417481,0,0.480419644017324,0.474459915410421,662.754225910052,155.999442859133,111.414108135821
0.659373436775018,0.659373436775018,0,0.0475102111603037,0.262700190724421,862.719642067436,131.999528573112,120.184721258313
0.708204113292639,0.708204113292639,0,0.268512701065791,0.50949210957445,708.766172552429,145.999478573291,112.921169517833
0.891759445357193,0.891759445357193,0,0.151422659193757,0.437706708442537,846.982485823512,127.999542858775,119.016725922299
0.879283870573081,0.879283870573081,0,0.454251390855691,0.492931211698562,775.422347899668,149.999464287628,114.120192542691
0.740422932681403,0.740422932681403,0,0.425451111705953,0.274326837077075,745.2886958331,153.999450001964,114.770472917549
0.787825549354278,0.787825549354278,0,0.685953760716073,0.862014074630764,734.154074645036,159.999428573469,106.441029688721
0.542575663368312,0.542575663368312,0,0.782342517132145,0.538031297742647,828.056027352065,161.999421430638,115.263975754551
0.816734116050799,0.816734116050799,0,0.241707697667867,0.576992501086152,904.287808013659,127.999542858775,119.399481809767
0.764307472437427,0.764307472437427,0,0.0426239910889966,0.263284204080171,731.465526468132,127.999542858775,117.564651951612
0.802870366948578,0.802870366948578,0,0.112401861408074,0.34189193143674,856.670064955738,129.999535715944,119.766214092033
0.578011787322338,0.578011787322338,0,0.23338745057084,0.872337970754649,749.879788211951,143.999485716122,111.997874341833
0.615950652206624,0.615950652206624,0,0.825834057253302,0.862129912236774,621.197514102397,403.99855714801,-44.6538265655633
0.74718894815896,0.74718894815896,0,0.709939569254157,0.568780815173383,939.317823121485,157.999435716301,116.84132265544
0.559498952457699,0.559498952457699,0,0.800039354863844,0.375984419961479,995.704976620746,153.999450001964,122.1268729825
0.937876267136677,0.937876267136677,0,0.860660634194263,0.98238022459953,636.256937120902,417.998507148189,-40.971155557975
0.713895148980597,0.713895148980597,0,0.520430641621787,0.585927423076235,712.379670540394,155.999442859133,111.144703717839
0.633889093188961,0.633889093188961,0,0.764975601713156,0.824415605051788,937.74011482279,161.999421430638,115.754703156788
0.556699614824796,0.556699614824796,0,0.718210317284161,0.7901973140675,780.170934179447,163.999414287806,111.597682389265
0.55569819964564,0.55569819964564,0,0.790668519728751,0.95874509260023,910.487269367778,165.999407144974,114.550362787621
0.550206932614206,0.550206932614206,0,0.0674738432408669,0.25271033931424,600.77737305142,129.999535715944,114.494300888321
0.802184625267112,0.802184625267112,0,0.648785094502939,0.552664393794992,695.616775432141,159.999428573469,110.306002877241
0.59688327502065,0.59688327502065,0,0.80258135678957,0.170803104576981,947.855272262241,149.999464287628,124.426089994141
0.783849415579828,0.783849415579828,0,0.214775739716047,0.837900117986619,969.447399836755,123.999557144439,119.678420254451
0.643969516044432,0.643969516044432,0,0.49663928944526,0.428773979921599,810.388215217729,155.999442859133,115.335447921261
0.989021534318927,0.989021534318927,0,0.89654723447049,0.959830559822336,690.769117895996,415.99851429102,-41.3453928323305
0.561897459493818,0.561897459493818,0,0.669564113614573,0.831883430396611,683.392666313679,399.998571433673,-43.7901906147828
0.836466721354001,0.836466721354001,0,0.84073610932569,0.960218536181338,910.455383699025,161.999421430638,114.445272660893
0.561728521777048,0.561728521777048,0,0.580540075160651,0.335017595841577,946.208234278568,141.999492858954,127.885213006085
0.920496502440239,0.920496502440239,0,0.310004417555309,0.819970018169082,823.836688603234,141.999492858954,114.95920541198
0.845068508768485,0.845068508768485,0,0.617387982520278,0.90591175939546,682.807767196317,409.998535719515,-39.6065486448195
0.534290801757024,0.534290801757024,0,0.915632614669373,0.110126317093788,909.619929160251,155.999442859133,122.76049782495
0.733815483679954,0.733815483679954,0,0.262350530647366,0.652652336895193,769.173883755687,141.999492858954,114.595250565395
0.657813716963084,0.657813716963084,0,0.109943320997325,0.136966560482164,657.687144219533,135.999514287449,117.155852772045
0.846626610510846,0.846626610510846,0,0.629657091842641,0.961511747405499,841.314311340554,155.999442859133,112.846022009288
0.884454891522764,0.884454891522764,0,0.393179574099898,0.742079817327918,985.74402912571,131.999528573112,120.647946301557
0.68535885493792,0.68535885493792,0,0.00363151189069799,0.0899137512048108,645.394355364451,133.999521430281,116.070641405339
0.504319667909108,0.504319667909108,0,0.200889288190516,0.924191443315518,682.418851882972,143.999485716122,108.372119467538
0.749097433343389,0.749097433343389,0,0.478515095408095,0.995446358181724,969.31532323173,147.999471430459,116.443972772584
0.698960087675189,0.698960087675189,0,0.430619587133853,0.115042721140066,969.155051798056,145.999478573291,127.420073507969
0.808331742931217,0.808331742931217,0,0.324668837362688,0.556012427371115,692.686977691674,147.999471430459,111.538330033407
0.580383821190853,0.580383821190853,0,0.0723918122522395,0.942450632887136,851.54503475767,127.999542858775,115.052198332864
0.687372569859424,0.687372569859424,0,0.77405383622222,0.0679062233783716,975.046962128294,151.999457144796,123.558100875758
0.949428731528567,0.949428731528567,0,0.474901864962251,0.0868227522824795,890.418124831338,147.999471430459,122.615489566506
0.531001574614405,0.531001574614405,0,0.123907431260153,0.156037221212846,779.519809686676,135.999514287449,119.74166300815
0.552346495617106,0.552346495617106,0,0.825055627390604,0.873896319382804,873.738439587307,165.999407144974,113.941620788007
0.896077569639611,0.896077569639611,0,0.175014561394279,0.560306728731876,661.377155796357,139.999500001786,111.063960036983
0.836380702704976,0.836380702704976,0,0.99608729067861,0.022537607503811,728.718387056524,173.999378573648,115.662121545764
0.723218119973239,0.723218119973239,0,0.662676439885076,0.844830146251142,711.950779490376,159.999428573469,92.2674158051611
0.802467040186163,0.802467040186163,0,0.317207728618141,0.154854494843012,924.070526640738,141.999492858954,128.174655463541
0.612321462266457,0.612321462266457,0,0.0992087348400118,0.80851431372101,608.514623827194,137.999507144617,105.204137333043
0.869056670232235,0.869056670232235,0,0.448439780403739,0.766103487044513,936.829111644017,141.999492858954,121.236152612305
0.831200706711533,0.831200706711533,0,0.58166813488306,0.593548963629934,729.68522936136,155.999442859133,111.619993373034
0.613687995177002,0.613687995177002,0,0.350311329398917,0.355441371103194,640.31518615167,147.999471430459,112.835179595162
0.695768750096407,0.695768750096407,0,0.1244540945667,0.864532647460854,601.038268674225,137.999507144617,98.4795121777542
0.586003475917426,0.586003475917426,0,0.292637137302001,0.485299083027219,622.901768955162,147.999471430459,110.438410436403
0.566625695785823,0.566625695785823,0,0.509586938994278,0.308310684523265,874.296330178371,141.999492858954,127.062515919251
0.54481308572324,0.54481308572324,0,0.611491352489341,0.799822741010038,787.327303096371,159.999428573469,112.159182810067
0.90577495605771,0.90577495605771,0,0.223112584350313,0.722760547503539,744.460990064917,137.999507144617,112.731575993204
0.763547448870225,0.763547448870225,0,0.591995270140983,0.279306694325209,977.69878465192,147.999471430459,123.76308683844
0.71046811112267,0.71046811112267,0,0.225312125963638,0.215298900458651,746.994283751139,135.999514287449,121.177368620172
0.8721314856142,0.8721314856142,0,0.952284472745637,0.526451749993791,686.159898418358,165.999407144974,108.078995574293
0.670945320619424,0.670945320619424,0,0.282693104336776,0.00825848410967123,758.242174602569,147.999471430459,121.162840265193
0.956672335314912,0.956672335314912,0,0.184990198190945,0.525353488568854,737.149275557004,137.999507144617,113.634838280913
0.615721779467311,0.615721779467311,0,0.72971628936958,0.37275000538959,974.301759199716,151.999457144796,122.06585292933
0.906024853932374,0.906024853932374,0,0.00969334544164657,0.855664059695778,820.668373069757,117.999578572934,116.787496570116
0.540347646391616,0.540347646391616,0,0.719892960275171,0.613642297481585,974.600616213704,157.999435716301,118.317890609069
0.85026755444943,0.85026755444943,0,0.0610849943274316,0.0075457969379038,665.169462922045,139.999500001786,120.079388964617
0.82782058377575,0.82782058377575,0,0.923970852905814,0.374408732852064,956.259755746227,153.999450001964,121.288688002631
0.98404772355935,0.98404772355935,0,0.233911788699145,0.65629031796507,842.2188002086,129.999535715944,117.342985264709
0.885990808364505,0.885990808364505,0,0.435428914880741,0.125546081740986,607.965663188633,157.999435716301,111.933082998287
0.599391903852424,0.599391903852424,0,0.294459506063436,0.710921984669563,808.5588207364,143.999485716122,115.158922101235
0.747442208507011,0.747442208507011,0,0.915369492539103,0.620522830603057,856.056780815584,165.999407144974,114.605761640715
0.792923034783528,0.792923034783528,0,0.96417383972073,0.602898422984675,910.246175800946,165.999407144974,115.929526284378
0.652212740171268,0.652212740171268,0,0.845956730222925,0.0224001357964337,943.138732641555,155.999442859133,122.698525444425
0.931043483407136,0.931043483407136,0,0.482744145395266,0.702530188752173,910.48556451886,145.999478573291,116.706220701995
0.533697954267149,0.533697954267149,0,0.180280687519123,0.488305055801788,942.57984692004,131.999528573112,121.611694864147
0.984565449635513,0.984565449635513,0,0.925580561995725,0.789992954059928,756.316093353125,163.999414287806,109.182326930567
0.586763213789881,0.586763213789881,0,0.312452108444876,0.136744784942144,813.015698393283,143.999485716122,124.856395593251
0.676498187826779,0.676498187826779,0,0.972175834921851,0.805487654962706,854.881141977955,167.999400002143,113.417830788118
0.505893389443127,0.505893389443127,0,0.406191798016768,0.749471469399836,793.727628074113,151.999457144796,113.405330343224
0.874090454427747,0.874090454427747,0,0.771904386528145,0.682616182406411,656.456167630707,161.999421430638,35.8910967233599
0.865270398767288,0.865270398767288,0,0.55300331834284,0.518367777887499,911.307840982388,143.999485716122,125.832731755493
0.621947256631246,0.621947256631246,0,0.602097237491878,0.152838801112291,826.475887744722,147.999471430459,123.517154076292
0.777193591666742,0.777193591666742,0,0.147322317242,0.60533282564623,890.035546956282,125.999550001607,119.02381382847
0.97489540564941,0.97489540564941,0,0.816190955298778,0.428861640970165,758.317048685114,161.999421430638,113.353223201355
0.670173503020368,0.670173503020368,0,0.570389220262225,0.122703391678317,929.624286041708,147.999471430459,125.700075234818
0.989341699463957,0.989341699463957,0,0.715331868542109,0.711674727193384,694.043808911972,157.999435716301,107.18968346037
0.852227803065527,0.852227803065527,0,0.054227101154196,0.646666121679795,668.682443814453,131.999528573112,110.477152820518
0.683266740318045,0.683266740318045,0,0.650777510578634,0.736563851050717,614.542030571711,387.998614290663,-45.1622101340296
0.971792750006004,0.971792750006004,0,0.163691266753904,0.0226065283456578,843.981890863026,141.999492858954,127.141142332177
0.750183838719009,0.750183838719009,0,0.328343956208859,0.880975048638358,988.702248589476,131.999528573112,119.947098228983
0.5407325655351,0.5407325655351,0,0.0180764468052689,0.923522726204228,707.373157463477,131.999528573112,110.085278853893
0.666774232760947,0.666774232760947,0,0.629166867487159,0.758450185118034,844.297829388845,157.999435716301,113.963605094067
0.904556696711727,0.904556696711727,0,0.988237439551247,0.126085638941869,687.301751462032,171.99938571648,113.379394692107
0.810560364128599,0.810560364128599,0,0.273014863811995,0.411308795923301,837.026321941425,135.999514287449,120.515086085376
0.59143663630272,0.59143663630272,0,0.874355839398424,0.98199965266144,987.003905246031,165.999407144974,116.169432141166
0.503719739811756,0.503719739811756,0,0.886442540944496,0.798886808994034,897.028791885777,167.999400002143,115.046460353039
0.779142427432888,0.779142427432888,0,0.523911167987738,0.352681936830518,747.679893642251,157.999435716301,113.886185308393
0.699914053238743,0.699914053238743,0,0.830143110059662,0.808520787847114,851.479754642053,163.999414287806,113.544108882418
0.995346359618682,0.995346359618682,0,0.183754794606734,0.574007078618386,890.675742754208,125.999550001607,119.806673215672
0.532404935840877,0.532404935840877,0,0.898165757336151,0.324314070543637,824.025150566141,145.999478573291,123.931343015095
0.961719247475614,0.961719247475614,0,0.378357151498989,0.964235691059172,694.872899179297,147.999471430459,106.431247185532
0.717856956267456,0.717856956267456,0,0.299892550022321,0.961084813685854,734.046684934682,145.999478573291,109.997668465016
0.740006330080738,0.740006330080738,0,0.458462828174218,0.723413290148563,937.796843154363,147.999471430459,117.065409943692
0.743656544720256,0.743656544720256,0,0.230866773597382,0.473721158636396,809.558642773557,137.999507144617,119.051581255892
0.557001819220924,0.557001819220924,0,0.216975091988118,0.671914472553967,944.099874282312,129.999535715944,120.5278628803
0.537023751048211,0.537023751048211,0,0.480140729574592,0.763539043412499,781.430859230871,155.999442859133,112.60010209102
0.746667371732886,0.746667371732886,0,0.722558335864791,0.664633131945567,698.787706950044,161.999421430638,107.401760361571
0.942946675799243,0.942946675799243,0,0.837957359691517,0.964929009245832,671.07048500919,415.99851429102,-40.7422986007189
0.532660547795548,0.532660547795548,0,0.573779687581059,0.435124092146499,626.299295060242,153.999450001964,111.652199677057
0.828618650242191,0.828618650242191,0,0.707144994657793,0.60999558936682,839.777834597564,157.999435716301,114.499873225189
0.857933710634645,0.857933710634645,0,0.321993827504003,0.322200337352019,690.223044506244,149.999464287628,113.251573989751
0.959649089290083,0.959649089290083,0,0.844866520271457,0.490466993000362,704.080627373208,163.999414287806,110.9335829199
0.863074186373554,0.863074186373554,0,0.820692014485331,0.988809373114165,839.773162499084,161.999421430638,112.12448714633
0.880307369865595,0.880307369865595,0,0.153945001611674,0.689340202638614,934.108399964136,121.99956428727,119.572188836765
0.883227826094162,0.883227826094162,0,0.0319606918308881,0.22858913745581,756.176849371587,129.999535715944,118.168460358704
0.898947022599918,0.898947022599918,0,0.194395135318348,0.516753858688428,748.359549498547,137.999507144617,114.093518664405
0.70010930103545,0.70010930103545,0,0.314452880012363,0.600235088537509,978.10489104014,131.999528573112,121.291173641949
0.708278880237329,0.708278880237329,0,0.330837515707518,0.754940904872502,820.75941945976,145.999478573291,115.003752225659
0.641017505737276,0.641017505737276,0,0.585572376787889,0.883772296423429,734.786326151098,157.999435716301,107.507696836239
0.638338270222109,0.638338270222109,0,0.0688436770759616,0.681138788893408,642.704343943012,135.999514287449,109.387820839016
0.920209615500253,0.920209615500253,0,0.572121205241918,0.683129364047958,801.95219364467,153.999450001964,113.459997270557
0.530705838118823,0.530705838118823,0,0.848241279957632,0.528479264992328,714.157144618074,163.999414287806,112.453453979476
0.856444628020411,0.856444628020411,0,0.0859328862727594,0.25126818335919,662.965735524242,137.999507144617,113.906801192807
0.954520817535956,0.954520817535956,0,0.00026636350472653,0.70519966492286,752.745076669394,121.99956428727,114.993038312283
0.71609439829824,0.71609439829824,0,0.0407159193370262,0.687043669652504,922.153058037179,119.999571430102,119.462734446171
0.753025998057048,0.753025998057048,0,0.184082116168205,0.851319227430887,948.90770853399,123.999557144439,119.165912228059
0.834032357858029,0.834032357858029,0,0.0908698424529325,0.320971106650767,889.263918865442,129.999535715944,120.201514023871
0.821000481875469,0.821000481875469,0,0.352759091261785,0.499319032689604,894.115168671043,135.999514287449,121.519131143394
0.760137419080566,0.760137419080566,0,0.809030165606849,0.600669526664662,607.663965023524,371.998671433316,-49.2272644629195
0.624657374752932,0.624657374752932,0,0.0880261576860544,0.253649527379358,903.99405561778,133.999521430281,121.208446303703
0.719932949564227,0.719932949564227,0,0.547801175932304,0.80498843054726,815.326523017347,153.999450001964,113.043535427502
0.989241798763454,0.989241798763454,0,0.20616312204492,0.923923987876734,641.657447081615,139.999500001786,104.845656226658
0.566257018062698,0.566257018062698,0,0.623214413574179,0.486660024957024,985.651271808621,145.999478573291,124.762294172002
0.867781816526321,0.867781816526321,0,0.231277127597221,0.649562521262718,664.653558869851,141.999492858954,110.26589152945
0.51424655603737,0.51424655603737,0,0.867626227766682,0.161668828692116,915.621855373992,153.999450001964,123.102644803091
0.542419245167894,0.542419245167894,0,0.240396805890916,0.179058265015677,944.971288995756,139.999500001786,125.230580630476
0.693879129476612,0.693879129476612,0,0.576467568898758,0.68229659521503,734.056116299407,157.999435716301,111.000976832099
0.960037040640339,0.960037040640339,0,0.736268656975894,0.363327432109711,667.243929495513,161.999421430638,110.939506052306
0.761844879848354,0.761844879848354,0,0.209966818648063,0.447330865847915,865.512725839572,129.999535715944,119.610424022938
0.983890346840068,0.983890346840068,0,0.0122830412458882,0.836089123558806,870.820085080823,115.999585715765,120.322426706029
0.898318491316131,0.898318491316131,0,0.476156622820977,0.79060075157702,860.825805967321,147.999471430459,114.995536262325
0.773329435326519,0.773329435326519,0,0.516060217963395,0.11631343787982,801.422738105932,147.999471430459,121.600770481344
0.651217964505216,0.651217964505216,0,0.446517336669821,0.920239809188087,978.60756096444,147.999471430459,117.112119014041
0.796624909956968,0.796624909956968,0,0.339292120327974,0.799885115121153,803.299206828246,143.999485716122,114.140547785977
0.618903199232986,0.618903199232986,0,0.755055755084104,0.945855344379406,917.496328209743,161.999421430638,114.798684791332
0.869084204556742,0.869084204556742,0,0.877692164477243,0.592301930220318,812.79227378249,163.999414287806,113.73862375569
0.588962324518918,0.588962324518918,0,0.488385755661522,0.346832620088338,868.171823784938,139.999500001786,126.023991705571
0.787920541632482,0.787920541632482,0,0.613356379810539,0.250691310045576,849.953087249109,149.999464287628,120.989338954423
0.751573264189114,0.751573264189114,0,0.585005497588642,0.771073254409569,856.224151479821,155.999442859133,114.269624589382
0.836305101209883,0.836305101209883,0,0.0169522226959751,0.897426706107786,949.933546925437,115.999585715765,120.954002183887
0.654389784454563,0.654389784454563,0,0.436404467634111,0.91626733873634,836.799076658872,149.999464287628,113.408779325671
0.650519621315039,0.650519621315039,0,0.939562679111388,0.906155127707869,818.432076225646,169.999392859311,110.717747281727
0.725477618668841,0.725477618668841,0,0.948566100807623,0.126393042242769,826.020282664531,157.999435716301,119.68892137476
0.58983897709522,0.58983897709522,0,0.0938244150123806,0.112809744918898,969.879492376302,137.999507144617,124.09401322315
0.543178880871729,0.543178880871729,0,0.62774578827356,0.436030511296577,617.719662432189,157.999435716301,110.995392971789
0.986124561726412,0.986124561726412,0,0.646277589148366,0.602462384156059,886.810104347016,153.999450001964,115.905949733591
0.979752811197557,0.979752811197557,0,0.864116970321254,0.357154306743038,740.633960914954,163.999414287806,113.274340663565
0.783945710156606,0.783945710156606,0,0.850889094714951,0.169229463666761,854.211563899362,157.999435716301,119.522049960434
0.697365869097281,0.697365869097281,0,0.422583047685126,0.827088069620707,970.021801524074,139.999500001786,122.50930071739
0.856706193861503,0.856706193861503,0,0.622914804114655,0.594039142729076,855.044736766408,153.999450001964,115.122528829915
0.592794026066383,0.592794026066383,0,0.978597346067704,0.454914560257603,772.076437690558,169.999392859311,113.980118755064
0.849871950790462,0.849871950790462,0,0.0313480708607252,0.349008202090995,720.876765435736,127.999542858775,116.391708558352
0.607002149732705,0.607002149732705,0,0.920023790227544,0.538217791416869,955.789355075861,165.999407144974,117.437145814682
0.588617295371116,0.588617295371116,0,0.40675690238723,0.779434869591507,618.520642090776,391.998600005,-41.2807455108488
0.987673635746482,0.987673635746482,0,0.903881267287288,0.641463600925372,831.911406961285,161.999421430638,114.023951114267
0.883723843666022,0.883723843666022,0,0.158781054448351,0.271281711590111,626.769314677267,141.999492858954,113.208738798237
0.542575826361344,0.542575826361344,0,0.742375983426989,0.11129063886474,805.26087455481,153.999450001964,121.20259360892
0.604919547795502,0.604919547795502,0,0.345848821680267,0.329678548369453,664.376608148669,145.999478573291,114.482865116458
0.598089990431174,0.598089990431174,0,0.376095161312239,0.0981003487205534,835.013163350736,147.999471430459,123.816824197868
0.602014200815858,0.602014200815858,0,0.936859818503511,0.846130355005845,670.437322430473,403.99855714801,-45.4651878988456
0.834844167943752,0.834844167943752,0,0.94713299166816,0.0834491281645499,834.118034928428,163.999414287806,118.753119335463
0.576326915308932,0.576326915308932,0,0.998536012540155,0.982008510344114,943.634879207031,169.999392859311,115.061760436119
0.72409689059038,0.72409689059038,0,0.475380503432216,0.435611710392143,965.835830069504,139.999500001786,125.991479123698
0.521117744289939,0.521117744289939,0,0.112093907138954,0.201951764742676,958.761695423123,133.999521430281,122.038841416776
0.549436127118825,0.549436127118825,0,0.17033857996644,0.342145550768226,783.852080778667,131.999528573112,119.189639321744
0.847564454357598,0.847564454357598,0,0.387994078295257,0.868254725898466,740.397143832813,147.999471430459,110.684098915697
0.866074915845443,0.866074915845443,0,0.00975978090469698,0.464066734912757,972.763340081466,123.999557144439,120.534066003426
0.874896469647945,0.874896469647945,0,0.786627663037651,0.582135688940047,997.198509187275,145.999478573291,125.828950471122
0.930303007490942,0.930303007490942,0,0.0357974666559048,0.290153855748165,618.071167349513,135.999514287449,111.846982739007
0.815510199708035,0.815510199708035,0,0.65867199158346,0.541493412033651,608.868791479698,159.999428573469,62.1165314332693
0.62968482498395,0.62968482498395,0,0.213619893839271,0.307202052034387,800.593949955176,135.999514287449,120.60709032314
0.85193171772684,0.85193171772684,0,0.813582534674943,0.779156478413866,669.844350542356,393.998592862168,-44.6836241535887
0.836206239711772,0.836206239711772,0,0.901435729761876,0.488796868080702,999.891758896506,149.999464287628,123.74113712762
0.819351493854598,0.819351493854598,0,0.80506478882016,0.126413472437743,975.661455176746,157.999435716301,121.639311859771
0.691865539645421,0.691865539645421,0,0.652588867166269,0.209917921213801,648.461449935588,159.999428573469,113.223643017292
0.624867422833839,0.624867422833839,0,0.134545295148767,0.151461360872362,793.223480874257,137.999507144617,121.59668708121
0.733266819858217,0.733266819858217,0,0.736505117572694,0.587238010910701,732.52554562307,161.999421430638,111.217827741318
0.71384289200201,0.71384289200201,0,0.0417414240194599,0.284640236782783,720.760185537752,127.999542858775,117.283343963188
0.53415762343223,0.53415762343223,0,0.473511881364592,0.298497054818146,788.842546348403,141.999492858954,125.088115541152
0.58538464024688,0.58538464024688,0,0.779767304674743,0.997970875386768,850.574652196467,165.999407144974,112.41877422299
0.559811308214097,0.559811308214097,0,0.32832982876991,0.832862729080835,984.777548862115,133.999521430281,120.968580066045
0.570777620425113,0.570777620425113,0,0.316116495090584,0.115434986602157,807.710123275244,143.999485716122,123.865261749516
0.697786607334619,0.697786607334619,0,0.656925741327496,0.653457286843679,843.843834908429,157.999435716301,114.44002509032
0.656792587345305,0.656792587345305,0,0.395439565309592,0.2737749425529,641.04459250161,149.999464287628,113.259564936244
0.536626422949293,0.536626422949293,0,0.671570829412362,0.682985987767558,961.758999649557,157.999435716301,117.237098011206
0.61197238477681,0.61197238477681,0,0.355648366502489,0.169782655521329,951.626230370653,143.999485716122,128.171436781107
0.657752479081966,0.657752479081966,0,0.434453119074273,0.595266120378497,656.579104163181,153.999450001964,108.947423346764
0.929151977450532,0.929151977450532,0,0.694619252216962,0.399892251130315,925.20795810177,145.999478573291,125.13804118084
0.905585156555533,0.905585156555533,0,0.537030992785934,0.0799104889420366,969.381819705679,153.999450001964,122.621060420941
0.860268733592626,0.860268733592626,0,0.174130776690364,0.0140908480803391,645.002706204606,141.999492858954,120.706128539859
0.851624013722111,0.851624013722111,0,0.912720497027482,0.172847176876461,776.058945171771,169.999392859311,115.417388053906
0.646330387678346,0.646330387678346,0,0.122507676661735,0.142780279544455,796.884387089105,137.999507144617,121.884469523909
0.503987025669162,0.503987025669162,0,0.47733421684099,0.441757262771258,933.114130481408,137.999507144617,123.741912363335
0.774965968740243,0.774965968740243,0,0.634480337747188,0.837813755991438,698.1331160987,157.999435716301,80.379260127819
0.637917946343274,0.637917946343274,0,0.817563358509446,0.169287218718178,987.952343951773,151.999457144796,124.148104295549
0.631473114524897,0.631473114524897,0,0.104263008985094,0.457365388868447,713.154889423798,135.999514287449,113.853222928027
0.708068239201257,0.708068239201257,0,0.0150875213345235,0.495416116430974,965.948877283103,125.999550001607,120.423466784517
0.501233623059893,0.501233623059893,0,0.847960760848662,0.762920281538477,846.531100347979,167.999400002143,113.988290030311
0.503224278031938,0.503224278031938,0,0.0307540376554336,0.250969640908169,943.283741297588,129.999535715944,121.53666252382
0.715898646170159,0.715898646170159,0,0.771539163082366,0.366565788028543,883.336622971966,163.999414287806,116.721438077044
0.616702559118414,0.616702559118414,0,0.28111357003339,0.758666605890736,640.481542005055,147.999471430459,106.033027188284
0.698232286320777,0.698232286320777,0,0.275973037047438,0.668142802765621,797.551160335704,143.999485716122,115.383363744019
0.575537841346797,0.575537841346797,0,0.225828919513177,0.418911029067845,914.585883841435,133.999521430281,121.37799428974
0.745002702874535,0.745002702874535,0,0.87639200232513,0.250026018175525,687.891607175972,169.999392859311,112.619347944598
0.765320314552062,0.765320314552062,0,0.0720775076311145,0.416660918883812,925.738730702797,127.999542858775,120.453040809556
0.966266618968326,0.966266618968326,0,0.953414699516971,0.53059518949638,601.776834752071,363.998700004643,-51.4613463908347
0.673748230057573,0.673748230057573,0,0.174260919942737,0.502621005509685,863.389182163553,129.999535715944,119.12994772842
0.503275233776086,0.503275233776086,0,0.631169513766095,0.284818754685333,617.853723213775,141.999492858954,119.665798124705
0.627216875383306,0.627216875383306,0,0.516839799859151,0.466134432643954,925.857844924526,141.999492858954,127.344050984577
0.700169141731767,0.700169141731767,0,0.294130931871058,0.675855199121681,628.339400804029,147.999471430459,106.595595624523
0.923730210953967,0.923730210953967,0,0.325349296676329,0.0156229855102568,752.140294935641,147.999471430459,120.871754731039
0.858198405628541,0.858198405628541,0,0.597702057666142,0.154704277470026,940.750006927985,151.999457144796,121.892082661266
0.886349417522376,0.886349417522376,0,0.56570954721393,0.850294262269117,927.713396941176,149.999464287628,115.910046792239
0.889023793367195,0.889023793367195,0,0.225337422794381,0.645415788029253,624.453420159188,141.999492858954,108.244844759266
0.950223762665029,0.950223762665029,0,0.291208938289919,0.521504724002226,838.452969490963,133.999521430281,119.213266537684
0.584371454636888,0.584371454636888,0,0.824174701291708,0.376559331948116,745.237850511558,161.999421430638,114.677402483087
0.740561015035462,0.740561015035462,0,0.042800000357725,0.448081301152376,700.464514803329,133.999521430281,113.089056284301
0.633872562636887,0.633872562636887,0,0.439266521196506,0.726677106924047,762.899410433711,151.999457144796,112.223492871161
0.610380290460082,0.610380290460082,0,0.368310301687008,0.977204033933225,938.125924918245,145.999478573291,116.253462046693
0.658396559573261,0.658396559573261,0,0.904019975848389,0.979056367168031,823.52289087706,167.999400002143,109.956191401045
0.510683972597188,0.510683972597188,0,0.635270217394725,0.824555761853473,982.113540070971,157.999435716301,116.909869339771
0.510940179451337,0.510940179451337,0,0.646310494185278,0.461196298187048,846.792583060115,141.999492858954,126.456664553301
0.542199502987565,0.542199502987565,0,0.22648152714107,0.321402588770945,907.028223092197,135.999514287449,121.998943084236
0.669734563439,0.669734563439,0,0.477516302902195,0.875464218570155,853.339766737456,151.999457144796,113.942888644682
0.532543912373969,0.532543912373969,0,0.581905647660179,0.4540466003174,996.339825329857,145.999478573291,122.679621112251
0.568778793282552,0.568778793282552,0,0.687329549607773,0.828048712264652,751.318719522756,163.999414287806,109.32117405298
0.805801759344075,0.805801759344075,0,0.0113413324015431,0.296333221688119,902.475022113711,129.999535715944,120.130835726512
0.83609578071618,0.83609578071618,0,0.991102964311203,0.495381621342138,996.732489460942,153.999450001964,122.069901099964
0.592385976963544,0.592385976963544,0,0.813393338569081,0.219837251023477,897.028378425917,145.999478573291,125.07361693055
0.503240220909061,0.503240220909061,0,0.249935031405052,0.427117303930891,925.021240812463,133.999521430281,121.217693993944
0.91906521403229,0.91906521403229,0,0.137523496333593,0.308427152959996,989.770489459883,131.999528573112,122.17260675845
0.845467614076124,0.845467614076124,0,0.791982066287621,0.577749150122008,916.739850216936,159.999428573469,116.31440252831
0.814894543631663,0.814894543631663,0,0.918601054367462,0.672312182427997,948.827232850591,161.999421430638,116.455961765853
0.961374514241976,0.961374514241976,0,0.188558563606672,0.898726780985621,870.001245628011,129.999535715944,115.745971358927
0.84349273349828,0.84349273349828,0,0.654445303491631,0.565343193148695,949.278234830171,145.999478573291,125.554371081405
0.837600157751378,0.837600157751378,0,0.610142871459292,0.83976684735218,976.411609537993,151.999457144796,117.020940969627
0.579695268492246,0.579695268492246,0,0.0387923525733924,0.497224100249624,850.799212860256,125.999550001607,118.825710238659
0.99711278468683,0.99711278468683,0,0.317355788602437,0.473449356964029,932.745602556007,131.999528573112,120.937633248092
0.704433936860047,0.704433936860047,0,0.480338613004377,0.409705029524115,954.349148173045,139.999500001786,126.65035761533
0.947969832994886,0.947969832994886,0,0.213644833811529,0.52177606958934,880.841724893321,127.999542858775,119.230988947542
0.912311614442315,0.912311614442315,0,0.152454905017011,0.505110510636565,810.006467243072,127.999542858775,117.72649189034
0.718813157619724,0.718813157619724,0,0.60873135140188,0.536343733441636,619.455164305725,159.999428573469,94.9536985897147
0.788522307969992,0.788522307969992,0,0.0708148246673094,0.552522105596212,819.005410598993,123.999557144439,117.960368466899
0.941012418191809,0.941012418191809,0,0.044535453864069,0.524148308082563,642.280208966055,131.999528573112,110.551664308091
0.97979113872712,0.97979113872712,0,0.849185665269662,0.674400724800745,735.28563657528,161.999421430638,110.469092969666
0.533377749196112,0.533377749196112,0,0.487363057004577,0.226100708036696,976.703846428571,143.999485716122,128.101510307532
0.831601274566778,0.831601274566778,0,0.385462232738013,0.225476459554929,764.282649306326,151.999457144796,115.913897460214
0.95084939430002,0.95084939430002,0,0.477593543920129,0.225520897350732,702.405177174452,155.999442859133,113.726688109755
0.833306401725053,0.833306401725053,0,0.842212307300661,0.785752236249848,815.437525113645,163.999414287806,112.573251944834
0.952786945304031,0.952786945304031,0,0.287863690481228,0.611861789881953,760.507070541631,141.999492858954,114.597193954988
0.77257699012764,0.77257699012764,0,0.470671260608514,0.0504910587833178,787.238219657445,147.999471430459,121.971165011458
0.629372277897452,0.629372277897452,0,0.968327299899302,0.747839109027397,626.586622194412,391.998600005,-47.7281950950852
0.715137962966057,0.715137962966057,0,0.710019259836653,0.569864369247666,665.605208790981,161.999421430638,106.208237508331
0.887351649784366,0.887351649784366,0,0.0577146309811917,0.00527478556340355,955.939931427917,141.999492858954,128.894650720014
0.539652645627437,0.539652645627437,0,0.35174565898205,0.782333676113501,630.810543006536,149.999464287628,81.280820342747
0.741202732430651,0.741202732430651,0,0.36723260399796,0.764222667714143,935.83065160525,135.999514287449,120.863979186232
0.767986621124076,0.767986621124076,0,0.0472136465693899,0.253993107535123,653.321525688118,135.999514287449,113.554954463887
0.818581759655394,0.818581759655394,0,0.564994793162161,0.392510866060953,710.160937583703,157.999435716301,112.455221292268
0.74427310399611,0.74427310399611,0,0.578759139403658,0.402271542211913,752.627827968042,159.999428573469,113.602226013088
0.548790799791748,0.548790799791748,0,0.547025113126586,0.314688893014441,648.605066913319,143.999485716122,120.783647094554
0.9851880059024,0.9851880059024,0,0.828117154104136,0.806889671148469,618.368582691807,395.998585719337,-44.1072068150453
0.73701942670392,0.73701942670392,0,0.659291890000238,0.662697104134307,930.826131918716,155.999442859133,116.349403653468
0.799921385430877,0.799921385430877,0,0.551423813733694,0.378401809205272,629.873292997117,157.999435716301,109.516881974122
0.530996092309114,0.530996092309114,0,0.745852989281116,0.776988034389773,683.819730070776,393.998592862168,-45.5765106088263
0.51939724138705,0.51939724138705,0,0.635348194071585,0.582977997805827,979.912841471281,143.999485716122,127.728283765161
0.911186216596317,0.911186216596317,0,0.63287637815615,0.983726205294166,779.803002524492,155.999442859133,110.292820909811
0.974310890568728,0.974310890568728,0,0.478002278925025,0.461537016530633,620.116775592998,153.999450001964,108.65305110353
0.539423850234153,0.539423850234153,0,0.757594285565652,0.647376241440918,834.557442271642,163.999414287806,114.464769875343
0.978482343831947,0.978482343831947,0,0.190691829802985,0.0116587089516694,893.575840707829,143.999485716122,127.566999451786
0.822979261809731,0.822979261809731,0,0.168907156379196,0.0748102638964496,785.865694776764,141.999492858954,125.539100084114
0.506978490262513,0.506978490262513,0,0.79325042117557,0.639463542625507,693.097689013745,165.999407144974,109.942356309927
0.669967495120593,0.669967495120593,0,0.269744132091047,0.25849683693744,784.538218604363,137.999507144617,122.404764834239
0.601752401621277,0.601752401621277,0,0.99704068116036,0.34272135916322,949.963163081075,151.999457144796,122.571166382226
0.975704390359968,0.975704390359968,0,0.129974219186145,0.424483547718917,686.920604221129,135.999514287449,112.944464770987
0.658906920858473,0.658906920858473,0,0.0062594556928276,0.592139290538276,802.596745650606,121.99956428727,117.56914263765
0.802274900458952,0.802274900458952,0,0.878678787279815,0.639123024170818,966.936754190464,161.999421430638,116.973663195477
0.646944490550523,0.646944490550523,0,0.667568556598273,0.61530248550701,757.66856771081,161.999421430638,112.240134757075
0.581820564021525,0.581820564021525,0,0.536091303858963,0.924695997308228,904.764190504738,153.999450001964,114.900188899173
0.892164091796801,0.892164091796801,0,0.773071032809493,0.332493939843033,627.562179534262,163.999414287806,109.13763172136
0.956821250700158,0.956821250700158,0,0.0498899026290884,0.254895737280816,721.464065941795,127.999542858775,117.242220566116
0.527487814047104,0.527487814047104,0,0.82980344410641,0.438070098979871,608.012187141153,161.999421430638,110.551973853303
0.625007998386238,0.625007998386238,0,0.542449893484098,0.915108191437638,609.241741683307,409.998535719515,-40.1162077268634
0.924440419754072,0.924440419754072,0,0.919825802533362,0.654133280792428,986.039677818284,159.999428573469,117.306983389454
0.974851249434099,0.974851249434099,0,0.755458968506449,0.0613440540877087,853.941657794726,157.999435716301,119.72865196597
0.721825109125147,0.721825109125147,0,0.547908061790289,0.284075828159496,781.339969599142,157.999435716301,115.353672374312
0.75652476566225,0.75652476566225,0,0.219386383487939,0.796923791971669,669.880473039314,141.999492858954,108.874113839358
0.842874812426915,0.842874812426915,0,0.839844127504135,0.902269259996292,633.431539502678,409.998535719515,-42.7472558461131
0.819984282332615,0.819984282332615,0,0.465051884999995,0.280839105604597,628.734090881966,155.999442859133,110.951565012978
0.679064362604729,0.679064362604729,0,0.96932888325129,0.44759441708096,859.953976811265,167.999400002143,115.730830557732
0.674361857890131,0.674361857890131,0,0.528403393838386,0.449803258129219,872.271318253127,155.999442859133,116.557153245044
0.995748247913,0.995748247913,0,0.965496074379303,0.308633596690525,678.502401589166,167.999400002143,111.471027968768
0.925122551112262,0.925122551112262,0,0.547605440768275,0.878358541164667,994.037913042718,143.999485716122,122.190924571736
0.517414608606044,0.517414608606044,0,0.378858365715112,0.496797855235404,928.892514664111,135.999514287449,121.932328389569
0.785097622517939,0.785097622517939,0,0.68019043169528,0.896070730362032,749.23701296239,159.999428573469,107.623577715915
0.852729362305225,0.852729362305225,0,0.758480991267188,0.240625250428603,805.339992549386,163.999414287806,115.708142882104
0.627292926915437,0.627292926915437,0,0.0225260988693813,0.870499573946388,865.25897030342,119.999571430102,117.830653960923
0.943670839775291,0.943670839775291,0,0.939606832646425,0.434290745391675,811.867976477944,165.999407144974,114.605227221547
0.658198331279992,0.658198331279992,0,0.694653744625406,0.956098307254989,871.910235028397,159.999428573469,113.600717071728
0.906927108895153,0.906927108895153,0,0.893711954142939,0.874941928881434,627.995724689672,405.998550005179,-43.5714620038446
0.884114465675611,0.884114465675611,0,0.464419292115812,0.953824050911391,788.45333502678,149.999464287628,111.657276289932
0.524553340123796,0.524553340123796,0,0.113426956595119,0.214266568399354,917.038748794978,133.999521430281,121.520587531878
0.617672722615089,0.617672722615089,0,0.922378101613898,0.395128057274766,809.987448665208,167.999400002143,115.426122831094
0.694091720427729,0.694091720427729,0,0.718754514452151,0.924856248632878,867.397790671188,159.999428573469,113.562912734442
0.741903324866514,0.741903324866514,0,0.789593059242904,0.00787513231712977,962.660046050585,157.999435716301,123.109511915922
0.572350350272705,0.572350350272705,0,0.758378016184285,0.00471653950563655,665.425497478378,155.999442859133,117.411274550393
0.514774829275137,0.514774829275137,0,0.325489609879996,0.846185699855423,912.15672196254,143.999485716122,116.398278183004
0.740496737283054,0.740496737283054,0,0.389771472239028,0.41402806381261,945.466003834767,137.999507144617,124.000773910839
0.719840225997162,0.719840225997162,0,0.970401602148596,0.705821591134839,951.565872104361,165.999407144974,116.369542937885
0.576897151334126,0.576897151334126,0,0.310030679625354,0.836340842680731,716.319652494955,147.999471430459,110.193081564568
0.914766669921507,0.914766669921507,0,0.88919669081378,0.138360341788554,880.686436148473,157.999435716301,119.904434936605
0.577923262645896,0.577923262645896,0,0.103295808636797,0.957556240604274,604.739919538219,137.999507144617,46.075117768966
0.60207277097461,0.60207277097461,0,0.168015742277263,0.889117857027454,722.378527757421,139.999500001786,110.797494870693
0.956736498658155,0.956736498658155,0,0.993151450725898,0.0394544991495187,707.915787216644,173.999378573648,114.620348203115
0.510307408598244,0.510307408598244,0,0.225425996789197,0.847330088357425,828.529797335188,141.999492858954,115.196369081444
0.578126848347194,0.578126848347194,0,0.201012307736074,0.666333176077169,722.713443606386,141.999492858954,113.034532469971
0.66688286257742,0.66688286257742,0,0.328543608701681,0.304330601320051,696.752520341161,147.999471430459,114.652882436769
0.614007936242372,0.614007936242372,0,0.227032285946521,0.49608668838635,873.546166150418,131.999528573112,120.039922929761
0.937426694197525,0.937426694197525,0,0.199971621797154,0.389633659450884,819.003963579877,131.999528573112,118.945017836917
0.62246584069175,0.62246584069175,0,0.612767540188999,0.274109994602934,753.418248173057,145.999478573291,123.394379085171
0.707289758998088,0.707289758998088,0,0.218314880891999,0.490674893651478,800.625146743625,141.999492858954,115.868114633461
0.627339169504694,0.627339169504694,0,0.438182197005835,0.136059074100034,869.132955836332,147.999471430459,125.099296349007
0.769305198248676,0.769305198248676,0,0.577047353607773,0.244044635417065,791.49685027904,159.999428573469,115.651535840204
0.578578551365339,0.578578551365339,0,0.119702880476745,0.790912034373393,758.869021544871,135.999514287449,112.585381493999
0.748924335598982,0.748924335598982,0,0.320526020584864,0.376855950593363,759.427868200184,147.999471430459,114.963098022511
0.863864386807237,0.863864386807237,0,0.476585075516474,0.6522445995549,843.675412733755,149.999464287628,115.172007341304
0.860009697229067,0.860009697229067,0,0.847376932038372,0.124611003814244,989.531532893884,159.999428573469,121.678998070794
0.604709818898615,0.604709818898615,0,0.048175038281931,0.882180449073305,633.690724125815,133.999521430281,107.09146405625
0.554170187685998,0.554170187685998,0,0.222770335650337,0.842579413998694,706.011723922608,143.999485716122,110.329715201245
0.501350040093627,0.501350040093627,0,0.793071976277033,0.0510480959811264,844.074214036162,155.999442859133,121.677362311847
0.551149968195531,0.551149968195531,0,0.246573116011758,0.398346724438899,924.293897596581,133.999521430281,121.494629563091
0.856571670391756,0.856571670391756,0,0.757996819709327,0.957620271660712,902.17533314478,159.999428573469,114.356377039304
0.978810592682585,0.978810592682585,0,0.276097130692725,0.673921478295519,948.746646428439,127.999542858775,120.668114399588
0.534263953760336,0.534263953760336,0,0.509270366490821,0.230879879087116,918.971644396041,143.999485716122,126.782331509912
0.670624306453516,0.670624306453516,0,0.0310370618850102,0.880555417195042,898.505216089767,117.999578572934,119.082403637783
0.697653956204355,0.697653956204355,0,0.97848804301043,0.787599834002527,712.328696558565,395.998585719337,-46.0129409156894
0.513059234972841,0.513059234972841,0,0.91483302032291,0.627917296605133,774.883719939816,167.999400002143,113.028773846106
0.515716849268107,0.515716849268107,0,0.103875938482577,0.833789488945183,784.755475842543,133.999521430281,113.074962291335
0.846947680111574,0.846947680111574,0,0.813643674639981,0.300279785168129,722.6992764278,165.999407144974,113.137910321308
0.790702626839325,0.790702626839325,0,0.720179150793915,0.0432732247940798,693.688542584606,157.999435716301,116.929772785408
0.753563230553763,0.753563230553763,0,0.239839670630624,0.423869566210697,998.273447790381,133.999521430281,122.045455681464
0.97449576807542,0.97449576807542,0,0.717057423343587,0.472246007211677,918.914173892493,147.999471430459,123.822109251377
0.516963350258819,0.516963350258819,0,0.555346427583925,0.864496137888583,762.568593910338,159.999428573469,110.839298975132
0.864220195109122,0.864220195109122,0,0.012054683725626,0.265926511692181,893.041697898028,129.999535715944,120.137357873118
0.625225509546269,0.625225509546269,0,0.233840367369603,0.233283702259775,616.086747650897,135.999514287449,116.751456238399
0.764488030263425,0.764488030263425,0,0.355264260548316,0.644478462749639,729.558036913553,147.999471430459,112.05093497888
0.924213885158217,0.924213885158217,0,0.40037918415097,0.212713244179087,847.595976268993,141.999492858954,125.577703540678
0.698397523870494,0.698397523870494,0,0.233023651528356,0.214581562391608,607.274990323513,143.999485716122,114.194619750522
0.647599198643551,0.647599198643551,0,0.750659902260277,0.382937646075772,748.888398727825,163.999414287806,113.86255645367
0.506218459839101,0.506218459839101,0,0.332151874064515,0.0818715617154959,781.395662712145,145.999478573291,120.826147043909
0.659287076289429,0.659287076289429,0,0.923487190018537,0.552596775183717,721.96447431427,167.999400002143,110.537847517828
0.524262946366402,0.524262946366402,0,0.036713039856717,0.747525922312725,742.262485737186,131.999528573112,112.588873645742
0.633588935168821,0.633588935168821,0,0.880737520507547,0.738700840503851,978.123954804096,163.999414287806,116.869270241821
0.708240199304632,0.708240199304632,0,0.0981798768369953,0.404379978434266,643.148813061884,139.999500001786,112.14523110565
0.734526416416432,0.734526416416432,0,0.707289948135493,0.993356232521823,905.63837384072,159.999428573469,114.303417410824
0.692609598107616,0.692609598107616,0,0.190557030375336,0.415062390519304,854.736572044943,131.999528573112,119.667749074477
0.540070353809435,0.540070353809435,0,0.0388684174411033,0.0246606795094726,940.669216066728,139.999500001786,123.99416924548
0.590731894578541,0.590731894578541,0,0.347532108375648,0.939191383553097,703.490507632303,149.999464287628,107.348778396031
0.902391267587589,0.902391267587589,0,0.665498157366882,0.690483605365372,989.491704679833,143.999485716122,126.872772745065
0.805899164430496,0.805899164430496,0,0.197245667017694,0.915831180688246,847.068108937728,135.999514287449,114.195812687592
0.579558473219949,0.579558473219949,0,0.35660811929623,0.617151777396887,639.977056174325,151.999457144796,108.589360656669
0.927982257283095,0.927982257283095,0,0.124145875824676,0.519590560797511,678.810774076624,135.999514287449,111.876047649845
0.557386922271382,0.557386922271382,0,0.386170355041182,0.95965921679972,815.701599789199,149.999464287628,112.699664075691
0.842759190308304,0.842759190308304,0,0.92661425289474,0.244741256413786,640.072540518107,169.999392859311,110.512814346439
0.713234595855213,0.713234595855213,0,0.565481822436778,0.440560471374197,768.903214818025,157.999435716301,113.857831831381
0.890270751828993,0.890270751828993,0,0.934948771225418,0.366624159723675,748.806064487988,167.999400002143,113.284071231566
0.879162086130483,0.879162086130483,0,0.0815449670815184,0.814001847652742,916.110820432002,117.999578572934,119.38556549428
0.611019300878976,0.611019300878976,0,0.523117747029123,0.318263974643712,817.02342027978,141.999492858954,125.609721035838
0.846732866897263,0.846732866897263,0,0.0478917544816202,0.958037663284256,986.745783085798,115.999585715765,120.968229295031
0.562660466388131,0.562660466388131,0,0.364854928223593,0.362279163449255,901.019736183279,137.999507144617,123.885070722919
0.922193880531587,0.922193880531587,0,0.273385038752002,0.902684920811859,614.334962811539,143.999485716122,-2.31405228646597
0.733211320707971,0.733211320707971,0,0.593609182795324,0.65392089885558,854.965205971217,155.999442859133,114.800610503379
0.743910342632629,0.743910342632629,0,0.566354692821809,0.793004248054775,935.006613224101,151.999457144796,116.11174903128
0.861106174868552,0.861106174868552,0,0.223882122283404,0.0794776358215691,859.821971348204,141.999492858954,127.571236776466
0.850506369479592,0.850506369479592,0,0.519979378469082,0.850697650282102,971.189014263084,147.999471430459,117.154433615312
0.539188368377367,0.539188368377367,0,0.374786779754062,0.175984194039234,647.213760697113,141.999492858954,118.429701979716
0.80090124763757,0.80090124763757,0,0.728186334481692,0.539753474135185,894.955524875215,159.999428573469,116.060105464753
0.990301333184303,0.990301333184303,0,0.276593916556045,0.701511232676829,832.394533618103,137.999507144617,115.110765495258
0.990595898634148,0.990595898634148,0,0.324431803709413,0.954345480353259,618.002083358208,419.998500005357,-33.2568381810379
0.530751491068933,0.530751491068933,0,0.116976486824536,0.330347323351129,876.015250654245,131.999528573112,120.520401063789
0.751230624621279,0.751230624621279,0,0.917051773731966,0.221318020267629,647.586055742517,169.999392859311,111.477618226457
0.758908548476684,0.758908548476684,0,0.570819916964961,0.549317090047846,855.904278640352,155.999442859133,115.378102047305
0.63015416021686,0.63015416021686,0,0.503879855853357,0.077563161808697,690.36320257171,147.999471430459,119.150657274755
0.843301168546179,0.843301168546179,0,0.395355795381741,0.587790318661293,764.188940931268,147.999471430459,113.560693619385
0.599989103984566,0.599989103984566,0,0.279045033863422,0.756330871254768,785.48242174304,143.999485716122,114.116621923864
0.816852127551782,0.816852127551782,0,0.248809175645367,0.653000681943098,787.914131359683,139.999500001786,114.815535735825
0.73050952422747,0.73050952422747,0,0.409839733699481,0.757350957354666,639.746884140256,151.999457144796,94.6402834304612
0.942858877724766,0.942858877724766,0,0.777231732079868,0.378644693875213,747.800809669509,161.999421430638,113.41613804773
0.716920048966724,0.716920048966724,0,0.767300360901982,0.779424387280024,785.482558587097,163.999414287806,111.578176777538
0.844674944635973,0.844674944635973,0,0.9294880097105,0.416262224823679,901.161978498099,165.999407144974,116.66186297644
0.511271734019829,0.511271734019829,0,0.851213561212072,0.119555745777131,654.350616103468,151.999457144796,116.882000344005
0.663156321075381,0.663156321075381,0,0.882473279900292,0.511092703778184,836.393084093141,165.999407144974,114.870083823394
0.986296717491173,0.986296717491173,0,0.53774703954175,0.468656784185838,773.843592961276,153.999450001964,114.031653493348
0.608959809522042,0.608959809522042,0,0.683001658534678,0.925650729146231,708.879010482955,411.998528576684,-41.3943397349304
0.511040051220272,0.511040051220272,0,0.617134674247906,0.0318621301518722,955.454048335269,153.999450001964,123.92252674631
0.646339453389017,0.646339453389017,0,0.0498349306753414,0.216970571952985,644.279904773057,129.999535715944,115.94564003076
0.800639771006733,0.800639771006733,0,0.187492174190494,0.832771419420947,772.705828328352,137.999507144617,112.659609430628
0.866134863461734,0.866134863461734,0,0.189385157880403,0.198535562011153,699.345308907843,137.999507144617,119.776091458564
0.506047078707904,0.506047078707904,0,0.444678629252264,0.552083461150748,769.027028932456,149.999464287628,114.99885603599
0.833577042118942,0.833577042118942,0,0.281859772333742,0.890104295103918,926.489459789379,131.999528573112,118.144621282901
0.869944357666444,0.869944357666444,0,0.760498149334335,0.44035816072347,836.185887237218,161.999421430638,115.255680686878
0.532068160816499,0.532068160816499,0,0.30036285228269,0.344474396913598,657.097900113807,133.999521430281,117.456603862935
0.855689035550497,0.855689035550497,0,0.111694653067615,0.909227517559895,949.506683029604,119.999571430102,119.18335372181
0.986280615450096,0.986280615450096,0,0.540030982237566,0.638551582041179,997.186367210943,135.999514287449,123.027842541197
0.771174674429109,0.771174674429109,0,0.462668217478853,0.0206096328270228,622.921815620735,149.999464287628,117.3153520827
0.860074429317549,0.860074429317549,0,0.513196152632444,0.549554149984015,602.89421206997,153.999450001964,100.104394400781
0.804120008385323,0.804120008385323,0,0.926900176826088,0.652414879886489,873.354801288278,163.999414287806,114.868647486985
0.746015148542904,0.746015148542904,0,0.0254387009513646,0.0685943732860244,903.871218484551,137.999507144617,124.59926276566
0.520918318013598,0.520918318013598,0,0.63314575376882,0.911206015663563,887.080456020207,159.999428573469,114.424510333385
0.905024575340444,0.905024575340444,0,0.968299913065671,0.427186554108797,917.510814869932,163.999414287806,116.926734418787
0.902200046839067,0.902200046839067,0,0.00796949840581418,0.482610463921642,606.86825918302,131.999528573112,109.687687791358
0.868710684908087,0.868710684908087,0,0.292548434588407,0.0431792608504344,846.821316023823,143.999485716122,125.730957543499
0.800428581119356,0.800428581119356,0,0.957801691439172,0.343334081824617,865.393240804131,167.999400002143,116.297767255129
0.510553701310466,0.510553701310466,0,0.301389490131831,0.321896254728566,927.698319489456,135.999514287449,122.856764998341
0.773165979690093,0.773165979690093,0,0.397320917750919,0.258740714130641,837.20332084457,141.999492858954,125.786777378961
0.503498869567958,0.503498869567958,0,0.860966842615257,0.563715857906469,790.377555128705,163.999414287806,114.541806069062
0.657156676038624,0.657156676038624,0,0.0485842445213951,0.773623123996011,614.331292642656,133.999521430281,107.185102229661
0.744414573129926,0.744414573129926,0,0.478771548352247,0.50747859165311,808.071110403231,153.999450001964,114.647850098958
0.650309236991429,0.650309236991429,0,0.458940563410485,0.445311068153431,869.814493751568,143.999485716122,125.570295560738
0.655376622052836,0.655376622052836,0,0.189258342001727,0.171969970446564,602.372242247616,135.999514287449,116.273237687988
0.982412342895796,0.982412342895796,0,0.123694763867012,0.314059520762517,694.164017879445,137.999507144617,114.108600550599
0.67389570385986,0.67389570385986,0,0.228348847218646,0.81819556994656,753.85630630337,141.999492858954,112.602078639736
0.891722047804875,0.891722047804875,0,0.372716022568768,0.41859477425246,883.503542903704,135.999514287449,122.179989326137
0.994957486447986,0.994957486447986,0,0.682238637902859,0.857916293390204,791.382165669368,157.999435716301,111.798213990024
0.523670409247144,0.523670409247144,0,0.566129041687991,0.233022017660652,912.470095161184,145.999478573291,126.108019782195
0.57186477146329,0.57186477146329,0,0.555106460745547,0.402726301269282,800.81193032868,143.999485716122,125.624120931259
0.938568356633853,0.938568356633853,0,0.861702145302965,0.521904434498876,895.531802802488,161.999421430638,116.111753413293
0.811040786101532,0.811040786101532,0,0.597434306916762,0.633835559266137,746.26330606517,155.999442859133,111.846591753792
0.801060863140582,0.801060863140582,0,0.380597315595102,0.179320722630999,728.980326249016,147.999471430459,119.078204631997
0.619128303066344,0.619128303066344,0,0.999568097487769,0.752464390958163,890.808369904116,169.999392859311,114.813914179372
0.592114560521756,0.592114560521756,0,0.874430502797773,0.725295011909315,759.70082835745,167.999400002143,110.444004142608
0.663312826038598,0.663312826038598,0,0.354673783530089,0.171938290185526,899.245828057568,143.999485716122,127.582065645563
0.885878906226869,0.885878906226869,0,0.478907377637655,0.830010093533642,826.532803870527,149.999464287628,113.634193863676
0.964039066334325,0.964039066334325,0,0.391006267512221,0.364543881406675,641.915375368146,151.999457144796,111.006306686279
0.559795997309278,0.559795997309278,0,0.257373364784114,0.317266365348367,774.886544256209,135.999514287449,120.352000353789
0.619791303317467,0.619791303317467,0,0.855876897296165,0.301288698091987,684.313742216457,163.999414287806,113.631787923357
0.940961807292428,0.940961807292428,0,0.439825027199847,0.581729070113604,974.203391557418,133.999521430281,121.857555074492
0.583800528275246,0.583800528275246,0,0.923201089004581,0.170854456766795,974.944374528627,149.999464287628,123.949909125633
0.620012853084522,0.620012853084522,0,0.495105769968445,0.850045764970451,726.251932001935,155.999442859133,109.163152037458
0.527073112683573,0.527073112683573,0,0.615483232553804,0.574135386784318,672.565644655873,159.999428573469,110.748602710242
0.586449786171747,0.586449786171747,0,0.876867804332505,0.650313054801024,807.659684603027,167.999400002143,113.326010251872
0.844537702719564,0.844537702719564,0,0.65571181391369,0.717875548942825,913.366275338996,153.999450001964,115.828807142757
0.83180545814198,0.83180545814198,0,0.0899609767247044,0.377457272450307,869.428561826084,127.999542858775,119.417342525796
0.615776472821435,0.615776472821435,0,0.140924710696313,0.853338239494047,891.72535435356,127.999542858775,117.483463662553
0.664353733792627,0.664353733792627,0,0.080242465053074,0.744991086393041,884.831543291614,121.99956428727,118.647421823735
0.71947482440872,0.71947482440872,0,0.209259203270752,0.884978855397097,976.290123724519,125.999550001607,119.503389843614
0.623730533625082,0.623730533625082,0,0.602554435085944,0.635948783934263,620.181691425219,161.999421430638,-39.9364463724895
0.793249156113417,0.793249156113417,0,0.590831310841468,0.382811691554177,960.045730699154,143.999485716122,127.496981704141
0.840983917547075,0.840983917547075,0,0.841948202932489,0.870703145002759,804.725715622694,163.999414287806,111.476572265557
0.54577077765085,0.54577077765085,0,0.763298531916819,0.568761208029169,807.043424501418,163.999414287806,114.393903053875
0.976965206958023,0.976965206958023,0,0.737450803559972,0.414810970295525,968.364050618831,145.999478573291,126.843018019514
0.809743644893727,0.809743644893727,0,0.554673743257988,0.0697869213819686,930.584789065843,151.999457144796,122.523816927593
0.533189278000578,0.533189278000578,0,0.42955709538195,0.838347025664549,736.377950439258,153.999450001964,110.503172823196
0.595201473218396,0.595201473218396,0,0.853007235854237,0.0642751632745731,741.953910319858,155.999442859133,119.40504692838
0.770725312251291,0.770725312251291,0,0.209034914029947,0.994250961938468,714.529179280826,139.999500001786,109.361435424517
0.937490837964479,0.937490837964479,0,0.36951730993827,0.39005442976629,688.734702760864,149.999464287628,112.55847979904
0.631868058823783,0.631868058823783,0,0.85875841456971,0.0186795771469924,887.210792291856,157.999435716301,121.856048352755
0.587909712184737,0.587909712184737,0,0.368463039074396,0.839535745554309,935.517270954282,145.999478573291,116.843555676516
0.996778818153324,0.996778818153324,0,0.655785719832626,0.29775951871701,615.428425223996,159.999428573469,109.699899626565
0.780610881838443,0.780610881838443,0,0.681112666974098,0.844680339390706,986.257892110589,155.999442859133,116.732858980535
0.968844242157381,0.968844242157381,0,0.612034013050351,0.917675438683172,898.143862496734,151.999457144796,114.771970770068
0.724328863540441,0.724328863540441,0,0.100980840262443,0.38203814274107,664.972713527278,137.999507144617,113.099777258256
0.676148562345604,0.676148562345604,0,0.65614209764785,0.405578786528157,911.511283770152,149.999464287628,122.943866820526
0.553900908671245,0.553900908671245,0,0.951600329526381,0.208059161159085,990.119504455585,147.999471430459,124.624703242088
0.752190511520562,0.752190511520562,0,0.507128239928844,0.853316319748382,616.884006225929,401.998564290842,-40.0409421431635
0.635968826658566,0.635968826658566,0,0.667229889822717,0.956503517432564,990.999764780725,157.999435716301,116.4525311209
0.810381635464981,0.810381635464981,0,0.766392634639004,0.30584542532647,761.004424567924,165.999407144974,114.20463395952
0.767265360523731,0.767265360523731,0,0.933428875672465,0.203645899578808,847.430454505075,159.999428573469,118.434500034726
0.856739055735842,0.856739055735842,0,0.0472265205911424,0.59040043989378,843.405592984398,119.999571430102,118.678611491945
0.591030192801938,0.591030192801938,0,0.486687606497609,0.252652540171244,629.315838785558,143.999485716122,119.226466387844
0.795754341040773,0.795754341040773,0,0.828617163891307,0.295440308163653,693.044188603076,167.999400002143,112.218252231039
0.526117235701226,0.526117235701226,0,0.103876257880191,0.752982744659051,890.033449530815,123.999557144439,118.642195537539
0.715416985433027,0.715416985433027,0,0.120531906665338,0.40024637767746,797.197063193988,129.999535715944,118.30717257455
0.746604810251719,0.746604810251719,0,0.323016226654755,0.168845559323894,980.414012031701,141.999492858954,128.680314897662
0.766416257224493,0.766416257224493,0,0.739370064344511,0.509798540237166,949.495380096329,159.999428573469,117.395325559397
0.796274494565625,0.796274494565625,0,0.583904612975908,0.989718374244304,680.942821320865,419.998500005357,-37.5845407188656
0.742121908596435,0.742121908596435,0,0.049236425051416,0.390684269632706,730.216130615699,129.999535715944,116.330791039822
0.824487061445688,0.824487061445688,0,0.380852084478497,0.687336077807981,727.446227381165,147.999471430459,111.598792550263
0.554390163358537,0.554390163358537,0,0.880542493369695,0.937474031323918,934.468837386896,167.999400002143,115.167034637726
0.966820653404736,0.966820653404736,0,0.98247360986824,0.30590886876352,939.386654877076,153.999450001964,121.054944882265
0.80698803781808,0.80698803781808,0,0.498316539584658,0.879838128434738,921.878971470476,149.999464287628,115.838939195929
0.902844297342793,0.902844297342793,0,0.0773184104933359,0.631694128056099,637.09813514619,133.999521430281,109.501995041621
0.58666146563567,0.58666146563567,0,0.288183444873623,0.563959956787446,697.929541285707,147.999471430459,112.173396697017
0.908529680081923,0.908529680081923,0,0.0699008210254407,0.904751748135437,892.775748737801,117.999578572934,118.715431594531
0.599983968305838,0.599983968305838,0,0.668237546415369,0.536003497111402,658.787148786023,161.999421430638,108.752607785642
0.71404625159423,0.71404625159423,0,0.932190722749042,0.188711371604913,683.086931361593,167.999400002143,113.72426981204
0.791587755367601,0.791587755367601,0,0.278114172043802,0.779362134448893,693.529323187179,143.999485716122,109.947518940193
0.567733823507348,0.567733823507348,0,0.770703964709568,0.0018573990504106,956.708543654657,157.999435716301,123.512494151294
0.545654151806622,0.545654151806622,0,0.00983239539581937,0.793099226150979,786.058241996571,125.999550001607,114.285615409596
0.750012441764849,0.750012441764849,0,0.0288667175323514,0.786741274356459,779.312911984902,125.999550001607,113.91220292447
0.858803121703442,0.858803121703442,0,0.0926691474460104,0.963146916026253,697.105125020277,131.999528573112,109.259564135833
0.774769388343124,0.774769388343124,0,0.129304142467403,0.007221452327977,976.852714923641,145.999478573291,128.203099410232
0.759914095203907,0.759914095203907,0,0.173203494602105,0.460960730948865,751.422359259991,139.999500001786,114.665968032537
0.785605117134206,0.785605117134206,0,0.10435962824608,0.338638951965479,678.54907284113,137.999507144617,113.838477984419
0.618863734490566,0.618863734490566,0,0.266618547941316,0.473056955498215,991.527292917375,133.999521430281,122.097487386104
0.502618341359311,0.502618341359311,0,0.750520738962834,0.90605203628484,629.172143585748,409.998535719515,-43.9691061781918
0.83019539171885,0.83019539171885,0,0.411390165100552,0.00617967492375582,842.485101566626,149.999464287628,122.732724213905
0.608698452271891,0.608698452271891,0,0.186348350852244,0.0317302972522757,843.09647978871,145.999478573291,124.249269913744
0.846881845988437,0.846881845988437,0,0.298208511865049,0.404442677680837,604.533907880932,147.999471430459,109.307862310529
0.757084103871839,0.757084103871839,0,0.64502876168435,0.827829339343913,768.02031584428,157.999435716301,110.892754208566
0.774327795723702,0.774327795723702,0,0.273413839961387,0.654539617155043,631.150043759274,145.999478573291,107.80446566703
0.845020985346993,0.845020985346993,0,0.327987412130353,0.481263282377119,863.913544821618,135.999514287449,120.946304539126
0.753533806028236,0.753533806028236,0,0.264558741384683,0.529197803187887,852.852967947287,133.999521430281,119.732656928363
0.858972650399118,0.858972650399118,0,0.187025026615792,0.0886684676038945,922.009597742732,141.999492858954,128.22198343876
0.643503230708009,0.643503230708009,0,0.586498912040351,0.0688765334050147,815.959085111032,151.999457144796,121.820043742951
0.949007409332456,0.949007409332456,0,0.411364143808151,0.398201480628743,905.144725811484,137.999507144617,122.954327482665
0.905599380939622,0.905599380939622,0,0.534273502528957,0.786553306917227,999.646713706499,137.999507144617,123.493175464254
0.988355724029856,0.988355724029856,0,0.483405378169823,0.120359432836401,766.721623187014,147.999471430459,120.313546171147
0.817749258932703,0.817749258932703,0,0.542963553178032,0.492554017573231,780.930396954475,155.999442859133,113.890818568628
0.804394617393055,0.804394617393055,0,0.386396274209978,0.0182430283185951,783.470284076728,147.999471430459,122.435820673396
0.590361901174899,0.590361901174899,0,0.709493358188255,0.29973753816419,608.768161166646,157.999435716301,112.192758371493
0.562296033381583,0.562296033381583,0,0.504579088799871,0.946426687376112,903.793811922855,153.999450001964,114.856333795175
0.802450837035838,0.802450837035838,0,0.696677286632872,0.957309122991067,977.337988912539,155.999442859133,116.128331035181
0.642088626142629,0.642088626142629,0,0.216256014878135,0.460289561910415,688.13366890811,143.999485716122,113.544616712908
0.859114662012785,0.859114662012785,0,0.374692552793096,0.37287190160054,661.773723097985,151.999457144796,111.595663999091
0.581070884372259,0.581070884372259,0,0.387981798989956,0.224967767856368,934.620955078012,141.999492858954,127.621460282897
0.922022233851351,0.922022233851351,0,0.826684309720801,0.761571753822591,921.837280952481,159.999428573469,115.629929948997
0.939621458464273,0.939621458464273,0,0.128674185586222,0.896204173152751,757.173548042434,131.999528573112,111.618933700734
0.612819490631429,0.612819490631429,0,0.492882955751133,0.517741605468819,699.611825118413,155.999442859133,111.663011416876
0.834362228058607,0.834362228058607,0,0.0545091452381952,0.436214101935552,934.883739253286,125.999550001607,120.283405495585
0.681906727616817,0.681906727616817,0,0.7426763999538,0.0442828839469362,620.152938670912,151.999457144796,116.862562818768
0.712775892269828,0.712775892269828,0,0.832736886058192,0.43567051036614,970.209974562366,151.999457144796,122.746166077125
0.572682749792415,0.572682749792415,0,0.4841089460548,0.0625948794781657,840.556238483784,149.999464287628,122.495794491727
0.992491015836061,0.992491015836061,0,0.0837443477944944,0.785977503115203,999.68352596497,119.999571430102,120.396469861535
0.814487795979759,0.814487795979759,0,0.429355980550726,0.927864316468531,744.966004730611,149.999464287628,110.091984718881
0.934798547360805,0.934798547360805,0,0.252960806462903,0.286855828863726,766.505248263406,137.999507144617,120.444377983511
0.897865453705756,0.897865453705756,0,0.515971189594878,0.399921140313551,822.115213736574,153.999450001964,115.56395679859
0.51657487670814,0.51657487670814,0,0.449739964202054,0.720180476125526,957.761966480013,139.999500001786,125.31518145393
0.741834719251282,0.741834719251282,0,0.362195023875263,0.73228942878028,847.582899427891,145.999478573291,115.732744988295
0.963222793359258,0.963222793359258,0,0.362395745343366,0.84260102324582,807.485692916798,143.999485716122,114.18362233126
0.936115295728866,0.936115295728866,0,0.479269769596735,0.356693597141214,623.694068856227,153.999450001964,109.989626368824
0.560375045495119,0.560375045495119,0,0.817210540472672,0.608915411798311,969.001208880148,163.999414287806,117.460748684917
0.835591167831887,0.835591167831887,0,0.0210551626620525,0.568278468684808,931.804874241199,121.99956428727,119.685356383181
0.597421612830777,0.597421612830777,0,0.225234916792894,0.541131454967468,645.547680762916,145.999478573291,110.734556096565
0.83913301769204,0.83913301769204,0,0.123666743756806,0.190679086244211,765.975388217309,133.999521430281,120.116881924045
0.896918937685022,0.896918937685022,0,0.908521756656977,0.39012091475871,613.717087371378,165.999407144974,101.809843154738
0.944426480875576,0.944426480875576,0,0.817751387002113,0.703645250677022,994.418032776791,157.999435716301,117.731751524531
0.889746500704438,0.889746500704438,0,0.949180861579501,0.0117237552929602,641.043463058012,173.999378573648,113.163505086711
0.610831614224451,0.610831614224451,0,0.203453882688668,0.71146961003971,908.304107070432,129.999535715944,118.892382917313
0.56093145956885,0.56093145956885,0,0.53567403790192,0.780861395993018,747.464749535413,157.999435716301,111.008115483928
0.640152153172837,0.640152153172837,0,0.0460555879174839,0.631992292002557,893.070823580205,121.99956428727,119.104921034289
0.523060119395087,0.523060119395087,0,0.0930708956541059,0.620901781881722,787.214492716144,125.999550001607,117.043909778393
0.719243926458583,0.719243926458583,0,0.874914773075547,0.327654521055499,830.811585325225,167.999400002143,115.819813963808
0.703907522308291,0.703907522308291,0,0.556381143269497,0.650913810445496,835.731351696111,155.999442859133,114.418680604772
0.929650918895172,0.929650918895172,0,0.0327679879574417,0.824595409609513,984.796542112756,115.999585715765,120.756568922696
0.787067042114792,0.787067042114792,0,0.129569515851346,0.778082137415965,991.146331925822,121.99956428727,120.069081851404
0.791789758250854,0.791789758250854,0,0.802969915270557,0.247753166695407,603.27565576122,167.999400002143,108.995254012253
0.966523669724362,0.966523669724362,0,0.386075278003838,0.590795922514023,795.488059201385,145.999478573291,115.289595593683
0.61259565085279,0.61259565085279,0,0.69359773410877,0.761627056201732,733.273250993146,161.999421430638,109.064309837738
0.82119343302729,0.82119343302729,0,0.635116128551032,0.0875613457997571,709.28456520074,163.999414287806,114.89095787278
0.560706972316113,0.560706972316113,0,0.800955341793631,0.672579671655007,674.912789838427,167.999400002143,56.4626752424649
0.528049064098316,0.528049064098316,0,0.884627034126117,0.0817349732532144,714.128923849329,155.999442859133,118.77242541247
0.929025353571353,0.929025353571353,0,0.0499806779617346,0.811190291902393,717.348493495661,127.999542858775,110.864604167132
0.736686401862103,0.736686401862103,0,0.101908978120218,0.705442962174343,686.602020923075,135.999514287449,110.678969014519
0.555449103429513,0.555449103429513,0,0.0167312570659583,0.233563706764491,798.423055953423,129.999535715944,118.924438521734
0.852118912463246,0.852118912463246,0,0.258299295465361,0.213115913626859,845.552785979831,137.999507144617,123.727506026412
0.669194472924029,0.669194472924029,0,0.995732286582041,0.487972713284818,936.931781455497,167.999400002143,117.163555032346
0.896827288608559,0.896827288608559,0,0.270997228512175,0.838307760190727,778.081098549429,139.999500001786,113.233045780671
0.702041053951928,0.702041053951928,0,0.401708477228458,0.877872599138793,785.845840336217,149.999464287628,112.14090338321
0.90766822755684,0.90766822755684,0,0.541885395684378,0.777003146518476,659.84629564874,153.999450001964,95.2313363389718
0.7864816553616,0.7864816553616,0,0.99331143082593,0.655855362036282,883.963158785516,165.999407144974,115.060114508834
0.784700162271297,0.784700162271297,0,0.941549708471945,0.181122659851995,814.17466064439,169.999392859311,116.329617077332
0.907045871642027,0.907045871642027,0,0.796215849946319,0.766367672786876,638.782933351631,391.998600005,-44.7615656234854
0.920121857900213,0.920121857900213,0,0.566060693628984,0.243785699505915,980.773364873645,147.999471430459,124.314290966921
0.806044833670367,0.806044833670367,0,0.721110586050208,0.849347884315405,608.730693274056,401.998564290842,-42.833650170698
0.539939595907603,0.539939595907603,0,0.817339169929649,0.658197953437056,850.015547466388,165.999407144974,114.704146610601
0.641275920297161,0.641275920297161,0,0.897845544558805,0.559473448731426,992.57774383329,163.999414287806,117.923818744444
0.731454406471229,0.731454406471229,0,0.791325708709968,0.339161810150161,685.274832855733,165.999407144974,111.676537320468
0.78660242879092,0.78660242879092,0,0.0350818068748625,0.35128682534698,878.342000905649,127.999542858775,119.557138835258
0.516648740178487,0.516648740178487,0,0.734883500314655,0.317382504061524,713.860252884347,143.999485716122,123.539997126413
0.542005196642661,0.542005196642661,0,0.200972562690643,0.385595045949547,763.538541602847,131.999528573112,118.745249928504
0.506515530456071,0.506515530456071,0,0.915872364695276,0.952902703968742,734.298643168793,415.99851429102,-43.9252451079229
0.750371308499826,0.750371308499826,0,0.0599284177906017,0.0718184959339817,637.518879331861,135.999514287449,116.892512600501
0.936827713692141,0.936827713692141,0,0.725278497260387,0.454271401881638,829.406936184934,159.999428573469,115.107552734558
0.530207133127681,0.530207133127681,0,0.0799818004418905,0.417244030462268,878.419455329878,127.999542858775,120.885134712604
0.682774189812202,0.682774189812202,0,0.432248797604446,0.311192149029717,642.407291337897,153.999450001964,111.915422625964
0.823270273039443,0.823270273039443,0,0.79750142594033,0.604418332858844,605.590942672924,371.998671433316,-48.7801796919036
0.708684006642183,0.708684006642183,0,0.967448340792286,0.33659741071768,781.059595845175,169.999392859311,114.537674275617
0.558247164256146,0.558247164256146,0,0.0423399653566854,0.997542060833775,830.481178680529,125.999550001607,114.360526338931
0.70873283538767,0.70873283538767,0,0.799652137393275,0.359543590791754,828.456986499799,165.999407144974,115.614994145833
0.973372187776961,0.973372187776961,0,0.57357465460953,0.069653782511178,662.074171567768,161.999421430638,113.607758433513
0.882060732534796,0.882060732534796,0,0.0447371349425627,0.747159764850994,619.000426105093,131.999528573112,107.848407201905
0.594777133167734,0.594777133167734,0,0.917554991772613,0.0185017755043214,899.398274700321,159.999428573469,122.295813133901
0.988122018156021,0.988122018156021,0,0.0818426166373531,0.839728974451284,985.186931612365,117.999578572934,120.331150346773
0.611344236672506,0.611344236672506,0,0.0591992106361274,0.507292731620723,986.050268539301,125.999550001607,122.292651941079
0.667409083932803,0.667409083932803,0,0.327733952610346,0.294121055742002,964.028534745378,137.999507144617,124.532185763921
0.546318731883741,0.546318731883741,0,0.299612508781156,0.38503365611106,782.205826478943,135.999514287449,120.206404174709
0.553690865380178,0.553690865380178,0,0.636045758176948,0.308011854429438,950.916498454665,143.999485716122,128.109708632748
0.901331880527006,0.901331880527006,0,0.801815141132208,0.574016057162697,815.4719109204,159.999428573469,114.027282053507
0.893621509883221,0.893621509883221,0,0.508652212168326,0.977275199174483,859.028535274706,149.999464287628,113.671992878221
0.817777762458856,0.817777762458856,0,0.86351126613127,0.0714235012562442,686.948761583436,169.999392859311,114.268523649987
0.970869607558165,0.970869607558165,0,0.680754769718901,0.330944293721976,770.604942153846,159.999428573469,114.44409198057
0.787582076670672,0.787582076670672,0,0.458440891868012,0.0309323605106487,653.436358009765,149.999464287628,117.852059697348
0.753025938250119,0.753025938250119,0,0.498094571712454,0.38973137127342,988.753293923029,143.999485716122,125.466070754079
0.568227692457358,0.568227692457358,0,0.48570165179124,0.567153533212491,836.790011723164,153.999450001964,115.350574678303
0.696710605273009,0.696710605273009,0,0.852022384482155,0.00409577042202103,854.070120870699,155.999442859133,121.229484743857
0.847747270911977,0.847747270911977,0,0.896467911834779,0.638543447400628,877.448686378472,161.999421430638,115.094635551547
0.923816813835329,0.923816813835329,0,0.548966152989422,0.570942552119791,842.532034692386,151.999457144796,115.236279485694
0.836301535810006,0.836301535810006,0,0.338283780348542,0.212989632822177,737.932653029547,151.999457144796,115.193208917951
0.540704079907565,0.540704079907565,0,0.125110289102221,0.865580846144681,929.63560282959,123.999557144439,118.904849742127
0.533089867127328,0.533089867127328,0,0.570757059557764,0.409636552341519,843.999509115249,139.999500001786,125.536082865139
0.895714345874967,0.895714345874967,0,0.19690157957087,0.303745037633277,693.889887507783,143.999485716122,115.308949411011
0.927700127663765,0.927700127663765,0,0.914829547663263,0.294795428561848,775.399555054176,165.999407144974,114.546442569766
0.749093382700615,0.749093382700615,0,0.550186921125921,0.746039230770283,762.585868151731,155.999442859133,111.678075249186
0.617757665928467,0.617757665928467,0,0.676920348233335,0.73560957383943,630.073154383834,387.998614290663,-45.4878829803251
0.906829435411224,0.906829435411224,0,0.534873212215884,0.196937993028317,664.248595045767,159.999428573469,112.746928770499
0.67745778592944,0.67745778592944,0,0.926011921219291,0.477386790166767,994.063765116656,153.999450001964,122.100404013933
0.717789460383019,0.717789460383019,0,0.0131300079815885,0.333579814139935,708.837523470753,127.999542858775,116.368268021824
0.714272453174531,0.714272453174531,0,0.694385989088284,0.710293780910107,617.926686030983,383.998628576326,-45.8013377164533
0.570473805992165,0.570473805992165,0,0.72963218945164,0.0879687622848279,924.423169498227,153.999450001964,123.166961028678
0.844135326284232,0.844135326284232,0,0.034107709576484,0.417737964663001,916.46327548065,125.999550001607,119.857751309784
0.658692249724263,0.658692249724263,0,0.0815947730198581,0.218909869241598,658.424993716979,131.999528573112,116.610259079623
0.868747629423621,0.868747629423621,0,0.693437841762512,0.772173631959711,944.366144109297,155.999442859133,116.210896540037
0.642117182139402,0.642117182139402,0,0.582876048485553,0.284086042458069,795.305991828694,145.999478573291,124.765064615114
0.523004297795477,0.523004297795477,0,0.623190211820285,0.908851707530647,891.681135240132,159.999428573469,114.564242654626
0.87524725604347,0.87524725604347,0,0.913771736003906,0.315139294502818,914.451579587647,165.999407144974,117.432726154055
0.685698537495343,0.685698537495343,0,0.535724830579755,0.49775113751268,751.51568853621,157.999435716301,113.105269941123
0.924663963008898,0.924663963008898,0,0.260194275730302,0.152553387441859,802.004636944844,139.999500001786,123.949947759657
0.901390770169211,0.901390770169211,0,0.0276424973941876,0.431973252686244,693.880152759411,129.999535715944,113.018932738258
0.899989020539253,0.899989020539253,0,0.753538383879185,0.944333723381068,901.546623125698,157.999435716301,114.45143416142
0.902519940327729,0.902519940327729,0,0.117908829293621,0.717577266801178,621.416664198621,135.999514287449,107.937600465198
0.969947957411584,0.969947957411584,0,0.192583398589531,0.366076403361057,805.798874599447,131.999528573112,118.832745900929
0.935579229237566,0.935579229237566,0,0.0336295925947392,0.502372597874344,698.622415998321,129.999535715944,112.569664656271
0.886477617855833,0.886477617855833,0,0.648727349270086,0.127954192200908,711.285781381037,163.999414287806,114.388159976202
0.952701642883633,0.952701642883633,0,0.928835081662212,0.524791293654665,610.579152621549,361.998707147474,-51.5056516985468
0.605424532203759,0.605424532203759,0,0.463174530412842,0.820462434550185,732.758631055314,153.999450001964,110.223162719175
0.902165033284583,0.902165033284583,0,0.211290060103235,0.767916094960664,644.686139775594,139.999500001786,108.058339129408
0.740282650219611,0.740282650219611,0,0.544447936588894,0.475985927976485,650.260130481537,157.999435716301,109.325724854797
0.538112203275395,0.538112203275395,0,0.832074680122394,0.730730430031199,792.127766906806,167.999400002143,112.361844085362
0.533454651536642,0.533454651536642,0,0.552751355866197,0.492078175559482,998.664862656176,145.999478573291,123.338012368351
0.696854714791391,0.696854714791391,0,0.700376272774723,0.357047511968107,998.340729340512,147.999471430459,124.448400602465
0.617273877282231,0.617273877282231,0,0.0942696776648169,0.76424503602117,942.254028631141,121.99956428727,119.509674437308
0.696758267398602,0.696758267398602,0,0.200819685220825,0.23730769758389,600.726499412711,143.999485716122,113.798365707708
0.723989614648276,0.723989614648276,0,0.0839809059521494,0.917049845613933,775.677199136874,131.999528573112,111.960216460164
0.688879092761312,0.688879092761312,0,0.687196550526594,0.653512976679006,705.96519149792,161.999421430638,109.116195264979
0.783900287087271,0.783900287087271,0,0.665389586967221,0.739213769133126,610.375246221804,387.998614290663,-44.7641617372616
0.732403173973853,0.732403173973853,0,0.133390028259355,0.749120651041156,903.283653266829,123.999557144439,118.814964009225
0.623635786233495,0.623635786233495,0,0.96299467657841,0.247781779913031,953.557532548914,151.999457144796,122.872960215175
0.73651879147446,0.73651879147446,0,0.358101972114611,0.0703187302378167,741.710291000615,145.999478573291,123.530967526762
0.796985023496909,0.796985023496909,0,0.353885204414633,0.650683127182281,818.140412034117,145.999478573291,115.544685631781
0.611706017499347,0.611706017499347,0,0.238384178135458,0.319614806305391,841.726538949645,135.999514287449,121.493625497572
0.793531998266374,0.793531998266374,0,0.456169797620972,0.266641997447141,707.960802696574,155.999442859133,113.617947674933
0.996475080599438,0.996475080599438,0,0.645873391932503,0.480181396500184,851.44305825778,155.999442859133,115.648776872885
0.924455447570849,0.924455447570849,0,0.243255433769133,0.138814782470227,714.605483767911,139.999500001786,121.853357101596
0.813887860283703,0.813887860283703,0,0.203139656977265,0.657483667214623,762.840754231584,137.999507144617,113.680698252756
0.923371760131747,0.923371760131747,0,0.7649804251153,0.988201290268816,938.056994254479,157.999435716301,115.149153438973
0.955168492040669,0.955168492040669,0,0.482730667904748,0.47629805306154,745.007616363395,151.999457144796,113.29789413175
0.9571877689895,0.9571877689895,0,0.0600065993380271,0.992815725358951,752.920094024633,127.999542858775,110.885108252729
0.690935660336564,0.690935660336564,0,0.615518010577783,0.299665822285195,854.86031129271,147.999471430459,122.392420234952
0.921320483060739,0.921320483060739,0,0.918426777157224,0.399098821461799,756.364710668039,165.999407144974,113.32822202671
0.553790821470781,0.553790821470781,0,0.465689043963665,0.606208512479399,790.774205390985,153.999450001964,114.035620779788
0.945896730932262,0.945896730932262,0,0.402470116257179,0.130988191248634,694.46885589313,155.999442859133,114.381332469223
0.819578849903778,0.819578849903778,0,0.000642485476822108,0.00731084732875364,999.459329960404,141.999492858954,127.958002045625
0.870018889309015,0.870018889309015,0,0.851136760834507,0.301298458552911,663.56489393709,165.999407144974,111.021707458339
0.773968380193451,0.773968380193451,0,0.428886705744607,0.149546752151914,727.462634935496,147.999471430459,120.713030805573
0.891588933263437,0.891588933263437,0,0.753656791695214,0.448477479875491,830.847996099791,159.999428573469,115.096589821987
0.970303304948005,0.970303304948005,0,0.269388422538831,0.421004581118207,819.085299197192,133.999521430281,119.460389366976
0.557980583453547,0.557980583453547,0,0.984948108495482,0.390735507572472,801.770352506855,163.999414287806,116.060492228115
0.90180284649891,0.90180284649891,0,0.964201105472656,0.569150866968475,644.588622249691,167.999400002143,5.42677981566742
0.865487369674892,0.865487369674892,0,0.830664545640134,0.923675833629512,780.069875093658,163.999414287806,108.726783722686
0.919053528689366,0.919053528689366,0,0.647167550031969,0.349704284408471,941.983224538682,143.999485716122,126.591939166726
0.843677115196446,0.843677115196446,0,0.898309125424408,0.109577974600496,878.743411873311,159.999428573469,119.686904618751
0.602983765330287,0.602983765330287,0,0.78221292500624,0.549550172172553,676.129806779479,165.999407144974,108.509469410593
0.554834078529274,0.554834078529274,0,0.553605589554848,0.578374810127992,708.225080750939,157.999435716301,111.628090721361
0.903916808205485,0.903916808205485,0,0.629175061040379,0.686244062790132,971.80829010636,141.999492858954,126.434338995194
0.604635918162244,0.604635918162244,0,0.421040862652265,0.435069053831078,674.197552566013,151.999457144796,112.261074759855
0.868045760761453,0.868045760761453,0,0.260317954336096,0.906914249310023,769.541573087907,139.999500001786,112.369152942103
0.599871632564517,0.599871632564517,0,0.378847126398714,0.543581757931408,917.178744639421,137.999507144617,123.217110578773
0.84740894059147,0.84740894059147,0,0.541303142429275,0.464761452569453,812.473023630244,153.999450001964,114.875316020754
0.631532517161892,0.631532517161892,0,0.427889552222765,0.579717303147554,908.838272424144,139.999500001786,125.079800666978
0.652872109429921,0.652872109429921,0,0.134295349897661,0.869694884473091,957.100026146461,121.99956428727,119.343710115407
0.959951516846538,0.959951516846538,0,0.365500175746907,0.340705234000295,968.351419012905,135.999514287449,123.349209710345
0.998554479642245,0.998554479642245,0,0.959213526120175,0.101057616148012,749.247734995287,169.999392859311,115.195890773561
0.806628956007482,0.806628956007482,0,0.759496197189904,0.628957973590077,964.966072513643,157.999435716301,117.174479494846
0.51682463017112,0.51682463017112,0,0.852325345672008,0.00827473417436442,617.519225106398,151.999457144796,115.737508589231
0.600015883417242,0.600015883417242,0,0.827943727542546,0.368466572263771,785.284923538203,163.999414287806,115.49679891171
0.525209931035146,0.525209931035146,0,0.32748987296376,0.0938783094589882,774.039393021529,145.999478573291,121.304880432635
0.963683792198252,0.963683792198252,0,0.745986197580045,0.471407122724485,693.518223688196,159.999428573469,110.959509316696
0.715351455072934,0.715351455072934,0,0.606317462252556,0.42589223880705,701.963183736225,159.999428573469,111.891945065306
0.755198345035842,0.755198345035842,0,0.853054433608105,0.881757841110104,870.558518576144,163.999414287806,113.645956711303
0.832258129866143,0.832258129866143,0,0.955010374523201,0.457997555836107,927.949137512215,165.999407144974,116.979457938004
0.751886280765023,0.751886280765023,0,0.969835437729679,0.487866076658025,886.456618845949,167.999400002143,115.984084460804
0.539691836060541,0.539691836060541,0,0.431696842392213,0.727288410199719,737.575062063782,153.999450001964,111.549742383626
0.855239647366523,0.855239647366523,0,0.48090713882308,0.0185022795909449,675.420410769811,153.999450001964,117.07638631199
0.720652901454187,0.720652901454187,0,0.906254711034904,0.939599964890296,825.323396438162,167.999400002143,111.11052854823
0.805648784160826,0.805648784160826,0,0.89128977064448,0.505982441853786,686.030799031954,165.999407144974,108.717620686318
0.851166568070428,0.851166568070428,0,0.806623597045281,0.671124954042416,811.941592355246,161.999421430638,113.309429859937
0.956542370425848,0.956542370425848,0,0.302967275695105,0.305778701853905,807.841954858804,137.999507144617,121.549790252298
0.689926107179652,0.689926107179652,0,0.418378062544129,0.706455920342571,787.882744220088,149.999464287628,113.219785060406
0.969391998273247,0.969391998273247,0,0.758634590163251,0.491797900756341,623.514969526228,161.999421430638,103.200770643537
0.981922233789364,0.981922233789364,0,0.492064811466081,0.499731256766493,831.975355545911,149.999464287628,115.634958054746
0.659781218901538,0.659781218901538,0,0.316381703720366,0.226246565715496,658.674343900646,139.999500001786,120.316711600932
0.767528221947061,0.767528221947061,0,0.728044276014325,0.558317172742649,643.641204521669,161.999421430638,96.3338473472707
0.944263943726746,0.944263943726746,0,0.190786806842012,0.801435290920129,826.577522697324,133.999521430281,114.258859903199
0.622108824117371,0.622108824117371,0,0.334664349526447,0.697786900160499,929.584334583731,133.999521430281,121.033542771612
0.637860582486667,0.637860582486667,0,0.466932277796392,0.0665088498636873,733.527294836607,149.999464287628,120.510159363488
0.884069846163688,0.884069846163688,0,0.384495217030236,0.646282432764486,718.109901375223,147.999471430459,111.663008192339
0.713217834413551,0.713217834413551,0,0.605147121927539,0.925528993400169,994.756815726627,153.999450001964,116.75751733245
0.885270598638025,0.885270598638025,0,0.550191629329066,0.386587000010434,628.291102357112,157.999435716301,109.497723140405
0.897962639168528,0.897962639168528,0,0.0133545844098796,0.481782892526736,624.151630605468,131.999528573112,110.278868840527
0.524438352922942,0.524438352922942,0,0.38791887533949,0.531391883271564,925.930350861764,137.999507144617,121.925817672798
0.991492017030267,0.991492017030267,0,0.765290629187821,0.453422987095312,695.17672730896,161.999421430638,111.15860522874
0.919827405462769,0.919827405462769,0,0.661265403354817,0.184472009010134,796.021393988439,153.999450001964,118.211815915399
0.814375985784235,0.814375985784235,0,0.0450842436601039,0.566079356995831,651.168129212661,131.999528573112,110.51182835609
0.518140537556361,0.518140537556361,0,0.436202253786853,0.594922134322986,946.382127467167,135.999514287449,123.085309346453
0.760247733887418,0.760247733887418,0,0.998810067123375,0.0578150767360721,859.690528730607,159.999428573469,119.999242803584
0.874960217815893,0.874960217815893,0,0.976313193501949,0.096117075570471,718.006393200115,171.99938571648,114.528582904985
0.908979224968754,0.908979224968754,0,0.925537973091102,0.741205515764732,827.812784370111,163.999414287806,113.222135769985
0.519727590028965,0.519727590028965,0,0.802030215433403,0.452848323079904,973.153327131444,147.999471430459,124.295080072506
0.903761401620158,0.903761401620158,0,0.946400335347115,0.787964998435007,945.292578486516,161.999421430638,115.9495297718
0.98762168975645,0.98762168975645,0,0.419248298809311,0.0172199828015898,681.128672353091,157.999435716301,115.232996156708
0.953659478526864,0.953659478526864,0,0.207485785280752,0.612480344693653,943.530231134315,125.999550001607,120.23100932614
0.60970912169265,0.60970912169265,0,0.0527421441831022,0.567143977650518,908.231817704109,123.999557144439,119.360139215924
0.880819936453382,0.880819936453382,0,0.315795548185361,0.327105936620047,872.829650609477,135.999514287449,122.190646041157
0.627471092953966,0.627471092953966,0,0.810143023558979,0.662119402642954,845.440266964117,163.999414287806,114.320491879452
0.778088967673182,0.778088967673182,0,0.4098705826341,0.509838151397316,640.497859763788,151.999457144796,109.151055201342
0.968939239320687,0.968939239320687,0,0.805198694054192,0.050686948353159,617.57727536542,169.999392859311,112.087200245981
0.707069154464042,0.707069154464042,0,0.525403702426565,0.632366768261819,710.220796814284,155.999442859133,110.650876224216
0.802603765678977,0.802603765678977,0,0.824586399044125,0.809982443539372,851.476348573062,161.999421430638,113.566157957223
0.699998720624526,0.699998720624526,0,0.445999199491446,0.275435201670341,952.990622991755,141.999492858954,127.454523236718
0.628622449786797,0.628622449786797,0,0.325536153213259,0.124001915504071,607.35405560711,141.999492858954,117.689316767878
0.584260087902484,0.584260087902484,0,0.209688362189637,0.831050199474011,810.322492807434,139.999500001786,114.429229303038
0.583650944544388,0.583650944544388,0,0.69034085293608,0.210765747180685,845.705551883249,147.999471430459,124.44642376811
0.792833859609254,0.792833859609254,0,0.0479422128002365,0.428682575472667,941.119970235663,125.999550001607,120.441012775199
0.71102063105314,0.71102063105314,0,0.235088189958911,0.651763638926444,628.260545319374,143.999485716122,107.980093790826
0.574122528247392,0.574122528247392,0,0.0139796666692719,0.433777197057421,940.699225334584,125.999550001607,121.448084408199
0.79302718019483,0.79302718019483,0,0.595779660307338,0.672402518726976,950.755015767477,151.999457144796,117.175466515736
0.532654741890429,0.532654741890429,0,0.208564678075442,0.458247159951771,679.192206929478,137.999507144617,114.135493377462
0.830244378745681,0.830244378745681,0,0.390026810853826,0.563105342383948,815.511978978072,147.999471430459,115.434120863831
0.808889201651708,0.808889201651708,0,0.17784790054081,0.327894388658813,609.648188281633,143.999485716122,111.422870754064
0.972217104934567,0.972217104934567,0,0.67696803826283,0.305301440298796,719.10304709109,159.999428573469,113.258022829486
0.535810081539848,0.535810081539848,0,0.75277227261174,0.531599194966301,723.415715214955,161.999421430638,112.766940888033
0.703419903174618,0.703419903174618,0,0.453793937745588,0.903761363527827,707.461282705627,153.999450001964,106.358456071178
0.659777089160698,0.659777089160698,0,0.64834293109996,0.789518047034701,954.274120578346,155.999442859133,116.357918235588
0.51804268183502,0.51804268183502,0,0.702342146895876,0.716399616549102,642.953938313117,385.998621433495,-46.6848607767413
0.617326484963369,0.617326484963369,0,0.556781354858881,0.360674255791844,802.699161137047,145.999478573291,123.82688161142
0.552815263733677,0.552815263733677,0,0.345885157188835,0.603349168283765,868.880792495602,137.999507144617,122.423627583797
0.724807751938674,0.724807751938674,0,0.553532089155317,0.483784097237461,607.877835023456,157.999435716301,103.568258954662
0.630457996370924,0.630457996370924,0,0.311656828161106,0.921731001202105,710.159080789079,147.999471430459,108.977291900801
0.875903844629457,0.875903844629457,0,0.663274539766505,0.477350078867805,735.337044879647,159.999428573469,112.503129048563
0.516323725028944,0.516323725028944,0,0.587334083547322,0.0547445293108955,692.796838201709,149.999464287628,117.433814345163
0.744731769175676,0.744731769175676,0,0.803632865425462,0.121026971085189,851.838500686482,155.999442859133,120.297190310663
0.776602229180864,0.776602229180864,0,0.88263166668678,0.990312176217094,613.813326781909,419.998500005357,-41.9332936478114
0.710036699173267,0.710036699173267,0,0.377724977654691,0.379862300730407,832.056800101315,141.999492858954,124.688153765415
0.790030389906919,0.790030389906919,0,0.986893825098713,0.761286944600905,714.352541713172,169.999392859311,-7.26745061759703
0.623729724794045,0.623729724794045,0,0.973517195482012,0.0272846915336735,778.930627129844,157.999435716301,120.118536042072
0.843270520792287,0.843270520792287,0,0.445135030198304,0.691415850999686,659.396935146157,151.999457144796,107.492062438141
0.656056087980583,0.656056087980583,0,0.125787353406446,0.658454142932855,942.175777130242,123.999557144439,119.949182544054
0.783945980422081,0.783945980422081,0,0.815328766719107,0.321200404570021,817.749512206667,165.999407144974,115.452754286999
0.976168328106588,0.976168328106588,0,0.950809867769282,0.0462493498967674,891.141930255194,161.999421430638,119.942314712427
0.630241870682608,0.630241870682608,0,0.941290522387294,0.624478832987347,764.198862238523,167.999400002143,111.727197198442
0.655966001053124,0.655966001053124,0,0.45968706795366,0.73211148685913,937.172880751617,147.999471430459,116.977322659928
0.577588575972652,0.577588575972652,0,0.625945378528581,0.604853339623777,959.584930393217,145.999478573291,124.745859657877
0.890403309395834,0.890403309395834,0,0.00667432834157555,0.808476375962733,634.802881885313,127.999542858775,108.130050704966
0.978974268455603,0.978974268455603,0,0.0109829355695071,0.227275454248079,816.950628215496,129.999535715944,119.10014486264
0.823645565632992,0.823645565632992,0,0.192195711846166,0.626900288837472,815.094618869803,133.999521430281,115.819512320414
0.974445545830212,0.974445545830212,0,0.219801171693237,0.367041044596996,756.416255031599,137.999507144617,118.048314519448
0.582291730902596,0.582291730902596,0,0.467280944510352,0.427499956761242,811.863650231533,141.999492858954,125.188303488005
0.760231389353351,0.760231389353351,0,0.34497055572686,0.359257549916591,865.031758758007,137.999507144617,123.395402900006
0.983527257259285,0.983527257259285,0,0.413282035825833,0.877735984828288,700.842118824176,147.999471430459,108.56101625517
0.991637617894905,0.991637617894905,0,0.65210535346835,0.215819356842991,686.445732422609,161.999421430638,113.058231799625
0.559163455711553,0.559163455711553,0,0.164345973312761,0.36757022235943,601.287695320692,135.999514287449,112.501710120273
0.90886199599725,0.90886199599725,0,0.458044983067304,0.193940601746918,918.060396485099,143.999485716122,126.490879346985
0.669392543387761,0.669392543387761,0,0.0969462816996294,0.901754383869903,914.153977974494,121.99956428727,118.088937293386
0.997404981757882,0.997404981757882,0,0.934300673533707,0.554112965138863,703.278809668942,163.999414287806,109.940582513174
0.751415446033272,0.751415446033272,0,0.464576796691644,0.160405321542629,958.117179477466,143.999485716122,129.100246776694
0.619850095725362,0.619850095725362,0,0.684743976126551,0.560343389025281,951.112616821461,159.999428573469,117.491036294066
0.668991477822575,0.668991477822575,0,0.0853166983069337,0.732443977520003,601.977096778158,135.999514287449,106.571633873558
0.669739652377093,0.669739652377093,0,0.439876357867134,0.174139695472254,779.639454414295,143.999485716122,126.111217758352
0.897987072790432,0.897987072790432,0,0.0878809215677623,0.414209905761964,832.008731864804,125.999550001607,118.639489338825
0.953670841869967,0.953670841869967,0,0.0102669004944632,0.768873421803593,853.130260825835,115.999585715765,119.675392640976
0.878420883060537,0.878420883060537,0,0.718930109567717,0.67916493073148,798.068034550975,157.999435716301,113.028572358849
0.8735785555724,0.8735785555724,0,0.776167331916038,0.217508915596938,842.987917140427,155.999442859133,119.488838851032
0.88886491744182,0.88886491744182,0,0.48635315635868,0.943861220130925,829.634439012823,149.999464287628,113.042963393107
0.516069600304691,0.516069600304691,0,0.715147969143078,0.691176394368057,953.063909284164,159.999428573469,116.910394623347
0.595690590213925,0.595690590213925,0,0.905242756931079,0.0676778421734,629.911610579432,153.999450001964,116.830672207007
0.708650590075739,0.708650590075739,0,0.698009724018747,0.0855330370534458,645.069935659867,153.999450001964,116.822286680547
0.923079779906078,0.923079779906078,0,0.383934432195714,0.271414821800732,793.967941330744,141.999492858954,124.119089021389
0.879693635992101,0.879693635992101,0,0.369331434940316,0.555434485775799,641.748268725269,147.999471430459,109.180614482739
0.990942320580286,0.990942320580286,0,0.751708816683757,0.0643971238651799,994.764048633441,157.999435716301,122.097663637642
0.711903603884375,0.711903603884375,0,0.0290452866615635,0.0966676310570069,731.89188680818,135.999514287449,119.118673780995
0.835440663419322,0.835440663419322,0,0.895349378567984,0.882257421100892,949.44568144761,161.999421430638,115.660992520181
0.806030787179933,0.806030787179933,0,0.47608369843353,0.0366525878864182,656.02629243888,151.999457144796,117.281262719001
0.922143370818134,0.922143370818134,0,0.0211130278488669,0.208673563515867,861.897099533685,131.999528573112,120.211474516998
0.581005843413478,0.581005843413478,0,0.813442705688202,0.784849279097883,751.654757851009,165.999407144974,108.659433894019
0.538536361992979,0.538536361992979,0,0.718094218662032,0.439167876995258,976.236816654524,147.999471430459,123.189543951317
0.772830493781623,0.772830493781623,0,0.685734334322333,0.193746414006334,873.638408321956,151.999457144796,120.679548798363
0.99395083976166,0.99395083976166,0,0.076444182986155,0.514302386097721,626.008249023487,133.999521430281,110.092632001047
0.838803002722062,0.838803002722062,0,0.348843441292199,0.63579709402903,746.450992275549,145.999478573291,113.064277101545
0.550260100791,0.550260100791,0,0.216525650083259,0.972716963650368,854.819481039371,139.999500001786,114.763451007466
0.638013641891791,0.638013641891791,0,0.261685886021817,0.506314642772862,827.415505435634,137.999507144617,120.55334184944
0.861826530058359,0.861826530058359,0,0.248771873830287,0.961522132508092,671.760650800782,141.999492858954,106.278364515513
0.842194524556398,0.842194524556398,0,0.749555151044963,0.170076556733805,964.436046801554,155.999442859133,121.59110217273
0.623237691241109,0.623237691241109,0,0.558310878761413,0.0981633046493013,653.373310095527,147.999471430459,118.651864082477
0.830977524505698,0.830977524505698,0,0.984331469084761,0.0960159705453659,895.49917296206,161.999421430638,119.920262804381
0.718946163188786,0.718946163188786,0,0.884735507925797,0.353891966380064,798.766613114199,167.999400002143,114.865322907489
0.646236941170457,0.646236941170457,0,0.969198784885315,0.78338969650136,795.237536400311,169.999392859311,111.118442126615
0.619587069282624,0.619587069282624,0,0.591296116090279,0.985026005074956,838.586139220265,157.999435716301,112.649947007283
0.697900066756077,0.697900066756077,0,0.647827094638221,0.956041713601892,648.01025193839,415.99851429102,-39.9592103583525
0.951290146428533,0.951290146428533,0,0.566045061709379,0.245019308082333,763.407061033161,157.999435716301,114.952299596511
0.520256029106452,0.520256029106452,0,0.0502779099783286,0.738942467505219,870.390389469108,121.99956428727,118.575802294766
0.849013504294618,0.849013504294618,0,0.614400366847918,0.430839987039899,731.566641735959,157.999435716301,112.753019979906
0.902652012304373,0.902652012304373,0,0.872531218515477,0.789021473523089,970.219772784652,159.999428573469,116.492793709919
0.918618196488941,0.918618196488941,0,0.444275044208371,0.383281715215426,679.161703582703,151.999457144796,111.927966342561
0.754633508858102,0.754633508858102,0,0.0536421955174904,0.723237068480491,706.540847475254,131.999528573112,111.118418497352
0.810693293992071,0.810693293992071,0,0.485694884428433,0.353591993251079,819.087780012682,153.999450001964,115.710201481736
0.901936206679705,0.901936206679705,0,0.717449554792858,0.418487792028064,874.863390555736,159.999428573469,116.268965263806
0.729284482398446,0.729284482398446,0,0.593572492667788,0.278182545049042,949.876826866437,147.999471430459,124.707911435975
0.928622631010222,0.928622631010222,0,0.600261641233137,0.321281908594493,667.347623462271,159.999428573469,111.646549931922
0.885400109688271,0.885400109688271,0,0.0274389604570118,0.203904442240626,696.049322289235,129.999535715944,117.00759498784
0.718834112263116,0.718834112263116,0,0.139625764638872,0.41826677942072,680.239749715403,139.999500001786,113.595593433239
0.89301964164836,0.89301964164836,0,0.444850560941182,0.775027633069837,883.819249707787,145.999478573291,116.033696536141
0.944470642889187,0.944470642889187,0,0.925612253597735,0.390123132192565,838.996692914127,163.999414287806,115.491766147504
0.651361665564169,0.651361665564169,0,0.91910624505219,0.241443335227084,946.933392062502,155.999442859133,121.81234534295
0.56986108433261,0.56986108433261,0,0.749392054065028,0.851631054923496,885.227074103053,163.999414287806,114.46204061969
0.558684725505373,0.558684725505373,0,0.339662124837829,0.657351266635384,651.340426542656,149.999464287628,108.902554465472
0.661641167820829,0.661641167820829,0,0.656174632692444,0.458512896572225,821.534165694576,159.999428573469,115.036773337945
0.615417292488061,0.615417292488061,0,0.330821840802754,0.880048890117791,912.624058780671,143.999485716122,116.253330922662
0.708187362623459,0.708187362623459,0,0.352489889586871,0.904516104131115,897.306055312015,143.999485716122,115.944541058212
0.933249043073386,0.933249043073386,0,0.783178500062894,0.620120339669931,618.060959661876,371.998671433316,-47.6659662278495
0.998557537813461,0.998557537813461,0,0.094627103956259,0.743051890149494,736.992390050128,129.999535715944,111.843950796972
0.530452119855115,0.530452119855115,0,0.239777950252699,0.594183471661078,677.792319324005,143.999485716122,112.493219373343
0.892289728552059,0.892289728552059,0,0.845848845258095,0.278475480570413,801.694462371146,165.999407144974,115.327502393162
0.538656597354902,0.538656597354902,0,0.551649579643091,0.862033241614444,630.394874642437,403.99855714801,-41.983286887989
0.871347681982115,0.871347681982115,0,0.894234044649629,0.875220588418198,819.826522244436,163.999414287806,111.974077682773
0.874262650990988,0.874262650990988,0,0.0807681393632904,0.273796048170762,893.229301404923,131.999528573112,120.51723943712
0.803348206883665,0.803348206883665,0,0.222202256206504,0.999490700207588,988.996532245545,125.999550001607,119.074464355376
0.880906509706391,0.880906509706391,0,0.249746170716625,0.575621129847772,842.0264227924,131.999528573112,118.330329245421
0.670497582791054,0.670497582791054,0,0.192476114045278,0.923830212620112,720.009192179972,139.999500001786,110.291719331996
0.970833918473706,0.970833918473706,0,0.23735747642652,0.257397484235606,700.108082294847,145.999478573291,115.438443296846
0.583538317302454,0.583538317302454,0,0.0610322906506768,0.848653568577311,727.867684452269,133.999521430281,111.152889056747
0.568836845138111,0.568836845138111,0,0.0838116507277782,0.980888094456838,628.814796459338,135.999514287449,103.175543354636
0.991300172205594,0.991300172205594,0,0.117806815848382,0.260022146082193,843.98851845506,131.999528573112,120.069186329495
0.64180079667439,0.64180079667439,0,0.296434809359191,0.827883038542136,856.440853142135,143.999485716122,116.003563512774
0.595565369680379,0.595565369680379,0,0.579639821220642,0.838146107035816,660.234535293794,399.998571433673,-42.3577581998726
0.889841726266428,0.889841726266428,0,0.674969814199511,0.409795246079822,790.278675645132,159.999428573469,114.435384377992
0.79796269461982,0.79796269461982,0,0.889303442843247,0.533872979270468,646.459691409689,165.999407144974,75.7238981237248
0.506767528425819,0.506767528425819,0,0.448182601003705,0.878814707427034,951.228091446608,149.999464287628,116.548619461539
0.525774885248654,0.525774885248654,0,0.771982920854701,0.83722236481966,901.743751603648,163.999414287806,114.997875418775
0.708438084619122,0.708438084619122,0,0.201068445758248,0.364638415916531,734.799454603843,143.999485716122,115.575514016022
0.977424839095603,0.977424839095603,0,0.0632493004479868,0.832459631463061,781.257447338115,125.999550001607,113.761088253374
0.575803971636587,0.575803971636587,0,0.710345309559397,0.767565063769465,987.806353999023,159.999428573469,117.090454736165
0.987126955023369,0.987126955023369,0,0.00681883210522316,0.751114197874604,676.50082969027,125.999550001607,109.996593998539
0.661094156035013,0.661094156035013,0,0.587200731022016,0.23392773041461,798.380256940949,145.999478573291,124.181210886987
0.6185585987464,0.6185585987464,0,0.719362117422785,0.446565036468792,787.768050386016,163.999414287806,114.481213756188
0.648694388645261,0.648694388645261,0,0.413714526579806,0.0118622278798702,930.219833893077,151.999457144796,123.812790916663
0.653096117684399,0.653096117684399,0,0.282471016611374,0.557765793332807,898.350086367828,133.999521430281,120.593191663336
0.976291612198844,0.976291612198844,0,0.796288254367757,0.116938577178373,810.512517821391,157.999435716301,118.310431371538
0.971053292201095,0.971053292201095,0,0.634295333672147,0.837706351086576,759.082783510977,155.999442859133,110.809008752365
0.67574221597495,0.67574221597495,0,0.204927339580417,0.947909745809208,943.78286551792,127.999542858775,118.074253934123
0.721398474905676,0.721398474905676,0,0.183852830196544,0.583065429427329,791.36183732678,137.999507144617,114.809487247745
0.694951541446154,0.694951541446154,0,0.512867432097321,0.609245571691931,863.566499863281,153.999450001964,115.43885470732
0.659781809485694,0.659781809485694,0,0.499711492472511,0.928505921128149,658.344785630423,411.998528576684,-38.5905174697246
0.886988081081048,0.886988081081048,0,0.597541015576137,0.359066778513141,783.870237030323,157.999435716301,114.678059812493
0.804797355414031,0.804797355414031,0,0.438576532083583,0.0230230533930684,818.791041675503,147.999471430459,122.52592704265
0.901372460320329,0.901372460320329,0,0.556071088524893,0.398536381966834,883.024716314378,143.999485716122,125.487512390137
0.835764953603697,0.835764953603697,0,0.649654213557431,0.0763486845430215,664.291951558227,165.999407144974,113.772619245443
0.776120701969309,0.776120701969309,0,0.80316118560971,0.0627295032699141,731.585246553844,159.999428573469,117.644635243899
0.867347216971754,0.867347216971754,0,0.721547896994447,0.232381935756503,824.763929494424,163.999414287806,116.190514031305
0.90621987819066,0.90621987819066,0,0.114624960920183,0.8935014175399,946.734108729945,119.999571430102,119.220442354772
0.800465257564828,0.800465257564828,0,0.783883477965753,0.686972774132811,912.034880502279,159.999428573469,115.70511445286
0.806190872802505,0.806190872802505,0,0.167187896048398,0.72510020767788,678.423378709307,137.999507144617,110.205915196298
0.802558024732103,0.802558024732103,0,0.862810416725397,0.205095519362934,789.885598584876,167.999400002143,115.594390389634
0.932861553969734,0.932861553969734,0,0.23468392493384,0.937933059464063,736.936475601703,139.999500001786,110.852260610824
0.539917531684734,0.539917531684734,0,0.852946614588116,0.791799478589995,831.055396977472,167.999400002143,113.14096894069
0.579548481675313,0.579548481675313,0,0.731624105868418,0.634413079690282,915.590166910325,161.999421430638,116.255823419752
0.821044525021804,0.821044525021804,0,0.82664108430071,0.0391921532998496,910.31131150587,159.999428573469,120.703962510254
0.915354448238841,0.915354448238841,0,0.357886928319589,0.15271455444174,611.664486208883,153.999450001964,111.990240925847
0.548809756383687,0.548809756383687,0,0.305565290852104,0.970619261188577,944.607826983702,141.999492858954,116.648039749648
0.525603347345498,0.525603347345498,0,0.375275992783988,0.183594195459075,906.662650454545,143.999485716122,126.536783866126
0.506279655701404,0.506279655701404,0,0.802497095409291,0.928416901925276,933.445959647045,165.999407144974,115.320858680585
0.545848857664802,0.545848857664802,0,0.753189865472863,0.474029121961687,714.194464672409,161.999421430638,113.1807552401
0.714156978876971,0.714156978876971,0,0.423067781308519,0.472263171896933,836.320443412574,151.999457144796,115.774961800787
0.783849085366241,0.783849085366241,0,0.343141895001588,0.415754641883111,986.376524157223,135.999514287449,122.703141719335
0.89584591391844,0.89584591391844,0,0.994909542976381,0.0237323328380075,620.152831740355,173.999378573648,112.274462252203
0.743499876801918,0.743499876801918,0,0.787458759976447,0.216947052012654,719.12870878434,167.999400002143,114.050809756422
0.989187239264735,0.989187239264735,0,0.296091374924799,0.0344082137918548,729.707405678598,145.999478573291,121.506899926124
0.683213981550874,0.683213981550874,0,0.585603021488739,0.170350693900818,624.433210876022,155.999442859133,113.506018122897
0.563010182315276,0.563010182315276,0,0.690900440976487,0.423128891221723,889.556372351558,145.999478573291,126.544103366807
0.820951233195334,0.820951233195334,0,0.62318524916446,0.137194715834514,740.282511923054,163.999414287806,115.159709456735
0.953422834271922,0.953422834271922,0,0.0728026517029084,0.281272707066049,986.601736933239,131.999528573112,121.904204809638
0.764706055151645,0.764706055151645,0,0.618212696576954,0.386345161415717,648.160185248773,161.999421430638,110.003437780843
0.805067285292561,0.805067285292561,0,0.4275643689303,0.757431746524582,611.338839211398,389.998607147832,-40.7814515244027
0.996573355540795,0.996573355540795,0,0.297424930595484,0.14494186278092,985.644583166772,139.999500001786,127.709762844347
0.750792397928035,0.750792397928035,0,0.977715708359308,0.846849272606753,998.743980140737,165.999407144974,116.754939634932
0.82862974637893,0.82862974637893,0,0.450023372524212,0.22999503347976,689.827100905596,155.999442859133,113.396831222174
0.968240573876641,0.968240573876641,0,0.582117419505982,0.673837997197159,881.593389445018,151.999457144796,115.64644496229
0.829813780906054,0.829813780906054,0,0.983580697985882,0.27283943712925,638.247281524265,169.999392859311,109.788887658065
0.80338623604639,0.80338623604639,0,0.235446700560533,0.886218770295518,655.980359088001,141.999492858954,106.149577487016
0.950981324299484,0.950981324299484,0,0.0247534188392341,0.514389913083867,797.440441960881,119.999571430102,118.133623593199
0.93569557199636,0.93569557199636,0,0.332075471879945,0.883262446119236,667.007049375262,145.999478573291,105.9606651974
0.602399811894221,0.602399811894221,0,0.137097795062926,0.478276178651062,956.162810761069,129.999535715944,122.403249570221
0.568482088244538,0.568482088244538,0,0.987045241544237,0.758940811581742,983.792162018427,167.999400002143,116.979737302114
0.516538993537179,0.516538993537179,0,0.4924736277189,0.220623508494921,708.772697479901,143.999485716122,122.001291040781
0.911575954251936,0.911575954251936,0,0.0961469217470033,0.0409217504419935,677.046754557392,137.999507144617,120.194438965127
0.836427589542959,0.836427589542959,0,0.614678454424605,0.506307059558705,893.919212624114,155.999442859133,116.451384529372
0.824648865276163,0.824648865276163,0,0.751468021015295,0.719925327399299,626.591192113851,385.998621433495,-45.5668296431033
0.968992612879367,0.968992612879367,0,0.225643882503228,0.719727909630681,947.997129541894,125.999550001607,120.126239127916
0.601391516598162,0.601391516598162,0,0.31760057942213,0.2976431782579,615.966571205486,143.999485716122,114.305985574379
0.923779558475548,0.923779558475548,0,0.0751206930792342,0.288295369069858,616.489071953836,137.999507144617,112.077695557518
0.948557853571534,0.948557853571534,0,0.198727710403069,0.926185901818357,960.098011522009,123.999557144439,118.911713806496
0.99850698403738,0.99850698403738,0,0.854204318512831,0.711062270265039,765.142582189805,161.999421430638,111.466038802229
0.506915922130265,0.506915922130265,0,0.557788725622277,0.838524541907756,638.291438474361,399.998571433673,-42.7936583002568
0.54293611277574,0.54293611277574,0,0.763212376079147,0.608203330873415,608.72688446757,373.998664290485,-50.0267573938141
0.685298280467718,0.685298280467718,0,0.0411754757821891,0.189299266952315,602.691742735319,129.999535715944,114.980881512422
0.921283132874526,0.921283132874526,0,0.973301869292072,0.397182065520115,869.290798893161,165.999407144974,116.101126446026
0.858687927594777,0.858687927594777,0,0.900509790236466,0.314675029262005,893.946718321939,165.999407144974,117.042245846776
0.61013362286426,0.61013362286426,0,0.390523594369881,0.175582391032161,938.808639140956,143.999485716122,127.832550482561
0.721128824380572,0.721128824380572,0,0.810828437944482,0.361733249611744,993.319086340841,149.999464287628,123.402533008437
0.676121344603816,0.676121344603816,0,0.0661078365150589,0.513100948854856,932.78357824545,125.999550001607,119.841546399557
0.856553005735274,0.856553005735274,0,0.219028224836303,0.966902022720409,929.709283983888,127.999542858775,117.724713319119
0.637622259442894,0.637622259442894,0,0.544594146744068,0.606596980455155,689.402087818345,157.999435716301,110.001982522199
0.800864192178825,0.800864192178825,0,0.840958283595142,0.457801014168449,821.022802854371,163.999414287806,114.676369688654
0.840837490929131,0.840837490929131,0,0.30341913514363,0.935218947067029,947.23947466335,131.999528573112,118.449782551417
0.803845166322234,0.803845166322234,0,0.0703626513820781,0.624273836534152,648.525646150717,133.999521430281,109.96159290605
0.722789956937087,0.722789956937087,0,0.708848949336301,0.16600051258913,932.716032678036,153.999450001964,122.170663325297
0.900499305001657,0.900499305001657,0,0.625995500711965,0.920329067373816,959.022101568072,151.999457144796,116.115515544036
0.934294759036808,0.934294759036808,0,0.053685055984898,0.960420635960129,796.759820209551,123.999557144439,113.534007580586
0.642506384953873,0.642506384953873,0,0.435887589776537,0.75732137407042,645.934336290954,153.999450001964,91.9630345094935
0.77540366498484,0.77540366498484,0,0.940301167026594,0.57115607300781,789.021374822632,165.999407144974,112.946947152964
0.679054167410791,0.679054167410791,0,0.455002162471141,0.763855773726565,962.501742915283,139.999500001786,124.215888800195
0.763804346964881,0.763804346964881,0,0.30493076091969,0.511993061735137,966.612586456014,133.999521430281,121.431790609277
0.887775177505703,0.887775177505703,0,0.759369239813945,0.805730140727886,920.127408997403,157.999435716301,115.460932040339
0.770098196649904,0.770098196649904,0,0.334711325973118,0.0416711771361601,638.02885358354,145.999478573291,119.851089919608
0.578731945295815,0.578731945295815,0,0.890837210263228,0.496936889602806,722.788670521231,167.999400002143,112.169430733012
0.837356198457843,0.837356198457843,0,0.691351549363179,0.0233255964518188,997.098796268369,161.999421430638,122.882386669311
0.59952831942234,0.59952831942234,0,0.20972385537723,0.150147608104892,965.113395762909,139.999500001786,126.021081350726
0.593062951703625,0.593062951703625,0,0.566549065311547,0.516075847543924,959.436592799185,141.999492858954,127.84491942193
0.951566009537692,0.951566009537692,0,0.922992079425268,0.0807131853795252,921.336422574954,159.999428573469,120.521491228529
0.509821257508313,0.509821257508313,0,0.902873662343119,0.855552245378304,672.135057678182,405.998550005179,-45.7386762180106
0.703323453829028,0.703323453829028,0,0.0590021210718501,0.094309250941642,814.245963967588,137.999507144617,122.328570171606
0.857553802316,0.857553802316,0,0.209881795445822,0.536168617575407,875.026744192644,127.999542858775,119.003394678516
0.963481999133749,0.963481999133749,0,0.882372532902503,0.644569327929938,937.315980629638,159.999428573469,116.43793739398
0.727651662127428,0.727651662127428,0,0.303935941960058,0.225794326819174,880.382342259915,139.999500001786,125.616286038216
0.842916381634821,0.842916381634821,0,0.0245817371433251,0.655636906835675,950.709798851664,119.999571430102,119.971068298963
0.963455164977878,0.963455164977878,0,0.765354737681739,0.241288782149235,999.200763879495,151.999457144796,122.825592784444
0.658834847606963,0.658834847606963,0,0.539124261663123,0.984884107938399,692.506439800789,419.998500005357,-37.7971209754271
0.666240936963244,0.666240936963244,0,0.0635308328274543,0.802627930477608,815.587356596947,127.999542858775,114.856113280931
0.609844201379691,0.609844201379691,0,0.966471830680671,0.182363374712264,902.951091190919,151.999457144796,122.59461456516
0.944343720453365,0.944343720453365,0,0.416028591208871,0.839731516318577,806.400561840311,145.999478573291,113.473105267724
0.643184432534289,0.643184432534289,0,0.862547690730965,0.216318714300431,961.617185769578,153.999450001964,123.151269583657
0.546229817418746,0.546229817418746,0,0.907223027473486,0.588292231270833,723.533910001055,167.999400002143,111.149577417718
0.752765822197061,0.752765822197061,0,0.94158279761245,0.925820806011295,858.335737281515,167.999400002143,112.754465838534
0.543299930141869,0.543299930141869,0,0.942355484875103,0.30638864671983,737.4818572256,149.999464287628,120.043249309666
0.706597433362242,0.706597433362242,0,0.401061884000525,0.88155257417674,732.108317585914,149.999464287628,109.936037558294
0.763952831652479,0.763952831652479,0,0.141763912401998,0.927094227588137,893.163385663615,125.999550001607,117.275458638622
0.931730111261647,0.931730111261647,0,0.98183641235097,0.13924464445223,951.75127107132,157.999435716301,120.913597244314
0.954637465634207,0.954637465634207,0,0.289403402812724,0.562702727251838,785.450314000526,141.999492858954,115.140113778049
0.969019136625121,0.969019136625121,0,0.0252694421054597,0.844062155882487,608.452271450403,129.999535715944,106.423485095463
0.75211624787196,0.75211624787196,0,0.159440799840538,0.323075598232868,766.825567169246,133.999521430281,118.882135167699
0.915226984430605,0.915226984430605,0,0.828297782621105,0.192388599470803,611.221410344343,167.999400002143,110.220785165431
0.520351628556035,0.520351628556035,0,0.318858521522471,0.376247322754477,921.322778573533,135.999514287449,123.052723720459
0.978437551470841,0.978437551470841,0,0.780079206588568,0.603101090523284,918.094464004067,157.999435716301,116.33915484315
0.746238793326919,0.746238793326919,0,0.514292484749238,0.284024436462455,780.49395450732,157.999435716301,115.280600382104
0.938337427650821,0.938337427650821,0,0.235641416180759,0.502185744799022,832.166231817973,131.999528573112,118.615982990888
0.651806818765652,0.651806818765652,0,0.132776867074758,0.378381310066834,683.077944928521,139.999500001786,113.960468842549
0.792962394853483,0.792962394853483,0,0.264173960077965,0.17523157549799,791.621793069669,139.999500001786,123.694104937662
0.605387101043524,0.605387101043524,0,0.539592459134781,0.0991587533398859,780.860687526749,149.999464287628,121.410031780241
0.983371258690606,0.983371258690606,0,0.722589785558912,0.504668334635873,659.815733853225,159.999428573469,109.004056598286
0.686917076294411,0.686917076294411,0,0.06162295840139,0.650488141563992,800.501047312478,125.999550001607,116.554149368917
0.582189792097046,0.582189792097046,0,0.403786343659579,0.743345255426132,762.804910731327,151.999457144796,112.280088403492
0.913649309970789,0.913649309970789,0,0.930286415179452,0.534347326334789,771.343631385145,163.999414287806,112.822862238526
0.599670688490237,0.599670688490237,0,0.590610640268964,0.449066306799456,632.408958407903,159.999428573469,109.997245490097
0.680386669455438,0.680386669455438,0,0.260425034050028,0.387987869665425,801.512707839402,137.999507144617,121.141520560827
0.895271358774547,0.895271358774547,0,0.396199661679852,0.974257856234923,739.69916221699,147.999471430459,109.764938396175
0.674778665778668,0.674778665778668,0,0.793471786071076,0.0769602078550946,695.836511174159,151.999457144796,118.754295749337
0.648009287834592,0.648009287834592,0,0.989185048268761,0.455642432370333,858.035018410751,169.999392859311,115.750782556169
0.978174010275799,0.978174010275799,0,0.66052614436336,0.686254719567291,784.660621646581,155.999442859133,112.778177746347
0.817906465829029,0.817906465829029,0,0.0584809342787854,0.88296554443837,758.541682747015,129.999535715944,111.590887021197
0.985713699147509,0.985713699147509,0,0.647186619115206,0.346964413621039,719.116259136399,159.999428573469,113.022510638372
0.945313038659516,0.945313038659516,0,0.581403098677349,0.153749808163489,604.957693153736,161.999421430638,111.122602986424
0.981974759347645,0.981974759347645,0,0.51394999593902,0.879462000812574,990.84820177896,137.999507144617,122.894851787289
0.569436316631097,0.569436316631097,0,0.176510755843276,0.143936191353785,700.988670693915,137.999507144617,118.410975151381
0.588334101068458,0.588334101068458,0,0.205049544226938,0.254887098175401,787.595980057143,135.999514287449,120.900678091746
0.85240019077847,0.85240019077847,0,0.252659572559325,0.312458197555726,740.167162826009,145.999478573291,115.557908299836
0.813567327565626,0.813567327565626,0,0.0607054309516495,0.754150723831536,811.995526148004,123.999557144439,116.240499612388
0.866995100469603,0.866995100469603,0,0.465966399040289,0.998466945408977,973.904806158385,145.999478573291,116.788808882511
0.75464551271645,0.75464551271645,0,0.507862901422636,0.779831936632456,700.884909445919,153.999450001964,108.17417546008
0.957633101087764,0.957633101087764,0,0.0891848683532215,0.558730123689836,711.15664682325,131.999528573112,112.381226950656
0.827409462226509,0.827409462226509,0,0.380790699623014,0.43935678295944,618.707173720633,151.999457144796,109.108632967245
0.766404288494298,0.766404288494298,0,0.72750141240087,0.546682184024682,648.428607031956,161.999421430638,103.321515009838
0.974173905674419,0.974173905674419,0,0.751971594852846,0.298935770910477,708.213962745688,163.999414287806,112.880496241609
0.582022374463667,0.582022374463667,0,0.866610984327421,0.0802806947141123,965.492989879042,155.999442859133,123.35336656742
0.782764645522234,0.782764645522234,0,0.819669617079679,0.801763533643948,913.893869218026,161.999421430638,115.211537068385
0.989126827578138,0.989126827578138,0,0.795740076373872,0.513909106195632,675.984237781712,161.999421430638,109.500644950146
0.606764066915108,0.606764066915108,0,0.224994258928996,0.995748871293316,959.909480853933,129.999535715944,118.345747458027
0.924206304252428,0.924206304252428,0,0.51900002274968,0.0184055005242949,623.120976885557,161.999421430638,113.120809310195
0.501046735927698,0.501046735927698,0,0.472605696182256,0.167887083709105,908.466667542431,145.999478573291,125.569643377775
0.500199714056897,0.500199714056897,0,0.331872448124716,0.845481448449494,688.116034252983,149.999464287628,108.541858139263
0.603286914174193,0.603286914174193,0,0.960582406719227,0.753259587022953,786.300152779505,169.999392859311,111.158988354783
0.65391691309571,0.65391691309571,0,0.827967319299121,0.47887152965314,964.370324422931,153.999450001964,121.815713471234
0.958043551223394,0.958043551223394,0,0.955201601620684,0.886377200382392,661.304517890113,407.998542862347,-43.62056982007
0.688926502645533,0.688926502645533,0,0.97757112681137,0.990671553266289,692.841065281675,419.998500005357,-42.9665081648849
0.608411248582862,0.608411248582862,0,0.62649976464685,0.155681856519782,746.727166942048,147.999471430459,121.926660658495
0.784252422680534,0.784252422680534,0,0.193392704624012,0.805477060575366,701.936280513655,139.999500001786,110.457314794505
0.957534298869652,0.957534298869652,0,0.89000407234478,0.848102301377885,722.323139016144,163.999414287806,48.3532116795059
0.632794251967728,0.632794251967728,0,0.0233626585773667,0.535026290855703,656.665457098461,133.999521430281,111.152069692994
0.963607169996081,0.963607169996081,0,0.328265051429619,0.0628731531036286,975.919717747142,143.999485716122,128.286687659991
0.80999279841004,0.80999279841004,0,0.124130062940785,0.258819409603298,831.255741038525,133.999521430281,120.403460280409
0.993888790023925,0.993888790023925,0,0.8887197001039,0.75789733942961,631.42433725837,389.998607147832,-45.3173633460194
0.610290662120395,0.610290662120395,0,0.29624848866314,0.564183302764233,953.234663002253,133.999521430281,121.268543541897
0.639081534785738,0.639081534785738,0,0.100892243236945,0.266260694015157,752.3899705408,131.999528573112,118.582874339563
0.579506993999365,0.579506993999365,0,0.205216034067383,0.11921569031776,602.347200063027,137.999507144617,115.118126739927
0.530963516980294,0.530963516980294,0,0.256522771123161,0.261155764870471,604.96826027632,135.999514287449,115.481764265385
0.808864468308128,0.808864468308128,0,0.366673962484386,0.402082908607419,721.41452277764,149.999464287628,113.336834198841
0.591942431623975,0.591942431623975,0,0.931762191210648,0.0128764446108454,665.403982756308,157.999435716301,117.607803951719
0.559913460761179,0.559913460761179,0,0.179285433726859,0.788413811932436,624.749174270565,141.999492858954,105.899148931968
0.662892472064355,0.662892472064355,0,0.241512925143025,0.801869577067226,622.469938204987,143.999485716122,102.006828991424
0.955404644707383,0.955404644707383,0,0.548739711928158,0.0250379453335925,936.307479041555,153.999450001964,121.317683262557
0.725083516973101,0.725083516973101,0,0.52245558160416,0.729576649053939,635.942203755678,155.999442859133,30.231583081694
0.519134483395114,0.519134483395114,0,0.345122835382256,0.997824321001988,966.595359584952,143.999485716122,116.925198489598
0.532555223916371,0.532555223916371,0,0.201143196809375,0.181466939680116,979.073919595007,137.999507144617,124.344087719803
0.574575527823875,0.574575527823875,0,0.0891869485303016,0.0935985625269633,770.958962275515,137.999507144617,119.89256953879
0.605278235890117,0.605278235890117,0,0.549179765827471,0.468970586085987,634.406855777914,157.999435716301,109.632904117907
0.996258838948264,0.996258838948264,0,0.910103942891518,0.0374447980763538,669.536523436608,171.99938571648,113.647696493454
0.826457628157126,0.826457628157126,0,0.0555990102045479,0.643751225351025,744.503093730069,129.999535715944,112.924202305281
0.700876042184507,0.700876042184507,0,0.474225159956137,0.517909926598231,985.940357598137,139.999500001786,125.222364660416
0.567012637021778,0.567012637021778,0,0.788848881668026,0.33769618196277,787.654677247835,147.999471430459,122.493214376083
0.763912523642767,0.763912523642767,0,0.866483831392619,0.759409510113796,903.213228959157,163.999414287806,115.109475044075
0.93064168875472,0.93064168875472,0,0.818979624398897,0.390432182980233,687.853587326366,163.999414287806,111.250767124105
0.811521389981945,0.811521389981945,0,0.900288397428932,0.409354869875722,845.10437565947,165.999407144974,115.491247222913
0.994005238663519,0.994005238663519,0,0.685369266215568,0.114345581981772,779.662607704353,155.999442859133,118.016108247595
0.905285832538417,0.905285832538417,0,0.0532518735455679,0.622389108041698,965.279395054634,121.99956428727,119.948926251453
0.521452499886339,0.521452499886339,0,0.211248516525589,0.840056659631056,856.78142964322,139.999500001786,115.170619700237
0.504257168479181,0.504257168479181,0,0.0255011107185542,0.158507362929888,600.609720010887,129.999535715944,114.14797211448
0.582340376778445,0.582340376778445,0,0.994770779436609,0.479640961976682,779.401048577218,169.999392859311,114.003006412555
0.818626507958812,0.818626507958812,0,0.480659559562372,0.130068203199858,811.336772756211,147.999471430459,121.491057107924
0.709231581616478,0.709231581616478,0,0.960559724668178,0.192942053469541,948.907528128216,155.999442859133,121.488183200341
0.868584637997834,0.868584637997834,0,0.573652572952077,0.783239395903478,932.127103969703,151.999457144796,116.240265258557
0.819466669013045,0.819466669013045,0,0.522003190643171,0.595409099840108,725.454330906173,153.999450001964,111.608517079246
0.929146563403368,0.929146563403368,0,0.247483231614996,0.592768651664713,717.231293876609,141.999492858954,113.126159215626
0.642558931893355,0.642558931893355,0,0.0947902468903875,0.22457086628423,981.738496834612,135.999514287449,122.139283865266
0.540411363665852,0.540411363665852,0,0.0616427041850518,0.946038006111314,882.802431700423,123.999557144439,117.150518162722
0.614447023839516,0.614447023839516,0,0.0828350442137662,0.833485944644694,697.932389161323,133.999521430281,110.270722021804
0.548828728459902,0.548828728459902,0,0.188876486398384,0.738574417525251,836.61089856034,135.999514287449,116.155306695057
0.872155220234493,0.872155220234493,0,0.635776319358697,0.907171896864576,607.554849100497,409.998535719515,-40.130998447953
0.873815820193688,0.873815820193688,0,0.0804095493994348,0.178770014895688,908.310035233548,135.999514287449,122.697521535432
0.978091117160822,0.978091117160822,0,0.451551243796808,0.637921829024459,940.541328753788,135.999514287449,121.641990467645
0.597817841427444,0.597817841427444,0,0.627923979846167,0.930115755008299,677.2564658802,411.998528576684,-40.8987845354996
0.573335657625832,0.573335657625832,0,0.157789628883008,0.552640893187683,970.466557187175,127.999542858775,122.615402073668
0.57771140122309,0.57771140122309,0,0.175924343382695,0.880486414991911,644.463677644684,141.999492858954,105.836108046893
0.763621662006235,0.763621662006235,0,0.424465793714872,0.156323301014181,756.248721217284,145.999478573291,122.344652997037
0.63314459323597,0.63314459323597,0,0.26038210257912,0.18633920332559,763.947363657403,139.999500001786,123.1880728556
0.881460863909857,0.881460863909857,0,0.694114197209886,0.212744797954228,636.368880916663,163.999414287806,111.348740533373
0.708584954349593,0.708584954349593,0,0.866737493614963,0.0688307231827362,638.085898447212,157.999435716301,115.912799589836
0.712918142444543,0.712918142444543,0,0.173809967246524,0.617948985210493,669.333343647207,139.999500001786,110.920781004956
0.867868787840158,0.867868787840158,0,0.982189369563344,0.012853754397585,880.35965712881,163.999414287806,119.872439456023
0.532769641837248,0.532769641837248,0,0.432252578877252,0.863983950307435,972.978115083413,147.999471430459,117.320388837111
0.902930853105844,0.902930853105844,0,0.765864013879465,0.33072326147357,974.822393692019,147.999471430459,124.330722645014
0.592952809254949,0.592952809254949,0,0.048960290361734,0.936273986899288,815.332296105564,127.999542858775,114.137672814003
0.976370552574497,0.976370552574497,0,0.388181911811046,0.800742620943704,624.823973420338,147.999471430459,77.6816014234665
0.652084536868589,0.652084536868589,0,0.693437935026445,0.970057889487954,689.422802238038,417.998507148189,-40.471611809743
0.968044665926706,0.968044665926706,0,0.0905953667786653,0.330929900362839,607.426178124466,137.999507144617,111.263128124025
0.949249588507629,0.949249588507629,0,0.240235775666064,0.187525518361512,769.405920238637,137.999507144617,121.705662616957
0.959873208766317,0.959873208766317,0,0.838739053538031,0.751297427811816,753.777965142034,161.999421430638,110.513865271772
0.719704723855312,0.719704723855312,0,0.729312694427609,0.262403652368334,806.242132346316,163.999414287806,115.902032518944
0.521527369933122,0.521527369933122,0,0.339200932017815,0.182473556065115,918.415461597168,141.999492858954,126.592090955793
0.935456223426661,0.935456223426661,0,0.917672740738722,0.260272772230565,990.283516423928,151.999457144796,122.162132932219
0.570083655017892,0.570083655017892,0,0.138673001404045,0.466510618489073,851.395579460497,127.999542858775,119.461966624063
0.679822890711945,0.679822890711945,0,0.934582775147416,0.696789326222829,879.922516259781,165.999407144974,114.835496549629
0.924545665875935,0.924545665875935,0,0.265334429343144,0.196983157445137,648.700539724013,147.999471430459,113.382371142507
0.753318049489133,0.753318049489133,0,0.00777448903044275,0.230116964292144,611.07583617405,133.999521430281,112.532804772819
0.622297200103317,0.622297200103317,0,0.623044869312913,0.855223674266541,821.19515598942,159.999428573469,112.778323317793
0.721772591130704,0.721772591130704,0,0.254667454993899,0.98806920840511,795.591786613574,141.999492858954,112.800454699295
0.870291719649314,0.870291719649314,0,0.516973953247294,0.0684304089596937,701.48640958549,161.999421430638,114.843316540672
0.80412469480782,0.80412469480782,0,0.0171369402616603,0.897271484712667,824.336736670814,119.999571430102,116.109006104618
0.957492770832363,0.957492770832363,0,0.0216373185936912,0.761421367378028,906.010668145653,115.999585715765,120.315244657669
0.644207783575469,0.644207783575469,0,0.507413504874957,0.52871375209904,997.967747794409,139.999500001786,126.354297002209
0.874524414074307,0.874524414074307,0,0.870219143023974,0.792482643600256,892.977604603689,161.999421430638,114.771906450072
0.656924094892925,0.656924094892925,0,0.660542528799177,0.0170413159118858,743.082568310005,153.999450001964,119.565222006678
0.78226563116207,0.78226563116207,0,0.6951187045917,0.476507635652192,905.812762666852,159.999428573469,116.574617763873
0.863155573827808,0.863155573827808,0,0.358932058594952,0.310586751530131,878.366088347791,137.999507144617,123.539900418475
0.705195895684322,0.705195895684322,0,0.948137110707514,0.0745997844841707,676.666753772195,157.999435716301,117.021388124555
0.809640377413658,0.809640377413658,0,0.211583109643993,0.565725365607266,985.793597281793,127.999542858775,122.509582500248
0.700816769592016,0.700816769592016,0,0.785156601700517,0.432097521253371,895.776225766871,163.999414287806,116.611751261592
0.55868636717164,0.55868636717164,0,0.498360361565334,0.32174098738016,633.484438064952,147.999471430459,113.821367164822
0.727778347968262,0.727778347968262,0,0.24709872100956,0.0343729994527396,675.25385378449,143.999485716122,121.019555298134
0.839633920413486,0.839633920413486,0,0.5347500408244,0.831365403664731,710.100972748224,153.999450001964,107.901282370813
0.987434884040147,0.987434884040147,0,0.53633421333707,0.0416353745085424,675.684961316376,161.999421430638,114.21547590342
0.856349113309299,0.856349113309299,0,0.68065658322222,0.784211822744622,607.917277801375,393.998592862168,-43.6076524595907
0.718763902624671,0.718763902624671,0,0.818274821348374,0.412605941040834,812.275344912763,165.999407144974,114.824987138689
0.845201538693604,0.845201538693604,0,0.620555223232293,0.480049475968743,826.006726601333,155.999442859133,114.961822509845
0.707451842151485,0.707451842151485,0,0.212007188062429,0.104741743994549,776.471334476807,141.999492858954,124.625914689528
0.823931821716669,0.823931821716669,0,0.608213502656755,0.9495810876346,617.291740653584,415.99851429102,-39.0502547670409
0.881057285371642,0.881057285371642,0,0.679086938678095,0.90211707774445,900.4773913458,155.999442859133,114.694671146624
0.619064127759744,0.619064127759744,0,0.881705177855853,0.164759877058826,932.255159668221,149.999464287628,123.509823951059
0.50493708382807,0.50493708382807,0,0.0297268758752637,0.371409846608342,851.718272061059,125.999550001607,119.528197020319
0.747359399470092,0.747359399470092,0,0.0788776135493536,0.768261617779365,783.109046074647,129.999535715944,113.265981693666
0.604270707452061,0.604270707452061,0,0.461329200428858,0.951145130902795,959.382855921241,149.999464287628,116.336663152059
0.711033889725903,0.711033889725903,0,0.170011203462986,0.176236065676652,818.650000830457,137.999507144617,123.009383618908
0.936807352552616,0.936807352552616,0,0.188965290343581,0.0269184977964116,753.362329773772,141.999492858954,124.16976348222
0.517402536532257,0.517402536532257,0,0.256332535061443,0.615471614918392,992.218225750861,131.999528573112,121.825737894403
0.589533563124671,0.589533563124671,0,0.966227859323149,0.68813654945948,728.691678040183,169.999392859311,106.788615436003
0.563879725280752,0.563879725280752,0,0.726659948113531,0.97132430689332,906.762946203978,161.999421430638,114.479593230848
0.700688437583909,0.700688437583909,0,0.885155315281847,0.736326535472947,755.331186723599,165.999407144974,109.410136845265
0.915147824951018,0.915147824951018,0,0.736701705911527,0.650809083877343,702.37003239019,159.999428573469,109.258919211529
0.666218619963803,0.666218619963803,0,0.527717266623342,0.271923833762423,741.586616478868,155.999442859133,115.280438329011
0.850928722320371,0.850928722320371,0,0.963029277737781,0.733859187220252,688.559728958539,389.998607147832,-46.3180222970551
0.941524924869516,0.941524924869516,0,0.188048327608265,0.875729517614002,682.655391237734,137.999507144617,109.125306477553
0.75820582397329,0.75820582397329,0,0.147494232639479,0.957405835454482,954.465442583808,121.99956428727,118.649765016149
0.724715767371334,0.724715767371334,0,0.739128674875536,0.196030659826841,984.70854177054,153.999450001964,122.511576151835
0.748448111169175,0.748448111169175,0,0.188051667860079,0.894034133209543,685.912848222345,139.999500001786,108.927713429355
0.630536993896041,0.630536993896041,0,0.193736697583484,0.729995896595203,862.275892446574,131.999528573112,117.545738406018
0.901747297192178,0.901747297192178,0,0.451839309468717,0.525668467049023,898.505150607966,137.999507144617,123.125914558444
0.583257873000448,0.583257873000448,0,0.137961762250679,0.881054305033807,859.873532158398,131.999528573112,115.611780606907
0.995228803511332,0.995228803511332,0,0.32964005662837,0.74547327715113,982.878393462329,127.999542858775,120.625955288874
0.88573724770088,0.88573724770088,0,0.646556583216486,0.493126150624862,932.076388329047,143.999485716122,125.831593399021
0.795150267540958,0.795150267540958,0,0.278181459511605,0.798896160256231,666.859248055426,143.999485716122,108.225653175662
0.690288564174266,0.690288564174266,0,0.00445385504086115,0.452880723449679,995.999750546366,125.999550001607,122.254245470848
0.56390485954683,0.56390485954683,0,0.210364843380908,0.414614511869264,929.859813935277,133.999521430281,121.581635652455
0.966507502036887,0.966507502036887,0,0.288916539125879,0.281420122412904,764.168081065137,137.999507144617,121.522581154369
0.909993684979025,0.909993684979025,0,0.484208295896431,0.471426932324771,736.068182317637,151.999457144796,113.001943043031
0.812822926892621,0.812822926892621,0,0.057755817729581,0.827730472230111,786.76537101031,125.999550001607,113.825363736459
0.672122792395342,0.672122792395342,0,0.23623027460736,0.678126721189691,977.730522435063,127.999542858775,120.850518093218
0.550470591447734,0.550470591447734,0,0.699774020351496,0.389319072879449,631.29719258421,157.999435716301,112.060993252544
0.913422346259596,0.913422346259596,0,0.702901672128829,0.604434753381221,625.370016624658,159.999428573469,58.6345219193814
0.797354971550729,0.797354971550729,0,0.392480521433341,0.96814601417291,822.031760765353,147.999471430459,113.029484578853
0.740483868280012,0.740483868280012,0,0.559542395215622,0.0109544807748325,725.481043070017,151.999457144796,119.619076847033
0.626913288692074,0.626913288692074,0,0.834553991357572,0.830038498599658,611.984405473117,399.998571433673,-45.2156343930928
0.682496417027292,0.682496417027292,0,0.492971054881643,0.992472085190094,642.359806663841,421.998492862525,-37.0580771123176
0.971508226521402,0.971508226521402,0,0.270908860549804,0.380773483048213,861.815326872235,131.999528573112,120.286014038085
0.580851882047102,0.580851882047102,0,0.109292401581938,0.948803374562994,917.346390201702,123.999557144439,117.900356860286
0.922712205346967,0.922712205346967,0,0.0817304624165761,0.594391524298476,621.750064017437,133.999521430281,109.230318986847
0.727728117263768,0.727728117263768,0,0.845731085505537,0.194828882583884,619.987184818935,167.999400002143,111.44829677615
0.885533961688185,0.885533961688185,0,0.307871730898736,0.735463811870481,642.097581106223,145.999478573291,107.244695544272
0.585634268737239,0.585634268737239,0,0.01937425019114,0.994696045711948,961.375055678779,117.999578572934,119.004036725446
0.680874748067919,0.680874748067919,0,0.633478733185087,0.355360894053103,656.16552127579,161.999421430638,111.1667734203
0.897238178340328,0.897238178340328,0,0.148696183477319,0.278844576799803,715.148592146146,135.999514287449,117.373066848189
0.87449261923427,0.87449261923427,0,0.118538363170875,0.97884119860922,787.676829499126,131.999528573112,111.9830779955
0.675999974342732,0.675999974342732,0,0.0862154869639017,0.00981823082072608,801.392330178479,143.999485716122,123.79460635999
0.725685440339875,0.725685440339875,0,0.947116502246683,0.0649816338997808,615.337075105503,165.999407144974,113.774433326956
0.639322183084084,0.639322183084084,0,0.522976216760651,0.13954672596596,672.428001383484,145.999478573291,121.014614692481
0.530843486551847,0.530843486551847,0,0.582718699780573,0.0652609476576966,755.194999632113,151.999457144796,119.750919818079
0.846429381542148,0.846429381542148,0,0.970913275986636,0.370535788148452,974.547404807496,153.999450001964,121.742725321882
0.951298183768087,0.951298183768087,0,0.2630850212724,0.601149940923294,832.747384168353,133.999521430281,117.478215021643
0.933564742696693,0.933564742696693,0,0.442401256552972,0.910739085012628,681.80000690769,149.999464287628,103.612336020428
0.748802351694178,0.748802351694178,0,0.0504563389527982,0.726607019964225,913.72112507791,119.999571430102,119.341200913306
0.58671810145522,0.58671810145522,0,0.736880079102347,0.301820830116671,727.567031238914,149.999464287628,119.663361240431
0.929431845505352,0.929431845505352,0,0.199155606654401,0.976263305652004,970.064674348478,123.999557144439,118.884497692051
0.580076204632657,0.580076204632657,0,0.696388047786152,0.291561483970319,994.698328573316,143.999485716122,126.810017212192
0.597697328360822,0.597697328360822,0,0.381128595540232,0.811674993527419,733.668173936003,149.999464287628,110.764898057239
0.687290229376782,0.687290229376782,0,0.481790151160567,0.00960056480212224,846.987648220397,151.999457144796,122.075310313709
0.926028321988174,0.926028321988174,0,0.403808423670096,0.447305069663509,658.884235096377,149.999464287628,110.858325715904
0.844531094261256,0.844531094261256,0,0.954970876051008,0.819143157566228,985.648180813446,163.999414287806,116.618349689869
0.757057647251524,0.757057647251524,0,0.291892440028081,0.719685266781052,970.934095953741,129.999535715944,120.305979108938
0.750075387633222,0.750075387633222,0,0.630676290535366,0.547585727138493,884.490197778667,157.999435716301,115.901801237071
0.842585135047787,0.842585135047787,0,0.139420152298511,0.723053996889521,844.241926518017,125.999550001607,117.043048165906
0.839885594011089,0.839885594011089,0,0.528151733621797,0.0367119125474197,938.795423049712,153.999450001964,122.334699967669
0.735724053597184,0.735724053597184,0,0.224561316686272,0.0273932068309293,641.059265406641,143.999485716122,119.379294075472
0.541793859746216,0.541793859746216,0,0.682190025814526,0.548419973047958,812.89554202063,159.999428573469,114.908847045224
0.606779630506015,0.606779630506015,0,0.571773763915182,0.987477931567364,716.417162824562,419.998500005357,-38.5421036301981
0.927000493635908,0.927000493635908,0,0.183026198845998,0.503422801567744,852.152455823321,127.999542858775,118.686851390083
0.543734203429655,0.543734203429655,0,0.866350866458273,0.823194565320109,622.007465415236,401.998564290842,-45.9969544556569
0.925807781334823,0.925807781334823,0,0.86185414528739,0.600200820113675,797.601854990169,161.999421430638,113.317834273062
0.794208481293602,0.794208481293602,0,0.0835561446613875,0.335438630850601,958.132437756463,129.999535715944,121.391597393713
0.523303551707351,0.523303551707351,0,0.262825425159627,0.698839035278358,728.556617906399,145.999478573291,112.649143021394
0.797038153009185,0.797038153009185,0,0.786851818682927,0.845687552826443,725.264363224717,161.999421430638,79.2817082478069
0.963842439519135,0.963842439519135,0,0.59181731775514,0.529801846398888,687.907474952479,155.999442859133,110.688253078103
0.627399270635429,0.627399270635429,0,0.555382267262457,0.497777623741008,637.428064991954,159.999428573469,108.73487613169
0.70568033863909,0.70568033863909,0,0.66714148930031,0.237855883402652,682.111701674554,161.999421430638,113.417023498629
0.834600523528985,0.834600523528985,0,0.823972521719691,0.102256925662872,602.205656175443,169.999392859311,111.180380794915
0.547502836952179,0.547502836952179,0,0.263264477590779,0.370429751678929,961.235123664831,135.999514287449,121.826389544536
0.513818442643023,0.513818442643023,0,0.999874961185704,0.366017983023875,906.380761585847,147.999471430459,124.065694246563
0.702083047569728,0.702083047569728,0,0.882045578733695,0.742526700163871,709.981769722848,165.999407144974,55.3111772409136
0.961937792503575,0.961937792503575,0,0.758100045710711,0.804762142324757,733.318102602273,159.999428573469,108.362867206297
0.536940536798687,0.536940536798687,0,0.322087508315595,0.00293063252376569,955.215226103301,149.999464287628,124.782956758031
0.679800131860947,0.679800131860947,0,0.148680779940919,0.398119642614078,659.18376642059,141.999492858954,113.355580481155
0.530844773600756,0.530844773600756,0,0.00158419224133532,0.59431360472263,648.054427807624,129.999535715944,110.895003668428
0.511302292861886,0.511302292861886,0,0.584369944781051,0.448284708553381,967.581521653323,139.999500001786,125.209637005462
0.670578256399059,0.670578256399059,0,0.0209552779597236,0.294822273859291,744.666256073363,127.999542858775,117.644178802924
0.893556659209418,0.893556659209418,0,0.114046408289622,0.352422348148903,670.120500154675,137.999507144617,113.288451657326
0.910431542963784,0.910431542963784,0,0.864492464756206,0.910518694900737,889.062911621181,161.999421430638,114.135613240897
0.776576086328982,0.776576086328982,0,0.392580394948141,0.589435265137268,737.700590434929,149.999464287628,112.474984645035
0.722864360321057,0.722864360321057,0,0.328117473846751,0.953586084251122,990.113731861761,133.999521430281,119.610165398952
0.681609351960465,0.681609351960465,0,0.213063844170563,0.60190812511227,961.840519850325,129.999535715944,121.576813294111
0.928351608667109,0.928351608667109,0,0.0817420425378593,0.215647372390795,636.772357219933,137.999507144617,113.659975538386
0.745863087703999,0.745863087703999,0,0.0347176955873932,0.436901842799499,786.904802674284,123.999557144439,117.869162338618
0.992879006379641,0.992879006379641,0,0.976293469660289,0.248662715124966,842.071085272216,167.999400002143,116.344414895213
0.900293359914433,0.900293359914433,0,0.245881915701552,0.450510299989973,744.021220750352,141.999492858954,115.488930814327
0.926271284203175,0.926271284203175,0,0.895456604996366,0.640380477801077,956.813190879368,159.999428573469,116.823675786017
0.643152186484075,0.643152186484075,0,0.525341643815855,0.0881438849252032,940.845166715131,149.999464287628,124.646671867916
0.881305856352063,0.881305856352063,0,0.844714712458366,0.48006554212235,900.315826672731,161.999421430638,116.380822329792
0.651489946811612,0.651489946811612,0,0.265645015876785,0.247365455012074,654.787437998267,137.999507144617,118.834476396584
0.715858469333144,0.715858469333144,0,0.902289146048078,0.39737649417269,945.839627951732,165.999407144974,117.720345169881
0.917180937797241,0.917180937797241,0,0.573359315021593,0.572268530965455,742.631751160017,153.999450001964,112.345886836399
0.939298595882221,0.939298595882221,0,0.330276677950549,0.39366768714085,846.625486680791,135.999514287449,121.332163595417
0.893740104447976,0.893740104447976,0,0.397164412888636,0.178710279518439,993.939158936647,147.999471430459,122.829644060871
0.887103377413738,0.887103377413738,0,0.536782889633016,0.354100446899862,816.634778415721,155.999442859133,115.581587958602
0.558981392757161,0.558981392757161,0,0.768186021460061,0.332871996186182,789.963297437424,145.999478573291,123.67782747762
0.817464423092784,0.817464423092784,0,0.388934489909106,0.101916822911536,884.554826754993,143.999485716122,126.569082299581
0.617395111381692,0.617395111381692,0,0.941766157549084,0.267153010613816,973.955364560587,155.999442859133,123.229758767436
0.788415763975093,0.788415763975093,0,0.820384866173972,0.645883928905832,677.471888890446,163.999414287806,88.7722272809993
0.62099166055105,0.62099166055105,0,0.170283139869065,0.818115553285138,930.558492148789,125.999550001607,118.925084214701
0.786252094367858,0.786252094367858,0,0.404318073931899,0.0755647930704619,933.85719882748,145.999478573291,127.605501665396
0.588287273710884,0.588287273710884,0,0.479902971730519,0.662197666696101,630.455187638523,155.999442859133,100.312106757204
0.651545635732098,0.651545635732098,0,0.173381262571109,0.365772766283685,837.296603366585,131.999528573112,119.908607206574
0.991462488377532,0.991462488377532,0,0.26025698210153,0.160554005685201,849.176576440826,139.999500001786,124.749607111742
0.656136306188736,0.656136306188736,0,0.802637029749812,0.681651646173259,607.353199850318,381.998635719158,-47.8114790780524
0.947053591220611,0.947053591220611,0,0.487656059270489,0.170009670855101,879.682964280202,145.999478573291,124.410606510033
0.815973363206139,0.815973363206139,0,0.866813292161143,0.942498394251697,669.219890500498,413.998521433852,-42.1758188555651
0.679561590314282,0.679561590314282,0,0.0597083041428338,0.457005729102204,636.799758872469,135.999514287449,111.215708643256
0.884417882983808,0.884417882983808,0,0.0384802382003818,0.220150280682574,775.580011123137,129.999535715944,118.693535278154
0.574768350992773,0.574768350992773,0,0.28148111363649,0.497431632349281,849.623488064714,133.999521430281,120.308171617377
0.887792575653072,0.887792575653072,0,0.19451777678848,0.863989927035222,606.368392449876,139.999500001786,91.2490707797318
0.527608337378318,0.527608337378318,0,0.105712287179667,0.732174606732383,891.684313709075,123.999557144439,118.755794169465
0.883085305925697,0.883085305925697,0,0.716105955281442,0.0381049833394635,893.843351782141,157.999435716301,120.334345001015
0.567007574262878,0.567007574262878,0,0.784744460138451,0.487818689904946,667.488547004329,163.999414287806,110.816933673669
0.979290695532632,0.979290695532632,0,0.569028962456923,0.990058100430735,622.927870219312,421.998492862525,-37.0077165920989
0.914160829606185,0.914160829606185,0,0.779448569449689,0.723575709179479,748.913855876228,159.999428573469,110.774545967244
0.868598033275063,0.868598033275063,0,0.0842045894137622,0.63942439127025,663.079773374957,133.999521430281,110.349499636328
0.660819632960914,0.660819632960914,0,0.412615269275881,0.223212312623651,616.107798017968,149.999464287628,113.35478965146
0.962652631876652,0.962652631876652,0,0.437033702808533,0.611925090425309,896.364884369075,137.999507144617,121.891175403392
0.790117309278953,0.790117309278953,0,0.513171176346966,0.580269237393782,815.192923895778,151.999457144796,114.38374565009
0.58567880042956,0.58567880042956,0,0.899569664700665,0.776229404695139,899.89936946018,167.999400002143,115.052951624336
0.84156123071797,0.84156123071797,0,0.108031152234641,0.815145137980483,855.959474117492,123.999557144439,117.151786210468
0.866143547705144,0.866143547705144,0,0.0344643853612419,0.0530938155663651,962.303699164438,139.999500001786,126.897585144051
0.729223728834734,0.729223728834734,0,0.349380557281762,0.262312749592836,654.909440649021,151.999457144796,112.749581605341
0.887220084153984,0.887220084153984,0,0.810888212367554,0.203627870254596,955.829366994497,153.999450001964,121.825883491315
0.675183406671548,0.675183406671548,0,0.0766653775947651,0.0248044044124738,606.719570059863,137.999507144617,115.738235373071
0.527788172631066,0.527788172631066,0,0.249042788828614,0.518781455942424,940.754140997186,131.999528573112,121.362666637176
0.798987564346861,0.798987564346861,0,0.475840849140298,0.584196206657631,998.494193514504,135.999514287449,123.328848696429
0.551333718437636,0.551333718437636,0,0.241984085251571,0.813318914288651,890.32850136769,135.999514287449,117.975435963134
0.527435532147447,0.527435532147447,0,0.76284575609895,0.28629515583441,801.475876445672,145.999478573291,124.316086355232
0.600368755433354,0.600368755433354,0,0.81893415097652,0.994655914077037,928.715362275088,165.999407144974,114.7885441601
0.791565829479224,0.791565829479224,0,0.895496118901012,0.719577909098213,865.336771625417,163.999414287806,114.342674768059
0.583640877988372,0.583640877988372,0,0.393270674868241,0.540122622360968,868.611950908427,139.999500001786,124.423221247681
0.884341601726269,0.884341601726269,0,0.281916628540478,0.992949309227963,991.378201482391,127.999542858775,119.040857652869
0.941895557772603,0.941895557772603,0,0.880040505878052,0.669272444486864,872.125322552102,161.999421430638,114.888464027516
0.541351788667073,0.541351788667073,0,0.618589474708133,0.147689628433048,966.363404577522,149.999464287628,124.998602160444
0.9021264350213,0.9021264350213,0,0.00491838594971983,0.743526347461014,601.607329518289,129.999535715944,107.197330946934
0.929786102243532,0.929786102243532,0,0.393660259156825,0.021552933665411,700.065018763367,151.999457144796,117.887954878232
0.806993532464807,0.806993532464807,0,0.137785248474638,0.445134988002229,915.673229867889,127.999542858775,119.962576052344
0.912054465117501,0.912054465117501,0,0.447182169187214,0.869835324135806,682.463631717258,149.999464287628,105.381653701082
0.570503868314788,0.570503868314788,0,0.112187612616823,0.611545113844114,744.619787492527,135.999514287449,113.507192312127
0.82148633363402,0.82148633363402,0,0.0324658073478186,0.571490716535471,921.370102061055,121.99956428727,119.555588737625
0.712722531009007,0.712722531009007,0,0.826520185890062,0.34484742291767,630.354148043467,167.999400002143,108.831243012395
0.72767471521957,0.72767471521957,0,0.0686941743828752,0.407401419830711,967.889892581799,127.999542858775,122.638463745764
0.692848574545214,0.692848574545214,0,0.0437387739498465,0.664175205552325,793.543385849665,123.999557144439,116.263612507741
0.885972849996555,0.885972849996555,0,0.347665485820586,0.774154438524864,832.222897911457,143.999485716122,115.616388701252
0.819360983842441,0.819360983842441,0,0.838722383649486,0.564355951565522,936.715898111409,161.999421430638,116.71374440959
0.774050595388935,0.774050595388935,0,0.543839096222131,0.920719403684548,627.402968148172,411.998528576684,-38.8944871343842
0.566797977391758,0.566797977391758,0,0.242719654839833,0.91421664498005,786.205000747306,143.999485716122,113.14619744375
0.74944194749527,0.74944194749527,0,0.0379798607088867,0.880785370668027,767.187502667743,127.999542858775,112.292322959331
0.616821546360935,0.616821546360935,0,0.46997631950176,0.616211645974595,788.434897428994,153.999450001964,113.651586962046
0.819906214924578,0.819906214924578,0,0.169826549760697,0.451817254549904,746.912551926334,139.999500001786,114.510570516963
0.959092705779386,0.959092705779386,0,0.567596613723903,0.101019703128072,826.039069685697,151.999457144796,120.329122202987
0.662627334812662,0.662627334812662,0,0.809991668141182,0.717980069467224,929.320780676387,161.999421430638,115.970730782576
0.663952911500891,0.663952911500891,0,0.285019190096358,0.94329951784264,772.497995047515,143.999485716122,112.005762281871
0.666920812160698,0.666920812160698,0,0.234347104583817,0.657302722254748,925.738659605828,129.999535715944,119.519121462414
0.687713109466795,0.687713109466795,0,0.951701047700944,0.668417599405641,728.253138797607,167.999400002143,107.392754717628
0.518078254919083,0.518078254919083,0,0.759005179612583,0.951060678140048,814.032411105668,165.999407144974,111.302283031038
0.978409142538468,0.978409142538468,0,0.634834409650883,0.587755803807222,818.095101187486,153.999450001964,114.313974327334
0.572726689560772,0.572726689560772,0,0.42501819205591,0.64494009195061,640.408253142737,153.999450001964,107.003454829848
0.703489194886727,0.703489194886727,0,0.805198236772779,0.687239038122177,933.142846543942,161.999421430638,116.149621155561
0.509943420549119,0.509943420549119,0,0.213945581687143,0.498508400223988,806.888027753427,129.999535715944,118.693996479214
0.906635257633837,0.906635257633837,0,0.863186923216257,0.086968229011098,888.478977732326,157.999435716301,120.137788197529
0.93997086329417,0.93997086329417,0,0.866360122487508,0.529517197724404,952.944298294359,159.999428573469,117.301604511084
0.648644408890834,0.648644408890834,0,0.756033400457881,0.91273543905371,697.54732397541,409.998535719515,-42.4630277413293
0.612574652683771,0.612574652683771,0,0.584239182804458,0.521090927408856,803.912406858019,157.999435716301,114.473832078073
0.683733110156348,0.683733110156348,0,0.603363332880251,0.154922011629529,769.730547451383,145.999478573291,122.372541862498
0.747918295101647,0.747918295101647,0,0.0166050365603895,0.284023401389413,876.181915138957,129.999535715944,119.921889790663
0.963459312776766,0.963459312776766,0,0.447466356346224,0.754436072080319,831.707778412795,147.999471430459,114.723398170725
0.560973788766481,0.560973788766481,0,0.754901007854292,0.388521502630004,984.035099544009,147.999471430459,124.493445726809
0.527124502313197,0.527124502313197,0,0.872098443788171,0.831323837712036,939.472820300189,167.999400002143,115.832400291226
0.645188373277123,0.645188373277123,0,0.890518236469993,0.543869574372862,951.935847380872,165.999407144974,117.23287574609
0.687022094784118,0.687022094784118,0,0.731640681404576,0.540548931285856,901.528739587058,161.999421430638,116.224219025623
0.526830139458567,0.526830139458567,0,0.0573115876200421,0.30487805109267,793.597476024041,129.999535715944,118.642884135413
0.523429398247248,0.523429398247248,0,0.112677768646356,0.93033859017551,853.323734282567,131.999528573112,115.237492931877
0.780349848192184,0.780349848192184,0,0.167108747470512,0.576890906841306,633.099087037424,139.999500001786,109.624670380748
0.636984868569582,0.636984868569582,0,0.284726392760311,0.109482169972408,669.853463784195,141.999492858954,120.409911765227
0.697914575865961,0.697914575865961,0,0.351368766797055,0.304902188631406,603.649832441766,151.999457144796,110.704067720947
0.896664200132676,0.896664200132676,0,0.592958106242236,0.427927665286936,859.207585234395,155.999442859133,116.075323614949
0.947252157534817,0.947252157534817,0,0.254362046396965,0.393907182661941,815.983765340531,133.999521430281,119.480955473469
0.943366145423235,0.943366145423235,0,0.252937392090432,0.789964063719015,970.280895305954,125.999550001607,120.039339438217
0.671504829471489,0.671504829471489,0,0.210642609079241,0.378827616800096,713.860729715897,143.999485716122,115.441444774478
0.839936537165236,0.839936537165236,0,0.132327020701536,0.149036259775201,937.912347517386,137.999507144617,125.463465826268
0.965646381497649,0.965646381497649,0,0.858100965075749,0.60070485439337,820.907129118378,161.999421430638,114.001596612411
0.754954362578605,0.754954362578605,0,0.0154565670769217,0.236053054207065,637.460503131812,133.999521430281,113.353994106059
0.90101264180836,0.90101264180836,0,0.229633465876106,0.76987473021635,861.420220170278,129.999535715944,117.034149118143
0.685772368985475,0.685772368985475,0,0.901047686545908,0.816272323016924,802.386751282125,167.999400002143,111.431400007242
0.631597237539423,0.631597237539423,0,0.50982769780734,0.334991893482434,638.879197776453,155.999442859133,112.111473144415
0.506734294387076,0.506734294387076,0,0.0612255107702497,0.792204443476387,602.587122224714,135.999514287449,106.35090338048
0.60100179392312,0.60100179392312,0,0.141532495386509,0.222573750287674,735.819778225423,135.999514287449,119.117542840291
0.983480235573684,0.983480235573684,0,0.400113733106596,0.558422311467497,614.12720621417,149.999464287628,107.374154352269
0.867398375911107,0.867398375911107,0,0.186181219975197,0.665327192424855,814.768205823032,131.999528573112,115.54252406723
0.889951417421334,0.889951417421334,0,0.437629175870556,0.748889611029389,647.957661312216,149.999464287628,104.210647000488
0.814927636376072,0.814927636376072,0,0.299571891798898,0.932960546894337,879.855276998817,139.999500001786,115.191811590361
0.709360268289096,0.709360268289096,0,0.320204322478356,0.246296896140381,685.295256236042,149.999464287628,114.511830608584
0.757160363906939,0.757160363906939,0,0.652150589506685,0.0661106015980327,700.436180494175,153.999450001964,117.847957672795
0.908787368121957,0.908787368121957,0,0.986408627389306,0.138952667454233,869.708757813415,161.999421430638,119.008777232263
0.690999905308662,0.690999905308662,0,0.215742447889393,0.625766134984241,732.573798799082,141.999492858954,113.548563390868
0.836578804812408,0.836578804812408,0,0.0352069028148709,0.9129565933531,898.009476226986,115.999585715765,119.843241925226
0.679312053765367,0.679312053765367,0,0.901454271909334,0.378424533800862,623.238090476143,169.999392859311,106.213065978991
0.63358998934197,0.63358998934197,0,0.961826650250459,0.421658818313812,658.1487913177,169.999392859311,109.297519000357
0.793120718263788,0.793120718263788,0,0.0763600236472717,0.247607797679603,609.600483007274,139.999500001786,112.697353196834
0.506151821128604,0.506151821128604,0,0.731278905256311,0.578254548140343,812.272694567179,159.999428573469,114.979677299333
0.695391470852539,0.695391470852539,0,0.144480960686164,0.483481011152556,898.191425149455,127.999542858775,120.748823389482
0.911990334721843,0.911990334721843,0,0.479911616168923,0.0197445087894271,694.020359085389,155.999442859133,116.581284886411
0.965746989809966,0.965746989809966,0,0.279530587323743,0.700681608196217,768.020929719192,139.999500001786,113.991791734337
0.640678169131116,0.640678169131116,0,0.273213965948143,0.935350386543318,723.201382427956,145.999478573291,109.856230440434
0.548708165404291,0.548708165404291,0,0.104389008840936,0.323175425726825,782.69322560609,131.999528573112,118.785830831979
0.768169280342724,0.768169280342724,0,0.44454413226332,0.892642448666322,984.862700217683,139.999500001786,122.333831125263
0.63814104427431,0.63814104427431,0,0.747777846215666,0.210569554964562,802.478042449975,147.999471430459,121.63672925396
0.742611816670396,0.742611816670396,0,0.539507800747843,0.15486234295565,960.033568414719,145.999478573291,126.043879756115
0.626838050014251,0.626838050014251,0,0.939277914814992,0.178277091930868,604.607500526473,161.999421430638,113.262718268586
0.580421392027071,0.580421392027071,0,0.0377579721856671,0.18372504043037,729.520293788525,131.999528573112,117.897624082485
0.762712605076929,0.762712605076929,0,0.16466564203998,0.956473834793525,808.192872501747,135.999514287449,112.798254898307
0.884958632104943,0.884958632104943,0,0.104672114172544,0.0632643082335075,650.170334119951,137.999507144617,118.98492078254
0.997282156677353,0.997282156677353,0,0.763920172697094,0.00950849011586385,953.03347827193,159.999428573469,121.333856832849
0.83523644506856,0.83523644506856,0,0.818168366011616,0.469854758596114,946.930162483523,151.999457144796,121.713666755632
0.671840564318372,0.671840564318372,0,0.559717918015088,0.680596705792695,912.415894425743,153.999450001964,116.09076209413
0.752468025981801,0.752468025981801,0,0.838716163607524,0.804972170980056,954.42027986047,161.999421430638,116.07144208815
0.595306072618878,0.595306072618878,0,0.0738929609071288,0.538679352733543,879.854588931807,125.999550001607,119.097858840525
0.507310715810067,0.507310715810067,0,0.454125370156574,0.244688159854308,943.68579751145,141.999492858954,127.546758982692
0.652476749896095,0.652476749896095,0,0.0569104092554864,0.046408807442174,665.149305805972,137.999507144617,116.759152186661
0.973162222924464,0.973162222924464,0,0.499577960792408,0.832360480550108,782.356098270913,149.999464287628,112.197530290151
0.888186933604432,0.888186933604432,0,0.208181241410025,0.138587251956838,746.911011736121,137.999507144617,122.194032339664
0.810727016014173,0.810727016014173,0,0.744387639458311,0.0468770713907951,974.055657421374,159.999428573469,122.335589406095
0.863286559453014,0.863286559453014,0,0.969562298392193,0.519056156473596,637.076671998674,165.999407144974,39.3980886296967
0.697248290755006,0.697248290755006,0,0.0197209530734975,0.34189173870954,865.40502948431,127.999542858775,119.448987933509
0.976999216705241,0.976999216705241,0,0.165171757187224,0.333007792257335,610.446861049671,141.999492858954,111.629782153497
0.912506595405924,0.912506595405924,0,0.317968865715238,0.522669580139203,790.444837211317,143.999485716122,115.980097835516
0.889970264458678,0.889970264458678,0,0.454121981400429,0.631475378886807,928.201109293063,135.999514287449,122.216023962068
0.714667173000017,0.714667173000017,0,0.748590811019981,0.556163583179509,854.537045764029,161.999421430638,115.068210185815
0.703566593546827,0.703566593546827,0,0.972981769936469,0.465721171106082,692.583609937147,169.999392859311,109.64098415567
0.559369485288021,0.559369485288021,0,0.687532151056868,0.42416289904962,600.812859097525,159.999428573469,110.055032901787
0.78604880868152,0.78604880868152,0,0.137051860287588,0.659370679568674,664.679464753459,137.999507144617,110.231682227979
0.865670320765151,0.865670320765151,0,0.585111091879715,0.0143340736717469,749.600186179415,155.999442859133,118.285481747887
0.894873454474758,0.894873454474758,0,0.396460368481051,0.446019161324079,740.543053882294,149.999464287628,113.66939881089
0.96029714411218,0.96029714411218,0,0.712099847364616,0.600280827621602,945.286701202095,153.999450001964,117.353771386424
0.871159692982779,0.871159692982779,0,0.497060529990684,0.380761618412825,948.173101319892,139.999500001786,125.82557616394
0.87792998151094,0.87792998151094,0,0.310472677141326,0.666445590271578,830.924136573076,141.999492858954,115.47233746825
0.937423727320686,0.937423727320686,0,0.759249430792369,0.29821760082297,781.520940522844,163.999414287806,114.796166715608
0.629502541697144,0.629502541697144,0,0.997972351714989,0.107150720933333,757.672595739792,153.999450001964,119.872641048676
0.852342961291412,0.852342961291412,0,0.233662440251441,0.66080414663683,614.255528598938,141.999492858954,107.152424219182
0.956936417857454,0.956936417857454,0,0.807941176113628,0.901837170061414,609.007531271269,407.998542862347,-42.0074236300181
0.94784324015359,0.94784324015359,0,0.864910679853341,0.37330938038112,789.790667030062,163.999414287806,114.471143735491
0.860313914688628,0.860313914688628,0,0.145919185980939,0.410763199000466,895.140434344193,129.999535715944,119.849409504198
0.734328624460346,0.734328624460346,0,0.666807415931,0.522230601965844,647.587627428893,161.999421430638,106.142864003901
0.943689480739235,0.943689480739235,0,0.948210063972983,0.0810692295100492,608.414583696682,171.99938571648,111.205884579184
0.836855137846795,0.836855137846795,0,0.980744945987187,0.855039166065883,699.502087271762,403.99855714801,-44.3817061918246
0.667452806288196,0.667452806288196,0,0.529097504267939,0.460990589269743,847.434356802191,155.999442859133,115.796206876321
0.838732789140007,0.838732789140007,0,0.207979745857267,0.516864457023006,984.756160209894,129.999535715944,122.539179322599
0.920939843839664,0.920939843839664,0,0.223039996681004,0.11101538048309,869.464547367325,141.999492858954,126.87836142781
0.862897181913214,0.862897181913214,0,0.657336180332872,0.954595110130297,605.827989304458,415.99851429102,-39.4242250548185
0.695185777125571,0.695185777125571,0,0.944052869033826,0.823179192859815,921.108096139688,165.999407144974,115.213146715325
0.913160210586783,0.913160210586783,0,0.0754836477257975,0.848277129642409,679.72039165485,131.999528573112,109.471358256463
0.564860098266626,0.564860098266626,0,0.278555844277236,0.301026364499124,953.628138385539,137.999507144617,122.441039136447
0.80535339003201,0.80535339003201,0,0.902894195917069,0.650896175305343,720.94201335984,165.999407144974,108.329296352577
0.716652494242746,0.716652494242746,0,0.584008293953861,0.899096723200544,655.381821082894,407.998542862347,-40.1767376100922
0.891353458688703,0.891353458688703,0,0.045478362734968,0.344347117161155,897.945588904467,127.999542858775,119.843016791082
0.933378525803819,0.933378525803819,0,0.994809306225289,0.261929446195227,895.770543985045,167.999400002143,117.341941991266
0.60477945260292,0.60477945260292,0,0.550452986950599,0.113929674410946,997.637636905102,149.999464287628,125.28279967393
0.902604667006666,0.902604667006666,0,0.492939077514074,0.580159197576645,984.409631831266,135.999514287449,123.078374639258
0.877138179327737,0.877138179327737,0,0.318272760281583,0.106927522496883,678.850130604044,151.999457144796,114.515911864726
0.753232265881739,0.753232265881739,0,0.0269471877806151,0.74587728926871,607.583543666278,131.999528573112,107.241128086731
0.827773099345577,0.827773099345577,0,0.233008819608128,0.979484036953031,951.61427233519,127.999542858775,118.074910694447
0.808099024538142,0.808099024538142,0,0.0796461313101591,0.786248354116903,978.915057115105,119.999571430102,119.88833177117
0.536900822722015,0.536900822722015,0,0.119818821737418,0.699419050988134,664.334716791138,137.999507144617,110.361571854138
0.981053779120529,0.981053779120529,0,0.664543884419405,0.431181148354001,879.567686700885,155.999442859133,116.493778742072
0.973876999200861,0.973876999200861,0,0.227266711590347,0.0488613325342407,613.895403212103,149.999464287628,113.551295338454
0.697611116359664,0.697611116359664,0,0.540068918593938,0.283957768555539,948.023845555004,147.999471430459,124.201763847861
0.703387118479751,0.703387118479751,0,0.829163091696829,0.981105644278607,645.738335610848,417.998507148189,-41.7753993399344
0.961948951896424,0.961948951896424,0,0.845966073353846,0.0900926261528133,602.104440363091,169.999392859311,111.059706993531
0.640067733816021,0.640067733816021,0,0.37106050489122,0.483455282187358,892.006801880979,137.999507144617,123.608789032596
0.784607063760479,0.784607063760479,0,0.642827162770002,0.356283102871971,895.994424768287,149.999464287628,122.342316792671
0.582445653041098,0.582445653041098,0,0.89960524302442,0.224661678583438,926.215982352969,147.999471430459,124.117678899759
0.806382525546261,0.806382525546261,0,0.386827771912666,0.409137920756782,989.969653177731,137.999507144617,123.221551342732
0.649188973159989,0.649188973159989,0,0.00592288893152171,0.361069250956566,909.722954354558,127.999542858775,120.93208676519
0.722896539076518,0.722896539076518,0,0.599155652489014,0.0153489440259374,889.82457823818,153.999450001964,122.648189006456
0.631608823975932,0.631608823975932,0,0.270792591693489,0.626326816242112,827.63858198388,143.999485716122,115.674186234164
0.567631234241088,0.567631234241088,0,0.890911058629183,0.581998341893238,697.315179063681,167.999400002143,109.154726684061
0.921530765559846,0.921530765559846,0,0.103600537853244,0.515377433455505,777.376949375892,127.999542858775,116.569636689347
0.809266846445302,0.809266846445302,0,0.862588919434566,0.797200283014103,719.054109359368,163.999414287806,68.9616712464029
0.626032299611192,0.626032299611192,0,0.0136392502395944,0.284341429964621,755.440275858521,129.999535715944,117.891961346917
0.939845207909865,0.939845207909865,0,0.809833316778883,0.987016183153794,964.147447049309,159.999428573469,115.693715951335
0.680021776667627,0.680021776667627,0,0.772051665992024,0.907283167531157,718.5596991392,409.998535719515,-42.3312503610851
0.898097861691636,0.898097861691636,0,0.489803674395904,0.0887874359658233,775.124397265146,149.999464287628,119.872685584139
0.78424940877058,0.78424940877058,0,0.570505092291332,0.976638483291787,669.969989847913,417.998507148189,-37.7742167477303
0.590283980469875,0.590283980469875,0,0.156491256070708,0.304933836813034,728.874580631907,133.999521430281,118.336234187672
0.920209455744969,0.920209455744969,0,0.263226921991982,0.935118426555674,993.652108890489,125.999550001607,119.628346219943
0.709590707162506,0.709590707162506,0,0.0712332988403082,0.774049570451871,756.235608669749,131.999528573112,112.364801213644
0.526518406878667,0.526518406878667,0,0.53824458138054,0.518451829409427,681.460739299515,153.999450001964,112.227057985645
0.528248032706867,0.528248032706867,0,0.267699304772069,0.919272234960955,936.918482694384,135.999514287449,119.135148894298
0.758790793451678,0.758790793451678,0,0.75721214352948,0.998157404690884,847.715519883633,161.999421430638,112.406904547111
0.740090629679943,0.740090629679943,0,0.257219956882741,0.111733884276796,723.667917145206,141.999492858954,123.918362697009
0.556954826647818,0.556954826647818,0,0.472204605983808,0.701778200711657,972.918119231837,139.999500001786,125.542765019469
0.967045671848737,0.967045671848737,0,0.496442426908583,0.278952326895389,717.54944071045,155.999442859133,113.724746625366
0.861630460884279,0.861630460884279,0,0.0598981801025458,0.197511393633555,816.21624044161,133.999521430281,120.085949884045
0.749521527057547,0.749521527057547,0,0.565162858394638,0.0807318167395035,612.927346011932,157.999435716301,113.679408487155
0.797118795636981,0.797118795636981,0,0.704845585914734,0.526068950003874,975.106392206151,145.999478573291,125.519525664772
0.986972936499333,0.986972936499333,0,0.893063979989523,0.527870205866196,792.279653141871,161.999421430638,113.614824099919
0.610782487220058,0.610782487220058,0,0.34243708454705,0.650340920344577,690.25926536097,149.999464287628,110.583085229672
0.797387117758676,0.797387117758676,0,0.453391496782526,0.713739805404077,885.757718840201,147.999471430459,115.996034384388
0.534347980256324,0.534347980256324,0,0.460711090956163,0.351644837541025,789.374638555221,139.999500001786,123.799152647465
0.980577987708928,0.980577987708928,0,0.741861145360342,0.0754032894985188,806.850029969341,157.999435716301,118.516653663072
0.64031673777242,0.64031673777242,0,0.417536170800755,0.899546051102018,866.483006965684,149.999464287628,114.460598442602
0.548458190221105,0.548458190221105,0,0.0476897647410357,0.838991457730361,794.890732700396,129.999535715944,113.849740275845
0.975005678382764,0.975005678382764,0,0.109038419388053,0.586291604373213,703.534304912958,133.999521430281,111.965666263744
0.696346031277943,0.696346031277943,0,0.951560289858661,0.727392945777525,923.267084016391,165.999407144974,115.684379692594
0.714449652610261,0.714449652610261,0,0.504405053782073,0.82191865345196,940.349762868918,149.999464287628,116.338146978465
0.914058411095682,0.914058411095682,0,0.887791208370593,0.084858665214633,857.883504657917,159.999428573469,119.251251575783
0.85288670645189,0.85288670645189,0,0.900439788984181,0.795572473129546,764.006939489469,165.999407144974,109.371116268183
0.588933772003533,0.588933772003533,0,0.59147174451072,0.486349815726387,825.49195603356,157.999435716301,115.415817562688
0.638111034759721,0.638111034759721,0,0.863946317670039,0.603624830832271,852.343060565351,165.999407144974,114.775935086664
0.578163711461524,0.578163711461524,0,0.274243373158093,0.936571621247867,819.223422424853,143.999485716122,114.071408756545
0.985830764208267,0.985830764208267,0,0.326166833286995,0.0287706868594819,665.854172471311,149.999464287628,117.609169031538
0.709459874650938,0.709459874650938,0,0.310718422890633,0.314341331452294,632.119502297828,149.999464287628,111.656019449512
0.985539688674031,0.985539688674031,0,0.5131387804753,0.196765488196309,693.059089201934,157.999435716301,113.621908154826
0.834091139490027,0.834091139490027,0,0.646239153162116,0.998980332816036,848.511547901367,155.999442859133,112.803952810578
0.702555077348459,0.702555077348459,0,0.919045112161612,0.949928731122227,861.436934245265,167.999400002143,112.743086896357
0.859022983729074,0.859022983729074,0,0.785034245703134,0.264771355159197,806.950623134693,165.999407144974,115.552549226065
0.87628236121056,0.87628236121056,0,0.840820764852588,0.0346022342845699,921.882443522269,159.999428573469,120.600857001528
0.515126835291549,0.515126835291549,0,0.532366129952055,0.319314170935618,716.884302763378,141.999492858954,123.582162545879
0.790563441542167,0.790563441542167,0,0.242891762596374,0.817951114722823,946.98676730569,127.999542858775,119.007945904768
0.982349454186395,0.982349454186395,0,0.72465567778951,0.713421434630724,767.973802086711,157.999435716301,111.897144929122
0.918808923494311,0.918808923494311,0,0.00956090010471111,0.528689538820908,940.105627727631,121.99956428727,119.904874576105
0.79997894143092,0.79997894143092,0,0.63122023742836,0.349641537072452,697.054632126055,161.999421430638,112.228898791712
0.931893791622179,0.931893791622179,0,0.221846746007508,0.69849393921591,784.514410302824,137.999507144617,113.715299168843
0.615440948265697,0.615440948265697,0,0.838657788743659,0.278210721420486,819.778616150377,149.999464287628,121.389419782345
0.823390889510234,0.823390889510234,0,0.0441591489722468,0.933989877392722,666.67900671145,129.999535715944,108.320757553128
0.681014613693397,0.681014613693397,0,0.27584329069338,0.672450169423247,606.746352656387,145.999478573291,103.771634531805
0.537574804997322,0.537574804997322,0,0.0966384563343232,0.882564401568638,633.219651926159,137.999507144617,106.522162118796
0.511029957889124,0.511029957889124,0,0.60782063717008,0.653127404862898,618.342763614162,161.999421430638,41.2567791260276
0.591621710715308,0.591621710715308,0,0.733314031982923,0.360171614183019,707.956546742586,159.999428573469,113.94868695977
0.872008712838124,0.872008712838124,0,0.670653604793617,0.288925450672198,706.474041877859,161.999421430638,112.973553492777
0.851272907653513,0.851272907653513,0,0.184462872456636,0.506481097914201,878.211714874973,127.999542858775,119.993170715193
0.945706086275545,0.945706086275545,0,0.0090209590433753,0.380479803217011,724.312402357485,123.999557144439,116.463785135423
0.897530489708296,0.897530489708296,0,0.122523185184075,0.142916442875514,959.385685411742,137.999507144617,125.416606644415
0.838659988154709,0.838659988154709,0,0.361739520946194,0.790179342491705,693.669566641149,147.999471430459,109.319990339946
0.688356312617898,0.688356312617898,0,0.801299535315013,0.00494975610882331,709.941411827043,155.999442859133,118.780559299127
0.951715156811157,0.951715156811157,0,0.896083827257103,0.0963691506634561,635.95639649515,169.999392859311,112.134812454158
0.554190904200954,0.554190904200954,0,0.971334479883209,0.502863875148802,969.034897350013,151.999457144796,123.136108024499
0.681115894118103,0.681115894118103,0,0.0226020739764535,0.838155347473698,938.014957337402,117.999578572934,120.139400217588
0.826782087787296,0.826782087787296,0,0.586347481832707,0.766647360045099,912.996375195543,151.999457144796,115.750111763607
0.98840176156847,0.98840176156847,0,0.378284926923511,0.131163620489476,644.871590793537,153.999450001964,113.117101568407
0.990334521959378,0.990334521959378,0,0.0966359677749772,0.602276580940361,931.256701385967,121.99956428727,119.575555044147
0.52801174953946,0.52801174953946,0,0.200473744667093,0.599316951320139,872.437960101187,129.999535715944,119.705141877857
0.863004194427665,0.863004194427665,0,0.377907182414957,0.884566125113399,657.980238963799,147.999471430459,99.253425219101
0.868382251549805,0.868382251549805,0,0.548567028140909,0.35880619610813,706.746705619283,157.999435716301,112.68079146315
0.937117859351327,0.937117859351327,0,0.714757110601829,0.251470837274573,780.357038966408,161.999421430638,115.118391944591
0.518005802917978,0.518005802917978,0,0.201809599642554,0.550985682157327,615.366745600336,141.999492858954,110.923778273873
0.936398762525525,0.936398762525525,0,0.530724217005184,0.988653210335112,800.290033712687,151.999457144796,111.675729938749
0.52573072280005,0.52573072280005,0,0.768317654733684,0.258303172120234,693.031919661023,145.999478573291,121.295455924918
0.553272486109594,0.553272486109594,0,0.426530092462029,0.371521964776919,821.358411611608,137.999507144617,123.386241253417
0.566584708555757,0.566584708555757,0,0.216458783783523,0.911897495746406,908.240404695064,133.999521430281,117.775014539442
0.721174876076636,0.721174876076636,0,0.777179543925526,0.860939194141894,750.913095119778,163.999414287806,106.447258665312
0.592046340865946,0.592046340865946,0,0.615758111543968,0.817020589791642,772.17916460851,159.999428573469,111.334743728234
0.754947500824007,0.754947500824007,0,0.72514908782635,0.143502200571227,799.770197698953,153.999450001964,119.409988448244
0.615251493018941,0.615251493018941,0,0.194883808437326,0.426678990559811,761.264482684882,133.999521430281,118.464805319268
0.873564699856769,0.873564699856769,0,0.579829702827266,0.935358107313977,722.544944747668,155.999442859133,105.404398110824
0.842699998509233,0.842699998509233,0,0.48160904796431,0.681941083558763,705.9932018164,151.999457144796,110.335099611757
0.77753567040391,0.77753567040391,0,0.589245934520575,0.954566030895945,943.989210691165,153.999450001964,115.595750196776
0.721278887141951,0.721278887141951,0,0.768731978803962,0.549187296054269,685.948435645889,163.999414287806,108.646690862486
0.802880172622051,0.802880172622051,0,0.120613043325818,0.613845330925692,615.670652066114,137.999507144617,108.563624581619
0.862356670739794,0.862356670739794,0,0.333722609731895,0.771506541157853,977.435902629933,129.999535715944,119.94909189958
0.879077563078322,0.879077563078322,0,0.474963938322101,0.667759710188548,897.32651479689,147.999471430459,116.461415287938
0.673831503254088,0.673831503254088,0,0.89543540354244,0.0282698193002557,870.5258386261,155.999442859133,121.645014187421
0.570199572010471,0.570199572010471,0,0.532173655342164,0.628528362657896,618.042277605973,157.999435716301,77.1339410642491
0.576704511402916,0.576704511402916,0,0.52902091002167,0.692373528359847,993.380186425706,141.999492858954,126.913018935181
0.52790996128569,0.52790996128569,0,0.967959374756556,0.766386226954887,839.420810961413,169.999392859311,113.447907688059
0.805974546530174,0.805974546530174,0,0.194826581750666,0.399307241708427,650.749670062662,143.999485716122,112.401613351858
0.627709922997766,0.627709922997766,0,0.221001926296713,0.403239242237069,807.260737243837,131.999528573112,119.602370055766
0.951083283290314,0.951083283290314,0,0.325131896113664,0.416266518793337,883.157847551042,133.999521430281,120.914235973961
0.924632047313202,0.924632047313202,0,0.200442508177858,0.847813019690137,784.363219566199,135.999514287449,112.844880017051
0.543172387383624,0.543172387383624,0,0.964016163454312,0.199967794027485,727.673925912669,151.999457144796,119.966810296635
0.86928768623938,0.86928768623938,0,0.0297469172652495,0.679278667778917,940.697824232596,119.999571430102,119.545293926286
0.596169885464888,0.596169885464888,0,0.0388609422504671,0.189628121475291,803.994476971654,133.999521430281,119.692089975668
0.857221444697548,0.857221444697548,0,0.578736392487774,0.34565180035541,664.774696178766,159.999428573469,111.319490066851
0.839368435856689,0.839368435856689,0,0.87783283339798,0.253292401925388,854.868169574365,167.999400002143,116.610924224904
0.778088335511654,0.778088335511654,0,0.0785303159954535,0.582575485192486,825.967255512459,123.999557144439,117.933244820787
0.95822211876135,0.95822211876135,0,0.128592012604131,0.433654717143335,811.035637864244,127.999542858775,118.177806157287
0.843733286057671,0.843733286057671,0,0.613851455388466,0.68167565440564,930.283765043484,151.999457144796,116.559051426618
0.753985657222954,0.753985657222954,0,0.149322912239071,0.903883729094441,983.361785309783,121.99956428727,119.534446193866
0.756423084655856,0.756423084655856,0,0.682637503998206,0.869585541298879,702.380141214046,161.999421430638,-9.09222170998437
0.875378253663656,0.875378253663656,0,0.967688048479789,0.69239990869379,915.127107251471,163.999414287806,115.676972835849
0.851412975528396,0.851412975528396,0,0.912281232755551,0.24677042817719,764.702087333299,167.999400002143,114.612621346481
0.710972401707575,0.710972401707575,0,0.176085098123033,0.115699725346472,936.488965081741,141.999492858954,127.129020870978
0.854812917348864,0.854812917348864,0,0.0990259324018606,0.487961191779464,998.937137352367,125.999550001607,122.859209225992
0.599120361956529,0.599120361956529,0,0.583069869278194,0.406179526884449,694.171851036522,157.999435716301,113.008556725444
0.704393733843679,0.704393733843679,0,0.97114103230829,0.808313092986505,860.91643340759,167.999400002143,113.583186246691
0.609648357706062,0.609648357706062,0,0.389127056783327,0.549052841270418,840.404145697605,149.999464287628,115.849061294947
0.717721937331148,0.717721937331148,0,0.831476101873994,0.536316868621624,716.773535582628,165.999407144974,110.685540251247
0.612776611058751,0.612776611058751,0,0.504034503082248,0.971591132185782,784.372676034791,155.999442859133,111.016360730988
0.591170611597796,0.591170611597796,0,0.301986760921955,0.978089771953912,904.913915068429,141.999492858954,115.863860058232
0.716315513134653,0.716315513134653,0,0.153753652328203,0.340050746492082,746.783609857913,133.999521430281,118.444333821743
0.564874422128386,0.564874422128386,0,0.205218131316976,0.523117834779039,888.332309701728,129.999535715944,120.391871745106
0.734945984386123,0.734945984386123,0,0.948201272762822,0.0983030550234023,950.458836519897,157.999435716301,121.9685345663
0.596466085901745,0.596466085901745,0,0.295121972076031,0.773287118852624,623.589989849811,147.999471430459,99.922643550175
0.537224009572366,0.537224009572366,0,0.317379173237937,0.253574840248094,615.63554880271,137.999507144617,116.652843628978
0.901612164031412,0.901612164031412,0,0.119879297954573,0.82376298355422,875.355579324492,121.99956428727,117.595119357566
0.697919541391441,0.697919541391441,0,0.616222326438128,0.733873862949967,884.979098183614,155.999442859133,115.092950199503
0.591853457106347,0.591853457106347,0,0.0992424786220513,0.806327340785733,814.058789742821,131.999528573112,114.355617014605
0.569752315871866,0.569752315871866,0,0.25843053635437,0.836814545521638,659.511917774569,145.999478573291,106.86320513259
0.598223199123266,0.598223199123266,0,0.575027296207045,0.784135568460413,841.251709055509,157.999435716301,113.893650119365
0.576923195479548,0.576923195479548,0,0.27968556519871,0.25877798008912,957.188789053336,137.999507144617,124.004274510842
0.500757742541736,0.500757742541736,0,0.373334339253793,0.11649297093133,616.08129058784,141.999492858954,116.373772989129
0.623121679025371,0.623121679025371,0,0.21852046092008,0.263749891041455,990.838460949055,137.999507144617,122.796529052819
0.702051173511793,0.702051173511793,0,0.608947538371526,0.382785270866859,630.226695062265,161.999421430638,109.479580567355
0.7900718339917,0.7900718339917,0,0.638257283246485,0.956394987731041,909.789166956996,155.999442859133,114.689072030004
0.85796308677182,0.85796308677182,0,0.903638372498078,0.575676981569498,765.95329109226,163.999414287806,112.310095865998
0.777147113240248,0.777147113240248,0,0.204600540857112,0.762600867161135,746.886258955779,139.999500001786,112.512963846208
0.773144389979977,0.773144389979977,0,0.112595507110708,0.476237685481283,661.620119463617,137.999507144617,111.846204180827
0.946206261689282,0.946206261689282,0,0.510116751727199,0.808477793715555,977.637187496062,137.999507144617,123.142763564763
0.778526595469135,0.778526595469135,0,0.798534783387005,0.889697045102262,764.494382461216,163.999414287806,107.486920548804
0.550576027604484,0.550576027604484,0,0.346657278148716,0.739830154175041,770.548728662037,147.999471430459,112.907446711954
0.89663337815872,0.89663337815872,0,0.00990065597959144,0.0299882255821395,832.200293977046,139.999500001786,124.795343465457
0.684604285622018,0.684604285622018,0,0.834217806573992,0.496845926264279,990.098371579088,149.999464287628,123.418503973148
0.700568411668939,0.700568411668939,0,0.543852960328851,0.707091686786751,835.447500262074,153.999450001964,114.14342660769
0.755636331287899,0.755636331287899,0,0.943675316742226,0.644730806323081,685.637668157307,167.999400002143,58.4174364119412
0.912405519640985,0.912405519640985,0,0.363229511850441,0.78236430015093,681.129762762011,145.999478573291,108.866012056051
0.518617353404952,0.518617353404952,0,0.351931388820243,0.962372589742409,689.81524483616,151.999457144796,103.813494294678
0.586758113116238,0.586758113116238,0,0.670993245944396,0.0125179305006367,901.911760815688,155.999442859133,122.878398017136
0.591063036725069,0.591063036725069,0,0.752581090466361,0.690523429041936,693.770440667141,163.999414287806,104.883253099037
0.791971898867117,0.791971898867117,0,0.262351640788266,0.457609851404381,848.346751730947,133.999521430281,120.090511610229
0.800579024261815,0.800579024261815,0,0.306880629001844,0.618651026456625,800.376712013942,143.999485716122,115.723266335809
0.775886371373454,0.775886371373454,0,0.514917388244564,0.607532737793524,622.199856261048,155.999442859133,98.896988408781
0.650354144693229,0.650354144693229,0,0.822577712145041,0.391648312662536,721.842040888145,165.999407144974,112.819269775494
0.736706735195855,0.736706735195855,0,0.419362232473618,0.360899614709334,703.292906807236,153.999450001964,112.893060563068
0.615887406368694,0.615887406368694,0,0.0892856486001635,0.199453164272467,611.883336859254,131.999528573112,115.155290597498
0.525983143814887,0.525983143814887,0,0.82415604478773,0.865589619148096,782.716054081541,167.999400002143,109.734488746425
0.609863003897583,0.609863003897583,0,0.0740194718998385,0.431102015862287,893.939210722839,127.999542858775,120.323406824432
0.508508864118197,0.508508864118197,0,0.540522939900398,0.0208711589450292,671.635327733596,149.999464287628,116.987787080592
0.506434921202549,0.506434921202549,0,0.434389036724592,0.0641087956555939,883.181802332354,149.999464287628,123.408408412768
0.801434829009696,0.801434829009696,0,0.802616345012258,0.32084297637951,968.960125266482,149.999464287628,122.972388721006
0.610772601989682,0.610772601989682,0,0.164902756919318,0.391385693613655,785.333288997067,129.999535715944,118.66483249453
0.755774127017922,0.755774127017922,0,0.946850188266464,0.958936147832465,786.025176527157,167.999400002143,78.5298825227938
0.752536788683757,0.752536788683757,0,0.83712956250736,0.186482611891321,703.973561620858,167.999400002143,113.873048068013
0.797305823210275,0.797305823210275,0,0.473714334621021,0.830705015113733,622.170275567836,399.998571433673,-39.7360023426169
0.692347052660706,0.692347052660706,0,0.105995135784074,0.94886121435593,905.169236755701,123.999557144439,117.653476498936
0.762663521246125,0.762663521246125,0,0.750173351921378,0.460995565787086,603.285838190219,163.999414287806,65.7476703671652
0.78408877287272,0.78408877287272,0,0.405178160978375,0.0963517621754941,819.926272528019,143.999485716122,125.305361197265
0.677807380048198,0.677807380048198,0,0.293007110823909,0.378905781483864,825.010160783466,137.999507144617,122.204727901753
0.874165612662878,0.874165612662878,0,0.633268049033459,0.806964855873103,769.820117483127,155.999442859133,111.390871491438
0.690535000434692,0.690535000434692,0,0.535182907308069,0.878561779370984,619.973958507224,405.998550005179,-40.2074775145696
0.675873786043961,0.675873786043961,0,0.398824416559084,0.358647238505763,764.673545354391,151.999457144796,114.985064107892
0.804879243500816,0.804879243500816,0,0.772005544221808,0.39028379643897,803.779075559187,163.999414287806,114.721815987843
0.518944477401148,0.518944477401148,0,0.583801942083871,0.222940400591711,721.575843073764,145.999478573291,121.859378367472
0.998161053611567,0.998161053611567,0,0.929838222801004,0.26791413661465,659.421106118867,167.999400002143,111.213358806657
0.574102512367849,0.574102512367849,0,0.133406148660056,0.0884783239268749,888.45759260694,139.999500001786,124.434166767631
0.93063815303766,0.93063815303766,0,0.563903716824372,0.42790142382487,919.458749624957,141.999492858954,126.621229741803
0.840106383495983,0.840106383495983,0,0.213157858880011,0.364132450148894,933.195981405292,133.999521430281,121.598157312895
0.953836921802864,0.953836921802864,0,0.673446925899351,0.987820934728886,787.010950237666,157.999435716301,110.482529567046
0.827386287805834,0.827386287805834,0,0.813549462921268,0.588200401337251,622.388863140977,369.998678576148,-49.1786384207177
0.528403627364094,0.528403627364094,0,0.976887006162093,0.804119995674294,847.853062280806,171.99938571648,113.392164432071
0.633461965385918,0.633461965385918,0,0.00623909226375996,0.10344985136355,644.071375011323,133.999521430281,115.660497114982
0.804376858372889,0.804376858372889,0,0.177662489283763,0.542825433279682,829.508664664722,129.999535715944,118.031119827774
0.616537519136739,0.616537519136739,0,0.253135327005805,0.163073771959373,684.40957109825,139.999500001786,120.340480441724
0.756550295925469,0.756550295925469,0,0.460405640559768,0.0140588898677251,855.189980316311,149.999464287628,122.939421226435
0.575280213139187,0.575280213139187,0,0.0564982614234484,0.00517938754951752,604.81902535729,135.999514287449,115.311155404729
0.63499706349847,0.63499706349847,0,0.718828553014254,0.77003565763798,606.23934577383,391.998600005,-45.3927897850509
0.731279279754577,0.731279279754577,0,0.783179436768512,0.336811334479809,908.410507166236,153.999450001964,120.814864532812
0.709186830616282,0.709186830616282,0,0.872888464129415,0.800277622141325,850.220239120165,165.999407144974,113.463829404319
0.809982270294788,0.809982270294788,0,0.483324572964353,0.395620992735436,799.153945665696,153.999450001964,115.028362170056
0.990327313478642,0.990327313478642,0,0.0671133913632085,0.126840422241655,903.524289263416,135.999514287449,123.345523741488
0.908529188980005,0.908529188980005,0,0.202159859765482,0.982004765031392,888.28749824641,129.999535715944,115.678918252419
0.500017852853743,0.500017852853743,0,0.0381043842935788,0.88483662326062,994.048516186819,119.999571430102,120.067240765148
0.64106849831345,0.64106849831345,0,0.689331748809095,0.347312007010511,804.175396639172,159.999428573469,115.758625379591
0.848082428253762,0.848082428253762,0,0.336254176466006,0.425277596627842,867.852740603491,135.999514287449,121.696655994835
0.78638288443827,0.78638288443827,0,0.107824851068787,0.779324294899208,776.512626707374,131.999528573112,113.007390926872
0.587200282618417,0.587200282618417,0,0.565093262507061,0.928103208065427,980.044738187217,153.999450001964,116.498959226684
0.642599191429144,0.642599191429144,0,0.225689362345107,0.542641559251736,716.517613707204,143.999485716122,113.707032959889
0.908043401961446,0.908043401961446,0,0.742796117224841,0.977820602704479,823.09340065755,159.999428573469,111.874244566187
0.994607385595263,0.994607385595263,0,0.427608211769145,0.0529261628720724,660.207025675306,157.999435716301,113.955976707976
0.706723328767382,0.706723328767382,0,0.125966243133794,0.454165201185275,772.638644312624,131.999528573112,117.31284723272
0.642934699560258,0.642934699560258,0,0.303811360967489,0.310032696832033,688.334541957207,145.999478573291,114.713158163939
0.627936420354559,0.627936420354559,0,0.529218720095517,0.39535202669234,928.864295410834,141.999492858954,127.418060155713
0.989932627537681,0.989932627537681,0,0.324553076153907,0.274080740687615,847.917466848269,135.999514287449,122.532568315078
0.548265442136214,0.548265442136214,0,0.704482862553415,0.0492872248730519,837.451471623268,155.999442859133,121.665595301076
0.860133448226041,0.860133448226041,0,0.898703486047352,0.204038315810268,855.722538371819,159.999428573469,118.611727821791
0.522244434032706,0.522244434032706,0,0.993491713035134,0.0494127620132286,839.394895446419,157.999435716301,121.569770550809
0.648230697433952,0.648230697433952,0,0.0106355072097191,0.789162361779691,756.781442707504,127.999542858775,112.587834791874
0.516943437386531,0.516943437386531,0,0.119430703050415,0.0615647438143926,940.864705839137,139.999500001786,124.833433334244
0.668015528554429,0.668015528554429,0,0.727131272650407,0.351763663908838,646.209152562475,163.999414287806,110.695382372353
0.745832350928109,0.745832350928109,0,0.720877162996947,0.188302997568129,714.351902164568,165.999407144974,114.337914586982
0.933059465502899,0.933059465502899,0,0.82593107712384,0.895317214368031,663.28451606341,407.998542862347,-42.1762714851813
0.829632631218338,0.829632631218338,0,0.480680920225372,0.618998157212949,804.279756600967,149.999464287628,114.085994305768
0.50750863679047,0.50750863679047,0,0.945243113568857,0.402162594786946,753.781901587014,151.999457144796,119.644132489415
0.799885254327665,0.799885254327665,0,0.593797849983508,0.0206796190518302,829.849864582734,153.999450001964,120.730024173185
0.544987039468646,0.544987039468646,0,0.319363225162836,0.109175855081866,964.102554468883,143.999485716122,127.178458957703
0.798845106274066,0.798845106274066,0,0.844551926955539,0.498703713240536,846.692264028,163.999414287806,115.078238765578
0.727972398950527,0.727972398950527,0,0.823923555021533,0.691326734103712,833.137582764626,163.999414287806,113.689455209085
0.628623781293667,0.628623781293667,0,0.841585082590518,0.346475194120651,727.963558732031,165.999407144974,113.974417557203
0.622475635866818,0.622475635866818,0,0.349016532752208,0.174726097986948,913.458789850531,143.999485716122,127.391572562224
0.539606450439241,0.539606450439241,0,0.3769498297365,0.836370353585086,954.646938650447,141.999492858954,122.554484265353
0.738086375166869,0.738086375166869,0,0.496967161339451,0.612022336193548,747.64318273473,153.999450001964,112.257831010312
0.870146899961074,0.870146899961074,0,0.941124225550859,0.882515544556906,735.037052794536,405.998550005179,-43.3809242559211
0.703628903988967,0.703628903988967,0,0.184934984094494,0.428330127045485,731.164799739842,141.999492858954,115.417670202803
0.787933299591244,0.787933299591244,0,0.718934822404072,0.902986516939114,695.5205327884,407.998542862347,-41.1630549256501
0.750621157209124,0.750621157209124,0,0.438784166951615,0.981929584483774,861.459633613847,149.999464287628,113.853458620505
0.733630085388945,0.733630085388945,0,0.862596574553199,0.48053747018777,998.077872486957,149.999464287628,123.430493017232
0.858269913605491,0.858269913605491,0,0.330397729594071,0.665714693004906,669.103903361157,145.999478573291,109.626177959552
0.752082763191609,0.752082763191609,0,0.101905030742683,0.528590912199103,645.459838984941,137.999507144617,110.711942850689
0.633731984941412,0.633731984941412,0,0.895679466032745,0.752719115324068,666.622545829329,391.998600005,-46.8279489220036
0.582417278695773,0.582417278695773,0,0.359106719874142,0.903919771869186,637.184007378283,409.998535719515,-37.3102296885842
0.993422000718245,0.993422000718245,0,0.857944955793606,0.236314140366327,980.977521871958,151.999457144796,122.198661772488
0.899671603661561,0.899671603661561,0,0.402463460518619,0.18873144253882,889.256935213562,141.999492858954,126.560556563765
0.511046672363877,0.511046672363877,0,0.00959741742397213,0.352535392537019,966.638472796599,127.999542858775,121.954838315027
0.767353212943876,0.767353212943876,0,0.921527625516847,0.196713621606015,679.318273482954,169.999392859311,112.788764546689
0.585212117590392,0.585212117590392,0,0.367811677276737,0.151738217526965,973.137150173744,143.999485716122,127.703757508331
0.766428505421744,0.766428505421744,0,0.518403961479512,0.381972083226346,819.470598994347,155.999442859133,115.481139963725
0.730365916267436,0.730365916267436,0,0.0510206125147673,0.317307640257562,740.816249994023,127.999542858775,117.443976724563
0.74514322856749,0.74514322856749,0,0.589949305524617,0.87922943619235,731.804198515625,157.999435716301,107.440368865373
0.805129430948661,0.805129430948661,0,0.786953070618724,0.881111693841435,726.494139266033,161.999421430638,45.9084701462601
0.537755547304915,0.537755547304915,0,0.259610195401745,0.123278144593795,993.680210799094,141.999492858954,127.46550499266
0.830270343219415,0.830270343219415,0,0.738576310772182,0.221135587754201,812.248045158505,163.999414287806,116.01210406546
0.638455328120431,0.638455328120431,0,0.821341601807719,0.0898271533373525,706.303635601128,151.999457144796,119.140424365989
0.577224275241133,0.577224275241133,0,0.9888799568974,0.621167004977667,778.923008698902,169.999392859311,112.459853691418
0.559260372597169,0.559260372597169,0,0.454704556390918,0.658473345511578,967.856843877792,137.999507144617,124.840918077678
0.536402647213717,0.536402647213717,0,0.732675415929936,0.718210983429297,829.775639438518,163.999414287806,113.859671450361
0.526589642756943,0.526589642756943,0,0.748797575151328,0.524453569968262,622.637815500305,161.999421430638,109.133796016027
0.838762770677434,0.838762770677434,0,0.0499131894146391,0.617835351154022,622.984887841574,131.999528573112,109.096830651159
0.774189660789958,0.774189660789958,0,0.569978988076517,0.046364287127494,844.831769149071,151.999457144796,121.384208616101
0.793297222273905,0.793297222273905,0,0.119460754342221,0.715810079399208,693.441222035374,135.999514287449,110.814266316266
0.873649039062045,0.873649039062045,0,0.422755811344054,0.630555169950577,748.434907761956,147.999471430459,112.641227198961
0.831604766671506,0.831604766671506,0,0.515443202607371,0.661917331666561,928.163434121887,147.999471430459,117.015663154578
0.871894985722384,0.871894985722384,0,0.733386151489521,0.674947646524605,609.336679973259,379.99864286199,-46.2141593559143
0.942618621947715,0.942618621947715,0,0.523899586795424,0.310361145383431,663.91315531435,155.999442859133,111.828419926735
0.563547025024461,0.563547025024461,0,0.395599429470123,0.0626459802628042,743.398422445626,147.999471430459,119.500563822348
0.709968176719043,0.709968176719043,0,0.195153532476374,0.298755805915811,870.496706852143,133.999521430281,121.703319826922
0.82910214895894,0.82910214895894,0,0.73300897473645,0.577525280786566,832.437071775453,159.999428573469,114.451809640766
0.808490819786467,0.808490819786467,0,0.267459176439195,0.62803149545511,861.420127369156,133.999521430281,118.541171374882
0.925136372171052,0.925136372171052,0,0.00682609686346736,0.661375461361644,986.848548617337,119.999571430102,120.521363586201
0.728231234164169,0.728231234164169,0,0.248028735394078,0.137108451302999,822.854826448371,141.999492858954,125.998695399064
0.660369047775189,0.660369047775189,0,0.865671309088954,0.717028441159068,606.556917187081,387.998614290663,-47.5208148829342
0.81572559264786,0.81572559264786,0,0.400130791000974,0.263233286335806,691.436695419454,153.999450001964,113.319353282293
0.740569852305788,0.740569852305788,0,0.345721776495745,0.28350274369877,761.726745239003,149.999464287628,115.514026914794
0.962258909528762,0.962258909528762,0,0.159666917446061,0.134988193760347,704.333674144284,135.999514287449,119.466319422873
0.957370314950768,0.957370314950768,0,0.579122432515918,0.0444969178902735,697.555653531779,163.999414287806,114.697190262948
0.866816658423661,0.866816658423661,0,0.501643645866743,0.733656043012606,616.957854729446,385.998621433495,-42.2188868763769
0.700748229008482,0.700748229008482,0,0.346884139491597,0.304165233793524,900.660270691657,137.999507144617,125.034723912452
0.939237122813931,0.939237122813931,0,0.405810818636163,0.344935408075744,719.0373732674,151.999457144796,113.627019517932
0.857011090078087,0.857011090078087,0,0.250994420044927,0.441463344676572,861.994256393636,131.999528573112,119.766385443665
0.727304717775816,0.727304717775816,0,0.188549651552344,0.621710012369265,786.792846865502,137.999507144617,114.355394968981
0.674336923295738,0.674336923295738,0,0.704655207678617,0.103214597024899,676.031701455191,149.999464287628,118.705860044931
0.585796821648536,0.585796821648536,0,0.886581199821702,0.111799568110407,808.734020771867,153.999450001964,121.041891260669
0.748614723444788,0.748614723444788,0,0.837980700462553,0.532198771626661,689.815979349918,165.999407144974,108.682768466293
0.512693755262017,0.512693755262017,0,0.533218952372611,0.636511521417249,792.144975885256,155.999442859133,114.043521758439
0.808529129208574,0.808529129208574,0,0.653222893778552,0.549828569298128,845.026401055892,157.999435716301,114.99397663581
0.791719785781078,0.791719785781078,0,0.829019661727806,0.520840539832081,864.926074507877,163.999414287806,115.394419986741
0.862953894466802,0.862953894466802,0,0.0967681088425357,0.02797657576015,800.541813283184,141.999492858954,126.204721357207
0.698525414048397,0.698525414048397,0,0.487050680876709,0.467611451540829,769.060968375916,155.999442859133,113.871977258991
0.936587275438291,0.936587275438291,0,0.740398285665283,0.887691390129264,822.430434632751,157.999435716301,112.494251881686
0.784368993143331,0.784368993143331,0,0.354318954159345,0.833290763472047,893.320973513149,143.999485716122,116.070878900189
0.590318287491716,0.590318287491716,0,0.136505376642313,0.655617925403055,892.89045523452,125.999550001607,118.829809297619
0.76588013932632,0.76588013932632,0,0.450819918922638,0.610933150297157,868.792633333456,149.999464287628,115.931363148782
0.719712542205109,0.719712542205109,0,0.469521976702896,0.952351570935357,846.026955998851,151.999457144796,113.371945062847
0.848156168592216,0.848156168592216,0,0.741145937842087,0.442437567685545,778.815344951146,161.999421430638,113.827205333264
0.611185131588593,0.611185131588593,0,0.692647090448013,0.83159383278099,828.781250108067,161.999421430638,113.026199664254
0.948339434245565,0.948339434245565,0,0.339814300137572,0.470279101001564,677.624955400263,147.999471430459,111.800220889644
0.834613889270781,0.834613889270781,0,0.265049920201612,0.260200771705324,770.32166928143,137.999507144617,121.855543062548
0.666224755611155,0.666224755611155,0,0.222479875041141,0.995829586291731,928.862103941254,131.999528573112,117.10192353034
0.688654596805143,0.688654596805143,0,0.462464776012853,0.0194747605219101,726.257905881972,149.999464287628,119.81352449487
0.523288326765597,0.523288326765597,0,0.816167291240308,0.319198880894577,823.302397098125,145.999478573291,125.586013999094
0.759244407372555,0.759244407372555,0,0.964755526430105,0.47282017063056,632.978651516318,167.999400002143,39.7537327594165
0.642230192461817,0.642230192461817,0,0.169744298897211,0.592857989428036,654.193160752616,141.999492858954,110.67938164765
0.678621837278545,0.678621837278545,0,0.516495513060541,0.9658810417702,690.633994091475,417.998507148189,-37.7372869740945
0.846213492002107,0.846213492002107,0,0.396667927601003,0.449287710314804,790.073652619481,149.999464287628,115.045722419438
0.842611636347209,0.842611636347209,0,0.305064976996722,0.363803304389043,789.045616838766,145.999478573291,115.950378021213
0.740202621447728,0.740202621447728,0,0.974750485623494,0.775924404981999,664.450319794575,393.998592862168,-46.1884720297755
0.990373202277095,0.990373202277095,0,0.183367274626687,0.588025267381224,817.062545860942,127.999542858775,117.080201924057
0.516183412149709,0.516183412149709,0,0.0270047502282471,0.769923661346011,687.615866064972,131.999528573112,110.578358413418
0.635312055902436,0.635312055902436,0,0.260487421615863,0.167182637766673,600.467476211265,137.999507144617,116.858376449555
0.880175835170761,0.880175835170761,0,0.985199548553437,0.514501161953291,827.477845233141,165.999407144974,114.469419968386
0.543382552776504,0.543382552776504,0,0.312736838049606,0.67896991543629,810.942019263812,145.999478573291,115.221596174098
0.576659490707912,0.576659490707912,0,0.463314244543623,0.218351612722106,769.303634723182,143.999485716122,124.6906551023
0.647830981981197,0.647830981981197,0,0.121269660925501,0.639128987680992,880.322551428519,125.999550001607,118.697347878629
0.594530394992836,0.594530394992836,0,0.64388333962548,0.440805830953694,642.411974651872,159.999428573469,110.576458816208
0.866162915047763,0.866162915047763,0,0.171078668940516,0.199943678104646,895.049633469497,137.999507144617,123.623603499032
0.857722415867552,0.857722415867552,0,0.172901323528584,0.196046374175077,938.861125166081,137.999507144617,124.280405480141
0.94444483048039,0.94444483048039,0,0.255384197096357,0.884720264573986,703.034120604503,141.999492858954,109.750997112345
0.71866639711524,0.71866639711524,0,0.900974256409247,0.533090118305811,905.241005729531,165.999407144974,116.21411122511
0.565590069177515,0.565590069177515,0,0.934497479498591,0.502601640153062,898.53262230564,165.999407144974,116.779911122441
0.60770104515879,0.60770104515879,0,0.175269975912561,0.709822534079181,967.691790427671,125.999550001607,121.144148214618
0.525296580102494,0.525296580102494,0,0.741196817222277,0.812142346637307,689.065653395526,397.998578576505,-44.8654409638619
0.841001045948128,0.841001045948128,0,0.137173140997479,0.208839529500716,654.432862409683,141.999492858954,115.142025771986
0.872640663961227,0.872640663961227,0,0.024951952922906,0.672544964795639,759.433429614085,123.999557144439,114.703140633796
0.715154594465897,0.715154594465897,0,0.786565336222667,0.911826206985122,988.807846819412,159.999428573469,116.429623269904
0.771359899072375,0.771359899072375,0,0.926136043704875,0.402608228832041,653.89299817083,169.999392859311,107.650000781934
0.517222194213658,0.517222194213658,0,0.316711559379629,0.477447562645173,706.543500902767,141.999492858954,114.705052566719
0.77161137265448,0.77161137265448,0,0.452051877177734,0.795781639174706,885.989726121207,147.999471430459,115.559615753518
0.597809130223504,0.597809130223504,0,0.69702626655013,0.16490213505633,999.793895757653,147.999471430459,125.413571591169
0.655071717553434,0.655071717553434,0,0.469412594911702,0.430467725269786,733.315060575676,155.999442859133,113.356318322308
0.640649447356861,0.640649447356861,0,0.637504792086697,0.484295638062086,778.513106946618,159.999428573469,113.90945947842
0.620158646039666,0.620158646039666,0,0.365510321010453,0.163964285702983,981.927404772494,143.999485716122,128.450878870817
0.903072777134327,0.903072777134327,0,0.456753045437435,0.148848828834217,728.819072956718,151.999457144796,116.4497492003
0.592651626580168,0.592651626580168,0,0.443117622583645,0.507449230331135,696.036562106673,153.999450001964,111.988993417573
0.881860489897005,0.881860489897005,0,0.94302932292045,0.39716286853558,862.801158968942,165.999407144974,115.953583029301
0.658071655270094,0.658071655270094,0,0.0679022171101685,0.0149718732492623,923.445636542397,141.999492858954,126.469084243674
0.616051044188128,0.616051044188128,0,0.68900050389208,0.142872375457204,923.685377682913,149.999464287628,124.362022374657
0.643539324443749,0.643539324443749,0,0.0532168226667747,0.767783036353717,875.17587891797,121.99956428727,118.226945470467
0.743259322926092,0.743259322926092,0,0.897758135981847,0.302274267591853,845.718118663183,167.999400002143,116.242980176176
0.96537190498656,0.96537190498656,0,0.860992158632394,0.0256661571447183,707.18939199007,171.99938571648,114.783488175797
0.862928136341687,0.862928136341687,0,0.105598179849573,0.304447329180671,900.660968254235,131.999528573112,120.583096686578
0.975150153336602,0.975150153336602,0,0.250256895839402,0.263063849705419,914.155370375981,135.999514287449,122.578801128021
0.897128951002768,0.897128951002768,0,0.0883460784889695,0.582501065847465,752.321623628038,129.999535715944,114.327284719824
0.897543535749846,0.897543535749846,0,0.851530906345968,0.68181815690851,912.220842834276,159.999428573469,115.732569598751
0.696637908417123,0.696637908417123,0,0.746977030225627,0.535327122939967,925.898226810643,161.999421430638,116.715586331032
0.567883428925843,0.567883428925843,0,0.85925898652865,0.566805238125981,633.066937757753,169.999392859311,-20.9322054504341
0.746587737719287,0.746587737719287,0,0.971374228106842,0.0364666696050324,935.916015708175,159.999428573469,122.256482468176
0.89578079714773,0.89578079714773,0,0.331422151297026,0.75781445243288,943.678821820735,129.999535715944,119.53618488608
0.793440729963203,0.793440729963203,0,0.625407235577456,0.165956519143789,826.484218602407,151.999457144796,120.113550317067
0.566114317656131,0.566114317656131,0,0.868315645023836,0.27781988747106,670.263748091152,157.999435716301,114.980166682459
0.710600119558172,0.710600119558172,0,0.548467091063746,0.861831173792362,773.985777537226,155.999442859133,111.248005279288
0.566820505546852,0.566820505546852,0,0.503062382064046,0.768103692349086,777.742594945112,155.999442859133,112.328071803936
0.963988749518056,0.963988749518056,0,0.384772944691674,0.0229697283080909,850.637528999552,147.999471430459,122.533659660623
0.812819947072936,0.812819947072936,0,0.935555489855307,0.0718884487159687,765.876671100668,171.99938571648,116.1527348713
0.910814061991027,0.910814061991027,0,0.143906250989125,0.435153804563848,693.710385764756,137.999507144617,113.256057307065
0.894239372073417,0.894239372073417,0,0.853520484741766,0.082713440123154,784.690326969195,169.999392859311,116.235818603119
0.632979241762873,0.632979241762873,0,0.910124404406736,0.857630354414734,660.973745260378,403.99855714801,-44.9854276422085
0.955862716020372,0.955862716020372,0,0.0517384015150651,0.664611977296899,819.59436341022,119.999571430102,117.737944075337
0.735309027886385,0.735309027886385,0,0.159444405222323,0.456560383795528,705.356722164126,139.999500001786,114.041037510294
0.948051315098204,0.948051315098204,0,0.656855411280723,0.161624569996848,807.040360645039,153.999450001964,119.389237722625
0.757900757159492,0.757900757159492,0,0.816515622225222,0.294940036693592,606.225339855385,167.999400002143,107.70507159885
0.984182992909059,0.984182992909059,0,0.422599303539243,0.00848788732720562,986.067123794322,155.999442859133,122.503721711285
0.946062847099336,0.946062847099336,0,0.940786515773475,0.293621435722351,803.312780219738,165.999407144974,115.221744568697
0.946709155135037,0.946709155135037,0,0.349682615884194,0.161852369575746,781.512409777502,141.999492858954,124.207343121397
0.631807990297377,0.631807990297377,0,0.972448552833468,0.330412804065314,980.836686725687,153.999450001964,122.274974744914
0.830839636422365,0.830839636422365,0,0.910640185350272,0.126550452219654,725.962973857525,169.999392859311,114.609321204847
0.867516181210882,0.867516181210882,0,0.891390747752842,0.601282538562859,666.073545124332,163.999414287806,87.0775799529448
0.697684968480233,0.697684968480233,0,0.858728013810956,0.855255032972437,861.09897093705,165.999407144974,113.495985711455
0.73150200302787,0.73150200302787,0,0.0655670910232499,0.649293363451439,825.497238372869,123.999557144439,117.398282968701
0.574658904471532,0.574658904471532,0,0.947699320970026,0.726857985089441,734.714282418747,169.999392859311,106.071027329799
0.560344451925058,0.560344451925058,0,0.337173817072037,0.200909037402786,773.978413622103,141.999492858954,123.727239333021
0.580751772365695,0.580751772365695,0,0.292562662837379,0.414654045126983,963.158883048771,135.999514287449,122.304274608784
0.94075352748594,0.94075352748594,0,0.794987152688188,0.190322541630716,873.97331391153,153.999450001964,120.25225850516
0.592896402021272,0.592896402021272,0,0.901259355550919,0.127657616338287,806.084946056521,153.999450001964,121.132224012841
0.821856907158389,0.821856907158389,0,0.778575337520064,0.758791374138704,611.921500409761,389.998607147832,-45.1123700511678
0.574556977211718,0.574556977211718,0,0.0422720344141293,0.992777985318253,665.886114651829,133.999521430281,107.83124523447
0.515945531085408,0.515945531085408,0,0.548261228513423,0.319782416290628,950.68988415682,141.999492858954,127.713650439544
0.597562711233546,0.597562711233546,0,0.291763009219518,0.610809765076392,663.443484100935,147.999471430459,110.150218230322
0.779529734273174,0.779529734273174,0,0.333679488959492,0.145548722511949,873.283583372834,141.999492858954,127.790877855319
0.613004676868576,0.613004676868576,0,0.711331256747253,0.386982263581377,721.122284272094,161.999421430638,113.600676745556
0.612665374296837,0.612665374296837,0,0.37011485488001,0.454920616853621,912.403333157381,135.999514287449,123.123436856052
0.514996861384741,0.514996861384741,0,0.831862431038595,0.758411395370753,668.39079662439,393.998592862168,-46.9726720696192
0.704752341023555,0.704752341023555,0,0.916039507252031,0.676755865963862,613.215887016577,381.998635719158,-48.420565331159
0.534138854580545,0.534138854580545,0,0.542586298176754,0.617857999926544,759.35784531087,155.999442859133,113.065085975866
0.733563150519143,0.733563150519143,0,0.456982421311348,0.914014471906947,666.627339840972,411.998528576684,-37.7143101640134
0.870878244096116,0.870878244096116,0,0.56999378964442,0.312708013636091,627.815375277676,159.999428573469,110.241571625564
0.943029723767602,0.943029723767602,0,0.773883735956881,0.844745555413568,721.095238476758,159.999428573469,103.182106035046
0.6008844089807,0.6008844089807,0,0.085507819040502,0.585563012063372,733.795983220251,133.999521430281,113.24963505789
0.83060061875884,0.83060061875884,0,0.112718543794045,0.219078029976709,838.923126759013,133.999521430281,121.009311078908
0.677741526605288,0.677741526605288,0,0.444069146462446,0.998582747964093,661.687358550927,421.998492862525,-35.8288981068517
0.993577486651537,0.993577486651537,0,0.541098497343802,0.01728666274996,928.347949289193,153.999450001964,121.239346236404
0.525982878550341,0.525982878550341,0,0.775651629168384,0.316401980712911,871.059608450362,143.999485716122,126.747123950357
0.540451560600274,0.540451560600274,0,0.513316321778576,0.613165444554548,793.132141445047,155.999442859133,114.017598459561
0.870995093038244,0.870995093038244,0,0.703142133552682,0.185392432067206,797.920189391348,163.999414287806,115.932998713743
0.533767447694298,0.533767447694298,0,0.271259345255752,0.996057993512201,986.709093839959,133.999521430281,119.447858645863
0.509940121263436,0.509940121263436,0,0.554329013606475,0.935183464561534,860.449838173832,157.999435716301,113.742877842001
0.883162707363532,0.883162707363532,0,0.0849047557154778,0.800656841756099,752.711418841965,129.999535715944,111.928699819039
0.526450204279533,0.526450204279533,0,0.793024615219,0.146581916725092,881.961347740172,153.999450001964,122.700311117004
0.973340158603278,0.973340158603278,0,0.59504477877306,0.537371819391747,931.922123490936,141.999492858954,126.038696559211
0.942173467230063,0.942173467230063,0,0.363076736148188,0.0866037110707794,619.792471124285,155.999442859133,112.789710571819
0.731259453570798,0.731259453570798,0,0.0311812291291949,0.89455983971733,791.708926331762,125.999550001607,113.736718817412
0.715185175359517,0.715185175359517,0,0.754631168731912,0.518577862822176,950.882249825509,159.999428573469,117.303983068701
0.507167600854813,0.507167600854813,0,0.837907928839244,0.00277726301035564,691.440772457021,155.999442859133,117.662607110832
0.528862330893968,0.528862330893968,0,0.279294717329795,0.808817950752362,910.574068475348,135.999514287449,119.638706164562
0.718900489765298,0.718900489765298,0,0.399911647755285,0.244394648638748,665.977330873763,153.999450001964,113.298240937789
0.758785536364298,0.758785536364298,0,0.166605555402002,0.139632219881496,780.208145618252,137.999507144617,123.197384722046
0.707280370698949,0.707280370698949,0,0.299176809409439,0.505062643932197,602.973594525216,149.999464287628,107.825134346558
0.646095970629498,0.646095970629498,0,0.0381372102780683,0.622593101771087,628.755351922375,133.999521430281,109.402401815906
0.577093398164324,0.577093398164324,0,0.130245464176148,0.405893435752428,823.32519672791,129.999535715944,118.993328641111
0.879474746813695,0.879474746813695,0,0.0393353053217869,0.696893157528828,894.211336050707,117.999578572934,119.260764563085
0.649591223855712,0.649591223855712,0,0.922307486098732,0.589938107842615,645.15298160962,373.998664290485,-50.8986466678731
0.69337584496444,0.69337584496444,0,0.480894069138702,0.954018496441064,666.323087694856,415.99851429102,-37.4901153759019
0.735325588647298,0.735325588647298,0,0.236508536553445,0.172933984228837,841.68054856435,139.999500001786,124.793489619843
0.811131697251417,0.811131697251417,0,0.712881042067535,0.957705360040264,844.318130262348,159.999428573469,112.718355088613
0.612021648531452,0.612021648531452,0,0.270991632181894,0.444326372982936,618.896745699966,147.999471430459,110.68328320187
0.577160518248358,0.577160518248358,0,0.0703249862057982,0.920307809855616,657.122832114556,135.999514287449,107.893102844099
0.680755274224967,0.680755274224967,0,0.894738774357843,0.660255112760219,850.497426612359,165.999407144974,114.306659466675
0.978724022379992,0.978724022379992,0,0.569577954835999,0.286228759480745,660.279141854129,157.999435716301,111.820288148842
0.986921828267243,0.986921828267243,0,0.65127389227238,0.545158254002233,832.161560410126,155.999442859133,114.874934838148
0.951430999320249,0.951430999320249,0,0.197468784021673,0.185262045033465,736.157533178936,135.999514287449,120.099738818512
0.718029742659588,0.718029742659588,0,0.871592226041002,0.0352333931206286,998.989436210849,159.999428573469,123.629509100414
0.7041195244527,0.7041195244527,0,0.811580370555859,0.949043487825177,614.78001364453,413.998521433852,-42.4014764704427
0.701100592811925,0.701100592811925,0,0.102890565785709,0.797168416106138,608.279300677724,137.999507144617,105.457665753861
0.833480163597515,0.833480163597515,0,0.482497885655866,0.589798414066009,688.695145870887,151.999457144796,110.389831560455
0.915890333556857,0.915890333556857,0,0.481471310454057,0.55319444212624,742.906998425289,151.999457144796,112.72983763366
0.652559317121429,0.652559317121429,0,0.222942457303024,0.594156582824127,877.968720697088,131.999528573112,119.258639376552
0.861998399112351,0.861998399112351,0,0.327107540201993,0.748173448548367,623.886727538875,145.999478573291,103.000720958531
0.760136423964873,0.760136423964873,0,0.0973182299938237,0.174564694266717,870.514364337938,135.999514287449,122.460134217181
0.926910326739263,0.926910326739263,0,0.722712177220405,0.0945434330279673,976.547267112069,157.999435716301,121.601444350978
0.738624049956389,0.738624049956389,0,0.906276261718832,0.314715833037303,909.332213330433,167.999400002143,117.447176066274
0.922045377989119,0.922045377989119,0,0.896839053610339,0.202247863752477,845.201970025178,157.999435716301,118.443162168163
0.872315853502853,0.872315853502853,0,0.753050766208659,0.506751518083194,923.112110675884,157.999435716301,116.780420883364
0.957273834988634,0.957273834988634,0,0.204109160472015,0.888555640386203,988.599525416537,123.999557144439,119.840351370928
0.755173632888392,0.755173632888392,0,0.752838767890722,0.604039353038308,897.239207976929,159.999428573469,115.783521442411
0.529382472096201,0.529382472096201,0,0.694079217184006,0.858664514477738,938.095791994981,161.999421430638,115.775010286503
0.904490502816819,0.904490502816819,0,0.0663920429377366,0.711068571831743,731.557690517579,129.999535715944,112.020599879878
0.736249942790975,0.736249942790975,0,0.211278206451183,0.146566607973409,769.219707443752,139.999500001786,123.731041595314
0.881585354907093,0.881585354907093,0,0.919639622389278,0.288827881111398,726.366343468986,167.999400002143,113.230365760312
0.853542824202458,0.853542824202458,0,0.582590049732679,0.0910999176492376,799.858408984951,153.999450001964,119.453183416425
0.857097154138971,0.857097154138971,0,0.454672886180149,0.718965589013323,965.644276221417,135.999514287449,122.033161990251
0.80274171471166,0.80274171471166,0,0.0699920659095549,0.446437819390488,763.543431643654,127.999542858775,116.779716382862
0.779730050081199,0.779730050081199,0,0.768557182649249,0.511635363191162,801.474007841206,161.999421430638,113.937515808528
0.946651008714849,0.946651008714849,0,0.255989733686703,0.851168597444424,831.489850932779,137.999507144617,114.159137020202
0.798680168858804,0.798680168858804,0,0.539214762452108,0.862887687318,735.064864026995,153.999450001964,109.396798089123
0.527381945137551,0.527381945137551,0,0.280710059568861,0.39777506332035,986.123395834722,135.999514287449,122.489188370378
0.562642886811883,0.562642886811883,0,0.729620428688963,0.978266498075685,844.218275984063,163.999414287806,112.505851693597
0.603619807849433,0.603619807849433,0,0.443733791198633,0.052592976855206,848.711662026496,149.999464287628,122.668364716884
0.85230168540764,0.85230168540764,0,0.973692092173653,0.756299326311844,902.252457745761,163.999414287806,115.075886397612
0.86682235032075,0.86682235032075,0,0.74329898616326,0.112807443611263,648.779403206408,167.999400002143,112.696536942256
0.669330567629808,0.669330567629808,0,0.580950801518361,0.616946781348841,656.775651597371,157.999435716301,105.917423491617
0.734709356210254,0.734709356210254,0,0.361924175735118,0.958183685764747,647.276218552431,417.998507148189,-34.9268454580188
0.750020062716964,0.750020062716964,0,0.161931072286693,0.464635908428726,988.860158363232,129.999535715944,120.785574501568
0.987417548321229,0.987417548321229,0,0.382877838479692,0.698948057815394,716.822127601295,145.999478573291,111.360110024387
0.596862887654293,0.596862887654293,0,0.255947696538036,0.656986055209819,907.138096579004,131.999528573112,119.765652323443
0.9204208869591,0.9204208869591,0,0.0800174626521571,0.17535795816017,607.632732077677,139.999500001786,113.466881050921
0.553777126505816,0.553777126505816,0,0.886438568124078,0.134879417010489,855.731494834698,153.999450001964,122.044963781152
0.82253791727859,0.82253791727859,0,0.150481075288672,0.811229837037975,880.15226089694,125.999550001607,117.478198424886
0.866202236268298,0.866202236268298,0,0.693163826174792,0.257363712061373,987.446422853798,151.999457144796,122.949684816066
0.627606850354444,0.627606850354444,0,0.469204663912107,0.907204413904435,829.94722909683,151.999457144796,113.140929687187
0.837039640526625,0.837039640526625,0,0.579102378051393,0.679657290359151,618.067260414819,377.998650004821,-44.8242479816007
0.575746687353992,0.575746687353992,0,0.0303748538120543,0.828983657168719,864.807960476238,121.99956428727,117.704668115399
0.771654730097973,0.771654730097973,0,0.0664290614336153,0.409907134542206,868.54400189004,127.999542858775,119.156148805006
0.966297797801058,0.966297797801058,0,0.357045689600409,0.441419628516826,898.743116109965,133.999521430281,121.237358957508
0.8236535297944,0.8236535297944,0,0.315110770427514,0.283195797488361,968.234168098013,137.999507144617,124.144909182235
0.840149515620314,0.840149515620314,0,0.0607538266624996,0.586815083458054,678.124275049112,131.999528573112,111.196529649166
0.53417105066,0.53417105066,0,0.547910485202282,0.346895071225794,818.080807258719,141.999492858954,125.86628973345
0.571233076944946,0.571233076944946,0,0.0989757431403075,0.768500348614801,809.008984991788,131.999528573112,114.894060814133
0.889489857300184,0.889489857300184,0,0.818127035648637,0.298403516749527,606.224795882341,165.999407144974,107.709455329802
0.983780046479443,0.983780046479443,0,0.445855807945585,0.168666137221386,664.779339514911,155.999442859133,113.200082025736
0.882294059108971,0.882294059108971,0,0.626045119312945,0.205132000068487,911.424106984048,147.999471430459,122.740514031912
0.800486687879914,0.800486687879914,0,0.189890210967894,0.550601316122123,786.686861558184,137.999507144617,114.858274286422
0.898576037163991,0.898576037163991,0,0.12620796557577,0.0853117684667679,669.583526574455,137.999507144617,119.254298773965
0.64952729935845,0.64952729935845,0,0.714814551819887,0.565474991778625,697.627230049238,163.999414287806,110.032128029597
0.710356640508851,0.710356640508851,0,0.769050124246722,0.794172541662225,807.243555178879,161.999421430638,112.308060878475
0.764090004388862,0.764090004388862,0,0.305724185917391,0.739280254762875,702.369323962565,145.999478573291,110.495081737603
0.931867181533752,0.931867181533752,0,0.818688320852351,0.564490835044237,879.255797667204,159.999428573469,115.596576181019
0.983349940205269,0.983349940205269,0,0.160494259305882,0.670452313943693,863.907235621128,123.999557144439,118.289060252368
0.628922303568234,0.628922303568234,0,0.531937852326263,0.746304215368929,946.049908637685,151.999457144796,116.873895429076
0.91905479910298,0.91905479910298,0,0.54872490239245,0.944270555588618,999.201781530667,147.999471430459,117.378280147588
0.854839300714924,0.854839300714924,0,0.53123094623095,0.780046865818918,605.200147842838,391.998600005,-41.6715600047657
0.542180492247446,0.542180492247446,0,0.693098024086228,0.800718934253148,840.540633960471,161.999421430638,113.670551581076
0.775380004536324,0.775380004536324,0,0.743364375305464,0.89135956750037,641.712051903162,407.998542862347,-42.168240874648
0.540606272064362,0.540606272064362,0,0.728071628580666,0.468266408163525,672.380453046647,159.999428573469,112.147693335346
0.54896303214959,0.54896303214959,0,0.717694413153969,0.720101379349406,641.551145367636,385.998621433495,-46.494161729582
0.586109378497576,0.586109378497576,0,0.250763198461419,0.75639075204549,654.142469935647,145.999478573291,108.204748687475
0.555370809425919,0.555370809425919,0,0.524246283910237,0.803239058426871,837.216469538729,155.999442859133,113.82821367838
0.617370194280978,0.617370194280978,0,0.520171423836899,0.527097095736865,703.829614650866,157.999435716301,111.602635696257
0.892343201690569,0.892343201690569,0,0.699684365548585,0.449458766449997,826.748844373291,159.999428573469,115.071365871321
0.58183012163817,0.58183012163817,0,0.416323845848219,0.456416565699868,997.920515091271,139.999500001786,123.526572026487
0.887655944876561,0.887655944876561,0,0.293000598740113,0.173450039088169,668.862163437461,149.999464287628,113.919385648717
0.799962033944471,0.799962033944471,0,0.836601311592671,0.795951076151279,943.565183196202,161.999421430638,115.881166321921
0.929868187666306,0.929868187666306,0,0.82768548662079,0.633708987162591,918.804793968266,159.999428573469,116.139306795618
0.845490670238209,0.845490670238209,0,0.93658243114794,0.0121282559324327,660.558913384769,171.99938571648,113.999970271644
0.76555913939069,0.76555913939069,0,0.947354622036794,0.254071640820791,846.602908852157,169.999392859311,116.530310689458
0.734845562563158,0.734845562563158,0,0.771157802986477,0.780272346189622,809.507847901595,161.999421430638,112.478305836608
0.562523516005794,0.562523516005794,0,0.290539433058179,0.434218995637637,603.945223588088,145.999478573291,111.492181775482
0.664167017036489,0.664167017036489,0,0.406261594950709,0.26351344986344,626.598717532439,151.999457144796,112.768874413351
0.53198813635486,0.53198813635486,0,0.210680104915079,0.930238086075875,642.501483177557,143.999485716122,100.896408214634
0.727549722552972,0.727549722552972,0,0.255784680558707,0.583703655349297,696.843951906159,143.999485716122,112.039207177941
0.572275047664556,0.572275047664556,0,0.556598734497377,0.049670762126564,651.612992729719,149.999464287628,116.973453864398
0.737963713749669,0.737963713749669,0,0.94919796581948,0.558160911932992,797.57523291957,167.999400002143,113.293701042216
0.687372904848024,0.687372904848024,0,0.86888477294162,0.686043412503332,732.250997743302,165.999407144974,108.525523822503
0.603043930503432,0.603043930503432,0,0.782875800340741,0.9002942725447,986.210132783054,161.999421430638,116.4841515976
0.927523709838047,0.927523709838047,0,0.21922542140074,0.658808790968376,667.511841234485,139.999500001786,110.377155307321
0.754150439740814,0.754150439740814,0,0.285112809518908,0.711342746576412,960.913620256337,129.999535715944,119.903953185175
0.762938502303519,0.762938502303519,0,0.0730130126974988,0.458913057032652,852.160504779095,125.999550001607,118.865713464423
0.694990684203212,0.694990684203212,0,0.726418491106179,0.597133732884942,901.052673262202,159.999428573469,115.95706951906
0.53084916387461,0.53084916387461,0,0.475558669191113,0.797627712606823,760.699251096548,155.999442859133,111.661899587761
0.741009235607188,0.741009235607188,0,0.998215966013273,0.253203877297839,945.266191660066,157.999435716301,120.84369241315
0.828705410224608,0.828705410224608,0,0.928635167658301,0.381438939031673,825.54011464575,167.999400002143,115.180276504712
0.953097424507584,0.953097424507584,0,0.156921509752021,0.28312066518807,816.584000279842,131.999528573112,119.80964549421
0.755026934369767,0.755026934369767,0,0.652690902063384,0.545002230319579,941.801311953324,155.999442859133,117.386242866023
0.529121083508084,0.529121083508084,0,0.996569276658882,0.633662362529969,765.682304456928,169.999392859311,112.196881203823
0.806845710418411,0.806845710418411,0,0.99738369610045,0.630918862397466,796.493472450225,167.999400002143,112.717169933392
0.532007464811044,0.532007464811044,0,0.832861372706185,0.389055753115715,891.314234379196,145.999478573291,125.393186817408
0.579709389798762,0.579709389798762,0,0.458437479904757,0.660419637792451,911.748098286437,149.999464287628,116.802679355327
0.599707969962375,0.599707969962375,0,0.459193654490483,0.94054381407162,947.465592233241,149.999464287628,116.138609938189
0.970155821320524,0.970155821320524,0,0.572537472247065,0.888994919129746,892.594959205123,151.999457144796,114.882283270073
0.864132647413339,0.864132647413339,0,0.389447710688705,0.832668345952038,763.525287200564,147.999471430459,111.921669234459
0.563906972117284,0.563906972117284,0,0.922866825281101,0.487843921486257,764.514287543992,167.999400002143,113.852705018933
0.550840856408348,0.550840856408348,0,0.260966918084993,0.322002443561004,988.591771494746,137.999507144617,122.055253617627
0.982500444030794,0.982500444030794,0,0.0152794050116714,0.0144058230851979,805.901685392076,139.999500001786,124.505036481835
0.644519000306399,0.644519000306399,0,0.27420778608056,0.069818878147397,629.911960848937,141.999492858954,117.843369716327
0.93207844250916,0.93207844250916,0,0.78929975138828,0.355700685941538,619.545283418658,163.999414287806,107.888309497683
0.671939041444188,0.671939041444188,0,0.191500676292688,0.681186081276853,891.158621349013,127.999542858775,118.60295795684
0.960715496773789,0.960715496773789,0,0.730843791603252,0.504050624425031,656.20421082734,159.999428573469,108.527677471567
0.87394132543585,0.87394132543585,0,0.0864206398909685,0.0125572196791797,657.749009759195,139.999500001786,120.673366745285
0.678083183108099,0.678083183108099,0,0.3048808538067,0.672653204056859,951.694741868991,131.999528573112,120.354022400076
0.73938088608437,0.73938088608437,0,0.12449426281069,0.52804319116319,665.573579538728,137.999507144617,111.563024272127
0.862790144167852,0.862790144167852,0,0.846708465245655,0.540492920579729,780.785021508876,163.999414287806,113.154631971061
0.759622795890715,0.759622795890715,0,0.175477481546652,0.958076508657341,605.305365242252,425.998478576862,-30.3040917249454
0.7163366667284,0.7163366667284,0,0.226439268658252,0.309659578792426,922.019545078479,133.999521430281,122.505997052953
0.733826349916308,0.733826349916308,0,0.712011674333251,0.761777413849443,651.067542176042,389.998607147832,-44.6556779357698
0.804683613591094,0.804683613591094,0,0.220873007782411,0.533034860165078,806.508163702978,137.999507144617,116.683734320361
0.663726447421025,0.663726447421025,0,0.391774752296773,0.361844893646751,672.140755026274,151.999457144796,112.471874228961
0.710733326683147,0.710733326683147,0,0.842363891087398,0.0661114060155722,996.520674732122,157.999435716301,123.512081423867
0.763858365645004,0.763858365645004,0,0.50595625650251,0.229036458591178,888.12843534657,145.999478573291,124.866877898226
0.880690988666046,0.880690988666046,0,0.211631984216047,0.632650626763813,797.668434216265,135.999514287449,114.592945813265
0.738704428624591,0.738704428624591,0,0.778005343238914,0.922851167850801,721.05219896228,411.998528576684,-41.6982782730637
0.82365656645895,0.82365656645895,0,0.0934704358219162,0.152306498949592,937.045238788598,137.999507144617,124.405133686367
0.569649369366814,0.569649369366814,0,0.94557519678488,0.360969179331574,880.762349879343,149.999464287628,122.475165445446
0.721656919693738,0.721656919693738,0,0.639891348403995,0.691902742204215,682.378834663862,159.999428573469,105.47521521656
0.573632544914731,0.573632544914731,0,0.393896886699336,0.02334976176141,689.513717310244,147.999471430459,117.498478193051
0.524614162852827,0.524614162852827,0,0.378123757430645,0.71562343805261,884.431447281705,147.999471430459,116.219063682069
0.851951893928146,0.851951893928146,0,0.563824181882377,0.190719366071576,908.930462260268,147.999471430459,122.967293746073
0.71898672278012,0.71898672278012,0,0.265174136664453,0.355729839352438,948.816363595901,135.999514287449,122.445842964213
0.59732519850272,0.59732519850272,0,0.856051530838329,0.818380832892276,901.386559402857,165.999407144974,114.899543666892
0.697023313511072,0.697023313511072,0,0.334776309440226,0.575430144636145,725.026113485357,147.999471430459,112.428413223371
0.842218686447544,0.842218686447544,0,0.632149144742378,0.593465193553398,680.808165679297,157.999435716301,109.221288900173
0.737731068402509,0.737731068402509,0,0.235827808449602,0.453514087238933,960.656010792368,131.999528573112,121.649354626791
0.783297315954009,0.783297315954009,0,0.0711394956360886,0.376251975579794,976.960493254317,129.999535715944,122.646543105205
0.987542446423127,0.987542446423127,0,0.393627227635771,0.0985554911342597,859.227010676015,143.999485716122,125.042215282784
0.692121612792109,0.692121612792109,0,0.688913382742993,0.3614766857771,659.04606482268,163.999414287806,110.909845975272
0.768642733674677,0.768642733674677,0,0.457719723571949,0.0485050953477354,756.401488872562,147.999471430459,121.619040698331
0.935960331637111,0.935960331637111,0,0.190791366743525,0.648164422504188,891.80582273326,125.999550001607,118.812604251919
0.874336777934056,0.874336777934056,0,0.961668323956749,0.817874320887085,748.864833509388,165.999407144974,104.977980307776
0.849699167788142,0.849699167788142,0,0.798559810324447,0.742871710873573,716.078247844487,161.999421430638,106.448132496316
0.712015034016336,0.712015034016336,0,0.756344601566607,0.730662577144158,825.562792014513,161.999421430638,113.355700713372
0.632561482433296,0.632561482433296,0,0.689240880929308,0.206533896288226,938.017366046457,143.999485716122,126.839366599788
0.745869580350972,0.745869580350972,0,0.0751862524309994,0.444577476703908,636.340139538273,137.999507144617,111.182660021615
0.559099622530192,0.559099622530192,0,0.879883388924064,0.985903591497893,876.958643358005,167.999400002143,113.21448018826
0.883534469131796,0.883534469131796,0,0.549760833935251,0.787568272989625,631.692172793626,393.998592862168,-41.4793423993398
0.605154639419064,0.605154639419064,0,0.240745190610018,0.979391943172748,772.860832159881,141.999492858954,112.037300281711
0.6380302228008,0.6380302228008,0,0.52848856375905,0.158601041982352,726.062226429704,145.999478573291,123.073284622784
0.847049537248285,0.847049537248285,0,0.263024145628311,0.0872204263278361,762.217611354259,141.999492858954,124.474347733782
0.541471555932273,0.541471555932273,0,0.19927384358901,0.0302376860175562,672.308152796681,141.999492858954,117.564653324291
0.931209754347402,0.931209754347402,0,0.843445008081344,0.148375120698659,850.611330373999,155.999442859133,119.478499220265
0.720249108855121,0.720249108855121,0,0.679245092505148,0.73106792036299,937.648050849408,157.999435716301,116.178027995474
0.904672476939995,0.904672476939995,0,0.414412638322465,0.134691591669277,653.230714177602,155.999442859133,113.230685014734
0.780132232823141,0.780132232823141,0,0.0486495231978479,0.736539131472345,798.484593956978,123.999557144439,115.711968584542
0.667833600265807,0.667833600265807,0,0.179203127616619,0.643318751131691,834.146685059515,131.999528573112,117.334130114935
0.995962187920812,0.995962187920812,0,0.690560816445282,0.74032043145712,960.851336739719,153.999450001964,117.104581277859
0.644924970417574,0.644924970417574,0,0.690823070370379,0.778279760963386,773.133588582507,161.999421430638,111.387470185508
0.798490062075436,0.798490062075436,0,0.67655446101682,0.885925856200225,744.911360783779,159.999428573469,107.549412329028
0.643282327498602,0.643282327498602,0,0.369172927898192,0.501812589122018,844.262237220968,143.999485716122,121.968140348075
0.85817320039425,0.85817320039425,0,0.0160974374829159,0.46805091418604,610.423890066803,131.999528573112,109.929402860206
0.629374218047067,0.629374218047067,0,0.642493207907918,0.52882987016139,653.401810363618,161.999421430638,108.157048192847
0.916772019371535,0.916772019371535,0,0.816262239844227,0.446886841526221,937.501022643487,149.999464287628,122.286456143441
0.545769664333528,0.545769664333528,0,0.431874839354116,0.831248382047572,609.897269690114,399.998571433673,-40.8711031541791
0.500811175319226,0.500811175319226,0,0.346373565078104,0.203428447543212,935.23877684395,141.999492858954,126.389708414593
0.62497180268432,0.62497180268432,0,0.712162566297143,0.166205266004133,701.91914575485,147.999471430459,120.425152297182
0.521524452434137,0.521524452434137,0,0.93281602819879,0.10314263363071,969.255382212191,155.999442859133,123.729573598979
0.900757607905646,0.900757607905646,0,0.727725577652465,0.349332605263974,941.93895084278,147.999471430459,124.696786453225
0.779098171254388,0.779098171254388,0,0.84238907512993,0.839961250661774,747.153124856336,163.999414287806,105.198987817137
0.843484760595331,0.843484760595331,0,0.894255479838679,0.860771489867878,890.288888484562,163.999414287806,114.315874211253
0.95158245466055,0.95158245466055,0,0.901955159367478,0.660420848672318,948.025277864676,159.999428573469,116.566809446079
0.967738627474991,0.967738627474991,0,0.511522190078034,0.179327831115653,878.116587781879,145.999478573291,124.286899062145
0.88622098575637,0.88622098575637,0,0.108184229867662,0.0216904702477438,765.400865891218,141.999492858954,125.535175064134
0.807932708459806,0.807932708459806,0,0.701784409573658,0.966112377804371,881.546941365738,157.999435716301,113.823467333256
0.7017350421268,0.7017350421268,0,0.958008795843281,0.277276152013459,892.920995214516,167.999400002143,117.555287477855
0.953835219812409,0.953835219812409,0,0.82087961033878,0.505423664774248,716.643528581209,161.999421430638,111.367873190132
0.680825185899552,0.680825185899552,0,0.839998021263898,0.236351714128929,834.452418744226,153.999450001964,120.037271164484
0.878085853974879,0.878085853974879,0,0.621692738550226,0.97215303869744,687.448639588563,417.998507148189,-38.1377238129566
0.99346541995375,0.99346541995375,0,0.381154546850813,0.955959441734812,809.518657082426,143.999485716122,113.179140811474
0.886759128723389,0.886759128723389,0,0.246205594638795,0.480291246454312,966.827838996299,131.999528573112,121.827649144523
0.712997332172839,0.712997332172839,0,0.936529216197465,0.320567217760684,602.116416630966,169.999392859311,104.778647960994
0.959625584402317,0.959625584402317,0,0.340013522763518,0.994064493463568,690.163523188036,145.999478573291,105.921152604226
0.649200694965675,0.649200694965675,0,0.828468157295853,0.969259480278548,791.972395619049,165.999407144974,107.451707076187
0.942253324714396,0.942253324714396,0,0.183070342943671,0.868310725500374,700.383266684816,137.999507144617,109.965016465986
0.731347073571005,0.731347073571005,0,0.815418697395588,0.698140304501731,774.218038537744,163.999414287806,111.675686475462
0.525866383650804,0.525866383650804,0,0.334058363787375,0.128315572778171,618.286360719844,139.999500001786,115.920145086163
0.848717298724,0.848717298724,0,0.77013709957071,0.609475033723453,757.072121809554,161.999421430638,112.015623591108
0.686591030108013,0.686591030108013,0,0.0787227207555644,0.624800200476232,705.929447893248,133.999521430281,111.90055569595
0.603561339565388,0.603561339565388,0,0.449949335895006,0.325283402018005,990.683461411355,139.999500001786,125.432399285037
0.827663367688162,0.827663367688162,0,0.507385303257899,0.787855266389487,646.99502073246,153.999450001964,42.438375179453
0.901419130202166,0.901419130202166,0,0.168783656602256,0.210576660791084,860.138833077078,135.999514287449,122.349693123791
0.593001720364078,0.593001720364078,0,0.800680515240677,0.499716127541867,968.684082052455,149.999464287628,123.866515486393
0.570389872231111,0.570389872231111,0,0.179684461604721,0.933595612593157,778.055633705651,139.999500001786,112.583620426904
0.667896376840607,0.667896376840607,0,0.212278953661844,0.425070778882668,629.156895134005,145.999478573291,111.14193178679
0.889841250897205,0.889841250897205,0,0.633335760572151,0.46787082470046,680.845572316947,157.999435716301,110.707128466229
0.523113337467761,0.523113337467761,0,0.432420587711151,0.880329841373044,738.474847429094,153.999450001964,110.173595951127
0.762778884891585,0.762778884891585,0,0.246710704116406,0.460510433352546,951.39741923222,131.999528573112,121.386928570673
0.758003657595115,0.758003657595115,0,0.878586903499894,0.134366848814315,881.396073275408,157.999435716301,120.391467045001
0.623520503908759,0.623520503908759,0,0.181191163993045,0.2632802062609,981.246563650187,135.999514287449,122.331889038748
0.977620806180319,0.977620806180319,0,0.962418969192696,0.331046010090446,620.109957818939,167.999400002143,107.206557822764
0.894602184435922,0.894602184435922,0,0.10200365922545,0.117010178718706,958.434700291463,137.999507144617,125.890976921729
0.671329622619213,0.671329622619213,0,0.440660255335889,0.0164221898964605,913.729529473202,151.999457144796,123.459851001321
0.82903883727219,0.82903883727219,0,0.0138686339392895,0.439270531303855,654.154326240798,131.999528573112,111.537251522492
0.587068991710732,0.587068991710732,0,0.478127381358969,0.897790480974566,874.607859980819,151.999457144796,114.410664777385
0.545846919839206,0.545846919839206,0,0.599080905239719,0.326824978652309,886.061725891765,141.999492858954,127.472171664
0.761993142152349,0.761993142152349,0,0.574314914179652,0.541057872161687,725.779050137926,157.999435716301,111.800837660415
0.997658044464993,0.997658044464993,0,0.119247816159413,0.107001982442392,911.020038309269,139.999500001786,125.387678282792
0.656208924909611,0.656208924909611,0,0.958851326873474,0.239756864318275,827.48312387477,155.999442859133,119.837445393757
0.500084206941521,0.500084206941521,0,0.831349292288079,0.190028124345405,677.254825605575,149.999464287628,118.2690682813
0.574287805188176,0.574287805188176,0,0.0526751641845709,0.274821616980975,997.822144186565,131.999528573112,121.717596850462
0.654130641077354,0.654130641077354,0,0.489048288350072,0.203464088809475,830.825314003096,143.999485716122,126.841186141484
0.891135140979751,0.891135140979751,0,0.621232378611883,0.909591535718905,995.888684175933,151.999457144796,117.188408640436
0.918752472405187,0.918752472405187,0,0.116394861107275,0.47606065298186,944.930566837021,125.999550001607,120.526697756641
0.752672225544933,0.752672225544933,0,0.710331864594794,0.951239818181067,755.460984023673,161.999421430638,105.195989138692
0.586253416693829,0.586253416693829,0,0.483129108000458,0.573088391299956,715.015870464686,155.999442859133,111.832062401411
0.981541501436834,0.981541501436834,0,0.616861021719996,0.706591413635351,809.074531737502,153.999450001964,113.465106720808
0.814409881865783,0.814409881865783,0,0.23980579081013,0.771773293851952,651.72355823742,141.999492858954,108.024156784499
0.820330295674177,0.820330295674177,0,0.997549255043974,0.656044890069667,769.196028678449,167.999400002143,111.435433859571
0.859983015347287,0.859983015347287,0,0.930802522253544,0.938125682252634,682.840067760095,413.998521433852,-42.5132238016375
0.713168331743112,0.713168331743112,0,0.514154721169618,0.544871530934004,825.962232369304,153.999450001964,114.800694708678
0.54688259038022,0.54688259038022,0,0.737699563402441,0.687054766940103,919.902707290063,161.999421430638,116.144717341576
0.889912743398492,0.889912743398492,0,0.546629901150575,0.47780881028187,752.417803816193,153.999450001964,113.251377688389
0.872195202400907,0.872195202400907,0,0.0249699747162681,0.261587534947625,909.868737311091,129.999535715944,120.493154450159
0.631458545586212,0.631458545586212,0,0.0422862279769665,0.370773403501983,817.107692768739,127.999542858775,118.619440912588
0.918005305492142,0.918005305492142,0,0.908090429352272,0.600074273753637,628.408516111034,371.998671433316,-49.1539750616653
0.509385271753215,0.509385271753215,0,0.42232817414327,0.86648279223456,860.954875054138,151.999457144796,114.429050917503
0.89637720787727,0.89637720787727,0,0.646484737045428,0.695797390141723,632.486719730487,159.999428573469,-44.5621555625187
0.868102915584891,0.868102915584891,0,0.398082911261611,0.584185021804134,623.822679477646,149.999464287628,107.255728624087
0.913652143508113,0.913652143508113,0,0.98334868419736,0.122136913124375,820.216140091407,169.999392859311,116.65565133205
0.978229793595187,0.978229793595187,0,0.161784086722649,0.266464519638652,699.687597094164,139.999500001786,114.73599742232
0.663385655339711,0.663385655339711,0,0.301124835548033,0.961473673442738,750.463323418376,145.999478573291,110.73863147685
0.867146523377131,0.867146523377131,0,0.0672273415664845,0.84300757261113,916.590466722836,117.999578572934,119.535805249525
0.670486946698484,0.670486946698484,0,0.602108843313612,0.971216503509546,960.738526139721,155.999442859133,115.857298411432
0.624622640215516,0.624622640215516,0,0.222742640899069,0.765050882953691,994.354173993931,127.999542858775,120.980244040559
0.753688368700552,0.753688368700552,0,0.582557060197722,0.85075299705667,807.693795276819,155.999442859133,112.444557213542
0.519090002692894,0.519090002692894,0,0.899714132660511,0.554358190186499,608.364368500572,167.999400002143,74.6292454063796
0.966341027410184,0.966341027410184,0,0.687779188710962,0.609055839969947,685.654058300041,157.999435716301,109.331899384012
0.536680214454595,0.536680214454595,0,0.936228500084037,0.76636604051662,666.594291717231,395.998585719337,-47.5577482206654
0.585527165685731,0.585527165685731,0,0.446699410887718,0.36860179461036,729.694293157008,145.999478573291,120.16764628428
0.931418683256514,0.931418683256514,0,0.539570254025984,0.0739765429805936,798.702551284224,151.999457144796,119.678705285689
0.658286823682061,0.658286823682061,0,0.206854231550975,0.68114042033836,860.00948993908,131.999528573112,117.913930536191
0.503208258578129,0.503208258578129,0,0.882090033384888,0.171628515339601,982.446100849416,151.999457144796,123.929058039517
0.534725361777606,0.534725361777606,0,0.632325087354433,0.577235283407117,601.676252604364,159.999428573469,94.5006741065043
0.729329220235346,0.729329220235346,0,0.698827880218659,0.129873241838224,820.566656021331,151.999457144796,120.492375178755
0.505534811497357,0.505534811497357,0,0.624059037626776,0.104194517840398,901.446790157657,151.999457144796,123.194181881035
0.9597037513056,0.9597037513056,0,0.639614544122228,0.148062818228424,911.023563849988,149.999464287628,121.600633285777
0.936412111704764,0.936412111704764,0,0.142938463106183,0.439351164542013,826.21549309697,127.999542858775,118.546783894954
0.671549090407967,0.671549090407967,0,0.728902249756546,0.741407806900818,785.610492437578,161.999421430638,112.051979613962
0.598783614605988,0.598783614605988,0,0.605965053510554,0.570298012788098,833.706004569721,157.999435716301,114.873863681321
0.516194188758477,0.516194188758477,0,0.18164837881265,0.565701325624309,659.824042282294,139.999500001786,112.390830724898
0.870840414773175,0.870840414773175,0,0.50337090064142,0.135956273555783,682.230934916062,159.999428573469,113.839877375432
0.963152682118563,0.963152682118563,0,0.0471235965380021,0.37033332230562,611.157144017881,133.999521430281,110.855646144067
0.774043003218464,0.774043003218464,0,0.891385891722621,0.915778619054658,658.265510410571,411.998528576684,-43.2280344610302
0.814947203637464,0.814947203637464,0,0.889463001414573,0.312111059227706,762.285282102303,167.999400002143,114.07500216681
0.5596604030209,0.5596604030209,0,0.0648373479766895,0.727469336208328,870.033001257969,121.99956428727,118.477197602412
0.736931436984391,0.736931436984391,0,0.981528902955788,0.264327191296608,843.79902006361,169.999392859311,116.489344813173
0.618955253050472,0.618955253050472,0,0.558026701756326,0.299620025432728,650.032710185509,153.999450001964,113.167916954722
0.681266940992937,0.681266940992937,0,0.584435192079786,0.595673071038824,692.311391418146,157.999435716301,109.960590016918
0.95474678531483,0.95474678531483,0,0.648095935864982,0.0531301022920146,985.869708400984,157.999435716301,122.144115988642
0.979209464743868,0.979209464743868,0,0.843647567504885,0.107007840106594,830.617572904065,159.999428573469,118.637700994334
0.881857945454057,0.881857945454057,0,0.745950480515388,0.340117264988745,771.498595634394,161.999421430638,114.277103385528
0.644173466401596,0.644173466401596,0,0.500600502427448,0.693858695296124,654.084788504274,155.999442859133,104.067616790221
0.816206094827739,0.816206094827739,0,0.676289589849852,0.364262610172913,847.125567905644,159.999428573469,115.951477868567
0.752398576572992,0.752398576572992,0,0.683138481127069,0.42808220380071,811.008453927711,161.999421430638,114.780876075374
0.690176729176635,0.690176729176635,0,0.0514891556521988,0.994291181622166,849.735687322744,123.999557144439,114.891227281648
0.673552590744082,0.673552590744082,0,0.796067624500802,0.498418863985268,727.918916459129,165.999407144974,111.789785815236
0.922860102848152,0.922860102848152,0,0.759095725690779,0.680751060566175,757.42471050546,159.999428573469,111.611882867725
0.789651898151257,0.789651898151257,0,0.870230158060643,0.308879314172042,840.238503080935,167.999400002143,115.985303913805
0.942048606207741,0.942048606207741,0,0.95435639550775,0.893410883374805,716.487320118641,407.998542862347,-43.2343598040658
0.763390092658518,0.763390092658518,0,0.265157801278302,0.840341534379187,839.628535296442,139.999500001786,115.046554051288
0.924852056150087,0.924852056150087,0,0.384787224609394,0.642091878582551,774.230521302167,145.999478573291,114.032477216515
0.570625820646027,0.570625820646027,0,0.564121893792325,0.724553612663265,691.84461634031,159.999428573469,107.813897102633
0.522144648088811,0.522144648088811,0,0.250574880887287,0.0458917080717594,869.91433483419,145.999478573291,124.294793371859
0.931349581292545,0.931349581292545,0,0.0352401443546276,0.79183845587431,987.186256882854,117.999578572934,120.495976187504
0.926830003570072,0.926830003570072,0,0.965323731260974,0.265133847246019,713.091306093172,167.999400002143,112.997896522712
0.788849732711108,0.788849732711108,0,0.687284791130859,0.520370872277477,736.765315612209,159.999428573469,112.07620180975
0.643107369842821,0.643107369842821,0,0.784143368957662,0.977853165926787,742.219435637577,417.998507148189,-41.246463064734
0.568376964392977,0.568376964392977,0,0.719015061224766,0.230046724287292,616.728077168073,147.999471430459,117.394181856129
0.899891407935427,0.899891407935427,0,0.824971871905522,0.462749848302049,821.103655446416,161.999421430638,114.728978052218
0.643205242851415,0.643205242851415,0,0.543941298019596,0.874529543098808,784.718857959174,155.999442859133,111.599889512753
0.930126818391328,0.930126818391328,0,0.0589671864807534,0.696456858567689,836.10857618687,119.999571430102,117.914082808381
0.915949012784183,0.915949012784183,0,0.790389645945257,0.231596176692241,863.529115326685,153.999450001964,120.002828294197
0.847341040695253,0.847341040695253,0,0.0982175811316126,0.206006706688832,758.774352090603,133.999521430281,119.252951194042
0.94400645119053,0.94400645119053,0,0.767842290281156,0.700944192668294,762.349364295307,159.999428573469,111.63429244539
0.538215433587771,0.538215433587771,0,0.185109995666127,0.599669274777961,824.637774970766,129.999535715944,118.115038742342
0.634296008400611,0.634296008400611,0,0.233232798810145,0.696867339015584,849.155041019822,137.999507144617,116.85957841073
0.541425478048285,0.541425478048285,0,0.723169562378727,0.608553551052526,829.606894243424,161.999421430638,114.667538655043
0.887011660752442,0.887011660752442,0,0.33855613647772,0.00440107025842695,958.005735061825,147.999471430459,123.945855640805
0.956074536620573,0.956074536620573,0,0.416490889450606,0.807085189423006,792.224738942003,145.999478573291,113.192891122171
0.529993730012166,0.529993730012166,0,0.354996141291983,0.230395911675164,622.966797884005,139.999500001786,117.529249485808
0.839555773358063,0.839555773358063,0,0.66684397894545,0.00950183865581666,736.948010990911,157.999435716301,118.021720068692
0.972688532365508,0.972688532365508,0,0.239644743218014,0.101660030480662,796.81212689712,139.999500001786,125.087193025413
0.519412606451046,0.519412606451046,0,0.171496209823729,0.775420019378403,962.168206113361,125.999550001607,120.422327776852
0.97001611361596,0.97001611361596,0,0.650789532143232,0.650451004339484,917.306250397407,153.999450001964,116.424440445071
0.843747885325455,0.843747885325455,0,0.704940256950778,0.465274751814096,869.584712791018,159.999428573469,115.911313081693
0.515808465732055,0.515808465732055,0,0.820579649932227,0.475782026305647,812.197339371145,159.999428573469,115.909608883662
0.777560788627139,0.777560788627139,0,0.316894452614054,0.605520228292077,814.344531552888,143.999485716122,115.965402344783
0.815859572734864,0.815859572734864,0,0.261562193903162,0.990989009498172,649.461908116242,143.999485716122,74.6064204316655
0.559123183490272,0.559123183490272,0,0.476947663537875,0.936496300810593,653.366315101092,413.998521433852,-38.8559888728334
0.535844316564392,0.535844316564392,0,0.96465297691559,0.958002288693549,670.339066117596,417.998507148189,-44.4803505286706
0.502297057470768,0.502297057470768,0,0.310855523607973,0.166686818299425,778.108096073083,141.999492858954,122.317078764372
0.524318056675665,0.524318056675665,0,0.979367676899562,0.520899443408118,797.999754249715,165.999407144974,114.859118929597
0.943239631306558,0.943239631306558,0,0.796269401819132,0.269575786036634,979.056387126145,149.999464287628,122.847321169179
0.835109538600578,0.835109538600578,0,0.806131748265154,0.870621805923995,645.011588049773,403.99855714801,-42.939456147037
0.941902507665237,0.941902507665237,0,0.779352799204182,0.653980586258522,663.594606510418,159.999428573469,95.8855315376508
0.967555523419718,0.967555523419718,0,0.245779251935998,0.633853975432182,705.057526529412,139.999500001786,112.22390579978
0.74995187758289,0.74995187758289,0,0.81540491854499,0.918557343424279,664.999712467021,411.998528576684,-42.4754783122418
0.746117348377653,0.746117348377653,0,0.997300968954621,0.623551508656135,775.476023272205,167.999400002143,111.903225482836
0.669817332336023,0.669817332336023,0,0.277480685868582,0.0574184612880823,917.394158281504,145.999478573291,126.015222768282
0.750489422324071,0.750489422324071,0,0.906031240036521,0.726570730353475,876.60750278999,165.999407144974,114.582173428613
0.569064142825669,0.569064142825669,0,0.29323829575138,0.627468643046988,962.785029474265,131.999528573112,120.873251709163
0.708167850348397,0.708167850348397,0,0.404254730184164,0.831727035136698,644.8661904843,151.999457144796,49.0962014932766
0.680795015261857,0.680795015261857,0,0.395931374928112,0.533022677095138,999.461127196575,137.999507144617,123.058477168439
0.790738675434111,0.790738675434111,0,0.998337844108237,0.57905066944817,972.943151855329,163.999414287806,117.283579306699
0.620756966453687,0.620756966453687,0,0.629650532835227,0.12805665067484,699.537047334038,147.999471430459,120.111111220299
0.628970347792707,0.628970347792707,0,0.15861574832426,0.699464791417919,964.982423266373,123.999557144439,120.476062168102
0.667364595804247,0.667364595804247,0,0.0836682536766115,0.593240149384722,643.857569590873,135.999514287449,110.181511652204
0.757070995383941,0.757070995383941,0,0.0702993609614098,0.824912733538156,991.986994306831,119.999571430102,120.089895803034
0.683079368341606,0.683079368341606,0,0.528777445731507,0.527614200336891,691.984341710515,157.999435716301,110.865112955808
0.959207872295092,0.959207872295092,0,0.214610991449256,0.377202276848384,906.422350668716,131.999528573112,121.12462896451
0.817842693657019,0.817842693657019,0,0.802964671129872,0.507001631355613,627.622001548056,163.999414287806,79.5080910520265
0.702962075898582,0.702962075898582,0,0.308009945369938,0.892634546825283,759.055800998122,145.999478573291,111.637672549986
0.85021642166398,0.85021642166398,0,0.0517329133558465,0.0807576843258818,648.470702305987,135.999514287449,117.556419222508
0.994043906558625,0.994043906558625,0,0.427748391465304,0.692611940278704,818.145254954571,145.999478573291,114.993856491393
0.619653123935186,0.619653123935186,0,0.113114819671714,0.797478533376776,917.494185968155,121.99956428727,118.942776323131
0.558776217760265,0.558776217760265,0,0.286824004427178,0.549797648867866,690.174043480759,145.999478573291,112.601443804722
0.87015905261902,0.87015905261902,0,0.058333723881132,0.606306284565847,769.662995200803,123.999557144439,115.861468383094
0.841730905696196,0.841730905696196,0,0.878740562323317,0.991651877806562,649.411836702428,419.998500005357,-41.3239631614956
0.816495622149262,0.816495622149262,0,0.959475055985391,0.817622264307102,955.320016936512,163.999414287806,115.996838733782
0.703034660343557,0.703034660343557,0,0.371651301537341,0.539565216496901,834.904015109585,147.999471430459,115.761664211429
0.956432816626699,0.956432816626699,0,0.315138424255337,0.306338556294568,843.09805112355,135.999514287449,121.782837679485
0.882244056621831,0.882244056621831,0,0.217220705237963,0.451493345067932,940.532010989102,129.999535715944,121.544665007996
0.805873590101092,0.805873590101092,0,0.476506225893381,0.289425182856334,673.701982990334,155.999442859133,112.358854772783
0.57771295308624,0.57771295308624,0,0.593941573175256,0.0298656084915023,797.273949608929,153.999450001964,120.876902420732
0.526612669825947,0.526612669825947,0,0.194571181279064,0.582564262201293,728.925490147721,139.999500001786,113.947685433669
0.508094591730947,0.508094591730947,0,0.219491007404655,0.585489268645812,819.996248327321,129.999535715944,118.43012037929
0.888657965117258,0.888657965117258,0,0.897736418921734,0.481082157306354,982.930378015565,149.999464287628,123.125786263439
0.870731788657364,0.870731788657364,0,0.663316893159712,0.813579770832427,737.484623172447,157.999435716301,109.459316197787
0.701738980797544,0.701738980797544,0,0.345687356143134,0.551710159412647,644.316337221816,149.999464287628,109.271876167735
0.912392490220727,0.912392490220727,0,0.169058795033598,0.087684519481804,824.357706373093,139.999500001786,125.413849411855
0.74073523627914,0.74073523627914,0,0.0900181657270492,0.895889318478074,651.47815634968,133.999521430281,107.663942046075
0.741720064758536,0.741720064758536,0,0.185029086905818,0.688949374587373,896.292721273447,125.999550001607,118.626958785897
0.841239008893047,0.841239008893047,0,0.443850012981571,0.410397958130526,957.534680031201,137.999507144617,124.49156146823
0.776179507617179,0.776179507617179,0,0.588180653823904,0.491926473208665,737.220694810291,157.999435716301,112.507596750583
0.868277195345612,0.868277195345612,0,0.851458548844091,0.0960723491947135,849.121191886355,159.999428573469,119.160637843696
0.883635143998037,0.883635143998037,0,0.488250216096749,0.449957505740687,698.427796777284,153.999450001964,111.911210660824
0.9298701794227,0.9298701794227,0,0.12819129286278,0.99904699684563,807.718932793592,129.999535715944,112.375774242151
0.842466515542218,0.842466515542218,0,0.575154897912491,0.311657590834056,773.443955725362,157.999435716301,114.724540262705
0.513892737918055,0.513892737918055,0,0.787063676632191,0.277722527658613,749.974658029287,147.999471430459,122.684951575202
0.637244073526992,0.637244073526992,0,0.839785693586967,0.0520177163683174,829.557543858042,155.999442859133,121.204717854454
0.720560225058729,0.720560225058729,0,0.470295548672541,0.133139391849663,693.887003743932,145.999478573291,120.972489966408
0.576683974779689,0.576683974779689,0,0.402975706515866,0.848265555479545,626.620436663303,401.998564290842,-39.5092114570342
0.730824593270419,0.730824593270419,0,0.030892822936984,0.0916366143255777,646.031293821092,133.999521430281,116.530071280651
0.664098483369746,0.664098483369746,0,0.232818780951666,0.829118685546696,922.035643332043,131.999528573112,118.367462569339
0.994304043284271,0.994304043284271,0,0.606822117719778,0.800596960954515,892.702851505962,151.999457144796,115.217131475519
0.885384014969697,0.885384014969697,0,0.527041530835293,0.413511513252012,863.290581379784,151.999457144796,116.692843111752
0.616069198049755,0.616069198049755,0,0.843650628379741,0.189513109677149,918.743909771671,149.999464287628,123.572403887336
0.771297958432477,0.771297958432477,0,0.942365473016421,0.624130762722874,920.710619790532,163.999414287806,116.056578462657
0.987701233173725,0.987701233173725,0,0.124009204907272,0.932751664797834,653.918184097712,133.999521430281,107.458337518404
0.503892951038166,0.503892951038166,0,0.210206148594325,0.888908344041335,879.526704177848,137.999507144617,116.2810868063
0.875816068679975,0.875816068679975,0,0.2155816598006,0.818486264179298,957.099533411397,123.999557144439,119.429567945978
0.502451302702522,0.502451302702522,0,0.119587190582085,0.359358084661964,956.672088253512,131.999528573112,121.126709164782
0.844681611635261,0.844681611635261,0,0.192100143232421,0.279244830611816,946.261146126686,133.999521430281,122.48889363775
0.659750311702801,0.659750311702801,0,0.757517598289321,0.200347332936253,961.26957248839,151.999457144796,123.782474698519
0.669585403612397,0.669585403612397,0,0.617666273937501,0.95003937123588,769.510175864136,159.999428573469,109.329745070735
0.542972197669965,0.542972197669965,0,0.25294646719386,0.753441862203288,920.649361263282,131.999528573112,119.543362930967
0.745115966356899,0.745115966356899,0,0.323927530088611,0.498976115071201,762.038414615209,147.999471430459,114.370510677744
0.775129753855498,0.775129753855498,0,0.202133866092725,0.604937473873736,615.737933738285,141.999492858954,108.132972978634
0.782225442129538,0.782225442129538,0,0.944295641249489,0.442519696215476,905.306019901478,165.999407144974,116.592049384543
0.714035694948811,0.714035694948811,0,0.582384286818326,0.0854743199139977,666.928250817175,149.999464287628,118.408540201365
0.775910282700854,0.775910282700854,0,0.112899212623713,0.755181112470051,958.722644859493,121.99956428727,119.72258130294
0.588979841861815,0.588979841861815,0,0.452950651780698,0.549579513063387,657.537108267515,155.999442859133,109.942323768514
0.954462688273858,0.954462688273858,0,0.858034441724264,0.28716701461428,704.182466486515,165.999407144974,112.689908375635
0.663963360973081,0.663963360973081,0,0.743941792927565,0.148750818732192,884.396047193834,149.999464287628,122.997501871931
0.538342784402608,0.538342784402608,0,0.854022328955601,0.589811164938428,885.906417888112,165.999407144974,116.041406210405
0.559818196012362,0.559818196012362,0,0.650323292179232,0.817423795025665,627.792616530533,397.998578576505,-44.2271927001227
0.791051403401573,0.791051403401573,0,0.243067155695063,0.377734479295267,961.683349488717,133.999521430281,122.051062509828
0.766126454711773,0.766126454711773,0,0.937246322795981,0.763555535789166,867.776686870575,165.999407144974,114.10598309652
0.963054770740188,0.963054770740188,0,0.316990724197977,0.874979683813322,708.649420369527,143.999485716122,109.785606906529
0.725895810636237,0.725895810636237,0,0.548599054543305,0.0740129032048664,721.028731591597,147.999471430459,120.386967835361
0.568892416241961,0.568892416241961,0,0.148538825961525,0.998915368884874,842.656033640648,135.999514287449,113.704015374485
0.529573130694573,0.529573130694573,0,0.951919022380787,0.530071972553755,968.114573802168,151.999457144796,123.679284821904
0.939238929706685,0.939238929706685,0,0.460212935968667,0.40209014734144,795.650550713749,151.999457144796,115.198652510542
0.511725287636566,0.511725287636566,0,0.00196552768470482,0.4276363572786,860.59936921701,125.999550001607,119.718769031797
0.561158792509304,0.561158792509304,0,0.893701570203125,0.659509556170843,776.551350911887,167.999400002143,112.25511641874
0.781395629285239,0.781395629285239,0,0.506560249357976,0.0449430851679867,989.274892994095,151.999457144796,124.259063552974
0.854925983127677,0.854925983127677,0,0.370594188076746,0.490053512215191,967.472666681814,133.999521430281,121.887040313183
0.759854328910253,0.759854328910253,0,0.631237080151753,0.373998189808265,877.86227582344,159.999428573469,116.576395017044
0.580919121438882,0.580919121438882,0,0.224921998106084,0.100310000672881,748.829604879728,141.999492858954,121.908664275673
0.793368305751175,0.793368305751175,0,0.709078009666525,0.690004048154526,981.692979027003,155.999442859133,117.595419718732
0.530139516054278,0.530139516054278,0,0.460593323759685,0.0505179040390166,684.543869323152,147.999471430459,117.284873914284
0.841069736161498,0.841069736161498,0,0.0565759798532686,0.27698843937638,758.729225932631,129.999535715944,118.026245839248
0.912026992088606,0.912026992088606,0,0.547149851842517,0.295410100370548,849.473930064695,145.999478573291,124.024224926048
0.500088609061995,0.500088609061995,0,0.0188258860084761,0.37390937132678,934.738180512563,127.999542858775,121.275737671018
0.777500845118359,0.777500845118359,0,0.0103849613959921,0.774732546807283,950.434944379639,117.999578572934,120.379998517942
0.878179773829724,0.878179773829724,0,0.270749030989129,0.944190636719501,613.458837189049,419.998500005357,-32.6894746012287
0.589011894916518,0.589011894916518,0,0.297263670659954,0.226311683857588,671.879995072864,137.999507144617,119.611505131398
0.70763209431814,0.70763209431814,0,0.112737420541626,0.748042365889695,733.759236572543,133.999521430281,111.903877956625
0.891421998432284,0.891421998432284,0,0.13209764631736,0.505270706816673,743.95078253187,135.999514287449,113.891382837523
0.89407238728729,0.89407238728729,0,0.675131129612797,0.7412467397983,923.133302323577,153.999450001964,115.951701198971
0.948629396662255,0.948629396662255,0,0.374629245191392,0.822254671531963,909.012351773109,137.999507144617,117.958379028361
0.790741444202762,0.790741444202762,0,0.477598394168529,0.687710373254954,980.725793200079,135.999514287449,123.14594074256
0.956151799437637,0.956151799437637,0,0.807445593779292,0.713005745384248,717.693232373735,161.999421430638,108.499251129232
0.895716339085632,0.895716339085632,0,0.230373727511567,0.902969077325102,735.865943372058,139.999500001786,111.064846223939
0.570790268462363,0.570790268462363,0,0.735861213740428,0.0751198581032843,828.028336166571,153.999450001964,121.474537430922
0.801839293916353,0.801839293916353,0,0.151718049425853,0.578000057598953,995.589287244606,125.999550001607,122.370668855606
0.557698835472418,0.557698835472418,0,0.048375198865641,0.0164289895610712,724.261749961538,137.999507144617,117.803177935344
0.803086672586675,0.803086672586675,0,0.953584047418079,0.240994725048582,829.545415520399,169.999392859311,116.180075181962
0.74658970501034,0.74658970501034,0,0.488133403204905,0.156366703165145,681.989151461006,155.999442859133,114.477340179011
0.734879842052444,0.734879842052444,0,0.403614619851487,0.428922957524162,903.130968180124,137.999507144617,124.385667340252
0.705997590488586,0.705997590488586,0,0.585254962603217,0.773915652692024,735.503198863196,157.999435716301,110.118649388765
0.753597256753319,0.753597256753319,0,0.933025923994326,0.0923171616028029,817.104568523854,157.999435716301,119.41954207661
0.934450888708521,0.934450888708521,0,0.540804512083358,0.490701968084639,976.277221007789,139.999500001786,124.932648294701
0.852528053632035,0.852528053632035,0,0.229285289275744,0.0653334585306096,848.375848294723,143.999485716122,127.531905998851
0.61832510127669,0.61832510127669,0,0.4820528249937,0.0439247706994288,950.132755854019,151.999457144796,124.083351811141
0.868060315906754,0.868060315906754,0,0.85374685443476,0.00841864304899564,889.331118174605,161.999421430638,120.144877927372
0.858923279789747,0.858923279789747,0,0.939092401557119,0.382633251542317,843.487091666621,165.999407144974,115.609037217082
0.989852512690114,0.989852512690114,0,0.408395395642633,0.961386117330659,712.24470076012,147.999471430459,108.095139624196
0.58897846988001,0.58897846988001,0,0.170778650045385,0.278493702746654,640.652285971069,131.999528573112,116.427058880675
0.618905778711972,0.618905778711972,0,0.0356010832656604,0.914479552550763,913.301344029378,119.999571430102,118.681333180747
0.759642879765327,0.759642879765327,0,0.945570706260774,0.0583103991295758,904.060312983939,159.999428573469,120.867993667857
0.611032512379803,0.611032512379803,0,0.187418786573793,0.651599268832209,954.90444591677,127.999542858775,121.046976465033
0.874183156002146,0.874183156002146,0,0.913702965698195,0.0401625310301882,869.894290433565,161.999421430638,119.617684191142
0.966464029102015,0.966464029102015,0,0.940935138359443,0.116355553126827,634.09662504444,169.999392859311,111.790907471795
0.532752782534784,0.532752782534784,0,0.354549146233151,0.104463565763785,701.559011045789,143.999485716122,118.353255123997
0.954441875773395,0.954441875773395,0,0.140316550448711,0.817461049622768,857.445977538339,123.999557144439,117.092629564163
0.653456650826795,0.653456650826795,0,0.871637093625901,0.292991160029362,701.997044787343,165.999407144974,113.646648483496
0.79983018312555,0.79983018312555,0,0.62204427252176,0.810542717641213,630.651218125951,395.998585719337,-42.3084679922763
0.551299236568734,0.551299236568734,0,0.935853174218505,0.642610599961674,807.166838813772,169.999392859311,113.446323160118
0.867040339430309,0.867040339430309,0,0.762039557779986,0.490435330925118,605.380657146674,161.999421430638,64.0183406739588
0.907840080285179,0.907840080285179,0,0.96532473705213,0.19727537670141,868.718400276481,159.999428573469,118.822761157807
0.597737534251894,0.597737534251894,0,0.927930088326879,0.918515333611376,718.786505496091,411.998528576684,-44.2055929227875
0.758208323796248,0.758208323796248,0,0.131625740599588,0.106439280713622,826.729609994404,139.999500001786,124.706753686869
0.816349605168799,0.816349605168799,0,0.155959154929391,0.0435447008613188,961.246420162548,143.999485716122,129.053249931811
0.61649786388145,0.61649786388145,0,0.469633159546623,0.447576379476936,995.489881420476,141.999492858954,125.11704680394
0.614411556229309,0.614411556229309,0,0.137933523453262,0.349758482617839,820.623879500802,131.999528573112,119.555444117362
0.940972351554086,0.940972351554086,0,0.127501881149547,0.350835493127676,667.677595112502,137.999507144617,113.299851054023
0.989705265812119,0.989705265812119,0,0.937015586087701,0.311032742676939,610.945772833633,167.999400002143,107.114794331421
0.881315361001466,0.881315361001466,0,0.0540065164685083,0.815792633315793,673.837254334911,129.999535715944,109.487747665149
0.689188405824671,0.689188405824671,0,0.449087547128,0.528111998766615,895.236666141475,141.999492858954,125.39943009687
0.741280397201805,0.741280397201805,0,0.0994096066486273,0.269260613421733,945.054859591399,133.999521430281,121.988708767974
0.747131368232891,0.747131368232891,0,0.788192231529538,0.285676115144269,969.433055739154,151.999457144796,122.518921316686
0.881802451713508,0.881802451713508,0,0.53069396845032,0.681666947701371,654.435683381167,153.999450001964,105.531751792543
0.923780905528354,0.923780905528354,0,0.354350668481911,0.740074814835468,692.833897644675,145.999478573291,110.013350967484
0.575219165679603,0.575219165679603,0,0.0619322800587094,0.742457237958483,974.479906569502,121.99956428727,119.889182236106
0.706283376789426,0.706283376789426,0,0.976379855314299,0.338174655012844,744.272625450108,169.999392859311,113.490267415082
0.531687036422101,0.531687036422101,0,0.872427173108901,0.602962111814287,827.188697094696,165.999407144974,114.602197436068
0.637683060422959,0.637683060422959,0,0.763027989295004,0.607825403414395,807.981511163094,163.999414287806,113.683993052771
0.546934828520223,0.546934828520223,0,0.271073666234186,0.0786982411324177,613.842072727916,139.999500001786,116.271378447186
0.611138430683165,0.611138430683165,0,0.964617143562952,0.29252535337289,785.067238299189,163.999414287806,116.228599885691
0.840256530625244,0.840256530625244,0,0.199096727051095,0.571302653203053,621.996796902609,141.999492858954,109.03952380933
0.828573476473002,0.828573476473002,0,0.0517544530651322,0.918865650387153,676.197399030817,129.999535715944,108.812890397572
0.895395923262663,0.895395923262663,0,0.276314435248281,0.870974114272991,650.521242008846,143.999485716122,105.239058352146
0.644655550601604,0.644655550601604,0,0.713019696349258,0.762002115524539,883.512665736004,159.999428573469,114.844650546567
0.846860783120721,0.846860783120721,0,0.899737960308094,0.706659308634067,913.891259225844,161.999421430638,115.595987294459
0.666072769251056,0.666072769251056,0,0.190527713649389,0.474867645595276,921.681954250455,131.999528573112,121.015891188508
0.656750307810043,0.656750307810043,0,0.320961303964683,0.146095309483044,866.043226580485,143.999485716122,126.773548163118
0.816027742860729,0.816027742860729,0,0.360425155625563,0.413222462451,741.734294023064,149.999464287628,113.953512558408
0.55009780417181,0.55009780417181,0,0.309364651495646,0.0788888681667481,611.378512404857,141.999492858954,116.45387219798
0.625546029730787,0.625546029730787,0,0.35788666133728,0.887837103743878,865.644840914962,145.999478573291,115.112434456859
0.847983204910878,0.847983204910878,0,0.344911269020752,0.767135258321554,676.56565252955,145.999478573291,108.782477939064
0.540775355877763,0.540775355877763,0,0.0442325670311101,0.0159558943110647,605.297714330569,133.999521430281,114.929306380232
0.686389037738526,0.686389037738526,0,0.774927545411362,0.338936160612912,889.179019975884,163.999414287806,117.13243039251
0.625248077100241,0.625248077100241,0,0.58185329286904,0.926755415338443,819.76009770649,157.999435716301,112.398417865203
0.922456016754837,0.922456016754837,0,0.889767345859041,0.898011934502576,813.88516203088,163.999414287806,111.627535404431
0.907181464285992,0.907181464285992,0,0.857180297135402,0.518301705446437,878.204398814268,161.999421430638,115.746950994095
0.722114276416925,0.722114276416925,0,0.950415605428791,0.350246297154956,993.236067367636,153.999450001964,122.315067081429
0.78523291640112,0.78523291640112,0,0.359067962814872,0.276243677795379,726.091118924154,151.999457144796,114.386445523022
0.952296545135655,0.952296545135655,0,0.822760117951635,0.843552601722797,772.79891651319,161.999421430638,110.455603271199
0.632748239668436,0.632748239668436,0,0.771118070342271,0.628579539606606,684.187955159274,163.999414287806,105.758028971835
0.730639125648227,0.730639125648227,0,0.745979374215718,0.756777690331046,821.868528248062,161.999421430638,113.087943099452
0.914075493859034,0.914075493859034,0,0.190870724659132,0.470041239044899,989.569604076123,129.999535715944,123.028969001885
0.762869871262773,0.762869871262773,0,0.331189867603191,0.256652855555147,985.938770318975,137.999507144617,125.333661887123
0.851125896858456,0.851125896858456,0,0.658773546843926,0.426006503963824,952.08439147182,143.999485716122,126.759983958254
0.81292559243158,0.81292559243158,0,0.536152341093908,0.720076891542369,929.893312993952,149.999464287628,116.640947621036
0.629854337324174,0.629854337324174,0,0.177944920929663,0.816216151071403,956.712902628925,125.999550001607,119.452464328936
0.576015387314096,0.576015387314096,0,0.872503607099925,0.272892895941082,844.978411308958,147.999471430459,123.110211929255
0.755352245203655,0.755352245203655,0,0.583521290382046,0.872456619013962,777.897619781917,155.999442859133,111.19926922804
0.677205998362995,0.677205998362995,0,0.275088169770413,0.186770094234889,959.939447455632,139.999500001786,127.07305255355
0.829288722025312,0.829288722025312,0,0.436325495874325,0.0419076511899853,666.605615586488,151.999457144796,117.453999375519
0.811692786014512,0.811692786014512,0,0.71718817020105,0.0130834132705463,877.770500078914,157.999435716301,120.634638200482
0.948860886198705,0.948860886198705,0,0.713414931629497,0.353355085410753,666.326275973465,161.999421430638,111.050229576384
0.935039740593738,0.935039740593738,0,0.153892104687206,0.818307217095673,859.500962748787,125.999550001607,117.012791802851
0.826964096482821,0.826964096482821,0,0.343262031922693,0.180478452392993,752.780678450039,143.999485716122,123.309226431227
0.993938562338119,0.993938562338119,0,0.447508723798321,0.720602417590016,913.614075110619,139.999500001786,120.664566810333
0.593487121022141,0.593487121022141,0,0.398001315539865,0.041526183546297,801.963823722949,149.999464287628,121.530736317879
0.870473208621577,0.870473208621577,0,0.521756297173398,0.704077734854575,891.855671299268,149.999464287628,115.922619546064
0.983464980475093,0.983464980475093,0,0.757718989867558,0.557990873533508,858.612689190928,157.999435716301,115.25815425994
0.655425880541698,0.655425880541698,0,0.454861577778369,0.209060632219237,699.546199131284,141.999492858954,123.33398624447
0.980678450576861,0.980678450576861,0,0.916266349977806,0.0825886701564487,634.684318425925,169.999392859311,112.194404679473
0.820696785212579,0.820696785212579,0,0.806876917602219,0.899228264670687,774.701959228529,163.999414287806,108.776941829563
0.884894962299602,0.884894962299602,0,0.548501725788028,0.721569584181335,746.210498686902,153.999450001964,111.436469620758
0.983337012545596,0.983337012545596,0,0.484249557160851,0.155631016565712,693.996596419643,157.999435716301,113.987848136981
0.615973993754765,0.615973993754765,0,0.716316809171038,0.677550123403169,648.851304671716,381.998635719158,-47.0456632323996
0.661556604354078,0.661556604354078,0,0.469600672884352,0.199327856122978,887.761074036663,143.999485716122,127.956845338102
0.51063562172782,0.51063562172782,0,0.237994893287104,0.0523529787621057,866.399046083689,143.999485716122,124.043681277414
0.853672035421421,0.853672035421421,0,0.0753744720502771,0.0810545355716943,722.224073247595,137.999507144617,120.934282783442
0.921267110630384,0.921267110630384,0,0.551949244937092,0.573024139790989,743.552484877477,153.999450001964,112.415421408435
0.798776332996193,0.798776332996193,0,0.661011625411858,0.0826040559894055,915.895726513257,153.999450001964,120.952523307021
0.58410439428356,0.58410439428356,0,0.506364186597219,0.482116112494121,959.693856962565,141.999492858954,126.391401130067
0.851599249879646,0.851599249879646,0,0.11864427160667,0.308817929268725,874.149983461475,131.999528573112,120.24138983304
0.749026749835392,0.749026749835392,0,0.656344681278799,0.907983567668583,700.605856462616,409.998535719515,-40.4950248926372
0.808874603169846,0.808874603169846,0,0.287524629579219,0.231788761397448,730.326444279453,147.999471430459,115.198869906418
0.766994071293081,0.766994071293081,0,0.688138936818038,0.380828298424229,901.168116296734,159.999428573469,116.988313558316
0.977669570611631,0.977669570611631,0,0.837566729720988,0.812791292975229,949.433920672266,159.999428573469,116.034021529981
0.83515113529514,0.83515113529514,0,0.0914349090102163,0.0284931284834342,920.498914593085,141.999492858954,128.243662758923
0.746286523223706,0.746286523223706,0,0.962601344632365,0.335096852741771,959.482150614107,155.999442859133,121.008232420172
0.516253387122174,0.516253387122174,0,0.6713496904882,0.457256048905656,844.997621043027,143.999485716122,126.529304876818
0.822773309149377,0.822773309149377,0,0.656570919539701,0.110295268818384,976.267937355547,155.999442859133,121.969449234676
0.998208213656003,0.998208213656003,0,0.648666345071424,0.432359860890453,612.89980073601,157.999435716301,106.85252721864
0.997947797476326,0.997947797476326,0,0.181648639469531,0.195923338956893,989.474087172794,137.999507144617,124.601510385287
0.810881656422811,0.810881656422811,0,0.111008851441257,0.538366130006985,757.525019659279,131.999528573112,114.565102873025
0.853803990809947,0.853803990809947,0,0.332001032758537,0.14682683023196,940.766063730254,141.999492858954,126.832977194665
0.794602191067022,0.794602191067022,0,0.807925326080306,0.371142323840142,857.918056139997,163.999414287806,116.04427393389
0.749630318523364,0.749630318523364,0,0.991976013260621,0.718069166296218,858.748475863232,167.999400002143,114.039004716709
0.915468118636386,0.915468118636386,0,0.376680107481378,0.0513832833086068,608.410134548494,155.999442859133,112.753094650377
0.836927548397731,0.836927548397731,0,0.318465468954121,0.701771091417405,601.174550976524,145.999478573291,96.5757986647982
0.978493784661402,0.978493784661402,0,0.0683890715270694,0.718531922394093,781.356846138431,123.999557144439,114.932157842012
0.616321658405879,0.616321658405879,0,0.122799474405329,0.347964616134462,878.02817738146,131.999528573112,120.386666457193
0.571782475661389,0.571782475661389,0,0.790207224437564,0.756135154762743,802.231529867539,165.999407144974,112.495296980741
0.953398547796619,0.953398547796619,0,0.343624562989024,0.763837632724122,845.736179337558,141.999492858954,115.505675099434
0.838524566858283,0.838524566858283,0,0.560026300798905,0.257280029411289,983.797966054591,147.999471430459,124.269175131742
0.976633367222614,0.976633367222614,0,0.231009393442666,0.511604890928401,797.670619485066,133.999521430281,117.20487869702
0.762409149094109,0.762409149094109,0,0.858529320136615,0.68364908918222,769.684329626911,163.999414287806,111.503268444012
0.712632860551743,0.712632860551743,0,0.920825460491172,0.0495349586553665,948.361141046156,159.999428573469,122.528875990236
0.663126115087014,0.663126115087014,0,0.103562509124748,0.761605206826203,683.534894085378,135.999514287449,110.23454404263
0.87609719976507,0.87609719976507,0,0.0995918074563374,0.0692876302449696,786.381226206925,139.999500001786,124.108139478062
0.95681326209812,0.95681326209812,0,0.507658150381019,0.958955415111736,733.55622136998,151.999457144796,108.538002184717
0.717334460016795,0.717334460016795,0,0.250216110854755,0.979809659487402,828.099884228863,139.999500001786,113.926567760575
0.984913792911618,0.984913792911618,0,0.418322122571866,0.184204963802135,706.5269437299,153.999450001964,114.306100543729
0.974046127074557,0.974046127074557,0,0.0671565945993501,0.981299198353244,984.506242757954,115.999585715765,120.99800412954
0.506857180964818,0.506857180964818,0,0.951661527061581,0.532964431155092,916.04923786003,151.999457144796,122.946388416071
0.974854411832245,0.974854411832245,0,0.196348308322856,0.378764851036779,938.967834088301,131.999528573112,121.649717198343
0.814889405288819,0.814889405288819,0,0.324184670291387,0.719660721298889,660.800825981812,145.999478573291,108.50206635514
0.949334929097834,0.949334929097834,0,0.835466554319574,0.532350285862902,712.505148013065,161.999421430638,110.922238444787
0.755708263142862,0.755708263142862,0,0.659598381720597,0.259224142757952,830.982324508658,161.999421430638,116.328074646246
0.66322685701714,0.66322685701714,0,0.386123670050969,0.501798866253466,605.112042697564,153.999450001964,107.248006766237
0.720719563285352,0.720719563285352,0,0.0159462036748994,0.102252595131032,844.701800780863,135.999514287449,121.903088492353
0.58922972961276,0.58922972961276,0,0.71383081000598,0.943158644984912,887.855486385953,161.999421430638,114.110160763462
0.6097489975351,0.6097489975351,0,0.116159384302245,0.274134901949217,807.12449146681,133.999521430281,119.695861456301
0.973135551486369,0.973135551486369,0,0.1660748228275,0.973746332795703,685.494331947387,135.999514287449,108.512680410978
0.802872786082643,0.802872786082643,0,0.147088454389506,0.847174371277803,729.231206066817,135.999514287449,111.124031930731
0.79827764488224,0.79827764488224,0,0.425750048755273,0.453537590809788,955.267797752062,135.999514287449,123.725849741188
0.506390135337469,0.506390135337469,0,0.429326393387959,0.930950983430594,756.398262317768,153.999450001964,110.569907137384
0.852543740075445,0.852543740075445,0,0.354350972870894,0.98671405331096,646.668519596115,423.998485719694,-33.5506106751752
0.656277649542877,0.656277649542877,0,0.771397577440895,0.912600420730023,601.681639578602,409.998535719515,-43.1292838986572
0.734884457268748,0.734884457268748,0,0.801182280921063,0.726534839362718,903.34767261605,161.999421430638,115.315858499357
0.69749388120899,0.69749388120899,0,0.795557994511021,0.41483571284564,647.678353621162,165.999407144974,108.551001926902
0.830631359241649,0.830631359241649,0,0.562277850811382,0.429563072844861,786.454303689893,155.999442859133,114.344746085789
0.932838562498621,0.932838562498621,0,0.95548504086888,0.084362847466965,811.66344875008,169.999392859311,116.826511887689
0.537394450953447,0.537394450953447,0,0.815088062193727,0.0112394548082496,707.74612436693,155.999442859133,118.413250467483
0.856210171249645,0.856210171249645,0,0.886132066442558,0.743325031913051,797.954690360406,163.999414287806,112.195336417159
0.597642005775745,0.597642005775745,0,0.313986284626239,0.333749394360672,670.491160724466,141.999492858954,117.289371186629
0.996561337179222,0.996561337179222,0,0.636388867728296,0.695377561735879,643.048028492731,155.999442859133,79.4853050742947
0.767967601466197,0.767967601466197,0,0.644915593299504,0.258972892009032,928.364706054377,147.999471430459,123.257194634441
0.759428724001346,0.759428724001346,0,0.0175366389575982,0.178317887352207,736.790780229435,131.999528573112,118.324929734319
0.560672760250735,0.560672760250735,0,0.660709707957067,0.257792565409502,792.382423297099,145.999478573291,124.525507217643
0.990842156935541,0.990842156935541,0,0.849512117202699,0.621271562876918,734.819312891777,161.999421430638,111.042865447369
0.730178068469579,0.730178068469579,0,0.326096440154054,0.274462100823419,797.723188999285,139.999500001786,124.187452143958
0.636921181201048,0.636921181201048,0,0.852677092752916,0.286075484244317,680.616018774833,163.999414287806,113.49859237767
0.771080784330078,0.771080784330078,0,0.204524412081876,0.0111699291984775,750.975430541301,145.999478573291,123.763272809
0.920156143750695,0.920156143750695,0,0.693683280915584,0.00299732001986774,709.001939059928,167.999400002143,115.216183714514
0.680800247971229,0.680800247971229,0,0.423742642375325,0.709577398075221,752.162226842167,151.999457144796,112.000816571461
0.948960206867082,0.948960206867082,0,0.63261614521353,0.93825494866025,863.301016275708,153.999450001964,113.700888996502
0.755340953774935,0.755340953774935,0,0.912650773135186,0.33499973997083,831.995307963825,167.999400002143,115.674614125797
0.677031596275482,0.677031596275482,0,0.707459915971392,0.719639087295859,899.486038067505,159.999428573469,115.379949549476
0.802246078308795,0.802246078308795,0,0.146807731575106,0.348807497938522,609.854107798999,141.999492858954,111.404150546644
0.661921703176735,0.661921703176735,0,0.535956670484275,0.0578092491004973,779.068036061875,151.999457144796,121.327260706602
0.576115000183993,0.576115000183993,0,0.718600406937792,0.70329050776813,858.93196271346,161.999421430638,114.624781980593
0.518288131588865,0.518288131588865,0,0.870832498937547,0.457543508667444,912.396663408718,147.999471430459,124.819977106177
0.884444011806274,0.884444011806274,0,0.570738687194045,0.561960644493724,603.363220151723,155.999442859133,84.4917059604404
0.995486587712815,0.995486587712815,0,0.351710709814149,0.763367890390353,691.210589293993,145.999478573291,109.813423691831
0.710798919819514,0.710798919819514,0,0.527070657924015,0.217857419311005,741.145566759626,155.999442859133,115.39504516491
0.776378169457209,0.776378169457209,0,0.638538460884305,0.439574015871981,675.854367344988,159.999428573469,110.560658369353
0.688407167048345,0.688407167048345,0,0.40214603318545,0.266083215891719,893.159377263433,139.999500001786,126.535063991983
0.654303009677062,0.654303009677062,0,0.480063473737543,0.106152979147054,670.108750600635,145.999478573291,120.303989680683
0.845485155179202,0.845485155179202,0,0.0253405846133068,0.0753476528193704,832.429856163265,137.999507144617,123.320674707203
0.698071867785052,0.698071867785052,0,0.40877519515776,0.712558922824242,613.501331462684,151.999457144796,40.8529559904109
0.588911082170289,0.588911082170289,0,0.907344468807983,0.589682457179608,773.109292283811,167.999400002143,112.671710306586
0.558811068041973,0.558811068041973,0,0.712838483440714,0.563892035414897,606.939309404567,163.999414287806,10.6954847222315
0.85536677013594,0.85536677013594,0,0.819640033983257,0.395573093937588,711.307112289984,165.999407144974,111.960819850291
0.663959058578153,0.663959058578153,0,0.774886154441171,0.0281012757808501,929.144813167562,155.999442859133,122.637781455566
0.762161516458134,0.762161516458134,0,0.85863677195279,0.697706546295308,755.930343554919,165.999407144974,110.664917049831
0.531505620972251,0.531505620972251,0,0.742196183072516,0.909960663649631,979.431554687247,161.999421430638,116.394615800783
0.569151606725948,0.569151606725948,0,0.931450537581949,0.0242968491271275,607.068285643581,153.999450001964,115.810772927971
0.690501328351905,0.690501328351905,0,0.709927158790591,0.658386601746376,821.342546921734,159.999428573469,113.76521024481
0.883046797637203,0.883046797637203,0,0.196303846529543,0.481628016420669,665.394019237995,141.999492858954,112.184064621609
0.952201132285414,0.952201132285414,0,0.276698085067827,0.063741258773351,846.015081767308,143.999485716122,126.478105253451
0.683459794705742,0.683459794705742,0,0.844561612290252,0.765485550180705,948.258516341633,163.999414287806,116.127810958904
0.791416018469688,0.791416018469688,0,0.422460211879015,0.122264639046746,650.045716253891,155.999442859133,113.745393620065
0.954803505841982,0.954803505841982,0,0.109483392278796,0.196610530587364,797.119698547244,133.999521430281,120.153855869865
0.990030370327003,0.990030370327003,0,0.275312242142944,0.76455594724788,766.849238613515,139.999500001786,113.392043039595
0.859363776934799,0.859363776934799,0,0.844878880847165,0.856760470149286,711.769190269624,403.99855714801,-43.2623120654648
0.707689601065364,0.707689601065364,0,0.561624324965718,0.714480212045451,707.634011629218,157.999435716301,109.39324871846
0.559408528820883,0.559408528820883,0,0.932261889001232,0.546614710924468,849.407888340467,167.999400002143,115.371830187448
0.520416029368415,0.520416029368415,0,0.757229194397576,0.510171003590542,830.627188311624,159.999428573469,115.921098399778
0.883796961300994,0.883796961300994,0,0.941005943316205,0.312565769510458,829.933747286352,167.999400002143,115.704187470674
0.554535493631213,0.554535493631213,0,0.83970217195704,0.0594417110681088,639.176727934879,153.999450001964,116.732469188879
0.869312910817037,0.869312910817037,0,0.412089811825395,0.887697823532316,653.920661979611,149.999464287628,61.2007385363988
0.650305463947198,0.650305463947198,0,0.871087967111741,0.642707514033848,912.050820809809,163.999414287806,115.924126774299
0.774985282023044,0.774985282023044,0,0.356469671335635,0.502629844230854,777.460066187982,147.999471430459,114.576740715574
0.76434222436798,0.76434222436798,0,0.650442399676767,0.928161169410671,600.874813335375,411.998528576684,-40.6051539522072
0.707282949475708,0.707282949475708,0,0.747300240969988,0.807740134644002,769.141016608669,161.999421430638,110.560171281654
0.873681393682799,0.873681393682799,0,0.643236601521064,0.928613017388039,932.616531504509,153.999450001964,115.405157136231
0.767911413725791,0.767911413725791,0,0.230832877136025,0.257751427767745,613.06434600975,147.999471430459,111.852502904439
0.904866704034404,0.904866704034404,0,0.680962308718324,0.29139200103357,801.317020488123,161.999421430638,115.360633252966
0.924312257856774,0.924312257856774,0,0.481490284012269,0.360400673167594,816.244537151132,151.999457144796,115.782758924479
0.704039383108955,0.704039383108955,0,0.0740121268372477,0.720143710315818,756.926483160892,131.999528573112,112.868356776547
0.812677185561912,0.812677185561912,0,0.485415251269647,0.350107964328721,800.775774683681,153.999450001964,115.316312251588
0.687957026245917,0.687957026245917,0,0.607013925548157,0.141421128617513,839.940993013545,145.999478573291,124.325473404692
0.892942291040213,0.892942291040213,0,0.731162347841734,0.362039449506118,953.992300303425,147.999471430459,125.101117777428
0.819187100452227,0.819187100452227,0,0.437784685864719,0.221975605210941,932.592071218239,143.999485716122,126.999686579242
0.881042633232269,0.881042633232269,0,0.00248416660627382,0.94034648945324,658.351326856875,127.999542858775,108.069065261427
0.928805701345453,0.928805701345453,0,0.890723569907271,0.91304714536271,961.473892779308,161.999421430638,115.840139945148
0.61933058872656,0.61933058872656,0,0.935660298897007,0.948336650182676,990.891535730877,167.999400002143,116.327664273496
0.99373206096289,0.99373206096289,0,0.820652282179026,0.236585936106787,749.541672203569,165.999407144974,114.386579354671
0.9551221764092,0.9551221764092,0,0.0325282657793261,0.208020581067694,724.437185521805,129.999535715944,117.59748682959
0.895595086324478,0.895595086324478,0,0.328516755352548,0.690914323090334,783.328913125524,143.999485716122,114.666562387506
0.975488691048768,0.975488691048768,0,0.794280408344747,0.220916009820933,938.984787271927,149.999464287628,122.372007950564
0.925201448089896,0.925201448089896,0,0.833373863040732,0.581751156502585,812.215270243549,161.999421430638,113.877111622663
0.535016538134025,0.535016538134025,0,0.856360321237305,0.981611132797421,626.111616193254,419.998500005357,-43.4998975226895
0.585523609385381,0.585523609385381,0,0.716872609485766,0.562619673902164,893.267436016317,161.999421430638,116.192578162153
0.520161701668964,0.520161701668964,0,0.910635741248579,0.465569504366891,637.337234179555,163.999414287806,111.112513231192
0.991021241553532,0.991021241553532,0,0.555231222676752,0.489689720262538,655.441164008924,155.999442859133,109.810399717892
0.739744679058073,0.739744679058073,0,0.887549404142821,0.746423944095173,914.922037816553,163.999414287806,115.424947688956
0.959038139815258,0.959038139815258,0,0.22467893343007,0.590488341095498,959.527556961364,125.999550001607,121.547272367239
0.65134531630146,0.65134531630146,0,0.375665619445954,0.587431917172062,975.529242563299,135.999514287449,122.35053093739
0.501042883301156,0.501042883301156,0,0.881131258188329,0.723768961863756,663.614722092249,389.998607147832,-48.1395160978165
0.96592482584079,0.96592482584079,0,0.519760512333453,0.305804094085105,955.534732350714,141.999492858954,126.618357979293
0.887924849290379,0.887924849290379,0,0.611448050426729,0.766378057060155,758.878474998349,155.999442859133,111.377546463066
0.833771166131184,0.833771166131184,0,0.261102433872262,0.598055384016836,757.975710372802,141.999492858954,114.640332835241
0.867811641667361,0.867811641667361,0,0.34213924292537,0.200983154104856,771.079037388967,141.999492858954,123.884636177833
0.646315909602271,0.646315909602271,0,0.443807204637283,0.336628164375103,810.834185117992,141.999492858954,125.733854140668
0.988141602138899,0.988141602138899,0,0.0945771928162744,0.0571785497410813,734.013629723008,137.999507144617,122.057038525613
0.667191661203132,0.667191661203132,0,0.494697253325117,0.439164141628188,952.175007514388,141.999492858954,127.05088964356
0.669513851180707,0.669513851180707,0,0.287602467686367,0.792876520803022,930.759145518055,133.999521430281,119.381770784637
0.57958636317554,0.57958636317554,0,0.014996009644011,0.455758734763627,956.093697278387,125.999550001607,121.493596351417
0.653799858400189,0.653799858400189,0,0.991644132991037,0.152506617370086,681.993501968955,157.999435716301,116.950267479121
0.965532201225952,0.965532201225952,0,0.517073990709084,0.123120033805939,746.599112963773,151.999457144796,118.045642226963
0.63500364231813,0.63500364231813,0,0.811470782434714,0.571689384871703,768.641324560373,165.999407144974,112.669985615852
0.89014581944666,0.89014581944666,0,0.799964284646473,0.733996638642671,727.111167803296,161.999421430638,108.655221607493
0.697951336970418,0.697951336970418,0,0.373055254754433,0.414968951185044,608.764976547834,153.999450001964,109.086825685537
0.867513519127264,0.867513519127264,0,0.57586090223627,0.888389343896507,730.861789039771,155.999442859133,108.269922546798
0.817214594201837,0.817214594201837,0,0.541229931210686,0.744213309450528,699.010614634853,153.999450001964,108.669707430047
0.925519843809997,0.925519843809997,0,0.487262512303164,0.964616858786603,757.28441433741,151.999457144796,110.222379607354
0.611110818361456,0.611110818361456,0,0.645766007857722,0.450103394859473,672.390984130485,161.999421430638,111.174027491977
0.579122980129158,0.579122980129158,0,0.61950603357073,0.433679792417092,855.136923172488,145.999478573291,125.563637380799
0.790750561677516,0.790750561677516,0,0.0364061297471591,0.758098104029114,828.995655991638,119.999571430102,117.25805716545
0.52854134155653,0.52854134155653,0,0.225949152207587,0.0059101991694499,844.077527933959,145.999478573291,122.026510801684
0.850422027358881,0.850422027358881,0,0.426894026340542,0.980233345885649,924.94378909101,145.999478573291,116.039731894416
0.678379087172609,0.678379087172609,0,0.0489138205045829,0.87986026459216,843.572349071911,121.99956428727,116.314605961996
0.533268841489278,0.533268841489278,0,0.229233765199537,0.644345899533703,746.893701974277,141.999492858954,114.447167934856
0.775670092786667,0.775670092786667,0,0.745158576926113,0.566267514247954,970.810293566135,157.999435716301,117.714701445455
0.699514847203795,0.699514847203795,0,0.134833231678052,0.12650820500387,845.800651791556,139.999500001786,124.376166727027
0.73390204450533,0.73390204450533,0,0.560791696848306,0.575703554560439,646.938025385451,157.999435716301,106.315946779567
0.706042389068064,0.706042389068064,0,0.427260557412892,0.133603263739819,623.717806599296,145.999478573291,117.517826364408
0.817183375579376,0.817183375579376,0,0.791882694266836,0.0919935078255568,768.100832673922,161.999421430638,117.033700515399
0.591433202112072,0.591433202112072,0,0.993791813567968,0.260617794241566,773.64853739743,153.999450001964,119.663331769901
0.906197909343683,0.906197909343683,0,0.415152360259209,0.454261685183118,752.680874630792,149.999464287628,113.906948482263
0.88314426139109,0.88314426139109,0,0.254472126625046,0.686171462006406,781.395381493667,139.999500001786,114.295828424519
0.920771240867199,0.920771240867199,0,0.56859299186581,0.241860785757177,627.817569705941,159.999428573469,111.072054172388
0.948547050645645,0.948547050645645,0,0.123690770673856,0.542864797873104,615.967158617299,135.999514287449,109.391298270373
0.789683329207056,0.789683329207056,0,0.653853801151042,0.177140546705154,799.981837516085,153.999450001964,118.774250267566
0.502947526587815,0.502947526587815,0,0.67025702099892,0.562974352944039,989.546505355407,145.999478573291,125.304560234153
0.553922582658231,0.553922582658231,0,0.0565475659114824,0.624147178812502,610.026577341765,135.999514287449,108.961434591885
0.769280566373955,0.769280566373955,0,0.528508611864418,0.464635823385683,808.658048690888,155.999442859133,114.748893253414
0.794961374057356,0.794961374057356,0,0.996975675901405,0.882467826167051,663.678904016813,407.998542862347,-44.5327213126939
0.708288474515452,0.708288474515452,0,0.656410076705265,0.506609438567193,612.559384581511,161.999421430638,82.980186418868
0.945717789558316,0.945717789558316,0,0.611535790951709,0.39393406479581,773.318219767332,157.999435716301,114.222052161754
0.829505834351723,0.829505834351723,0,0.336752531885827,0.316030065614412,618.919263725466,151.999457144796,110.663402512052
0.661070150345247,0.661070150345247,0,0.269372474041651,0.580240256611284,696.018503868364,145.999478573291,111.86136552718
0.504206372057775,0.504206372057775,0,0.125066436827824,0.497599652144871,884.081052047602,127.999542858775,120.976625952626
0.864555349080523,0.864555349080523,0,0.778150058297838,0.866952506765454,925.656181909336,159.999428573469,115.295047880377
0.609166897943283,0.609166897943283,0,0.251323230779986,0.493495456417765,690.566756136034,145.999478573291,113.026666431246
0.629520424222456,0.629520424222456,0,0.237829744933194,0.0827496153193409,645.47799932697,141.999492858954,117.752599162036
0.95652131459965,0.95652131459965,0,0.156935359519135,0.430524096896297,991.027519529404,127.999542858775,122.949264631365
0.655069044932341,0.655069044932341,0,0.244029572605775,0.860081014432446,994.233833825257,127.999542858775,119.836224344063
0.508366740270664,0.508366740270664,0,0.150775714117451,0.348971850302474,693.735389277773,131.999528573112,117.064190797983
0.841365048759766,0.841365048759766,0,0.165821781987586,0.246277820970911,850.432514227689,133.999521430281,121.415151010523
0.817486435275438,0.817486435275438,0,0.19074600689645,0.761175376486053,839.768394605197,131.999528573112,115.607425303368
0.527222101873554,0.527222101873554,0,0.0719809760357593,0.969781055752377,728.34660193247,133.999521430281,110.514343705599
0.792624992112852,0.792624992112852,0,0.777975017692953,0.818448440048548,711.077908409767,161.999421430638,57.989219094129
0.85347439315685,0.85347439315685,0,0.547848641807444,0.19111914039139,684.88567272804,159.999428573469,113.373641949588
0.595075097264024,0.595075097264024,0,0.420151947125332,0.411773147892682,725.757798684275,149.999464287628,114.366422540251
0.710974892846268,0.710974892846268,0,0.770577899688258,0.828210882249037,750.434693944153,163.999414287806,107.77328378544
0.56924218528808,0.56924218528808,0,0.0245428388748328,0.770593348193361,762.616813875188,129.999535715944,112.930096385457
0.711936225193658,0.711936225193658,0,0.349017329650516,0.893390434043011,818.189556011289,145.999478573291,113.641789797341
0.717439710014003,0.717439710014003,0,0.398052702806703,0.393944218825006,920.172209517457,139.999500001786,124.776266045401
0.52532997620821,0.52532997620821,0,0.13500617897164,0.309369619169029,826.967020947953,131.999528573112,119.731991958575
0.682738874575364,0.682738874575364,0,0.230083054680988,0.706953875598228,695.828819589965,143.999485716122,111.062183804981
0.893450665077478,0.893450665077478,0,0.639540339839667,0.694401671353755,845.132679528053,155.999442859133,114.385233072393
0.576695458149971,0.576695458149971,0,0.265262394724265,0.396662660941248,910.352674103025,133.999521430281,121.659746677303
0.504697989648414,0.504697989648414,0,0.461456190910717,0.541873639846049,835.540196006402,139.999500001786,123.475266495243
0.742994398645917,0.742994398645917,0,0.277841310728791,0.405764741869043,944.962300608434,135.999514287449,121.973273409564
0.72603388397528,0.72603388397528,0,0.749224078814442,0.599452846080475,731.154149899789,161.999421430638,111.000315075525
0.690097351494365,0.690097351494365,0,0.986485463606649,0.794345767504953,771.997091742866,169.999392859311,108.129046925477
0.921996641686575,0.921996641686575,0,0.337467823773814,0.0869884830312788,873.61554826791,143.999485716122,126.652208766968
0.506148958497896,0.506148958497896,0,0.646379815730539,0.35938855876201,729.818887830255,141.999492858954,124.748590003485
0.712850087938973,0.712850087938973,0,0.247667521190994,0.829294510680776,896.776520745755,133.999521430281,117.388858237482
0.63279508194116,0.63279508194116,0,0.523876658989224,0.694134419468655,713.321970450856,155.999442859133,110.282073967304
0.935655116288697,0.935655116288697,0,0.807862873965798,0.685956229213313,642.744343111324,381.998635719158,-46.1872091682925
0.717238606487805,0.717238606487805,0,0.649416268730885,0.260277905556651,929.545807595909,149.999464287628,123.038688287459
0.758540293224445,0.758540293224445,0,0.999324943329896,0.168748458736607,660.581456709984,171.99938571648,112.530760059303
0.511298888652009,0.511298888652009,0,0.569422121598745,0.797323156835219,619.329860719932,395.998585719337,-44.0308644223365
0.636031517438445,0.636031517438445,0,0.351382547613147,0.673921392538211,958.627391539789,133.999521430281,121.385756782685
0.678563416803223,0.678563416803223,0,0.957722478903409,0.99847442020397,795.896468374282,169.999392859311,49.3161327250091
0.76220661807692,0.76220661807692,0,0.695497812413831,0.66683691670259,841.259422461879,157.999435716301,114.239522381914
0.6948276113133,0.6948276113133,0,0.383450824697602,0.703361858729373,754.022614241413,149.999464287628,112.284913709494
0.935611224681952,0.935611224681952,0,0.0285840927727893,0.0177056754955385,731.885204110986,139.999500001786,122.22514894907
0.839479197302426,0.839479197302426,0,0.967826666063649,0.797305053764014,833.454697005003,165.999407144974,112.849805234845
0.859894202262291,0.859894202262291,0,0.958738696436301,0.265915548693422,639.981986820832,169.999392859311,110.123530024499
0.588365121899689,0.588365121899689,0,0.372653955888865,0.866356011241872,706.514382375912,151.999457144796,108.83968276673
0.786964786845637,0.786964786845637,0,0.107604644821905,0.338018242146021,624.292685034164,139.999500001786,112.147425408297
0.827165125656666,0.827165125656666,0,0.571387175467133,0.486801438058285,686.876683824718,157.999435716301,110.867328387371
0.775735002588805,0.775735002588805,0,0.0228395863912172,0.930576647075212,627.767914551254,129.999535715944,106.372191485077
0.88496241960371,0.88496241960371,0,0.980873156151879,0.747930128491172,725.035155976451,165.999407144974,101.531684634922
0.868420160690731,0.868420160690731,0,0.348213713550494,0.849480107894475,900.277296794961,141.999492858954,115.998552199269
0.709756272498261,0.709756272498261,0,0.0473839945926775,0.209679593844926,937.840470458179,133.999521430281,121.975615776756
0.943144384645752,0.943144384645752,0,0.904667421161293,0.370758863749989,733.03630886021,165.999407144974,112.861014115258
0.836255465985035,0.836255465985035,0,0.080841333170672,0.420094647819493,935.64421254778,127.999542858775,120.588290601249
0.541170653526487,0.541170653526487,0,0.21034395018251,0.863832333289423,930.14924151301,129.999535715944,118.629651651162
0.787052883279413,0.787052883279413,0,0.0522303160013814,0.383597373368513,617.487501356564,135.999514287449,111.04176255234
0.702346516745337,0.702346516745337,0,0.27179387031049,0.493074662882216,990.76790096785,133.999521430281,121.48340438077
0.794937911692226,0.794937911692226,0,0.0748397476547683,0.15535363333369,665.607496651108,133.999521430281,117.354756824168
0.577639387231481,0.577639387231481,0,0.894687687388116,0.141188518669139,683.721607766377,151.999457144796,118.633913619585
0.767688538408468,0.767688538408468,0,0.759903000777049,0.385073000794256,844.897599805254,163.999414287806,115.724763422308
0.52647446818004,0.52647446818004,0,0.434820308263261,0.260290416894216,800.289330005528,141.999492858954,125.270262049434
0.994743588397262,0.994743588397262,0,0.257958459446527,0.794528779710964,761.687740824779,139.999500001786,112.870635345858
0.866915904558122,0.866915904558122,0,0.335488716905977,0.00112863457631218,688.132120775157,147.999471430459,119.407470504315
0.853277776793648,0.853277776793648,0,0.88133548103773,0.959265497998444,606.561678631261,415.99851429102,-42.2099515384792
0.901554650154208,0.901554650154208,0,0.121992563911821,0.366744137410303,896.887962752239,129.999535715944,120.114093614939
0.561511769744738,0.561511769744738,0,0.495517287483844,0.215189230649693,890.121025872493,143.999485716122,126.326917963837
0.845601484778103,0.845601484778103,0,0.492175979446257,0.484005530532589,817.968423785924,151.999457144796,115.078284318977
0.526446786274539,0.526446786274539,0,0.840527620743416,0.347703968767657,721.689247242593,149.999464287628,120.141846630648
0.988754240954072,0.988754240954072,0,0.363111911043892,0.596224042964955,773.446871825034,143.999485716122,114.841900486266
0.845421572271938,0.845421572271938,0,0.539606853231606,0.591521470997288,916.836416771844,145.999478573291,120.101537476651
0.858566007915027,0.858566007915027,0,0.0754052010793349,0.566468595993228,800.673733108467,123.999557144439,117.179296219507
0.747991462213875,0.747991462213875,0,0.865831739901636,0.0222133153447802,994.233248657901,163.999414287806,123.726930212857
0.612923220202344,0.612923220202344,0,0.899195792451244,0.467509914240088,827.07315972384,167.999400002143,115.157376459216
0.918895386192391,0.918895386192391,0,0.513069646956975,0.430064839755849,709.366583677082,153.999450001964,112.390820587262
0.615472127167754,0.615472127167754,0,0.528755326858163,0.373176262199439,638.611708930164,155.999442859133,111.667754349534
0.72238792961325,0.72238792961325,0,0.914606361316408,0.351442054112254,831.244951680524,167.999400002143,115.627441071883
0.562693161486528,0.562693161486528,0,0.124562115355469,0.482927485620432,912.860895702718,127.999542858775,121.308419352043
0.744045982061696,0.744045982061696,0,0.634090179641031,0.300529845045079,991.36603504058,151.999457144796,122.062672615628
0.986310638473448,0.986310638473448,0,0.159896496023109,0.0997522376388585,719.828906593751,137.999507144617,121.21389192211
0.857093604075837,0.857093604075837,0,0.910604282270215,0.967652245569807,787.377807541179,165.999407144974,106.466889278013
0.635172859679088,0.635172859679088,0,0.061329326214518,0.546138144720147,825.881087753988,123.999557144439,118.178673437007
0.735147179420144,0.735147179420144,0,0.307424296978182,0.151409496947877,785.06801360819,141.999492858954,125.813119895036
0.92419935860166,0.92419935860166,0,0.681555744361795,0.6136546554246,886.300567753075,155.999442859133,115.722050844034
0.793703039128916,0.793703039128916,0,0.442242733615375,0.530041602029723,876.126610325788,147.999471430459,116.512245852972
0.595875919885068,0.595875919885068,0,0.686774776630532,0.795585258037871,605.813902864735,395.998585719337,-44.8426851279219
0.737884135903691,0.737884135903691,0,0.989210002313946,0.450965531833635,857.933367191987,167.999400002143,115.530590849262
0.89834916315947,0.89834916315947,0,0.671190770388714,0.388730922975257,831.04791874293,157.999435716301,115.510965384284
0.504886251062567,0.504886251062567,0,0.377091362306965,0.796667073303196,703.253422488182,151.999457144796,109.80380595344
0.943918565422272,0.943918565422272,0,0.273055700771391,0.0132145179861697,757.457146446993,145.999478573291,122.151562172164
0.766932764176799,0.766932764176799,0,0.167161530098613,0.524284717085825,876.298090524451,127.999542858775,119.09928484457
0.850238071282275,0.850238071282275,0,0.66521627162457,0.580727931615103,981.169453011375,141.999492858954,127.360009369508
0.629117562920429,0.629117562920429,0,0.0120708294348706,0.67134115544099,775.101352624372,123.999557144439,115.801974539826
0.572641708607156,0.572641708607156,0,0.472645786324582,0.815880338840087,683.427842166681,155.999442859133,104.941243128041
0.504560461650854,0.504560461650854,0,0.301334212876167,0.798339748870335,689.749694246779,147.999471430459,109.584598159115
0.914672919901811,0.914672919901811,0,0.236096218857424,0.744615899887009,614.569324397412,141.999492858954,105.226121903673
0.605682951047458,0.605682951047458,0,0.274289847482943,0.158140111026224,888.293961433049,141.999492858954,126.384051589128
0.7598984087502,0.7598984087502,0,0.928105496539238,0.505991870457629,943.344657717812,165.999407144974,117.059834783212
0.84377649147273,0.84377649147273,0,0.219473173684626,0.698468349920455,809.879199615235,137.999507144617,114.435935345006
0.855942820525952,0.855942820525952,0,0.187599656508401,0.572722417351146,800.438048250715,133.999521430281,116.191535590771
0.930494190647624,0.930494190647624,0,0.922435747974691,0.141249181773256,949.203911897375,157.999435716301,120.962542684349
0.88125380373278,0.88125380373278,0,0.205103163896095,0.00141909569985732,978.553936448577,147.999471430459,127.781540742999
0.877392365036225,0.877392365036225,0,0.901030791349486,0.0177970610171064,810.197945004442,163.999414287806,118.692356742442
0.91591433409463,0.91591433409463,0,0.654864518099088,0.929304571448036,751.583772804967,157.999435716301,108.528565876494
0.647205302279654,0.647205302279654,0,0.80964960727399,0.913441196597211,917.047473747929,163.999414287806,114.850551994755
0.828418456938226,0.828418456938226,0,0.514956875244371,0.745375662591868,620.850365666042,387.998614290663,-42.3462313984396
0.537256509568885,0.537256509568885,0,0.265389232046233,0.861636366839766,833.480553209706,143.999485716122,115.251684210577
0.948851699758869,0.948851699758869,0,0.371693392735758,0.344991768711743,762.702197611888,147.999471430459,115.162301985643
0.73567378338744,0.73567378338744,0,0.949050261172369,0.936757816424554,712.171482226937,413.998521433852,-43.2296362038884
0.90438139988007,0.90438139988007,0,0.40181198061209,0.920167361363603,828.583411612568,145.999478573291,113.808190968321
0.976203445349653,0.976203445349653,0,0.193807745312222,0.294722660258603,907.911720673128,133.999521430281,121.401650992241
0.588177647054875,0.588177647054875,0,0.0186492363914056,0.913001444108603,600.014912210289,133.999521430281,102.991599690656
0.72538140938992,0.72538140938992,0,0.417577490233584,0.190263860782588,694.16710036648,153.999450001964,114.790147499677
0.799616094592775,0.799616094592775,0,0.586558496388627,0.373941772885409,824.708746035783,157.999435716301,115.515923411446
0.531438144196708,0.531438144196708,0,0.0194187377841337,0.0296214813415963,634.35069394142,133.999521430281,115.480007150953
0.804520332718694,0.804520332718694,0,0.232490512114789,0.775114145876673,834.368744474326,137.999507144617,114.681017641055
0.618038193313932,0.618038193313932,0,0.98615291346966,0.82932988394037,650.969692552999,401.998564290842,-46.2205336876615
0.677751673932222,0.677751673932222,0,0.0100599842387274,0.605644017061331,940.31274044031,121.99956428727,119.71589223092
0.684364387036669,0.684364387036669,0,0.954397282711209,0.37732246490102,669.844300596374,169.999392859311,110.348486818287
0.722672196507219,0.722672196507219,0,0.155262460681989,0.169876379967381,838.591910768725,137.999507144617,123.216647209511
0.993143518144359,0.993143518144359,0,0.398501762829906,0.709634574516976,714.098602416787,147.999471430459,111.046617039389
0.773031807104986,0.773031807104986,0,0.316270665567496,0.399646458619725,807.77821233025,145.999478573291,116.053787229676
0.799942806973362,0.799942806973362,0,0.119034302516154,0.984717978510805,843.901965089312,127.999542858775,114.452665543813
0.865030664350111,0.865030664350111,0,0.80721377402812,0.0464670177263251,861.979898447635,159.999428573469,119.717537855366
0.572325864815967,0.572325864815967,0,0.508143641538695,0.0777011640882694,824.853527175011,149.999464287628,122.226788222723
0.599765769264773,0.599765769264773,0,0.317457585332313,0.865038719432795,665.009402996578,147.999471430459,104.882952128354
0.891570086694896,0.891570086694896,0,0.732507014326373,0.446155344984868,987.113349300973,145.999478573291,127.070274361723
0.504602070879321,0.504602070879321,0,0.588856925993107,0.388906304828547,979.240735095926,139.999500001786,126.12367332021
0.615006364091832,0.615006364091832,0,0.440797633526399,0.919571869263386,907.539475881184,149.999464287628,115.351731473352
0.725567894721792,0.725567894721792,0,0.937325889782661,0.291591227686715,685.945772833228,169.999392859311,112.037211083577
0.737834679151668,0.737834679151668,0,0.671644125472913,0.969214282081203,871.492946664951,157.999435716301,113.550910963319
0.946913506771428,0.946913506771428,0,0.566665705956819,0.471908320178085,699.05303639349,155.999442859133,111.625733855837
0.635924044639346,0.635924044639346,0,0.551542076103387,0.0299487860327791,683.855800702009,151.999457144796,118.436445808524
0.955850740261526,0.955850740261526,0,0.904101391083067,0.472261289288111,649.710035456764,165.999407144974,106.311179768885
0.539303744147541,0.539303744147541,0,0.473438436822531,0.0173403803108763,863.209890659648,151.999457144796,122.197434082822
0.876021534304533,0.876021534304533,0,0.133332771369685,0.136173530131208,909.350935022625,137.999507144617,125.173029356041
0.526348785986409,0.526348785986409,0,0.386810017581716,0.237861344318379,983.803433365097,141.999492858954,127.309217850146
0.699521046403359,0.699521046403359,0,0.779533133460968,0.443307182725793,984.511104461663,149.999464287628,124.160345999204
0.730230073317363,0.730230073317363,0,0.275351608143762,0.244335525354198,865.302404546315,137.999507144617,124.232523118409
0.650445834631963,0.650445834631963,0,0.37941454293996,0.191706487800932,992.798598501101,141.999492858954,128.597693958623
0.524207855242057,0.524207855242057,0,0.287280991762731,0.947563817923097,847.635460898659,143.999485716122,114.87189473357
0.698896341948307,0.698896341948307,0,0.188683504133666,0.125253062490632,882.718708516994,141.999492858954,126.216857620825
0.862893936251879,0.862893936251879,0,0.974011122416761,0.450165234877954,973.316562908609,153.999450001964,121.615559762483
0.75557892105096,0.75557892105096,0,0.609511432372453,0.650462467798512,665.915824634769,157.999435716301,105.37792287602
0.814837692985775,0.814837692985775,0,0.883202781287933,0.936627987548688,692.283506442979,413.998521433852,-42.3211283989255
0.804921206953863,0.804921206953863,0,0.971508465059642,0.825992087598546,910.292212020609,165.999407144974,114.898315736706
0.687034745785098,0.687034745785098,0,0.00904318422609685,0.650918416291888,718.078325667795,129.999535715944,112.233469684378
0.61996207084674,0.61996207084674,0,0.947202814435583,0.883300980319892,878.014539922952,167.999400002143,113.734413190925
0.505918406468245,0.505918406468245,0,0.483333979676602,0.386764764872285,734.553012773215,137.999507144617,122.234303889082
0.521395545644143,0.521395545644143,0,0.931153001376885,0.493645760150801,707.022105530598,165.999407144974,112.877523964619
0.847173473850525,0.847173473850525,0,0.414913926930909,0.906869450842795,699.636475233556,149.999464287628,107.092560496088
0.662507467460535,0.662507467460535,0,0.301829108322914,0.877930347153131,757.898645948337,145.999478573291,111.728047468069
0.571304611218435,0.571304611218435,0,0.17283000988801,0.0845154261882591,631.429259690464,137.999507144617,116.021710352478
0.582898441241195,0.582898441241195,0,0.913779373386,0.229421895800876,903.84343856164,149.999464287628,123.850895528659
0.748556781594622,0.748556781594622,0,0.898538667040985,0.367853518963657,950.993400348705,165.999407144974,118.0373128854
0.541185801698148,0.541185801698148,0,0.828672336511712,0.40988729770283,971.960002641525,149.999464287628,123.996297283552
0.645387956351119,0.645387956351119,0,0.31458409179814,0.973524626010292,673.720131482363,147.999471430459,100.092089144197
0.569932861602924,0.569932861602924,0,0.19380915550129,0.12225956778145,802.785095663236,139.999500001786,123.119155526889
0.576574032084865,0.576574032084865,0,0.164627739071289,0.322331214503666,741.976836320123,133.999521430281,118.552088160981
0.957754572244427,0.957754572244427,0,0.833787006413962,0.0764946111978946,936.560708709136,157.999435716301,120.760417517619
0.647925191532847,0.647925191532847,0,0.0764850720593839,0.29037602477444,846.404397305786,131.999528573112,119.92276648969
0.561771019104971,0.561771019104971,0,0.86118296760142,0.449249778447989,902.105571371631,149.999464287628,123.130352923703
0.824576903037195,0.824576903037195,0,0.211264973710774,0.309574035994987,779.178873764436,135.999514287449,119.837592502517
0.866304560034963,0.866304560034963,0,0.875042737420134,0.113073419009241,918.790370884013,157.999435716301,120.57912049287
0.531918951123958,0.531918951123958,0,0.386192935341056,0.323283921668018,891.289889001028,139.999500001786,124.650707277936
0.551205401292169,0.551205401292169,0,0.980520151318697,0.835189900606435,914.974161735798,169.999392859311,115.105682484583
0.735269577728028,0.735269577728028,0,0.0151308572753962,0.206483381058912,718.820565042927,129.999535715944,117.644565760755
0.834210595618235,0.834210595618235,0,0.769577796495367,0.41195882942619,684.16850731939,163.999414287806,110.852529945915
0.528426389351008,0.528426389351008,0,0.330636065797431,0.865382716028781,845.014037245933,147.999471430459,114.679013094935
0.864744148781497,0.864744148781497,0,0.264808408801041,0.127993432262618,986.811239005678,141.999492858954,129.164897696293
0.694566402365763,0.694566402365763,0,0.232855115933603,0.990702587063207,760.671251092189,141.999492858954,111.414731614008
0.99978086590724,0.99978086590724,0,0.874451960517019,0.645458107887583,832.180028866003,161.999421430638,114.047304442862
0.562333813699374,0.562333813699374,0,0.926544514766178,0.311707025446086,973.579430000849,153.999450001964,122.051345953101
0.720547653121465,0.720547653121465,0,0.68226561474306,0.73287632578185,943.335439762947,157.999435716301,116.285441036978
0.611992771730011,0.611992771730011,0,0.924674990243471,0.975769380522733,679.95252595825,417.998507148189,-43.2859795284625
0.591123129180483,0.591123129180483,0,0.865892867876578,0.777613627813019,830.241735100415,167.999400002143,113.085647946128
0.926388885554243,0.926388885554243,0,0.760319507061795,0.0973668385044323,632.785159103607,167.999400002143,112.257232800007
0.715488355425363,0.715488355425363,0,0.805664190748511,0.224695304464003,856.889432980278,155.999442859133,120.104294780293
0.653301054268574,0.653301054268574,0,0.556658745834664,0.885050751783777,753.530571750545,157.999435716301,109.95349151251
0.888136542543859,0.888136542543859,0,0.929646296042092,0.35137313009836,819.225379935138,165.999407144974,115.248705179788
0.782241267353264,0.782241267353264,0,0.251533102667722,0.49183784330825,801.254585591937,141.999492858954,115.773284495744
0.803362247791761,0.803362247791761,0,0.320270337036972,0.447091581612534,819.504914487302,145.999478573291,116.175266507099
0.770988876085896,0.770988876085896,0,0.250845415638358,0.845562081106886,794.885887227226,139.999500001786,113.757615036732
0.902739765189726,0.902739765189726,0,0.379667843099307,0.183016593383163,808.413054919294,141.999492858954,124.999494298775
0.5877211300933,0.5877211300933,0,0.0741474223824092,0.976767673715973,697.443459532639,133.999521430281,109.273678000324
0.624724039358374,0.624724039358374,0,0.830515400817602,0.851777369766272,614.184566062796,403.99855714801,-44.9168174112502
0.724019056057309,0.724019056057309,0,0.0937184308406506,0.993174943608581,843.818102013684,127.999542858775,114.500825151085
0.737017978788535,0.737017978788535,0,0.183974114232225,0.123990790539778,816.045854341141,139.999500001786,125.038876602566
0.946110098909204,0.946110098909204,0,0.496694557657719,0.365901744360988,753.926072494114,153.999450001964,114.151724468207
0.994192980845222,0.994192980845222,0,0.0603387579015228,0.463672838433702,690.129589043134,131.999528573112,112.568310179529
0.832392209615735,0.832392209615735,0,0.845985528409882,0.563986381513454,904.096586945292,161.999421430638,116.054787397735
0.841769695730633,0.841769695730633,0,0.574354526461896,0.292437826565082,681.629861853493,159.999428573469,112.368430103091
0.645269475029878,0.645269475029878,0,0.422952879301665,0.140419285842519,800.878336192012,145.999478573291,124.519639147961
0.771525523930653,0.771525523930653,0,0.322474061301312,0.923091192349234,695.819863426666,145.999478573291,107.834996058235
0.651826304329152,0.651826304329152,0,0.779147439472317,0.122096031955421,825.446708115176,149.999464287628,121.909243623683
0.944082812930389,0.944082812930389,0,0.860148091814396,0.188521183617165,876.5358788451,155.999442859133,120.056289982139
0.571924994778138,0.571924994778138,0,0.580704389129086,0.503603072914597,644.177402022978,157.999435716301,110.011440565527
0.737197430277925,0.737197430277925,0,0.645598846990434,0.310395176636681,726.012803222151,161.999421430638,113.529316159628
0.572488630113553,0.572488630113553,0,0.808838472055659,0.373382579832372,839.736424249006,149.999464287628,123.032479027575
0.57065185645378,0.57065185645378,0,0.789237952023349,0.649833636177819,901.19870905511,163.999414287806,115.847868061138
0.909503295130224,0.909503295130224,0,0.7834548738892,0.564767555782885,943.693004237021,157.999435716301,117.057824290635
0.774892335968373,0.774892335968373,0,0.874164976476587,0.748068524914674,923.055570691711,163.999414287806,115.613169553061
0.736969970059112,0.736969970059112,0,0.995712529352853,0.0483619776567819,731.748058834248,159.999428573469,117.968203178746
0.851068367911458,0.851068367911458,0,0.819959023453038,0.579282428657392,993.35376269819,157.999435716301,118.183120858452
0.910569957731193,0.910569957731193,0,0.409201639358331,0.759736582575178,801.242184384221,145.999478573291,113.862990621834
0.725358232975687,0.725358232975687,0,0.202000877285781,0.0297071684633248,728.350769810184,143.999485716122,122.835235574488
0.609547544516287,0.609547544516287,0,0.924551432976916,0.78437184300152,751.873341825632,169.999392859311,106.350345629409
0.624440464800232,0.624440464800232,0,0.311073928174956,0.899377014302729,942.358952204011,137.999507144617,119.244492817742
0.701855997087115,0.701855997087115,0,0.607664169207544,0.477846789682784,939.548069899754,145.999478573291,125.703584447547
0.891624348490955,0.891624348490955,0,0.380456544952767,0.328428453780435,925.192047411435,137.999507144617,124.249317612599
0.693546586431981,0.693546586431981,0,0.789154481745354,0.554765021132971,817.045242269449,163.999414287806,114.131548337565
0.76526765026102,0.76526765026102,0,0.394392185581722,0.8025049090979,681.005508156177,149.999464287628,107.527733156081
0.53816123315222,0.53816123315222,0,0.722501944278973,0.0852521180538005,862.550595952775,153.999450001964,122.289940334841
0.699259209708993,0.699259209708993,0,0.280546187878231,0.530821894696493,958.86736522818,133.999521430281,121.200958789397
0.866812714000996,0.866812714000996,0,0.882889476554106,0.661344008464589,764.778115368451,163.999414287806,111.631597899568
0.65772714160673,0.65772714160673,0,0.392909505790249,0.826445932900646,758.400726407375,149.999464287628,111.535846003031
0.727994646863828,0.727994646863828,0,0.635777204385915,0.669694370387985,683.409872524022,159.999428573469,106.697021022904
0.624655039881805,0.624655039881805,0,0.680174445671661,0.661902938757982,839.421752797968,159.999428573469,114.327187951344
0.683275187223968,0.683275187223968,0,0.548205838117002,0.305052071799604,713.480131849911,157.999435716301,113.790862818929
0.900968444353604,0.900968444353604,0,0.889910323825835,0.664568787493982,843.268988855145,161.999421430638,114.159991883563
0.516964928874218,0.516964928874218,0,0.155710363609081,0.698087481459342,968.177519250837,125.999550001607,121.461329928573
0.767414282594403,0.767414282594403,0,0.892203042075244,0.0655947987193564,772.599797366915,159.999428573469,118.460074771107
0.657577062700831,0.657577062700831,0,0.537245909089862,0.707384033799931,738.52682175366,155.999442859133,111.150591214098
0.50229841977398,0.50229841977398,0,0.124496321688248,0.4694742915709,752.939359555195,127.999542858775,117.580018551572
0.588360462963941,0.588360462963941,0,0.824283680506625,0.823214663580151,662.201115319437,399.998571433673,-45.2564932872529
0.835397938428469,0.835397938428469,0,0.0927669219842455,0.0215239388894826,907.346630178422,143.999485716122,128.038199802934
0.978589419113122,0.978589419113122,0,0.439458256831441,0.34751305409429,638.801715192467,153.999450001964,110.872357474392
0.810519409724553,0.810519409724553,0,0.38096796193402,0.0639453467522927,799.963688235444,145.999478573291,123.880783449027
0.892006545839111,0.892006545839111,0,0.338846607285265,0.267818839941943,605.561409667379,151.999457144796,110.692605373851
0.553751050359622,0.553751050359622,0,0.65138021300026,0.985304214934513,747.60606283296,161.999421430638,72.8444967241498
0.987368122447229,0.987368122447229,0,0.137990822820859,0.758937670515458,903.069782010394,121.99956428727,118.976098494974
0.726599473219872,0.726599473219872,0,0.29320052119536,0.61063188209055,723.164713680829,145.999478573291,112.552307130979
0.812519347591801,0.812519347591801,0,0.124599600276289,0.993829341699342,747.062873717473,133.999521430281,110.765562640341
0.7977374402156,0.7977374402156,0,0.964968172475928,0.0622416366719155,827.668526051189,161.999421430638,119.015038286478
0.983983963477569,0.983983963477569,0,0.71808221938772,0.699127665510448,983.705964778763,153.999450001964,117.866728864524
0.850849781882366,0.850849781882366,0,0.151302668169965,0.444363982506034,834.44906403282,127.999542858775,118.669402932211
0.638642801930766,0.638642801930766,0,0.136205443959435,0.702237692941518,648.221223834449,139.999500001786,109.256708180484
0.638291541235993,0.638291541235993,0,0.990751074838083,0.111707778581538,736.5035876328,153.999450001964,119.372639133417
0.833109762795921,0.833109762795921,0,0.660595449875358,0.885544460911939,704.543123969183,157.999435716301,48.2587186453983
0.886534449024907,0.886534449024907,0,0.871570812300445,0.453920044395606,929.758656595479,161.999421430638,117.079951637668
0.599417333450268,0.599417333450268,0,0.817992281925699,0.00290664055515777,871.393300892014,159.999428573469,121.899198132581
0.9129331041219,0.9129331041219,0,0.712675484856433,0.389171658954573,604.681159272558,161.999421430638,105.480022975783
0.603547385473221,0.603547385473221,0,0.148169127269027,0.606157321700498,967.07499978966,127.999542858775,122.243210550193
0.826534355634253,0.826534355634253,0,0.259482434732262,0.879196733846869,868.741185037462,137.999507144617,115.013567421038
0.703431583532345,0.703431583532345,0,0.595186793624423,0.314763679630153,819.729906224802,159.999428573469,115.963583276857
0.974565722318449,0.974565722318449,0,0.435263029537175,0.577483459286007,858.505544615295,145.999478573291,116.28139007653
0.697431657498383,0.697431657498383,0,0.868291270286672,0.724529385198854,604.756928775661,387.998614290663,-47.0602750790268
0.731596189647167,0.731596189647167,0,0.611675589017314,0.120432937857647,607.236738009421,159.999428573469,113.024172086313
0.542245890697292,0.542245890697292,0,0.579885313528735,0.811359017931512,948.992231921769,155.999442859133,116.329971064149
0.921215540950758,0.921215540950758,0,0.570110748015209,0.929883240779529,793.212765605311,153.999450001964,111.654920798476
0.93551110825468,0.93551110825468,0,0.703572454968521,0.0145242772213051,704.510366955237,167.999400002143,114.968434832781
0.981504943656001,0.981504943656001,0,0.155021238467425,0.876109036519559,748.353381538829,133.999521430281,111.525860144731
0.636794252419515,0.636794252419515,0,0.678241597160407,0.895709423633694,604.684454570102,407.998542862347,-42.4267883379285
0.72477262908418,0.72477262908418,0,0.175104687377663,0.287706382711905,744.164642084554,135.999514287449,119.255568962166
0.879773800226901,0.879773800226901,0,0.472735031441831,0.459218696298462,705.883093853192,153.999450001964,112.138133617852
0.58378461775352,0.58378461775352,0,0.800778689151457,0.792641681514705,692.303613447943,395.998585719337,-45.4120455024479
0.712598448478572,0.712598448478572,0,0.937700099453182,0.715568874861479,637.177908205655,387.998614290663,-47.5479733178305
0.966606438223203,0.966606438223203,0,0.37835186187786,0.18839426825897,832.034563393357,141.999492858954,125.140296835026
0.812993278979692,0.812993278979692,0,0.430733779091612,0.769806346684611,646.216297548335,149.999464287628,100.271764323052
0.972519517576942,0.972519517576942,0,0.0865989360800438,0.174783478849587,756.178800733666,133.999521430281,119.312103735761
0.829037666244141,0.829037666244141,0,0.561700313932936,0.419222963380811,632.259325769836,157.999435716301,109.085548875492
0.858622341693225,0.858622341693225,0,0.893583852923214,0.771554151388502,835.022615165157,163.999414287806,113.247353995595
0.614781567359509,0.614781567359509,0,0.633279037164378,0.0806074114937052,700.898504679319,151.999457144796,118.889431472591
0.817801517211501,0.817801517211501,0,0.265890603030972,0.961178111347666,885.474115869678,137.999507144617,115.030614211043
0.67690431832161,0.67690431832161,0,0.279917623505502,0.0107640100689412,915.109704374012,149.999464287628,124.489798567398
0.990443987801301,0.990443987801301,0,0.0751376586213679,0.467208766084237,615.371354098619,133.999521430281,110.120165917696
0.75194302850458,0.75194302850458,0,0.698058489266575,0.789672271666994,891.00092337345,157.999435716301,114.859644884271
0.826841846835019,0.826841846835019,0,0.97649461061775,0.251450240576783,782.435837172541,169.999392859311,114.979800942715
0.53590152247936,0.53590152247936,0,0.92000519982127,0.99649969632046,758.287675299924,421.998492862525,-43.0809219638448
0.512248963350719,0.512248963350719,0,0.872606116051724,0.316260288739213,942.885588798994,145.999478573291,125.814205608825
0.925655715925285,0.925655715925285,0,0.689184991616838,0.904954354840664,949.262856604282,153.999450001964,115.846377803752
0.920082483467255,0.920082483467255,0,0.801908534490045,0.556639199138021,900.975351915906,159.999428573469,116.12122938584
0.957738528058492,0.957738528058492,0,0.40461276681584,0.0901460979630819,974.440183097749,143.999485716122,127.092576575036
0.792316878331559,0.792316878331559,0,0.233649360274035,0.344027200282663,803.561193748778,135.999514287449,120.30040484787
0.889146344202533,0.889146344202533,0,0.149708891502047,0.543644397035312,753.90561931637,135.999514287449,113.908054468331
0.58063007545721,0.58063007545721,0,0.920487199855905,0.16073078537691,758.438534187299,151.999457144796,120.419777806358
0.574490164078419,0.574490164078419,0,0.728473922070949,0.988534356659525,606.770759856618,419.998500005357,-41.5840127886908
0.951790708332745,0.951790708332745,0,0.342852896927642,0.86096104776419,983.92062161134,129.999535715944,119.67639158464
0.77998348135638,0.77998348135638,0,0.133251274391764,0.574803350410702,794.169207260803,129.999535715944,116.432753129443
0.510966594163904,0.510966594163904,0,0.463756331306549,0.528049373085374,805.811098616979,141.999492858954,123.891014583113
0.949279346723638,0.949279346723638,0,0.151731664407796,0.851484542477322,679.816042857415,135.999514287449,109.318408937709
0.676660669462512,0.676660669462512,0,0.0426193133244189,0.15026562153413,692.142352411455,133.999521430281,117.484690874804
0.903691203064077,0.903691203064077,0,0.478528669111525,0.500034347109924,882.111521003939,139.999500001786,124.593417169772
0.557806182109957,0.557806182109957,0,0.536638461238713,0.520390592382244,982.809281662564,141.999492858954,125.583768786593
0.589700795350227,0.589700795350227,0,0.534527295521748,0.838508029432298,868.253933716512,155.999442859133,114.392066884086
0.769025310845556,0.769025310845556,0,0.188655665643677,0.131751876345239,647.967830469471,137.999507144617,119.345635108505
0.818839215878708,0.818839215878708,0,0.165581310552591,0.647784459624147,628.36349205833,139.999500001786,108.654057289964
0.973611558896642,0.973611558896642,0,0.411299502318916,0.622513426866653,671.464024564024,147.999471430459,109.885707137427
0.800338162117543,0.800338162117543,0,0.581603104371936,0.0307310533148135,992.013576403979,153.999450001964,123.653190519749
0.791373268996118,0.791373268996118,0,0.627552974832434,0.270569456885975,729.358009012165,161.999421430638,113.84002131376
0.73787401493085,0.73787401493085,0,0.769507955082197,0.846500364569995,971.033295883773,159.999428573469,116.311572438721
0.873993975594991,0.873993975594991,0,0.855714376394874,0.514597608123646,863.778569520206,161.999421430638,115.42275440449
0.605502148942087,0.605502148942087,0,0.235554951250666,0.637675238672787,838.231891631101,139.999500001786,116.730918220304
0.952325784986084,0.952325784986084,0,0.916738671334634,0.45796335316429,786.847522789024,163.999414287806,113.82992260835
0.585567068553574,0.585567068553574,0,0.175529980577413,0.830793339351899,656.997261787385,141.999492858954,108.106217933451
0.910345728541904,0.910345728541904,0,0.67722200358637,0.287205801171467,905.340248359393,147.999471430459,123.692279344838
0.830525074177053,0.830525074177053,0,0.0623576554860646,0.947812030050643,987.497520640267,115.999585715765,120.99848122419
0.619431817583526,0.619431817583526,0,0.264854965890752,0.62403682000017,694.215665602237,145.999478573291,111.500487827326
0.884342539478538,0.884342539478538,0,0.141484033146268,0.981376693920037,790.992693445121,131.999528573112,112.095361716872
0.72171115758065,0.72171115758065,0,0.243907385719414,0.761774448333902,877.691943646333,135.999514287449,117.318071819908
0.755804010801659,0.755804010801659,0,0.420388301709929,0.0668877325679738,968.422767407475,147.999471430459,126.83649834673
0.656424674572681,0.656424674572681,0,0.995760934307043,0.631779666267442,729.475329908879,169.999392859311,108.494522868802
0.580402538110542,0.580402538110542,0,0.807083904750919,0.882158580024816,836.006483302777,165.999407144974,112.66158756032
0.594783896624236,0.594783896624236,0,0.237853387473927,0.541178938605784,956.193921738842,131.999528573112,121.354667941036
0.804230863419982,0.804230863419982,0,0.17151594226259,0.443854162745387,932.694382101727,129.999535715944,120.518282146567
0.917570498851691,0.917570498851691,0,0.685672874255889,0.857739026691278,850.335084394483,155.999442859133,113.62482157605
0.683231373172228,0.683231373172228,0,0.28402388315765,0.902917176292391,889.422692558689,139.999500001786,115.555565821056
0.602724623816093,0.602724623816093,0,0.202871089649764,0.142870758155926,760.459683105317,139.999500001786,122.24136740146
0.541235099736823,0.541235099736823,0,0.716520144790763,0.644258359750783,901.709797214934,161.999421430638,116.044765786602
0.59790474850818,0.59790474850818,0,0.264465867465667,0.064222665199964,816.344586370718,145.999478573291,123.563430852542
0.765740519495875,0.765740519495875,0,0.289689396921456,0.517164701951019,932.132780492029,131.999528573112,120.836782727479
0.927770065525581,0.927770065525581,0,0.929736126996238,0.859117872641644,759.151317742978,165.999407144974,106.675559580295
0.578356407241414,0.578356407241414,0,0.942962443415794,0.966792299323692,707.723510927934,417.998507148189,-43.6989356489572
0.976776774374151,0.976776774374151,0,0.955231935448469,0.752994671257753,912.65521675195,161.999421430638,115.403688374564
0.786386934672459,0.786386934672459,0,0.0155762506868325,0.434947539738976,852.521346276737,123.999557144439,118.862506415413
0.912078660063552,0.912078660063552,0,0.200625619354323,0.411901080607701,984.057598951644,131.999528573112,122.381062831989
0.53280807016791,0.53280807016791,0,0.41242310493813,0.779698263174623,820.274455064197,151.999457144796,113.84081471008
0.842150170158891,0.842150170158891,0,0.549993074451065,0.859254684381737,727.542730984112,153.999450001964,108.895812440968
0.605845237795752,0.605845237795752,0,0.401099214660443,0.81428399456371,855.733214821308,149.999464287628,114.714478653961
0.687578778953169,0.687578778953169,0,0.34090733447437,0.225121403038146,894.403567777467,141.999492858954,127.131019855989
0.509583027886399,0.509583027886399,0,0.111106934708466,0.258835634704055,844.466821396333,133.999521430281,120.198499180638
0.532127151273392,0.532127151273392,0,0.0671069182990597,0.438266619655351,998.664628448635,129.999535715944,121.329967979606
0.723062787313685,0.723062787313685,0,0.189093720765796,0.111680908107635,709.449289313152,139.999500001786,121.995660585852
0.503056291892271,0.503056291892271,0,0.252179530866431,0.092773022111033,913.296186567626,143.999485716122,125.735170960379
0.978291958820058,0.978291958820058,0,0.690334467598143,0.110310717952504,957.147098396835,155.999442859133,121.698785353792
0.981128047548453,0.981128047548453,0,0.396453427517221,0.853537043877277,824.812926499361,145.999478573291,114.407790531483
0.558542097830232,0.558542097830232,0,0.537985129737065,0.837823369287445,819.635297822928,155.999442859133,113.101426127872
0.72227351895201,0.72227351895201,0,0.925386934247,0.987941366674205,780.844078412875,169.999392859311,11.9043633600764
0.709444315954082,0.709444315954082,0,0.595065211179934,0.339450405848656,775.102225332828,159.999428573469,114.720744406223
0.535469450125713,0.535469450125713,0,0.179663310938796,0.971317548487949,821.319869180003,137.999507144617,113.676273328156
0.731663396849941,0.731663396849941,0,0.386038531833314,0.608115386216145,789.387015653203,147.999471430459,114.088820400307
0.848083403352496,0.848083403352496,0,0.677820884319888,0.667525855146186,894.931558707395,155.999442859133,115.592441070256
0.592360572290932,0.592360572290932,0,0.297911783232339,0.317385878585415,941.242756261131,137.999507144617,123.978303313474
0.931858569302873,0.931858569302873,0,0.430706174558453,0.975518189966367,906.616867561865,145.999478573291,116.030204596631
0.675038592100007,0.675038592100007,0,0.342829560750792,0.521725872035296,882.10013726359,137.999507144617,122.378455532252
0.88606977911037,0.88606977911037,0,0.97019925900319,0.00172890505105727,931.562348259647,163.999414287806,120.753694401195
0.86379493128271,0.86379493128271,0,0.910274308366076,0.476642674357161,858.091297595681,163.999414287806,115.440013825638
0.686055237243945,0.686055237243945,0,0.423025594831122,0.813756534098342,656.250125563533,151.999457144796,89.5638542169452
0.621702343258461,0.621702343258461,0,0.965210281386133,0.290216324594542,671.585838781399,165.999407144974,113.311414496552
0.508884224762168,0.508884224762168,0,0.756774931767759,0.260827788566378,794.998947548779,147.999471430459,122.818269224157
0.978882941549003,0.978882941549003,0,0.535458814740642,0.108833617468964,877.620128646029,149.999464287628,121.664413869889
0.659683304368998,0.659683304368998,0,0.37606493393677,0.221400535546704,757.935694439552,139.999500001786,124.551141154324
0.949286738077293,0.949286738077293,0,0.923662245702738,0.576368421356498,625.416640374836,367.99868571898,-49.8304751246636
0.614198445023319,0.614198445023319,0,0.595921676552856,0.720978609489709,965.781358255811,153.999450001964,117.348833356415
0.730750866905341,0.730750866905341,0,0.165807355211327,0.34488277139749,924.601820679111,131.999528573112,121.56585046628
0.571378952786495,0.571378952786495,0,0.750488405877624,0.773989920322909,775.564908984246,163.999414287806,111.407971691432
0.546641158593705,0.546641158593705,0,0.388303605202105,0.0355653162448353,973.758782553171,149.999464287628,125.332758743113
0.875200519228373,0.875200519228373,0,0.585002855511703,0.641373383417293,673.997494573503,155.999442859133,108.384367819983
0.595919084562332,0.595919084562332,0,0.51579355390791,0.575325999871318,872.417347903933,153.999450001964,115.903341679562
0.670076099152893,0.670076099152893,0,0.317541820189315,0.923979157982147,744.020339716451,145.999478573291,110.635291084299
0.627840548638843,0.627840548638843,0,0.709778053467995,0.62128059875915,714.386214788649,163.999414287806,110.29538981644
0.869209601379873,0.869209601379873,0,0.718062412456273,0.04959553661366,773.992250488948,159.999428573469,118.026243683053
0.928601620246941,0.928601620246941,0,0.713313593414213,0.194836874259124,995.994470900938,155.999442859133,121.869092966377
0.814107054204745,0.814107054204745,0,0.86799768005492,0.148793203247634,877.995738739615,157.999435716301,119.929814177688
0.794549527511323,0.794549527511323,0,0.154194874354387,0.535777731874036,677.486893066791,139.999500001786,111.938113333858
0.870389443280457,0.870389443280457,0,0.291033582204922,0.958210414724929,925.04107926461,133.999521430281,117.046621029526
0.611707271236379,0.611707271236379,0,0.20382211250856,0.939349768687414,620.35498352519,143.999485716122,1.18196328900277
0.906850637737629,0.906850637737629,0,0.0117814197521338,0.0857282625237339,886.53633141231,137.999507144617,123.446222186768
0.991389590398871,0.991389590398871,0,0.580517462127537,0.0509306078009014,860.558349088897,153.999450001964,120.332297479946
0.665601959126435,0.665601959126435,0,0.19624535413111,0.107603359957571,813.834432008192,141.999492858954,125.207042655437
0.5027863713002,0.5027863713002,0,0.0683024428309398,0.277203416945766,993.743565196447,131.999528573112,121.575749614058
0.694365782427267,0.694365782427267,0,0.590377319715202,0.58662048102902,733.729982039368,157.999435716301,111.73848586613
0.820610433636549,0.820610433636549,0,0.155514409050752,0.661054068910373,887.52311572524,123.999557144439,118.709492578508
0.631461839791866,0.631461839791866,0,0.45440689059691,0.833546167838115,808.070540425923,151.999457144796,112.934736283183
0.918719147096662,0.918719147096662,0,0.694515640527255,0.197052082686411,618.568069051107,163.999414287806,110.864090992481
0.916936442289045,0.916936442289045,0,0.0946808808588813,0.475712403166953,665.447505188361,135.999514287449,111.742898398519
0.662018280824986,0.662018280824986,0,0.0981597471640201,0.98999974400582,957.572443550481,121.99956428727,118.643800513976
0.686988694993167,0.686988694993167,0,0.0293752692136742,0.329809743246189,759.333634549224,127.999542858775,117.788479817211
0.935474922344641,0.935474922344641,0,0.50664083634778,0.319360450061653,882.763018407392,141.999492858954,126.394649373549
0.722017092040364,0.722017092040364,0,0.996651054738683,0.217523123418683,743.713753361146,169.999392859311,114.677093378134
0.971894085645817,0.971894085645817,0,0.614398792833502,0.66374812014265,789.194310465751,153.999450001964,113.147941182451
0.720219631527571,0.720219631527571,0,0.42950488391192,0.106250723596162,815.793299107524,145.999478573291,125.520726157717
0.936016333261529,0.936016333261529,0,0.816283839139571,0.462753186782156,806.038709022603,161.999421430638,114.399361170784
0.728228584706303,0.728228584706303,0,0.19443817721068,0.860648516911127,606.976183318104,141.999492858954,74.2083418401017
0.671029298839247,0.671029298839247,0,0.264198642411174,0.147189220326283,980.191225350499,141.999492858954,128.251125286778
0.659362631322065,0.659362631322065,0,0.841833627952196,0.658510066710792,733.854486165879,165.999407144974,109.902123060925
0.51831306496553,0.51831306496553,0,0.505879459719993,0.609260861804171,866.145766115004,151.999457144796,116.45050309074
0.543609662011012,0.543609662011012,0,0.171363375217634,0.994706174462842,828.817500616226,137.999507144617,113.612006199748
0.991395142368984,0.991395142368984,0,0.235655661902368,0.598148143137591,969.031994620899,125.999550001607,121.824326135396
0.558508816635961,0.558508816635961,0,0.394338088085267,0.791636139582166,962.367637459407,137.999507144617,123.394817605325
0.588558540001163,0.588558540001163,0,0.114874118388764,0.03084652101691,727.495532270347,141.999492858954,118.611403760181
0.929753624910893,0.929753624910893,0,0.334609843491918,0.475734157587226,977.621540786648,133.999521430281,121.803804493549
0.516826214410296,0.516826214410296,0,0.631772330875638,0.812946902466802,803.56752541688,161.999421430638,112.628329134011
0.985418192134356,0.985418192134356,0,0.868216942553342,0.238796071876393,737.689717966646,165.999407144974,114.029151855704
0.52324093547564,0.52324093547564,0,0.567746524181397,0.584779326659758,613.220853148307,157.999435716301,106.980734875808
0.918419375896671,0.918419375896671,0,0.658758620794399,0.922591573214906,974.889541149805,153.999450001964,116.383465556144
0.510925107651138,0.510925107651138,0,0.0888487016380481,0.186650127255122,961.353117899913,133.999521430281,121.942515908476
0.929977803386136,0.929977803386136,0,0.556178142156349,0.242975308992802,952.370238694247,145.999478573291,125.028080791192
0.822699021763541,0.822699021763541,0,0.303980353262261,0.468812049057007,733.776752633323,145.999478573291,114.029464670139
0.681384646285646,0.681384646285646,0,0.757939459917488,0.0352533499260695,959.721047388035,153.999450001964,123.244251421707
0.599453875967996,0.599453875967996,0,0.976636801507067,0.0768885936646914,687.219432715808,153.999450001964,118.325456956111
0.570274745972058,0.570274745972058,0,0.389443704317836,0.712070926669672,613.058631302414,151.999457144796,59.6082467188447
0.824881580189589,0.824881580189589,0,0.491096013130387,0.968510955620163,973.471400456869,147.999471430459,116.683763559445
0.648396962207835,0.648396962207835,0,0.198527362104772,0.219218065277458,992.182033769611,137.999507144617,123.317832363236
0.51207376403767,0.51207376403767,0,0.394145314308782,0.246868537694978,623.891853861048,139.999500001786,117.849728657567
0.639361818696553,0.639361818696553,0,0.0885293677618626,0.0320389259512953,971.175754229464,141.999492858954,127.071125470337
0.568973695023179,0.568973695023179,0,0.742445538031028,0.671807217616606,970.360068535035,159.999428573469,117.161749448514
0.604660975745668,0.604660975745668,0,0.528733123750863,0.202877870090827,627.285799722325,143.999485716122,120.082391361023
0.909107173832968,0.909107173832968,0,0.45112586789367,0.812555681924861,776.333245238442,149.999464287628,112.248633700364
0.666304044297014,0.666304044297014,0,0.954062398863608,0.971207626916002,768.38363637639,417.998507148189,-42.9119318180484
0.996836588153968,0.996836588153968,0,0.381450561036388,0.866052681345523,662.713289261521,147.999471430459,104.655851402205
0.674853165621654,0.674853165621654,0,0.413712205235548,0.718082179863056,825.358699371189,149.999464287628,114.310404271607
0.675040491057031,0.675040491057031,0,0.29109084407446,0.484555111305661,944.410809416497,133.999521430281,121.537817811695
0.945111244923048,0.945111244923048,0,0.533597643098126,0.96251052192043,962.588710431144,147.999471430459,116.435344659615
0.68699127018822,0.68699127018822,0,0.160227948593461,0.957216928257528,838.128958249627,133.999521430281,113.805191933644
0.677721867919397,0.677721867919397,0,0.114494928515104,0.956839428332754,602.708119454002,137.999507144617,41.0683708094598
0.82418532400549,0.82418532400549,0,0.191229422639536,0.730179099383832,765.565359097726,137.999507144617,113.103836068481
0.639251383390299,0.639251383390299,0,0.159628022102283,0.370564462498844,631.973940004253,139.999500001786,113.143327740354
0.573340035757585,0.573340035757585,0,0.822138324095101,0.46649606690259,965.894664053145,149.999464287628,124.604206314158
0.587645540104584,0.587645540104584,0,0.782141802453413,0.0493767898057782,703.272321710836,153.999450001964,118.558375427317
0.860941535951951,0.860941535951951,0,0.293316212377381,0.408960076910409,714.704540416796,145.999478573291,113.953006923273
0.57072632352886,0.57072632352886,0,0.949639177487695,0.421263451627123,960.170131094631,149.999464287628,123.775079927048
0.889479538019308,0.889479538019308,0,0.921969633839803,0.560306050597246,911.518930767317,161.999421430638,116.209301801313
0.527872693340972,0.527872693340972,0,0.742459279204544,0.291565149798607,609.957166379523,151.999457144796,113.90857914875
0.510450226188026,0.510450226188026,0,0.279755314097762,0.532127593721586,900.528739737507,131.999528573112,120.691253316806
0.576841250146717,0.576841250146717,0,0.95662371527867,0.180227144910581,759.496764716929,149.999464287628,120.639232232645
0.770822286576367,0.770822286576367,0,0.155913892957801,0.92659644102659,677.642295967054,137.999507144617,108.383050717933
0.749954105271626,0.749954105271626,0,0.181852614470192,0.401065963754555,871.343659583604,131.999528573112,120.241260469636
0.531432982662331,0.531432982662331,0,0.995886372928538,0.297928414963221,870.52411080149,147.999471430459,124.328426416565
0.927869700480996,0.927869700480996,0,0.187981969844121,0.858873310068885,879.781217283653,127.999542858775,117.064860331294
0.504762604558107,0.504762604558107,0,0.99300086925005,0.270550930183829,929.04248505701,149.999464287628,124.291108001648
0.849623008354151,0.849623008354151,0,0.808952945294882,0.278665916051793,633.971970156639,165.999407144974,110.09137463719
0.511204902017239,0.511204902017239,0,0.201430493490592,0.326683934950424,773.046337511082,133.999521430281,119.378596065528
0.797797447504862,0.797797447504862,0,0.0659702387967052,0.836147090411784,758.644572794813,129.999535715944,111.865674572584
0.888910695244085,0.888910695244085,0,0.0480626290332133,0.0603487565962786,648.979145742411,135.999514287449,117.85148417764
0.598617822103636,0.598617822103636,0,0.319417105686012,0.725700294242536,820.837313637725,145.999478573291,115.095464532697
0.717662206876927,0.717662206876927,0,0.313393110101272,0.0244764635862469,967.639383124014,147.999471430459,125.729925971862
0.597613693539639,0.597613693539639,0,0.663666983554682,0.148172709626702,689.259590033762,147.999471430459,119.787380695798
0.601485725116616,0.601485725116616,0,0.77753374659355,0.356448477055374,861.959832652813,149.999464287628,123.241837030077
0.523433807471402,0.523433807471402,0,0.0440972785324202,0.0381739071947766,834.909146058396,137.999507144617,120.957511902095
0.832791170156084,0.832791170156084,0,0.969569392287591,0.200402382998706,733.411651196775,169.999392859311,114.109192646047
0.775722370990901,0.775722370990901,0,0.686259788650107,0.868995147548908,649.605390862699,403.99855714801,-41.8989686004463
0.571907053045686,0.571907053045686,0,0.08249666932512,0.54577025701049,683.091863509529,135.999514287449,112.255741260529
0.616170700775729,0.616170700775729,0,0.563208491570883,0.775817090116446,649.457873623506,391.998600005,-43.4566081674867
0.608866466167885,0.608866466167885,0,0.83337152590645,0.340892609024541,708.296643149857,163.999414287806,113.868231037858
0.945441393560623,0.945441393560623,0,0.895830597161672,0.865759155152447,810.933077286554,163.999414287806,111.8099469473
0.730817405575423,0.730817405575423,0,0.547082594502382,0.80580267017061,710.640200827735,155.999442859133,107.750746992985
0.565850483216178,0.565850483216178,0,0.757687438269163,0.116991582287392,907.769902752498,153.999450001964,123.037641232001
0.957099003234028,0.957099003234028,0,0.974656025821337,0.562039466056676,708.061621231909,165.999407144974,109.82317224318
0.808916815214769,0.808916815214769,0,0.466087109099272,0.131776918603997,766.923884904047,147.999471430459,120.579304789311
0.8469162859841,0.8469162859841,0,0.892845286761093,0.039121872682648,997.114387379544,161.999421430638,122.503159335089
0.983163592760046,0.983163592760046,0,0.702763425154021,0.658473140900507,835.224889197625,155.999442859133,114.261979638166
0.993635387267517,0.993635387267517,0,0.824255382970042,0.28490235047768,713.220177033473,163.999414287806,113.042773466943
0.932508633448854,0.932508633448854,0,0.497296392185927,0.396413748683665,837.482824374174,151.999457144796,116.154858730584
0.820553583393228,0.820553583393228,0,0.458630438633512,0.456486885915449,964.870810682443,137.999507144617,124.183894736495
0.776151684609175,0.776151684609175,0,0.564757776020759,0.293509272557754,657.970323214702,159.999428573469,111.64262478123
0.660514423472043,0.660514423472043,0,0.609565265792804,0.719203674549249,957.586057106999,155.999442859133,116.953168852422
0.653438330172016,0.653438330172016,0,0.909048539084533,0.552154448907222,647.976728952022,169.999392859311,5.82287985485327
0.522875300876833,0.522875300876833,0,0.0425012719701736,0.0380315657452786,710.824950224301,135.999514287449,117.21339195523
0.975528789316284,0.975528789316284,0,0.509359317049875,0.821488797233623,916.106371053051,147.999471430459,116.122189555069
0.823283570978663,0.823283570978663,0,0.157052069801971,0.40841518390371,882.108226677106,129.999535715944,119.747384583466
0.723302304915188,0.723302304915188,0,0.251644838087929,0.0446449253403626,983.44406014147,145.999478573291,127.378841704276
0.864149294102365,0.864149294102365,0,0.802856224445619,0.471549449839129,917.107470001376,159.999428573469,116.759916848401
0.547994220408328,0.547994220408328,0,0.416963228215949,0.0840942554097682,908.1927821386,147.999471430459,124.602601608943
0.629406939284384,0.629406939284384,0,0.624741655034708,0.145115226230801,700.646026383982,147.999471430459,120.738783141985
0.788140545166758,0.788140545166758,0,0.00843634626909529,0.0461561995057347,969.66748346429,139.999500001786,125.900530237308
0.853871323318258,0.853871323318258,0,0.412129969397463,0.8026775244189,919.350924404527,143.999485716122,116.642755145108
0.926569559975745,0.926569559975745,0,0.749064945364588,0.863850714763271,730.927324844642,159.999428573469,105.700409859542
0.699157854426251,0.699157854426251,0,0.244580345714234,0.472841597783948,918.84737202288,133.999521430281,120.830625775086
0.566246521582598,0.566246521582598,0,0.790620614143257,0.881586110190598,635.839602402208,407.998542862347,-44.3236554418684
0.537332397924536,0.537332397924536,0,0.453979397868597,0.513950023809088,948.413613418072,139.999500001786,123.602789381987
0.642253805136321,0.642253805136321,0,0.744476909488247,0.969046252391486,942.709375770037,161.999421430638,115.286563768611
0.849987806168539,0.849987806168539,0,0.227805770888299,0.0449131883959778,734.048320940916,141.999492858954,123.876381315369
0.954239480040498,0.954239480040498,0,0.713981744642189,0.968950368899292,607.237737889714,417.998507148189,-39.6133323655492
0.665232426232586,0.665232426232586,0,0.508112958290717,0.489479865387368,827.665741216894,155.999442859133,115.237864311276
0.978403045763331,0.978403045763331,0,0.940182332980952,0.0130119268787479,818.091294010408,163.999414287806,118.739270158406
0.595568487143531,0.595568487143531,0,0.486074184542938,0.0209135474959525,867.612790792393,153.999450001964,122.508484199009
0.523045533665884,0.523045533665884,0,0.180577163406493,0.353887809275816,950.83779823425,133.999521430281,121.139635346958
0.621218360831586,0.621218360831586,0,0.897348934250477,0.879125138142066,882.191912990528,167.999400002143,113.964816582628
0.57676217875497,0.57676217875497,0,0.989588010076867,0.0735699201936046,692.984049991564,155.999442859133,118.387728904437
0.994616982046806,0.994616982046806,0,0.604879176370433,0.292807723742682,637.982222658746,159.999428573469,110.88051823179
0.505703047221439,0.505703047221439,0,0.59257281448612,0.0619501404553919,991.075874544395,151.999457144796,124.713494160543
0.854155697025342,0.854155697025342,0,0.289723158324445,0.505705312774979,916.916894262336,131.999528573112,120.579321521821
0.927135849569134,0.927135849569134,0,0.276899028473336,0.890520713594056,807.585508257463,139.999500001786,113.776933450979
0.875822387687055,0.875822387687055,0,0.549260531775164,0.111791154324984,961.932460229599,151.999457144796,122.671050750688
0.53548531602044,0.53548531602044,0,0.726380988623289,0.784060085678152,895.478414570691,161.999421430638,115.147268116742
0.855920802987681,0.855920802987681,0,0.998863791155103,0.700814091043017,895.324454973554,165.999407144974,115.160633348661
0.55238402101931,0.55238402101931,0,0.652774475616074,0.920888110490776,875.508880242453,159.999428573469,114.014201528499
0.583991434297645,0.583991434297645,0,0.794532846851337,0.770348503029824,739.72233697631,165.999407144974,107.939684083484
0.680931534646317,0.680931534646317,0,0.390173586083006,0.825849092032342,835.920755632622,147.999471430459,114.20456447294
0.572702807010857,0.572702807010857,0,0.0820930958399406,0.107978742437173,984.857756107303,135.999514287449,123.920935059448
0.661873819538655,0.661873819538655,0,0.554968314832356,0.869920560827576,770.358415224577,155.999442859133,111.007645705839
0.794280947901251,0.794280947901251,0,0.678375508309129,0.0345391055260125,637.958203784395,163.999414287806,114.214445504376
0.88111614794101,0.88111614794101,0,0.650864137645085,0.161937332660387,981.502209319717,153.999450001964,122.378848252059
0.672717781077393,0.672717781077393,0,0.970594030425887,0.0584977512461818,666.437941033865,155.999442859133,117.619938758315
0.51244436789355,0.51244436789355,0,0.685447869784123,0.518186883813704,923.446685329155,143.999485716122,127.072248970048
0.992663135835536,0.992663135835536,0,0.774875556755639,0.730275930436637,618.351968215724,385.998621433495,-45.1796219481968
0.982880139751366,0.982880139751366,0,0.592065548692197,0.975160705567121,676.987464159754,419.998500005357,-37.2923706359119
0.964943773701755,0.964943773701755,0,0.537383797259922,0.894747161381818,905.00195333898,149.999464287628,115.370460595183
0.550489265458248,0.550489265458248,0,0.400220192455576,0.0850644866133574,653.410622475975,145.999478573291,116.580419489936
0.524823357302498,0.524823357302498,0,0.568612093720091,0.152835466279196,621.776983266467,145.999478573291,116.516046214856
0.700238124212172,0.700238124212172,0,0.471441719444604,0.204202418780369,673.187663685942,153.999450001964,114.268496287523
0.886719403579089,0.886719403579089,0,0.606704459265433,0.910944941166465,844.118661018558,153.999450001964,113.299413513165
0.713336281750017,0.713336281750017,0,0.379648678462482,0.944216322448489,998.947921873169,135.999514287449,120.684895365235
0.599162337594458,0.599162337594458,0,0.991171332594066,0.948474623521913,706.579651513711,415.99851429102,-44.2099437025471
0.552522433097923,0.552522433097923,0,0.3915652117573,0.669980902375737,752.54288968963,151.999457144796,112.633621073846
0.880054180280475,0.880054180280475,0,0.43606996165066,0.575628955423561,725.515124765956,149.999464287628,112.137605939455
0.767791486591042,0.767791486591042,0,0.823286641936114,0.131462326499546,863.127169549148,157.999435716301,120.114063518392
0.879086202602386,0.879086202602386,0,0.526540613536574,0.184873325675134,620.925497219148,159.999428573469,111.528093717913
0.711867043669845,0.711867043669845,0,0.283086159888541,0.299889941756965,779.843153337933,137.999507144617,122.368363778937
0.644739734938843,0.644739734938843,0,0.697057862889662,0.957345809857927,889.558212280884,159.999428573469,114.089190969582
0.565452948479573,0.565452948479573,0,0.473290514627953,0.583221547110258,817.402677361208,153.999450001964,114.81369034149
0.536921810272811,0.536921810272811,0,0.593192142701713,0.572778570137931,901.20888010806,153.999450001964,117.548113573268
0.541182673480356,0.541182673480356,0,0.352287857339948,0.0781963232845637,952.80764764523,145.999478573291,126.111837759023
0.572768194878209,0.572768194878209,0,0.835653111012542,0.313947782769815,778.967582662809,149.999464287628,121.456852426021
0.841666759795648,0.841666759795648,0,0.869650706188232,0.284539802238658,691.888014619285,167.999400002143,112.205695314379
0.769575138743751,0.769575138743751,0,0.379892623905819,0.100799290642979,946.880964804616,145.999478573291,128.269964358193
0.712279329988045,0.712279329988045,0,0.140513502753425,0.416057734284015,774.315169900405,131.999528573112,118.003598547009
0.600484209263465,0.600484209263465,0,0.0679724555327865,0.977264566738367,897.863389034999,121.99956428727,117.364856526689
0.774257602380436,0.774257602380436,0,0.910321670379831,0.179792695024557,760.599665452497,169.999392859311,115.183584659898
0.609646640807147,0.609646640807147,0,0.807050795698549,0.361125472091312,737.048570623831,163.999414287806,114.336013571001
0.873107975049946,0.873107975049946,0,0.706352148928092,0.592389662432693,718.023126343793,159.999428573469,110.86455267993
0.714114114756747,0.714114114756747,0,0.233076361571949,0.297154480544024,760.23575644019,137.999507144617,120.806131605235
0.969629142225099,0.969629142225099,0,0.630542858331215,0.904402152479454,928.781254944774,151.999457144796,115.539253197514
0.627911772605724,0.627911772605724,0,0.385739774396344,0.12534098246547,924.294019791502,145.999478573291,126.621983144607
0.979386628905298,0.979386628905298,0,0.494241653694803,0.0174774073452842,955.670006953331,155.999442859133,122.199662047616
0.982802092602408,0.982802092602408,0,0.626126509774417,0.455387778960464,815.192933220339,155.999442859133,114.937806752794
0.686642099047545,0.686642099047545,0,0.886666895427172,0.956170057044337,940.080485239082,165.999407144974,115.12219754795
0.908858757536708,0.908858757536708,0,0.588243219970053,0.224670497453726,687.546311890601,159.999428573469,113.103093154307
0.658143189846005,0.658143189846005,0,0.737595585719452,0.465868347495583,705.51127689767,163.999414287806,111.511261821027
0.678793019088232,0.678793019088232,0,0.262875967285075,0.258438700674131,621.715613970152,145.999478573291,113.736499585449
0.820453071001315,0.820453071001315,0,0.888854875506259,0.762816743474237,953.705712795951,161.999421430638,116.204820902192
0.973190004281149,0.973190004281149,0,0.296375691497763,0.153672387566304,635.580435546335,149.999464287628,113.04917772665
0.752896704726048,0.752896704726048,0,0.886064808541813,0.0329792963436212,836.902133338226,157.999435716301,120.207403703659
0.710829188616746,0.710829188616746,0,0.909141488824177,0.382097021174513,603.268894913916,167.999400002143,79.6052532246022
0.731007649616263,0.731007649616263,0,0.694781478969008,0.0380893194581289,629.669496707713,153.999450001964,116.602220127527
0.642761461988354,0.642761461988354,0,0.763260516707294,0.118967670414657,601.886896356954,151.999457144796,115.98346156114
0.971659124943835,0.971659124943835,0,0.821019776631872,0.461280517687875,998.788882928496,145.999478573291,126.686227709743
0.670128501339955,0.670128501339955,0,0.29204295871252,0.171397045756444,675.802950560147,139.999500001786,121.294050550484
0.812784585613451,0.812784585613451,0,0.658392286220483,0.86896165175713,930.353162511018,155.999442859133,115.519706993461
0.515222224006959,0.515222224006959,0,0.245415875196144,0.788027141690964,759.231933027974,143.999485716122,113.190177870274
0.549785532558426,0.549785532558426,0,0.351251549482833,0.774646309698824,861.755937936928,147.999471430459,115.593153373542
0.509066935736507,0.509066935736507,0,0.151911693438961,0.724810130855489,733.71659308224,137.999507144617,112.82879108277
0.700389399917768,0.700389399917768,0,0.731679188667096,0.405087380303621,920.19315704434,161.999421430638,117.377567818812
0.628020941767268,0.628020941767268,0,0.26907717021064,0.139865407474866,829.207902429064,141.999492858954,125.703544588573
0.795723556045584,0.795723556045584,0,0.284893388275916,0.376656445024768,759.194787028278,145.999478573291,115.528083725662
0.872289937004408,0.872289937004408,0,0.431077305351337,0.895285917492424,800.113466359496,147.999471430459,112.591944636927
0.95401790567996,0.95401790567996,0,0.00497882732129062,0.243709904224153,903.415517866925,129.999535715944,120.350991637859
0.705197442667263,0.705197442667263,0,0.0850512576279773,0.289191452439748,727.926381760991,129.999535715944,117.682808536629
0.509484628069399,0.509484628069399,0,0.42790545975978,0.398778526095366,916.796246502381,137.999507144617,123.948097482427
0.674616110153159,0.674616110153159,0,0.394660232353756,0.0816486648786156,919.543956140608,147.999471430459,125.422557249241
0.739051173699756,0.739051173699756,0,0.043465368465272,0.703150007659267,971.131095971218,119.999571430102,119.989320974558
0.733187000642054,0.733187000642054,0,0.662612150180987,0.885755271369926,670.113996020169,405.998550005179,-41.3112223718282
0.899918402820579,0.899918402820579,0,0.554793927388565,0.786857089617215,988.778209168925,139.999500001786,124.760354497901
0.561600104108622,0.561600104108622,0,0.0889069983076597,0.57918780298841,952.331805279588,125.999550001607,120.197305418357
0.71775676867858,0.71775676867858,0,0.58997659586706,0.91635477380085,666.4475852672,409.998535719515,-39.737160930558
0.962567088637336,0.962567088637336,0,0.566029798152947,0.593081138277326,887.779341667617,149.999464287628,116.307940643237
0.953261516098984,0.953261516098984,0,0.889088258493827,0.135735844884474,698.333349726765,169.999392859311,113.688266170013
0.68289128688358,0.68289128688358,0,0.343709883616668,0.855149674305283,881.693732210523,143.999485716122,115.871461950165
0.832842345887619,0.832842345887619,0,0.524174991583233,0.846427844077809,656.869536185563,401.998564290842,-39.7729260586834
0.716226682119701,0.716226682119701,0,0.13390707914647,0.107369548323503,761.377735260707,139.999500001786,122.416476303928
0.685220134062588,0.685220134062588,0,0.35197429890718,0.735313403602894,722.759138787777,147.999471430459,111.049735874142
0.657331268287262,0.657331268287262,0,0.0457501198387117,0.190786159813814,925.866267134635,133.999521430281,121.914414151149
0.989858535588969,0.989858535588969,0,0.38548882692147,0.732913819322113,952.759810711596,131.999528573112,120.170704199441
0.506741824832718,0.506741824832718,0,0.727826530047098,0.684524564445359,825.775975927609,161.999421430638,114.197014159138
0.808634525606391,0.808634525606391,0,0.882139367333156,0.79279686122478,901.108796212472,163.999414287806,114.904678145365
0.528919005680767,0.528919005680767,0,0.995343238441372,0.214532928958079,906.903915160254,151.999457144796,123.299531256835
0.992076718196613,0.992076718196613,0,0.154036481207998,0.154367985682395,724.729279803532,135.999514287449,119.394642896302
0.574141912076116,0.574141912076116,0,0.804377806354649,0.51737259425152,742.419672567561,165.999407144974,112.773354350712
0.635482292921911,0.635482292921911,0,0.593537769559128,0.595224753014845,672.941395428857,159.999428573469,108.779294431104
0.910230898673737,0.910230898673737,0,0.283206769669432,0.332541688821853,642.689868862839,147.999471430459,111.878631853997
0.625263685370567,0.625263685370567,0,0.128469904382271,0.740578723608521,809.811461260299,131.999528573112,114.859068256912
0.547296658032313,0.547296658032313,0,0.573184816368467,0.647206728691683,976.508747898535,143.999485716122,127.635068756815
0.538720562983311,0.538720562983311,0,0.553948717477381,0.934736117347053,607.112477455957,411.998528576684,-40.539480009037
0.883226044658206,0.883226044658206,0,0.94782134978734,0.80951574849486,944.90755135448,163.999414287806,115.834037891954
0.506381170997454,0.506381170997454,0,0.398847087172564,0.66423688647213,651.654155380905,151.999457144796,109.3403440532
0.976688357583876,0.976688357583876,0,0.789806224574953,0.41245550657398,751.056450539928,161.999421430638,113.28739014859
0.657649592537799,0.657649592537799,0,0.260666745242625,0.601443447140789,638.766594152801,145.999478573291,109.06312123536
0.886740773925458,0.886740773925458,0,0.627099821095343,0.852201322805158,958.770107400039,151.999457144796,116.369565765967
0.827904751884053,0.827904751884053,0,0.424187234304091,0.429502324329855,783.958253820969,151.999457144796,114.739691074283
0.708692251724201,0.708692251724201,0,0.295852470750594,0.807032272621617,603.366715064015,397.998578576505,-37.6693202241445
0.926902010645193,0.926902010645193,0,0.419426391857611,0.202667706101841,813.73687922989,143.999485716122,125.060545142407
0.588578295099794,0.588578295099794,0,0.628170019669807,0.309265045455264,958.400894359074,141.999492858954,127.531383876731
0.683945324115797,0.683945324115797,0,0.852998741398528,0.555326120564583,873.070345960151,165.999407144974,115.458616823353
0.640996547198606,0.640996547198606,0,0.416983400188875,0.559843424340539,933.694961893266,137.999507144617,124.164746253033
0.536238242839251,0.536238242839251,0,0.966166794680755,0.192467896794304,985.645155904985,149.999464287628,124.046787708539
0.985896055431816,0.985896055431816,0,0.767744839079327,0.44993915084932,957.901013711012,145.999478573291,125.907602800219
0.874964606487814,0.874964606487814,0,0.166010892447402,0.843924028414068,663.883417207336,137.999507144617,108.555935979631
0.54388745555387,0.54388745555387,0,0.673668305217585,0.659954397554921,825.671848405671,161.999421430638,114.207213472748
0.865384156060845,0.865384156060845,0,0.752431695161154,0.0741108729628468,856.386911455194,157.999435716301,119.934413666443
0.568599162888618,0.568599162888618,0,0.721606912153325,0.286310065218957,927.680839829664,143.999485716122,126.967483657075
0.868400435833088,0.868400435833088,0,0.643679584852789,0.918050702167331,894.812646704765,155.999442859133,114.526218305877
0.842302601683103,0.842302601683103,0,0.430723736813968,0.764354395672736,752.116976851183,149.999464287628,111.705565335652
0.593927258958636,0.593927258958636,0,0.426426888295849,0.72113560742108,990.215906244781,135.999514287449,123.42785051576
0.619094114566844,0.619094114566844,0,0.80974690931542,0.634762874251709,620.563853358686,377.998650004821,-49.2379050610157
0.92921725481704,0.92921725481704,0,0.635703144630742,0.29616365391001,913.549578376214,145.999478573291,125.267391065627
0.834633388476229,0.834633388476229,0,0.487884997789264,0.982712330709874,886.980280732507,149.999464287628,114.486814727422
0.563144274693511,0.563144274693511,0,0.883898903673622,0.4939968451831,999.812993817006,149.999464287628,124.605769314326
0.739793497532157,0.739793497532157,0,0.375712057556051,0.483071380550439,648.056551064572,151.999457144796,109.980151701223
0.844254160089951,0.844254160089951,0,0.747583119074203,0.389434672412327,891.561047016629,161.999421430638,116.681061044881
0.926547971275514,0.926547971275514,0,0.896443072212814,0.255626736016229,821.182206055103,165.999407144974,115.891166642105
0.830364635875596,0.830364635875596,0,0.694531111093296,0.96044809185448,766.284330234757,159.999428573469,108.070668207471
0.881035378249458,0.881035378249458,0,0.0900475917242,0.582619218769001,638.132719577461,133.999521430281,109.938709294712
0.850426058122613,0.850426058122613,0,0.843790542996252,0.809692974896279,758.729818649299,163.999414287806,109.141528560868
0.675652397920011,0.675652397920011,0,0.686669406619523,0.226826993705049,662.950909273389,159.999428573469,113.544667984167
0.636664677921348,0.636664677921348,0,0.304008242544825,0.861627606035412,679.504125046359,147.999471430459,107.540379673742
0.514666377000259,0.514666377000259,0,0.115362513958346,0.226624954957468,970.698481651834,133.999521430281,121.31558656266
0.688926255170201,0.688926255170201,0,0.8599009699555,0.0322566572630557,711.737150560896,155.999442859133,118.801913157701
0.688379851817303,0.688379851817303,0,0.352379939296681,0.117882660110548,863.658490653362,145.999478573291,126.220686990555
0.814731993784422,0.814731993784422,0,0.560670670492579,0.675145149207401,715.623566091585,155.999442859133,110.421919739989
0.569899791257509,0.569899791257509,0,0.312444667876326,0.100712818040907,739.884374383589,143.999485716122,121.21606945446
0.748668546821186,0.748668546821186,0,0.328843837594862,0.951373588761051,611.73350240244,417.998507148189,-34.5559400639119
0.874753222517319,0.874753222517319,0,0.990872796095241,0.677677830003088,978.73403378753,163.999414287806,117.027187560718
0.80227343908102,0.80227343908102,0,0.769485733130628,0.653277316120345,713.828275057897,161.999421430638,109.183405584064
0.815115674503296,0.815115674503296,0,0.687098485780749,0.190213967074069,735.836873088345,163.999414287806,114.561938493328
0.987860865868494,0.987860865868494,0,0.133222598273733,0.802693881800216,922.963653995925,119.999571430102,119.141662598178
0.937223407021652,0.937223407021652,0,0.621059983403192,0.936272308559933,690.653791959259,413.998521433852,-38.6644322642531
0.713823838549028,0.713823838549028,0,0.830727884547465,0.242876508022589,931.96183686275,153.999450001964,121.692930162287
0.637769893851977,0.637769893851977,0,0.383598692835537,0.438700967547622,655.86869740098,151.999457144796,111.205280600741
0.654335693498327,0.654335693498327,0,0.772406911814163,0.0345351414822782,740.846084302744,155.999442859133,119.539251262008
0.862484186254966,0.862484186254966,0,0.408509677481473,0.825691291474031,607.382166854436,399.998571433673,-38.5442196220864
0.882360042682469,0.882360042682469,0,0.758437651080555,0.325860752633146,740.623709440749,163.999414287806,113.557605943756
0.787873738065866,0.787873738065866,0,0.633375270856164,0.0150954387786203,936.103857472729,153.999450001964,122.400601544692
0.50909093462319,0.50909093462319,0,0.171214270032453,0.104424326578902,792.973757326305,139.999500001786,120.765294798079
0.682441979547405,0.682441979547405,0,0.367335742537601,0.485684937543535,768.348228027539,149.999464287628,114.227164224721
0.663021805121162,0.663021805121162,0,0.420857265746849,0.697186319253031,657.543531772269,151.999457144796,106.869502349629
0.953767080783199,0.953767080783199,0,0.811278266794311,0.270903159770085,962.004790958604,149.999464287628,122.820213758814
0.792055941268664,0.792055941268664,0,0.198645120172371,0.668278577389287,935.255621188783,125.999550001607,120.119089642461
0.617009703105988,0.617009703105988,0,0.653054760134168,0.103456829130994,869.552516434003,151.999457144796,122.817327018158
0.663648572996554,0.663648572996554,0,0.86147696792587,0.554214640943378,941.257337184022,163.999414287806,116.936178183483
0.948659839175839,0.948659839175839,0,0.176629207237618,0.428199513507055,913.621356578953,127.999542858775,120.138138662555
0.654790036253483,0.654790036253483,0,0.996998058351202,0.115029875917503,821.707338599039,153.999450001964,120.612534118331
0.735769335985425,0.735769335985425,0,0.812147015584028,0.609575131381787,723.861445068815,163.999414287806,110.23480925932
0.74662026666074,0.74662026666074,0,0.391791055938627,0.164697078500268,872.426319619415,141.999492858954,127.751474882681
0.936928542558048,0.936928542558048,0,0.995718306411372,0.352009332467972,824.264454993129,167.999400002143,115.33315934644
0.525221444122519,0.525221444122519,0,0.446109618404607,0.98238524763154,685.673716789358,419.998500005357,-37.3311910299351
0.718239547847124,0.718239547847124,0,0.552593073839167,0.224151604865731,644.281690781556,159.999428573469,112.572791651122
0.834426324321334,0.834426324321334,0,0.69748034714122,0.485000413161837,737.458118977469,159.999428573469,112.386344779011
0.978845300827821,0.978845300827821,0,0.760792123870654,0.73001250064748,853.334846129394,157.999435716301,114.271801024489
0.723980211236834,0.723980211236834,0,0.481306231857036,0.0830339642091826,798.911286863845,147.999471430459,123.761265718711
0.607496444168811,0.607496444168811,0,0.561620061782506,0.238189510794347,754.928011324087,143.999485716122,125.269012115516
0.898704665270492,0.898704665270492,0,0.00259098628761323,0.378431432258468,649.826170134651,131.999528573112,111.981514885701
0.972502430632176,0.972502430632176,0,0.739812438964447,0.0536052151418546,836.324098925662,157.999435716301,119.309659389953
0.899903435308466,0.899903435308466,0,0.119257739707413,0.147735182472301,707.154891908428,135.999514287449,118.864964462994
0.8799167280366,0.8799167280366,0,0.750351045402272,0.692834542549493,819.804779959523,159.999428573469,113.524997946824
0.77515446939577,0.77515446939577,0,0.231221008462525,0.558972683104527,616.023660437844,143.999485716122,108.467508067825
0.767342296312044,0.767342296312044,0,0.230684999285854,0.213036894152585,953.642739775411,137.999507144617,125.655789969465
0.977570646086218,0.977570646086218,0,0.356613436059842,0.0930089199344963,897.568400346533,143.999485716122,126.22402490198
0.519562131386495,0.519562131386495,0,0.362886340022558,0.19769645008384,601.538298842588,139.999500001786,115.509663332138
0.839542635841807,0.839542635841807,0,0.0790203407738992,0.337903691550053,706.414490238422,133.999521430281,115.375399511972
0.89641805016574,0.89641805016574,0,0.224069240844347,0.730513042634794,835.020844657082,133.999521430281,115.718482407758
0.90500818491277,0.90500818491277,0,0.360901416829147,0.140030604051424,874.90391188631,141.999492858954,126.84935389098
0.732862826259155,0.732862826259155,0,0.531067810972817,0.558105507493039,850.184635035102,153.999450001964,115.290418146845
0.947707011543644,0.947707011543644,0,0.0925479229970699,0.739279124701276,955.128724577897,119.999571430102,119.636538806773
0.505643056282782,0.505643056282782,0,0.786666178906911,0.268902135417003,993.207600398068,147.999471430459,125.975322326545
0.892680349177707,0.892680349177707,0,0.677806862375779,0.90956235525384,711.743686922041,157.999435716301,57.6498668855444
0.883472102388041,0.883472102388041,0,0.0801182283413411,0.321804829236986,814.406011786803,129.999535715944,118.762483965052
0.967731585275309,0.967731585275309,0,0.482707823433715,0.191033305206885,855.980147568858,143.999485716122,125.356602329965
0.762986412837327,0.762986412837327,0,0.488646826278905,0.326581562329979,668.854587665291,157.999435716301,111.893014270062
0.502839613092372,0.502839613092372,0,0.692688568682889,0.42759809744655,980.069572293396,141.999492858954,126.716858560618
0.924936276212824,0.924936276212824,0,0.102428338000607,0.585714677807141,933.900367045057,123.999557144439,119.615890613292
0.728540556885297,0.728540556885297,0,0.970397963205113,0.863055383805294,972.337742534939,165.999407144974,116.167311011573
0.638873744826799,0.638873744826799,0,0.939135358737154,0.442007239349202,659.98072667753,169.999392859311,108.542262602728
0.709496363006231,0.709496363006231,0,0.920799392309198,0.416109389449,823.09804424672,167.999400002143,115.011328608967
0.570788214955662,0.570788214955662,0,0.775412616905148,0.944510385660545,917.101199630941,163.999414287806,114.797077218545
0.738478055806417,0.738478055806417,0,0.568150858555355,0.884105386908876,847.580087636579,153.999450001964,113.499123416035
0.884865697131635,0.884865697131635,0,0.115472789872916,0.187019843467738,719.009105850432,133.999521430281,118.484224657381
0.906417889489748,0.906417889489748,0,0.402813999891939,0.512951464666398,981.875896487042,135.999514287449,122.003686245301
0.500292387886726,0.500292387886726,0,0.0108633521643163,0.194091509851073,814.570831548247,129.999535715944,119.072397258191
0.923928906451504,0.923928906451504,0,0.00253024965677873,0.863969531742586,668.114226124124,127.999542858775,109.003544265721
0.534388878582871,0.534388878582871,0,0.831536068894853,0.298551248115448,697.755594194622,147.999471430459,120.338913995822
0.706123898172167,0.706123898172167,0,0.581502383309782,0.916680858162693,925.168498531012,153.999450001964,115.312935446432
0.769692578851791,0.769692578851791,0,0.0871555297932108,0.813037064288667,927.287325010317,119.999571430102,119.231297214104
0.758487474166011,0.758487474166011,0,0.239624518662709,0.610262443325548,707.220392509454,141.999492858954,112.493159813601
0.614878032335607,0.614878032335607,0,0.272490365504127,0.723430677048509,689.244440613662,145.999478573291,110.262282571581
0.694593062780164,0.694593062780164,0,0.480976870817868,0.436147755735414,611.771707133559,157.999435716301,108.1835231361
0.976763173192682,0.976763173192682,0,0.916352708261198,0.364433229223778,765.85982760429,165.999407144974,113.879758390558
0.757266794925845,0.757266794925845,0,0.503519500255143,0.663660403841073,701.939395246837,153.999450001964,110.084120085166
0.740061798327733,0.740061798327733,0,0.523135654424894,0.644327741119115,826.859634757581,153.999450001964,114.294236796782
0.758480071118276,0.758480071118276,0,0.526437572991643,0.348699285532321,954.756317582732,141.999492858954,127.534914219109
0.875474745596093,0.875474745596093,0,0.737341475923951,0.431325598959489,943.264542434454,147.999471430459,124.399528662812
0.521397053037153,0.521397053037153,0,0.525019028255549,0.455826560163345,937.657210989749,139.999500001786,124.799557603974
0.943241710956946,0.943241710956946,0,0.904888217971046,0.466566614772886,897.373022700666,161.999421430638,116.374760858718
0.594483440814061,0.594483440814061,0,0.149029800324479,0.729804651986906,931.69962771198,125.999550001607,119.819284592637
0.989311306635266,0.989311306635266,0,0.266459342463569,0.412446367891464,995.761457471108,131.999528573112,122.207305021465
0.575658313514053,0.575658313514053,0,0.807239858324972,0.659776448340032,679.781300291132,165.999407144974,89.8841812822906
0.832604428168006,0.832604428168006,0,0.788193528702279,0.593562944861011,884.78533352787,159.999428573469,115.557109698713
0.925396178904479,0.925396178904479,0,0.276467757408584,0.628859075561339,807.64418934603,139.999500001786,114.956004162843
0.95336239729469,0.95336239729469,0,0.0441780410570806,0.935788114037624,720.462860599127,127.999542858775,110.248917436214
0.734171919069248,0.734171919069248,0,0.113303399257006,0.514459328723274,992.137676057834,127.999542858775,122.796524130579
0.861191161039786,0.861191161039786,0,0.0534685691859207,0.75537787733494,839.074353817711,119.999571430102,117.551615513148
0.871223396495109,0.871223396495109,0,0.174741425845598,0.953971517413041,643.419024896773,137.999507144617,104.62905998664
0.592841344849627,0.592841344849627,0,0.859190097477651,0.330375730065443,689.72954305432,161.999421430638,113.748563488221
0.708694950269622,0.708694950269622,0,0.951173218493278,0.213637529386086,772.776994769112,169.999392859311,115.652927282225
0.516053579683873,0.516053579683873,0,0.987131190470634,0.50006440979628,769.194479575141,165.999407144974,114.529512605938
0.616572615997758,0.616572615997758,0,0.0642352848027797,0.933357027001672,904.104112608665,121.99956428727,117.972453035479
0.838476136911122,0.838476136911122,0,0.804616803456269,0.191518410935296,874.155596552063,155.999442859133,120.060842807053
0.621935260940047,0.621935260940047,0,0.402460455219831,0.123133973622537,833.148614712545,145.999478573291,124.454343897885
0.587920861406553,0.587920861406553,0,0.376322553441162,0.534857606636556,796.686584040447,149.999464287628,115.020362301024
0.970763023611928,0.970763023611928,0,0.318237255807187,0.0715663175425294,958.556094563036,143.999485716122,126.616088394796
0.814630647373933,0.814630647373933,0,0.984845673629568,0.643473106759233,973.553015773136,163.999414287806,117.047421919325
0.953046063408437,0.953046063408437,0,0.640372710719482,0.461965647027169,714.832183453064,157.999435716301,112.070346753967
0.949426442589685,0.949426442589685,0,0.166576053891325,0.284827081995461,831.892529447906,131.999528573112,120.124783981648
0.996859193484122,0.996859193484122,0,0.0209723875334877,0.0183495184541138,659.95617023133,137.999507144617,118.71370612012
0.70412369129524,0.70412369129524,0,0.0132698783314664,0.00159009680960953,725.966336523185,139.999500001786,119.310701948768
0.619269155572423,0.619269155572423,0,0.359195398757881,0.75469723709815,963.070684544618,135.999514287449,121.470545741528
0.626313262550114,0.626313262550114,0,0.522534875505155,0.370687876845121,957.952202323406,143.999485716122,126.16542969775
0.934767554066716,0.934767554066716,0,0.41454560419728,0.677312322688474,864.742890797756,143.999485716122,116.025414154677
0.868050191830368,0.868050191830368,0,0.405013710683292,0.557278403870884,750.357158819089,147.999471430459,113.255700079778
0.85511349422655,0.85511349422655,0,0.356185196684565,0.726437583196252,706.219175898088,145.999478573291,110.618171294383
0.615235054098798,0.615235054098798,0,0.991353413447865,0.753823118401376,915.264344385597,167.999400002143,115.444275634709
0.601000817415541,0.601000817415541,0,0.735220080196082,0.628429661984488,981.32940017667,159.999428573469,117.738230163352
0.771359274146172,0.771359274146172,0,0.204638449519681,0.761598129127269,901.815807322283,127.999542858775,118.148496104009
0.528390016253454,0.528390016253454,0,0.324057095205823,0.562250473733965,711.769716861671,145.999478573291,113.623627671829
0.80174456771574,0.80174456771574,0,0.126053726561585,0.34043943598376,824.860813817849,129.999535715944,119.143428043204
0.663450006500442,0.663450006500442,0,0.513979615956556,0.524226927097606,878.733020881102,153.999450001964,116.258601802723
0.591503766442066,0.591503766442066,0,0.148676441322174,0.715516851628769,835.160420438487,129.999535715944,116.866856861645
0.571110670995318,0.571110670995318,0,0.55703945401388,0.286830108413036,875.250929471263,143.999485716122,127.311289693255
0.824362113809333,0.824362113809333,0,0.116771741388058,0.345235791003027,766.539430185624,129.999535715944,117.95152757947
0.946939187238544,0.946939187238544,0,0.297861574173889,0.544567712832092,760.465354153274,141.999492858954,115.217852892457
0.865817596240666,0.865817596240666,0,0.745018018026706,0.0366822141040316,848.726904197483,157.999435716301,119.687852885616
0.994913646636292,0.994913646636292,0,0.98039011832893,0.404934401695071,615.980719236675,165.999407144974,99.6235548048327
0.660185053154395,0.660185053154395,0,0.684822217766073,0.636734866922478,851.872567807071,159.999428573469,114.719611985654
0.552455507724823,0.552455507724823,0,0.210063077231342,0.75905913219918,806.271244375283,139.999500001786,114.601807695668
0.650931412540528,0.650931412540528,0,0.69026875848686,0.831215773379256,718.732625461344,161.999421430638,101.901428117555
0.895445586579466,0.895445586579466,0,0.0588462645496757,0.653724109708318,912.292496711027,119.999571430102,119.315973489873
0.545919640421253,0.545919640421253,0,0.393893099773075,0.63351810290018,986.834542144307,137.999507144617,122.711322513605
0.966961608083427,0.966961608083427,0,0.0226157911830144,0.321833540963637,779.628428781854,125.999550001607,118.015885894298
0.927038971838761,0.927038971838761,0,0.840828940943706,0.612743833154303,655.136557337836,161.999421430638,81.7771716175249
0.618831370307979,0.618831370307979,0,0.841644946930988,0.737453984316689,995.382186472141,163.999414287806,117.249402978022
0.823438516871601,0.823438516871601,0,0.14958995496235,0.789282669135843,763.400742458669,133.999521430281,112.46131537673
0.708077096897257,0.708077096897257,0,0.235956635121483,0.442369348794083,739.541417450199,143.999485716122,115.227728358799
0.842819989593892,0.842819989593892,0,0.150041414717237,0.401679326570361,602.471895533216,141.999492858954,110.308474561138
0.876070840058353,0.876070840058353,0,0.452127742238117,0.409401038492677,733.764425449742,151.999457144796,113.366027264904
0.699416362434664,0.699416362434664,0,0.393938235102763,0.975896357199333,784.028148656432,149.999464287628,111.457868629136
0.615329143214397,0.615329143214397,0,0.32933800899953,0.630462913661069,852.168998622776,145.999478573291,116.015259307912
0.578507202797692,0.578507202797692,0,0.0101531860116107,0.266605828360437,804.843385239774,129.999535715944,118.826576333831
0.87706241334199,0.87706241334199,0,0.315132353885698,0.416487530832689,700.0977112466,147.999471430459,113.094495650735
0.870380580938187,0.870380580938187,0,0.334464257017502,0.677472289296255,696.921980137571,145.999478573291,110.838340409168
0.848200143052325,0.848200143052325,0,0.2353647184855,0.609027465329379,798.535537454247,137.999507144617,114.782471494354
0.646311507655615,0.646311507655615,0,0.243574621275206,0.114562811757402,783.194018646017,143.999485716122,124.648942246747
0.595052856714033,0.595052856714033,0,0.0508409867382549,0.112116976669888,952.560527959357,135.999514287449,122.98543893996
0.992276672635043,0.992276672635043,0,0.899105993607326,0.600251068111766,955.120629532997,159.999428573469,116.970224714299
0.952674047268301,0.952674047268301,0,0.762674901433729,0.734428963931714,810.702989221824,159.999428573469,113.052743031911
0.853211129433109,0.853211129433109,0,0.305587633686569,0.649516852912661,740.875966895403,143.999485716122,113.320414853414
0.825131621757737,0.825131621757737,0,0.20143212938848,0.591203573760119,779.064732021665,137.999507144617,114.306347039316
0.65802498893247,0.65802498893247,0,0.680265708316879,0.164954483486975,881.922166608833,145.999478573291,124.771341638995
0.952111488518823,0.952111488518823,0,0.47821979432338,0.00642518813039483,734.160530525471,153.999450001964,118.186440681793
0.675544493045255,0.675544493045255,0,0.645394689400083,0.884350134902747,710.569174648185,159.999428573469,57.0816530108206
0.842866671847003,0.842866671847003,0,0.539344573789289,0.0427419931875518,721.927660354812,153.999450001964,117.886474968984
0.66338611918186,0.66338611918186,0,0.957565208536764,0.54382270135223,658.869439485459,169.999392859311,59.4712290692597
0.674381791483107,0.674381791483107,0,0.34911017931142,0.663656009657514,745.626183381745,147.999471430459,112.486309800437
0.998253016601473,0.998253016601473,0,0.373155532902336,0.359992968537307,875.428415172976,135.999514287449,122.187552790667
0.693581599341863,0.693581599341863,0,0.181730806936867,0.914222468652179,945.507757214617,125.999550001607,118.27121516921
0.968921512316488,0.968921512316488,0,0.621535977195581,0.257737540114666,608.800754557465,159.999428573469,109.997283771314
0.68755577299192,0.68755577299192,0,0.722432396247781,0.734235346431678,672.646493149643,163.999414287806,-6.949928848743
0.549304903611729,0.549304903611729,0,0.168011166512492,0.510598841975617,804.888823642992,127.999542858775,118.214876213463
0.805034434084715,0.805034434084715,0,0.429679241196234,0.814292853061093,998.857991041248,133.999521430281,121.584046037156
0.736800008895994,0.736800008895994,0,0.299080501809074,0.0321110539704774,896.976660067745,147.999471430459,125.180389732686
0.517189399282042,0.517189399282042,0,0.160395984485384,0.0164639200228524,724.872914587286,141.999492858954,118.186221079474
0.837870678564176,0.837870678564176,0,0.309377642234168,0.633829953112048,697.143892593859,145.999478573291,111.359112173879
0.73574418447256,0.73574418447256,0,0.624847162435525,0.703816292569634,964.604979256683,153.999450001964,117.3044341774
0.684472551955953,0.684472551955953,0,0.142282915394133,0.312133613992761,982.214241147726,133.999521430281,122.363820847947
0.984516871426055,0.984516871426055,0,0.0539292602861392,0.896270620038743,691.407689047783,129.999535715944,109.587314814668
0.82594475446629,0.82594475446629,0,0.707994701505775,0.408145124722453,683.535860058097,161.999421430638,111.043253024053
0.926676221885535,0.926676221885535,0,0.788369210341879,0.227232643487009,708.846503856869,165.999407144974,113.395932094076
0.956604779835947,0.956604779835947,0,0.0589395257547541,0.798439001484974,934.183552355097,117.999578572934,119.994647791969
0.673607964279478,0.673607964279478,0,0.144229191901928,0.0770003749471254,919.906081812493,141.999492858954,126.69804904322
0.996418570535172,0.996418570535172,0,0.229670827137867,0.710322669144988,883.113921832535,127.999542858775,118.217295557831
0.667600130621671,0.667600130621671,0,0.844044022405322,0.00509758005520455,819.638928082099,157.999435716301,120.726402110607
0.541048496309827,0.541048496309827,0,0.214854422418632,0.908611452605786,964.07116136428,127.999542858775,119.137382699185
0.526244682813857,0.526244682813857,0,0.286431982806801,0.360878991768711,994.264134394172,137.999507144617,121.97014517371
0.888087066821353,0.888087066821353,0,0.408606142567337,0.360481903109857,652.072545837543,151.999457144796,111.28034134997
0.839068852081234,0.839068852081234,0,0.636567952770774,0.871461238362934,698.377295026368,157.999435716301,59.2613901826902
0.649955175956299,0.649955175956299,0,0.483739412341096,0.0489320938827466,941.816767927181,151.999457144796,124.133294566778
0.72401105597329,0.72401105597329,0,0.0286796486528983,0.113548620446723,950.637944186987,135.999514287449,123.589881725205
0.968742457730044,0.968742457730044,0,0.12544410608515,0.575970338680945,716.093243806681,133.999521430281,112.43897982533
0.542989786929815,0.542989786929815,0,0.966649082623984,0.746243812462692,653.111228770028,393.998592862168,-48.2331612337109
0.64438846651471,0.64438846651471,0,0.642702519473004,0.597114339833267,870.668417178202,157.999435716301,115.420111636527
0.907208587154,0.907208587154,0,0.855822224434401,0.162411242636879,889.830139454259,155.999442859133,120.226478286516
0.885846466192346,0.885846466192346,0,0.882966127348313,0.875487766849843,982.80627461068,161.999421430638,116.412771992532
0.614880266230251,0.614880266230251,0,0.754253156442186,0.80816569309819,778.849474535856,163.999414287806,111.090586431505
0.795448885606592,0.795448885606592,0,0.453479532362851,0.69825722104173,904.394252518714,147.999471430459,116.431663666036
0.88656269585534,0.88656269585534,0,0.100267389666477,0.688426363731909,909.33041894183,121.99956428727,119.256692926551
0.794803495633879,0.794803495633879,0,0.421370164463688,0.981932201132006,895.118627883364,145.999478573291,115.26247941975
0.509783618383738,0.509783618383738,0,0.253550442191389,0.380908051611377,830.985954593228,133.999521430281,120.487920868207
0.622046208095136,0.622046208095136,0,0.883846877701032,0.654221235126458,923.050221701817,165.999407144974,116.151454916197
0.677824924382924,0.677824924382924,0,0.198707071570338,0.418230228175649,870.862497758068,131.999528573112,120.331640368839
0.576067018859137,0.576067018859137,0,0.645411143054304,0.525369180291436,879.94894787534,157.999435716301,116.281488212267
0.912345083128182,0.912345083128182,0,0.578856424296524,0.236583149232503,770.500079366215,159.999428573469,115.120359840744
0.99355937688514,0.99355937688514,0,0.140553688686389,0.43795372215679,885.119089695802,127.999542858775,119.377045706528
0.513923183078884,0.513923183078884,0,0.748701279206726,0.433728799479885,926.832745949126,143.999485716122,127.001347455052
0.898616714680899,0.898616714680899,0,0.455987580459771,0.41730730686582,969.947855413099,137.999507144617,124.190621761071
0.774162520480391,0.774162520480391,0,0.0926806151834511,0.72818024188718,737.261273201346,131.999528573112,111.999080541463
0.911740637555411,0.911740637555411,0,0.398368461875554,0.900122457479661,793.693729765331,145.999478573291,112.650621635005
0.637312848070868,0.637312848070868,0,0.661230370542304,0.61905260109296,864.486203801403,159.999428573469,115.166174433275
0.83426588221895,0.83426588221895,0,0.224044457188898,0.179394318093037,856.54837825129,137.999507144617,124.515846095645
0.505928513252901,0.505928513252901,0,0.930788622991049,0.424361264710272,636.065516800978,161.999421430638,112.203231681659
0.53234593966208,0.53234593966208,0,0.777931963200791,0.314063617085428,815.842903315116,143.999485716122,125.769101509737
0.646436725053043,0.646436725053043,0,0.480320523742778,0.460991507035357,724.918342465643,155.999442859133,112.86524168985
0.858062427421706,0.858062427421706,0,0.638812651584563,0.760630706578844,953.43522308309,153.999450001964,116.676883459231
0.951393258721443,0.951393258721443,0,0.380064341499178,0.968738050788681,722.52820847204,145.999478573291,109.073906792659
0.897653030012105,0.897653030012105,0,0.499362950843899,0.517233863904751,674.260962913366,153.999450001964,110.456436058436
0.916723184591244,0.916723184591244,0,0.00945275686613334,0.662239725392389,863.715451420732,117.999578572934,119.31895947604
0.901145555652901,0.901145555652901,0,0.461365176846806,0.4918823382509,764.815140952263,151.999457144796,113.817079328352
0.608801708658528,0.608801708658528,0,0.851966591053159,0.767722923832305,904.44334036554,165.999407144974,115.217987453276
0.623576820113582,0.623576820113582,0,0.592249023939747,0.476083618647401,826.815158779351,157.999435716301,115.290890220835
0.707463206728922,0.707463206728922,0,0.32272089481057,0.306227132646681,837.121869278736,137.999507144617,123.504299198516
0.72046748670541,0.72046748670541,0,0.599736592864594,0.424842602167967,849.627382611488,157.999435716301,115.812767364251
0.592074274109381,0.592074274109381,0,0.34180728373929,0.677740622464281,958.75029064552,133.999521430281,121.383625301763
0.748340676137964,0.748340676137964,0,0.180327035675458,0.127861641466157,860.732330001131,139.999500001786,125.737144515981
0.947926439223837,0.947926439223837,0,0.856341247069803,0.356753024576545,938.475004718292,149.999464287628,122.403536986474
0.946879917999376,0.946879917999376,0,0.0811468424631251,0.718410684585686,711.897471882398,129.999535715944,111.299669915749
0.977074144982273,0.977074144982273,0,0.466466684163423,0.942868814617346,770.712422203404,149.999464287628,111.149675384537
0.88494989138297,0.88494989138297,0,0.726796044458396,0.566644852889586,874.335504496896,157.999435716301,115.547897283489
0.671795117084662,0.671795117084662,0,0.665265218940373,0.32166249394804,638.870499806852,161.999421430638,111.116233027251
0.531012418039708,0.531012418039708,0,0.452140235810534,0.636661581409034,612.555103661132,153.999450001964,103.86580375325
0.680046760899355,0.680046760899355,0,0.175129074816,0.214529068527526,931.711091018789,137.999507144617,124.240905024596
0.734381237266611,0.734381237266611,0,0.523227985654571,0.93668336445587,877.510449773577,151.999457144796,114.18223348258
0.791009104888388,0.791009104888388,0,0.988758538331549,0.796984858825936,939.093242753767,165.999407144974,115.698188016408
0.797141907280635,0.797141907280635,0,0.678630491645108,0.829424388930408,642.616152577726,399.998571433673,-42.6382166626571
0.610642123445559,0.610642123445559,0,0.20017802849783,0.842569136909216,910.15628063094,129.999535715944,117.997157274155
0.95242997658581,0.95242997658581,0,0.104935437188662,0.881497264427803,865.715728542871,121.99956428727,117.033827548569
0.793679477848202,0.793679477848202,0,0.65080830035164,0.856178477459046,626.719487424427,401.998564290842,-41.6659454961095
0.775816920937303,0.775816920937303,0,0.943437271502856,0.695821771202788,625.165980948625,383.998628576326,-47.6624383849668
0.662483252482698,0.662483252482698,0,0.846331649168696,0.450270750635951,635.791923039639,167.999400002143,104.92800050276
0.795006774001588,0.795006774001588,0,0.464494963238427,0.479730420544645,802.675758418762,151.999457144796,114.729550043802
0.599371980028405,0.599371980028405,0,0.463188916710218,0.642879755900514,933.779128212801,141.999492858954,125.746529912398
0.757326711799597,0.757326711799597,0,0.591250768905073,0.594689153269027,903.633716845101,153.999450001964,116.184830011669
0.86727546487063,0.86727546487063,0,0.607619539263996,0.55238477789371,708.130023164951,155.999442859133,111.122323938871
0.668843245104205,0.668843245104205,0,0.80761966961678,0.282903342056459,858.795152726551,153.999450001964,120.450924610379
0.749295004863141,0.749295004863141,0,0.0640567718002026,0.547976693863847,920.864691302689,123.999557144439,119.529345700175
0.983250707872133,0.983250707872133,0,0.274021713252936,0.113936201019732,840.762483159722,141.999492858954,126.205969593123
0.75435346817664,0.75435346817664,0,0.952238346515996,0.947698661533098,618.801890768901,415.99851429102,-43.5799288657895
0.694241851848013,0.694241851848013,0,0.933574000388074,0.999121821507415,917.665025189797,167.999400002143,114.269283903967
0.682994342063743,0.682994342063743,0,0.591983261483906,0.401823710579049,801.732745960695,159.999428573469,114.981108426465
0.648493049938687,0.648493049938687,0,0.17005703160908,0.438152175708543,738.056509394857,139.999500001786,114.740922362217
0.877280646134419,0.877280646134419,0,0.55224452927317,0.841569458163475,638.325245507044,399.998571433673,-40.1109139084585
0.532012683710837,0.532012683710837,0,0.735764606604475,0.327221808994136,864.90027751879,143.999485716122,127.170849037025
0.614744842683401,0.614744842683401,0,0.304707527057441,0.159641222865598,776.127590025849,143.999485716122,124.719903490567
0.836035296000779,0.836035296000779,0,0.00747068907769599,0.878122003763002,638.044449865158,129.999535715944,107.632240988029
0.698751190539734,0.698751190539734,0,0.684248298958204,0.153340835095533,911.466622758226,149.999464287628,123.15042478375
0.561519041286525,0.561519041286525,0,0.289863914594653,0.651942095601602,976.584113616891,131.999528573112,121.189589637815
0.830535405117451,0.830535405117451,0,0.663080314959621,0.703484951280228,849.208051593828,155.999442859133,114.340801837251
0.577127127765733,0.577127127765733,0,0.736918674560226,0.71004749740514,904.908180151966,161.999421430638,115.637865812107
0.844190595914801,0.844190595914801,0,0.485024488522927,0.444710902416092,899.3193166929,139.999500001786,125.553731580083
0.898850596875656,0.898850596875656,0,0.985249983078426,0.415413716342838,806.011539974295,165.999407144974,114.498516515136
0.83199914590152,0.83199914590152,0,0.857335984169061,0.0377453366590957,645.400029835685,169.999392859311,113.458546248413
0.848547407758034,0.848547407758034,0,0.752927207494111,0.209907262997405,768.793087854874,165.999407144974,115.096095333376
0.70289119610308,0.70289119610308,0,0.181385489341869,0.429551371992225,846.974869786078,129.999535715944,119.388976277748
0.970318811457241,0.970318811457241,0,0.672093100083199,0.163906859516809,690.271407812337,163.999414287806,113.509056354768
0.832863987584412,0.832863987584412,0,0.875357751966956,0.87190446845887,965.242213928764,161.999421430638,116.041352387759
0.830596844094342,0.830596844094342,0,0.168111383639121,0.556519802959146,925.986910128637,125.999550001607,120.168255106094
0.970838478119986,0.970838478119986,0,0.0238908899907559,0.790644626038457,857.783549325129,115.999585715765,119.582105141278
0.696339826504274,0.696339826504274,0,0.039668797203974,0.421329410193607,742.430129408183,127.999542858775,116.552768438966
0.993156271170967,0.993156271170967,0,0.296648969757598,0.319854686258457,819.399724345855,135.999514287449,120.980634224665
0.656926546182442,0.656926546182442,0,0.722698435025739,0.290655849123422,634.400553190351,161.999421430638,111.813869618236
0.908671587682874,0.908671587682874,0,0.730379724765302,0.303370299538939,974.534990965868,147.999471430459,123.956482226857
0.805007027484541,0.805007027484541,0,0.662210828657047,0.817218303351382,642.055279537702,397.998578576505,-42.5924126777123
0.571404097472071,0.571404097472071,0,0.0851727919674937,0.706700857407017,938.190269204663,121.99956428727,119.5092206395
0.652983569926707,0.652983569926707,0,0.312204975409802,0.23255662238223,785.594109353778,139.999500001786,123.67327125784
0.690599631248255,0.690599631248255,0,0.199019535486826,0.7175601527648,917.641835790013,127.999542858775,118.923543544447
0.764752022517026,0.764752022517026,0,0.0231173182254077,0.2483388525096,921.338834641506,131.999528573112,120.948579630711
0.886755806018546,0.886755806018546,0,0.895041635290012,0.312179987847361,622.746543350175,167.999400002143,108.290358398877
0.689717757760857,0.689717757760857,0,0.664107506225664,0.239961225064552,975.502854892938,151.999457144796,123.291404172544
0.717629037648716,0.717629037648716,0,0.57097915734589,0.470434755167089,949.937194516715,143.999485716122,127.318470852918
0.92678529446787,0.92678529446787,0,0.279590429915517,0.440394989444813,740.161526751449,143.999485716122,115.297800102664
0.543544265361197,0.543544265361197,0,0.896012951653371,0.545206441988076,988.698626988193,149.999464287628,124.074424461069
0.863798109026632,0.863798109026632,0,0.0970370575352936,0.758403856142613,960.196776581074,119.999571430102,119.664872097171
0.770911705542721,0.770911705542721,0,0.149113813413488,0.845843391231373,963.38368542852,121.99956428727,119.436474434251
0.815383133058787,0.815383133058787,0,0.357038686030038,0.0621506694053011,787.560309250836,145.999478573291,123.950525005635
0.721181060314223,0.721181060314223,0,0.104354820400014,0.299899812142955,809.37700578055,131.999528573112,119.40302975448
0.619059090573813,0.619059090573813,0,0.0661232227228393,0.961819051878083,876.830119518134,123.999557144439,116.686782183544
0.833805829194942,0.833805829194942,0,0.0183921288098339,0.59142271654995,759.077172996227,123.999557144439,115.84411597309
0.938242378318201,0.938242378318201,0,0.473018404726689,0.362545169857838,895.631208876225,139.999500001786,125.106251210766
0.994689747457061,0.994689747457061,0,0.491866909430205,0.121399476075345,803.376353478561,147.999471430459,121.223081438582
0.586439161025473,0.586439161025473,0,0.0888293045741769,0.902241482211215,707.71028576756,135.999514287449,110.160952866848
0.640332583830589,0.640332583830589,0,0.531540603824596,0.0809706523099123,828.087271342793,149.999464287628,122.512008460765
0.69559231518533,0.69559231518533,0,0.321822122189068,0.303231767399809,742.93262772043,147.999471430459,115.28419154352
0.662107095034603,0.662107095034603,0,0.949858326881976,0.0581418232018291,775.567224827086,155.999442859133,120.012847564588
0.549935476615253,0.549935476615253,0,0.626281669180779,0.143869599624314,687.365572606557,147.999471430459,118.939602038836
0.951188658659373,0.951188658659373,0,0.855704840092675,0.169963076406963,891.876501371318,155.999442859133,120.307013031051
0.964286718303612,0.964286718303612,0,0.282721786750716,0.763465313555433,857.405548324072,135.999514287449,116.084898902663
0.946848113161284,0.946848113161284,0,0.840730371112421,0.81656971875912,770.030591680501,161.999421430638,110.537052929857
0.718314987629217,0.718314987629217,0,0.851584289084529,0.244969628585382,730.791531307484,167.999400002143,114.189450824877
0.508927305339352,0.508927305339352,0,0.40316507852952,0.251677944621805,993.497942263625,141.999492858954,127.221955825985
0.938984751711141,0.938984751711141,0,0.210809882585575,0.129538016775901,954.898990186994,139.999500001786,127.392098644743
0.756451496186026,0.756451496186026,0,0.658523057935858,0.581229987076415,955.953922820407,155.999442859133,117.661915939582
0.921964240596356,0.921964240596356,0,0.248333269094687,0.364630619169383,803.176867636852,133.999521430281,119.66174568241
0.943581379970743,0.943581379970743,0,0.0496688922639125,0.307941738135121,805.132605544726,127.999542858775,118.53065952088
0.82991780175336,0.82991780175336,0,0.708217493800657,0.634962627927372,794.320454463502,159.999428573469,113.154862578315
0.584868374240133,0.584868374240133,0,0.140775213226155,0.942939498877589,645.769578568357,139.999500001786,105.27377766535
0.921247068275321,0.921247068275321,0,0.536259660346315,0.498721220689323,814.892304091058,151.999457144796,114.887466946768
0.99278727159157,0.99278727159157,0,0.330533057558742,0.319408184510046,699.675817741566,147.999471430459,113.8398088607
0.967501844585673,0.967501844585673,0,0.0280741076312877,0.608190666058249,962.415233650584,119.999571430102,119.977261070762
0.95633237006082,0.95633237006082,0,0.930044756347524,0.290461199585471,796.980333467607,165.999407144974,115.118631790539
0.745557269999598,0.745557269999598,0,0.319971061559079,0.707762038835012,629.164736418649,147.999471430459,104.991259629328
0.514958402642878,0.514958402642878,0,0.387834293221483,0.379303009473647,649.075718926281,137.999507144617,118.603090732163
0.779024615522431,0.779024615522431,0,0.716913446976375,0.400461729201202,997.550259950199,145.999478573291,125.716380764304
0.931063637468496,0.931063637468496,0,0.739755325986323,0.245957138601297,810.085553774762,163.999414287806,115.775648855365
0.858513446492797,0.858513446492797,0,0.817045918800368,0.252068078980823,690.747761289687,165.999407144974,112.562062638608
0.715521757109987,0.715521757109987,0,0.63988330591934,0.875737133207921,659.16874957671,405.998550005179,-41.4963950457943
0.983404882298187,0.983404882298187,0,0.346620433231696,0.61634053823146,794.371655489559,143.999485716122,115.623572399238
0.686138314402831,0.686138314402831,0,0.661528480344686,0.299960122383208,826.819843808799,161.999421430638,116.284084889297
0.835014177089372,0.835014177089372,0,0.689135031522344,0.212852279486926,782.891166764515,163.999414287806,115.462145411092
0.79539497159596,0.79539497159596,0,0.0251531878055893,0.132803250333142,817.954702088802,135.999514287449,121.168461602737
0.830519527313519,0.830519527313519,0,0.984741646214418,0.264602416878915,639.405353189276,169.999392859311,109.998751784158
0.923909009720401,0.923909009720401,0,0.0217947889455786,0.919513210481923,793.944263060936,121.99956428727,114.106067187861
0.60759632105276,0.60759632105276,0,0.484360091008074,0.099581879547763,629.351956883885,145.999478573291,117.476733628429
0.649413152191238,0.649413152191238,0,0.354624144623591,0.114081086803727,811.561023015555,145.999478573291,124.598862367138
0.75800104379914,0.75800104379914,0,0.126423672927008,0.808680829145267,879.034884587967,123.999557144439,117.539412160221
0.564716158296931,0.564716158296931,0,0.41281982527093,0.687002474460068,795.439890709569,151.999457144796,113.678657981804
0.8133620495542,0.8133620495542,0,0.789904907222038,0.943740898114847,920.752345854176,159.999428573469,114.823276728611
0.566487629895681,0.566487629895681,0,0.868329147502112,0.519926372424399,658.811450960124,167.999400002143,108.500742931347
0.502708186157421,0.502708186157421,0,0.33770224532342,0.927320770554647,882.143515024989,145.999478573291,115.375969092613
0.642504905565531,0.642504905565531,0,0.103580173890276,0.335797019269289,830.976150919685,131.999528573112,119.543703501491
0.885513525310724,0.885513525310724,0,0.531355835790362,0.569806194958049,603.848557131065,153.999450001964,93.6583173502692
0.56922925638362,0.56922925638362,0,0.504523593980865,0.741404932665839,604.591509079188,387.998614290663,-44.115815445713
0.951257454407175,0.951257454407175,0,0.608489729954916,0.557405253074499,975.185788251129,139.999500001786,125.678132351273
0.756627731740718,0.756627731740718,0,0.816214109304617,0.645605409902454,799.493067687189,163.999414287806,112.979771359978
0.885972681898798,0.885972681898798,0,0.658622463875602,0.418880303420063,727.59181169578,159.999428573469,112.681793207784
0.948436939583445,0.948436939583445,0,0.147593238801845,0.56666786498782,778.160370833775,131.999528573112,115.472477254337
0.852051646420453,0.852051646420453,0,0.93627729480886,0.949440102914588,704.220512449817,415.99851429102,-42.3419889660692
0.629214641320916,0.629214641320916,0,0.326632985285064,0.542243922883042,732.933568468774,147.999471430459,113.110753768787
0.937921397404572,0.937921397404572,0,0.585279241201155,0.307119278145845,738.739001818652,157.999435716301,113.913277445329
0.690718990583344,0.690718990583344,0,0.981808302520469,0.340418785704751,878.182594674697,169.999392859311,116.822241729654
0.980932534377841,0.980932534377841,0,0.285013877236713,0.524895105512334,698.638272881611,143.999485716122,112.991195640962
0.638415243153646,0.638415243153646,0,0.615959497715797,0.600427154332928,649.849875324976,159.999428573469,104.766778693313
0.84303893971341,0.84303893971341,0,0.506793717387503,0.345447877642014,903.239065683151,141.999492858954,126.720066626016
0.595147929683398,0.595147929683398,0,0.813363291629044,0.953987347319843,669.430673596344,415.99851429102,-42.7587220813184
0.572577316761534,0.572577316761534,0,0.355310935604922,0.597087923794117,765.855971308236,149.999464287628,113.781219996629
0.768996567746131,0.768996567746131,0,0.495325387990296,0.427798150932826,686.000329249982,155.999442859133,111.525184750084
0.689551697877204,0.689551697877204,0,0.85291794712134,0.0235283204982774,811.0629670298,155.999442859133,120.683683833522
0.762322821392339,0.762322821392339,0,0.400444378209426,0.00909257451027379,952.888945338667,149.999464287628,125.136291458802
0.973329565672677,0.973329565672677,0,0.965722975709779,0.281676776394891,712.121647789206,167.999400002143,112.85885240335
0.534181082849797,0.534181082849797,0,0.146975651425093,0.727547510847225,905.626875551292,125.999550001607,118.820821582117
0.983586341716473,0.983586341716473,0,0.681086940019349,0.377480770108936,774.109331242128,159.999428573469,114.255505755318
0.681939518221344,0.681939518221344,0,0.351247380295303,0.181320312724746,931.706210504123,143.999485716122,128.330872311899
0.914571387909475,0.914571387909475,0,0.350392271028332,0.0441601642061731,811.586724498845,145.999478573291,122.801078557624
0.995151762870027,0.995151762870027,0,0.102946283438506,0.831042862254291,951.255005321252,117.999578572934,119.860966718903
0.896235534094851,0.896235534094851,0,0.795158869780263,0.421135591787102,853.494416643783,161.999421430638,115.72038658083
0.979918441240373,0.979918441240373,0,0.515933769152754,0.141420117638224,705.878739044926,157.999435716301,114.336315660947
0.538827502793212,0.538827502793212,0,0.200082899676448,0.514741269784631,882.682380506051,129.999535715944,120.574821674929
0.873928981944362,0.873928981944362,0,0.884182865219966,0.503681130184639,765.708744912087,163.999414287806,112.871778383261
0.861870005190407,0.861870005190407,0,0.783634829966822,0.309763968121176,953.267297908329,149.999464287628,123.155846474804
0.917330578470712,0.917330578470712,0,0.408704130087428,0.773922234746952,762.362685134016,147.999471430459,112.28204494765
0.584987808723652,0.584987808723652,0,0.476675792764595,0.735378931218214,751.945008284687,153.999450001964,111.738039555605
0.579211354889422,0.579211354889422,0,0.448057362748694,0.62492921226712,892.895185236459,149.999464287628,116.578135978473
0.595895324296413,0.595895324296413,0,0.374247270112452,0.287868481131923,835.160337213219,139.999500001786,124.983582726747
0.751447615271406,0.751447615271406,0,0.376703701871913,0.97657847548523,655.606159317031,421.998492862525,-34.7263430387419
0.750356288719509,0.750356288719509,0,0.668575378839578,0.852850912135431,978.171235506677,155.999442859133,116.557294536273
0.91811910413979,0.91811910413979,0,0.516173756835281,0.955677634766615,854.002554087771,149.999464287628,113.647650654697
0.628068218612925,0.628068218612925,0,0.785720478585699,0.0937568383657137,869.696135712575,153.999450001964,122.266083002999
0.799118020260421,0.799118020260421,0,0.178737093130407,0.535053439236598,898.624606365006,127.999542858775,120.362132878759
0.608159150012562,0.608159150012562,0,0.592585753756677,0.635113981898907,766.97400358329,157.999435716301,112.65255536534
0.843905494477035,0.843905494477035,0,0.592284228966013,0.0561890387286695,889.31420849408,153.999450001964,120.741998427034
0.908535881000797,0.908535881000797,0,0.112678293084381,0.350000731496497,627.338745672422,137.999507144617,111.908102402806
0.65220602409087,0.65220602409087,0,0.109432904334646,0.979738647307346,750.639701411875,133.999521430281,111.058698676916
0.685139116420849,0.685139116420849,0,0.736440098717977,0.49445120447142,682.512154336198,163.999414287806,109.95529225783
0.530962017956863,0.530962017956863,0,0.517322984986413,0.67623867160584,822.337847970234,155.999442859133,114.307286539296
0.696669292013399,0.696669292013399,0,0.520108637766856,0.0165980948664073,797.953412560352,151.999457144796,121.322024285062
0.969279442891294,0.969279442891294,0,0.284819096015256,0.701186669615891,771.258385237373,139.999500001786,114.12164319519
0.758750526265002,0.758750526265002,0,0.70328806351292,0.521674015267633,828.479850998362,159.999428573469,114.638281833513
0.74510458137554,0.74510458137554,0,0.363399696357032,0.969158560683218,919.674821688342,143.999485716122,116.139106286452
0.580086120599599,0.580086120599599,0,0.139687716169364,0.390852827053326,895.879576844632,131.999528573112,120.646600110257
0.947138597714405,0.947138597714405,0,0.356611802659963,0.253798374819714,847.752015406329,137.999507144617,123.806145943
0.948033888920829,0.948033888920829,0,0.447529473985367,0.631235650168809,804.544166518364,147.999471430459,114.550361400036
0.640594625231629,0.640594625231629,0,0.552883092744888,0.584956598603373,971.150258027984,141.999492858954,127.437299513833
0.676359557433799,0.676359557433799,0,0.346312418399101,0.116096926571296,905.564797232443,145.999478573291,126.770576299965
0.827590224435489,0.827590224435489,0,0.204343777489887,0.509773066234581,821.417369124599,131.999528573112,118.326411581423
0.550674269847201,0.550674269847201,0,0.980969837420481,0.710812488430216,653.001725347295,389.998607147832,-49.0311446862908
0.597967797006208,0.597967797006208,0,0.310128199161103,0.788685717359247,806.34566145653,145.999478573291,114.218811465856
0.617576128113042,0.617576128113042,0,0.135396365022871,0.881160508469289,683.459028017608,137.999507144617,109.226878977261
0.705689323881372,0.705689323881372,0,0.812286974571938,0.723832681324352,846.620778600144,163.999414287806,113.914589557485
0.930904143975289,0.930904143975289,0,0.84100961398806,0.482350222958443,787.819139248948,161.999421430638,113.776325121524
0.846781746201216,0.846781746201216,0,0.757886419129166,0.0312550796733039,664.966798777088,167.999400002143,114.081438625718
0.83706119420167,0.83706119420167,0,0.33162801424463,0.432696603594954,853.527307743355,135.999514287449,121.54439261487
0.502335850555841,0.502335850555841,0,0.496944747951773,0.386412154432962,813.860593634151,139.999500001786,124.272712741466
0.84753289504471,0.84753289504471,0,0.784917123264939,0.0616859605777212,961.397064171418,157.999435716301,121.329816496972
0.800723000612481,0.800723000612481,0,0.712012479928026,0.135133648444458,845.023394800516,155.999442859133,119.866035462052
0.899620061033402,0.899620061033402,0,0.806803083597926,0.0455412759096608,717.216838718356,169.999392859311,115.004834092608
0.566071657247445,0.566071657247445,0,0.00188653903556946,0.220785882931975,782.450668090456,129.999535715944,118.503402898891
0.51431186444304,0.51431186444304,0,0.872095186251223,0.0788048947718953,848.928279186991,155.999442859133,121.772351306933
0.550545452719434,0.550545452719434,0,0.433552771999306,0.52733405502841,933.547479185119,137.999507144617,123.546870508503
0.53901389804691,0.53901389804691,0,0.574316341119963,0.260149288044048,954.147152755878,143.999485716122,127.690960131639
0.594966535725693,0.594966535725693,0,0.0557788943947153,0.508665732421737,728.261453338675,129.999535715944,115.232908497914
0.940559777145167,0.940559777145167,0,0.921620675719994,0.392203917598513,710.709467111506,165.999407144974,111.903177294112
0.643018583430534,0.643018583430534,0,0.163333728350216,0.544971232177087,892.416916848419,127.999542858775,120.212031611295
0.868261961465519,0.868261961465519,0,0.812934216980531,0.182115991304246,747.00185955577,167.999400002143,114.699793963062
0.950675617649637,0.950675617649637,0,0.917657043609587,0.729609326782283,710.497952770411,163.999414287806,103.725272854259
0.805187671392844,0.805187671392844,0,0.937005546796141,0.767018288903848,721.485237348135,165.999407144974,70.7935436655404
0.769862112770497,0.769862112770497,0,0.548396778236156,0.653947753533061,716.904945518948,155.999442859133,110.657257798015
0.689114385366207,0.689114385366207,0,0.793371343509097,0.491403418736151,974.840175147279,151.999457144796,122.625798753824
0.874218813282493,0.874218813282493,0,0.579821847238787,0.199139089119505,832.767503034396,149.999464287628,121.022342302514
0.769708366031841,0.769708366031841,0,0.19819893775395,0.780611219224738,868.169146127379,129.999535715944,117.120557394816
0.533060287913305,0.533060287913305,0,0.0666396099207965,0.563425594154613,838.073604078452,123.999557144439,118.558377596173
0.859614947629903,0.859614947629903,0,0.464056846348559,0.934488215630034,850.933000215427,147.999471430459,113.829189939632
0.777973132738004,0.777973132738004,0,0.698366757213305,0.250886789644979,743.059572688345,163.999414287806,114.298590981442
0.727528709393202,0.727528709393202,0,0.787400738034357,0.902338679075383,864.878096474357,161.999421430638,113.48375550609
0.67235248273353,0.67235248273353,0,0.979189415852927,0.56037824227961,737.092535839184,169.999392859311,110.967453990091
0.809033411169588,0.809033411169588,0,0.192591790830311,0.686685084011998,898.20633763493,125.999550001607,118.681953335626
0.999323991878508,0.999323991878508,0,0.184071010620221,0.0293538766758242,692.290739537156,141.999492858954,121.580557598321
0.555798063858815,0.555798063858815,0,0.587592393660381,0.255438054031342,640.222084654629,143.999485716122,121.468129498645
0.798851765080429,0.798851765080429,0,0.725146703597343,0.611829145516794,878.341001554619,157.999435716301,115.35820894979
0.760737547717098,0.760737547717098,0,0.642853685197773,0.641024628413589,607.323757235342,373.998664290485,-46.6384372413446
0.86229335983199,0.86229335983199,0,0.346892846997775,0.734793702654614,753.370453598241,145.999478573291,112.672762444598
0.708033776670737,0.708033776670737,0,0.288873658224336,0.376614495681797,866.43664224516,135.999514287449,121.922964995623
0.970459911842587,0.970459911842587,0,0.0457056775333182,0.11524147466794,724.20294841709,133.999521430281,119.126979951203
0.595150072264215,0.595150072264215,0,0.0919634351045944,0.0536080967718606,778.219792431127,139.999500001786,120.938213729422
0.71509549666599,0.71509549666599,0,0.00874398060725456,0.803322560438612,700.835600217144,127.999542858775,110.426421901382
0.534807292086832,0.534807292086832,0,0.928948431047631,0.776386483706754,782.593299805614,169.999392859311,110.936873537693
0.834586720352064,0.834586720352064,0,0.305703004663667,0.602510681398648,867.427326855596,133.999521430281,119.479749549837
0.978615147174698,0.978615147174698,0,0.881340031093332,0.0291795151339185,877.185737081201,161.999421430638,119.760322501289
0.62640318978333,0.62640318978333,0,0.0429501167543856,0.295727596160157,637.267104185807,127.999542858775,115.338632792523
0.848970499113092,0.848970499113092,0,0.290468175734347,0.05175488741488,617.1174407982,151.999457144796,113.816645446352
0.991706468113906,0.991706468113906,0,0.0484212616474066,0.443111973428218,828.148371780003,123.999557144439,118.522649231215
0.807514018056389,0.807514018056389,0,0.3443245224536,0.910132125619584,672.169771964711,147.999471430459,104.38388123483
0.652103896615107,0.652103896615107,0,0.729434703494204,0.0757514524043968,633.237885669895,149.999464287628,117.737467183681
0.863882478506695,0.863882478506695,0,0.233467789232154,0.401438196592595,964.117713602809,131.999528573112,121.96144871838
0.527948557837052,0.527948557837052,0,0.237755985918124,0.116774296910062,914.282227450457,141.999492858954,125.858418014994
0.874634389770552,0.874634389770552,0,0.354193764063657,0.914150446038361,983.256107764336,131.999528573112,119.716452579807
0.893264794237224,0.893264794237224,0,0.29651232215537,0.630917398827707,707.651133929609,143.999485716122,112.177138502951
0.583339329930565,0.583339329930565,0,0.527068090374385,0.301777558244147,801.244767853288,141.999492858954,126.482786987964
0.551651082410738,0.551651082410738,0,0.550847717159727,0.00614082162361862,722.21939591408,153.999450001964,118.683230247352
0.981328425099579,0.981328425099579,0,0.452635268384868,0.431988294901475,870.733905289248,139.999500001786,123.745708682022
0.626303792731699,0.626303792731699,0,0.330690100762877,0.0188254340808782,969.838056662679,149.999464287628,125.131252799135
0.691527829522571,0.691527829522571,0,0.434995054411519,0.395985410752774,600.098338390712,155.999442859133,108.649075536515
0.797409026285028,0.797409026285028,0,0.157900772903546,0.97445284305876,862.93303500296,129.999535715944,114.886965977709
0.771031388820387,0.771031388820387,0,0.347042177717051,0.953907806364103,906.623412928064,141.999492858954,115.942311956515
0.918975210167874,0.918975210167874,0,0.843859054122797,0.992385896820887,909.903849918299,161.999421430638,114.330318746979
0.695499635310713,0.695499635310713,0,0.146344964390383,0.275798654849359,892.443051187266,133.999521430281,121.680698207525
0.553983546307203,0.553983546307203,0,0.0870445870241146,0.148567725957756,756.406840762842,135.999514287449,118.950877322632
0.693233670109547,0.693233670109547,0,0.783641335909332,0.114512121395386,833.602271560189,151.999457144796,120.957495742258
0.587592109385839,0.587592109385839,0,0.178446028818187,0.30900786161099,964.180920365562,133.999521430281,122.142054081191
0.582213816339748,0.582213816339748,0,0.0388841682587058,0.56756876340032,636.800135105736,133.999521430281,110.4482365273
0.607111316092823,0.607111316092823,0,0.460418364696471,0.209926775537426,657.646003869338,141.999492858954,121.452277577759
0.598039263919332,0.598039263919332,0,0.00100556214272696,0.654648104795683,903.272041880653,119.999571430102,119.242610785801
0.674381498082833,0.674381498082833,0,0.404799931211789,0.324864668258456,788.249257129605,143.999485716122,124.465829926486
0.56389540688556,0.56389540688556,0,0.186048674167709,0.919091220399086,950.076531330129,125.999550001607,118.833944089297
0.810094320983445,0.810094320983445,0,0.488154713213185,0.650181439922084,745.87651908819,151.999457144796,112.034704418973
0.898612708117569,0.898612708117569,0,0.900105565972789,0.686581159361472,843.965248164101,161.999421430638,114.054190905563
0.868185217584934,0.868185217584934,0,0.767988738043011,0.780521929240448,949.71564446393,157.999435716301,116.187949897371
0.709178731090254,0.709178731090254,0,0.390663457600046,0.869900108154747,616.220441840839,405.998550005179,-37.9360915566378
0.947574279541161,0.947574279541161,0,0.986752698824903,0.0723113501889898,731.282312232169,171.99938571648,114.971428131746
0.777676932402494,0.777676932402494,0,0.20735570487866,0.610893654295731,992.366392952267,127.999542858775,122.494037425083
0.982079884616191,0.982079884616191,0,0.316543182725064,0.979416999797173,702.206107077411,143.999485716122,108.265057236804
0.723152739559136,0.723152739559136,0,0.937661880618605,0.332247629105917,807.891257476226,169.999392859311,115.195784074212
0.805724283118939,0.805724283118939,0,0.338981049631144,0.591643416771387,689.264592911326,147.999471430459,111.01738609702
0.674389760647691,0.674389760647691,0,0.802319841973676,0.391800639539359,856.659281431162,165.999407144974,116.126327173531
0.696398735160406,0.696398735160406,0,0.144415082238376,0.388254062478789,992.625571082403,131.999528573112,122.419335764172
0.964748526575748,0.964748526575748,0,0.694635457622711,0.530478825326528,875.545846195912,155.999442859133,115.847929016382
0.534469445179607,0.534469445179607,0,0.970456399432245,0.806447697991801,918.623737594051,169.999392859311,115.398648747032
0.970530110972861,0.970530110972861,0,0.932610660151276,0.847057218319886,620.803625861087,401.998564290842,-44.3532148660069
0.543645538310028,0.543645538310028,0,0.989988093846335,0.936117882656236,877.988435443628,171.99938571648,113.346455653441
0.884697715473176,0.884697715473176,0,0.537435186620553,0.770059799177391,945.903328519009,147.999471430459,116.90527126764
0.869740680751751,0.869740680751751,0,0.917781105001741,0.0538419353978177,971.314796870618,161.999421430638,121.645437951701
0.94482314390144,0.94482314390144,0,0.407962526939369,0.87943272343417,911.670670156129,143.999485716122,116.206844026861
0.98284995671771,0.98284995671771,0,0.505397827179283,0.42238384398229,856.539131049158,149.999464287628,116.591253033609
0.955020740995061,0.955020740995061,0,0.326857598299557,0.341149694216679,992.518928220059,135.999514287449,122.903711644558
0.80473957771072,0.80473957771072,0,0.888866892570624,0.352836153540679,749.202673578783,167.999400002143,113.399277053426
0.723942299590211,0.723942299590211,0,0.45803821916112,0.323072868607594,708.58810155848,155.999442859133,113.32841052634
0.535342370103725,0.535342370103725,0,0.609153658168738,0.859657207344238,717.976749405881,161.999421430638,104.834423782177
0.99186738017146,0.99186738017146,0,0.396067773686439,0.849057968593107,730.453799467772,147.999471430459,110.554563980631
0.983994717350633,0.983994717350633,0,0.613315351936806,0.920789349430568,746.378065278808,155.999442859133,109.136344326334
0.50843660218927,0.50843660218927,0,0.512639112281186,0.891301395556462,637.910250311714,407.998542862347,-40.9764878612386
0.761722226174258,0.761722226174258,0,0.587142216251577,0.398656514542403,837.266202808104,157.999435716301,115.665283661613
0.645141760437538,0.645141760437538,0,0.476762409170153,0.111502882160399,649.319856518628,145.999478573291,119.921853894984
0.888702350998941,0.888702350998941,0,0.65561776662625,0.611650352865365,708.255872972494,157.999435716301,110.48066557504
0.737410283751557,0.737410283751557,0,0.236371851032768,0.102071893919875,979.015835815149,143.999485716122,129.182533828529
0.915961994661955,0.915961994661955,0,0.442145843885348,0.487516360599083,693.623531181118,151.999457144796,111.659391509083
0.753675989895984,0.753675989895984,0,0.834295248505081,0.064176374490575,968.316931936662,157.999435716301,122.616397170297
0.881376167846647,0.881376167846647,0,0.211600209678244,0.756590662035713,996.303952088182,121.99956428727,120.294006803193
0.825851832061126,0.825851832061126,0,0.387400669015553,0.395062467280518,962.577317083128,137.999507144617,123.808884301469
0.794665017374071,0.794665017374071,0,0.927806959534267,0.23234992329483,773.79940273227,169.999392859311,114.979653566881
0.747476139004128,0.747476139004128,0,0.367568376407677,0.650818659708537,686.706753208796,149.999464287628,110.159451319637
0.917231770668332,0.917231770668332,0,0.137205369957167,0.0723852706610693,645.375084141141,139.999500001786,119.138232103596
0.778817381116517,0.778817381116517,0,0.299645725006127,0.0105791350492769,661.464391699373,145.999478573291,120.277884467524
0.785930189201504,0.785930189201504,0,0.109911411966406,0.714767753727986,930.374285698782,121.99956428727,119.419015450365
0.828608608598081,0.828608608598081,0,0.260144493592846,0.996828170554722,974.038879437805,127.999542858775,118.406776113229
0.891051722992359,0.891051722992359,0,0.59217064949772,0.293715638195824,843.991946176849,147.999471430459,121.970031107152
0.545564707781515,0.545564707781515,0,0.261648600779049,0.450821775052016,702.576883254266,141.999492858954,114.629173185601
0.613203176252917,0.613203176252917,0,0.0132902369548622,0.20383687609761,819.570865323126,131.999528573112,119.6083425379
0.951683731089559,0.951683731089559,0,0.683811026553789,0.355583842036363,705.501577821201,159.999428573469,112.474182604318
0.927626508389938,0.927626508389938,0,0.131262978515177,0.321175274543955,689.629989331456,137.999507144617,114.062698628712
0.610442899816607,0.610442899816607,0,0.85181392711967,0.109461461637964,889.060797839739,153.999450001964,122.48379494025
0.992619162643825,0.992619162643825,0,0.422711529512519,0.647647897056192,980.794302032366,133.999521430281,121.262412861234
0.599529183406487,0.599529183406487,0,0.361917335440389,0.365168268009399,675.547637593846,147.999471430459,114.11125370229
0.62199366879205,0.62199366879205,0,0.506001950012752,0.730809554925397,773.578544034685,155.999442859133,112.35398255436
0.698280327276158,0.698280327276158,0,0.303703009354974,0.439301241273654,653.993750506889,149.999464287628,111.095559871095
0.592126031658593,0.592126031658593,0,0.555163247176906,0.263959166276028,793.558106796364,143.999485716122,126.311224979735
0.544735090802626,0.544735090802626,0,0.934828330939145,0.20677260770859,728.937572187066,149.999464287628,120.202266647632
0.689623774706409,0.689623774706409,0,0.590630042359178,0.840398670132205,791.384341275661,157.999435716301,111.914753032605
0.77143425553255,0.77143425553255,0,0.962059394305323,0.258161625292428,706.765053093629,169.999392859311,112.89074546631
0.92592507692202,0.92592507692202,0,0.0255124523414691,0.53142790421702,677.251635476381,129.999535715944,111.609219637194
0.646237889552453,0.646237889552453,0,0.990598881134329,0.677557960313022,874.372524031732,167.999400002143,114.78102939523
0.935327060109779,0.935327060109779,0,0.252872401277061,0.0266197147263236,958.178222480355,143.999485716122,128.295986051268
0.699777747869876,0.699777747869876,0,0.313115284280406,0.706313085099038,931.954182902831,131.999528573112,120.097673474985
0.727395346998954,0.727395346998954,0,0.657060012638413,0.366426503887779,998.673035208034,147.999471430459,125.455396888741
0.5982188872594,0.5982188872594,0,0.648881906014997,0.0557020203923903,722.727120711307,153.999450001964,119.225664340737
0.682416008227481,0.682416008227481,0,0.457697986237801,0.127597174828847,939.30807448632,145.999478573291,126.923161027664
0.968456457027884,0.968456457027884,0,0.567034645068443,0.280667204093655,737.024096347292,157.999435716301,114.088809147599
0.802639056976628,0.802639056976628,0,0.402260256774996,0.390949389104073,780.878463061071,151.999457144796,114.919890907671
0.840848980673466,0.840848980673466,0,0.215802453145805,0.342061680898223,878.856959478498,131.999528573112,120.901544452186
0.961723037584071,0.961723037584071,0,0.68651342840417,0.636673924652491,887.620346678828,153.999450001964,115.651421271225
0.684788401927425,0.684788401927425,0,0.629245983867332,0.667573372615463,639.908755786277,159.999428573469,30.0733926667777
0.609574201607077,0.609574201607077,0,0.161846366027456,0.20108910716537,942.098976610818,137.999507144617,123.652367992038
0.778297045465828,0.778297045465828,0,0.437524534717473,0.44447869069895,654.720054784909,153.999450001964,110.379268125066
0.576361840453355,0.576361840453355,0,0.772402693689172,0.978436608763434,771.477652274531,165.999407144974,92.2460975403008
0.750975991522524,0.750975991522524,0,0.998040929258766,0.397989739056327,885.766351067489,167.999400002143,116.427951697356
0.791929097546904,0.791929097546904,0,0.933566827300432,0.682680717265314,971.677721324999,163.999414287806,116.872526466948
0.600266003734456,0.600266003734456,0,0.946038974017365,0.429241661254809,685.61531895016,167.999400002143,111.500539615248
0.649651129843109,0.649651129843109,0,0.0822334400428915,0.238654874904793,720.142611279786,131.999528573112,117.98797439148
0.765449235083621,0.765449235083621,0,0.107081052739722,0.469468480398951,852.343222842646,125.999550001607,119.040587856687
0.92894666518533,0.92894666518533,0,0.747230769867527,0.163444784757208,613.731514365866,165.999407144974,110.913502525138
0.673176886751344,0.673176886751344,0,0.812549380423013,0.96992315139563,799.786452427453,165.999407144974,108.940120095806
0.696376342899447,0.696376342899447,0,0.505874676926617,0.716482944809048,970.060401292314,139.999500001786,125.604961426716
0.531754127712768,0.531754127712768,0,0.373952714147603,0.720226585558365,768.770165737891,149.999464287628,112.909401625644
0.685922915095741,0.685922915095741,0,0.159931199259586,0.637802378006589,727.261376551511,137.999507144617,112.883661868418
0.66424660373394,0.66424660373394,0,0.12619074060081,0.261693673931088,967.788836128805,133.999521430281,122.352733668976
0.637308578371296,0.637308578371296,0,0.723360244720756,0.835710019438802,660.077032726101,399.998571433673,-43.8546515133502
0.507104197641081,0.507104197641081,0,0.823565146360216,0.543802249204031,970.818688434449,147.999471430459,126.087982458446
0.540203369604364,0.540203369604364,0,0.357696974493249,0.207009292833773,857.737959795284,141.999492858954,125.999724266297
0.797438766715478,0.797438766715478,0,0.89452146625135,0.423453347246001,715.957990702043,167.999400002143,111.64082405968
0.765362410893249,0.765362410893249,0,0.47858887481205,0.244717767518464,980.714831249346,147.999471430459,124.007133998959
0.604229314848848,0.604229314848848,0,0.529986175405139,0.706758552989626,628.359404622898,159.999428573469,-44.2535960589776
0.761330567161986,0.761330567161986,0,0.068735222610929,0.57842940867457,904.417787518904,121.99956428727,119.270319516476
0.945651545480007,0.945651545480007,0,0.888324812318731,0.666310354201646,765.270154967543,163.999414287806,111.718009662003
0.689684031216721,0.689684031216721,0,0.588484007356304,0.308467979647578,873.288565115241,145.999478573291,124.515974704708
0.506560751137762,0.506560751137762,0,0.142005563451311,0.33751957295481,619.915284828121,129.999535715944,115.072484913127
0.831705207767059,0.831705207767059,0,0.549021319703693,0.955832562741399,650.701294924864,415.99851429102,-37.8014812638536
0.539792388863613,0.539792388863613,0,0.368755723070776,0.564429208755566,675.356400241627,149.999464287628,111.574696701866
0.712833794148967,0.712833794148967,0,0.207939093645534,0.390836433265047,783.993816646975,135.999514287449,119.678064183438
0.993003079403368,0.993003079403368,0,0.0720793575750386,0.754505530315902,735.33206470029,129.999535715944,111.879296132108
0.919165205459037,0.919165205459037,0,0.396017307383259,0.118750852566359,606.830766143454,155.999442859133,112.031463324878
0.667375278285753,0.667375278285753,0,0.548395226533704,0.763355708712008,897.19343552388,153.999450001964,115.401720924135
0.709595016930998,0.709595016930998,0,0.446614267391278,0.574989069666518,611.608049624914,153.999450001964,102.872463760739
0.503584988150769,0.503584988150769,0,0.47017681202983,0.106116653481169,986.173407007264,147.999471430459,126.414354953605
0.966641698848363,0.966641698848363,0,0.531904820918033,0.225654888514819,899.321172661778,143.999485716122,125.301815027163
0.939543815174944,0.939543815174944,0,0.222942767500635,0.418655633679448,799.214964989387,131.999528573112,118.673314187373
0.82335384673038,0.82335384673038,0,0.924528231807311,0.344507774680397,636.030979267014,167.999400002143,107.957449857792
0.695043534423589,0.695043534423589,0,0.208393389769047,0.889156867648095,990.573719365332,123.999557144439,119.735960295099
0.915646403113528,0.915646403113528,0,0.434789552781823,0.788488414967654,760.285922518473,147.999471430459,111.947500178715
0.89113966251054,0.89113966251054,0,0.889114770549104,0.327913076594546,603.856524921945,167.999400002143,104.979653921352
0.575005389816494,0.575005389816494,0,0.719711497446371,0.485139005673859,813.539984743103,161.999421430638,115.161729293358
0.936506494026308,0.936506494026308,0,0.0790096326156026,0.00700712205771725,855.613666403508,141.999492858954,127.15858077082
0.920842835643762,0.920842835643762,0,0.669830752337534,0.202750946901278,865.476520032764,151.999457144796,120.912676775045
0.638568562297453,0.638568562297453,0,0.20443781160994,0.521320234417908,651.230197390516,143.999485716122,111.17935052749
0.715510459805027,0.715510459805027,0,0.772342450517357,0.444920442635433,782.625873177525,163.999414287806,113.893528440565
0.777882077543494,0.777882077543494,0,0.867789352831072,0.579462725989846,755.258963887967,165.999407144974,111.84737643198
0.832413166488206,0.832413166488206,0,0.170887376837113,0.0712402931209618,860.410158853193,141.999492858954,127.42502917876
0.709292606688882,0.709292606688882,0,0.414200685161295,0.72652637540146,753.956280071295,149.999464287628,111.976759663005
0.663675763465719,0.663675763465719,0,0.57396504931751,0.496924637231621,660.615551984463,159.999428573469,109.701582011948
0.633330404037657,0.633330404037657,0,0.232875017651658,0.486232717770605,847.031957746261,133.999521430281,119.924381501981
0.716826050577516,0.716826050577516,0,0.853129799436991,0.148350266750873,974.611666273537,157.999435716301,122.179215052384
0.668277404761059,0.668277404761059,0,0.51770393122603,0.96914957367683,732.103231351698,155.999442859133,106.03747752238
0.999197113685485,0.999197113685485,0,0.0238962431375809,0.837852424109744,953.811522770269,115.999585715765,121.038809497714
0.739338244412691,0.739338244412691,0,0.759115272779339,0.183457749002187,767.2820572837,165.999407144974,115.693796337421
0.728419219361699,0.728419219361699,0,0.981182820279944,0.865154790636809,931.314863356127,167.999400002143,115.214655306812
0.824128599817762,0.824128599817762,0,0.911777495059341,0.00694411962353536,711.30359011519,169.999392859311,115.945596177295
0.501514594967006,0.501514594967006,0,0.139155667671631,0.541292699297239,670.74954482671,135.999514287449,112.816542831686
0.532677876612678,0.532677876612678,0,0.795656104254943,0.647102993451385,970.178372801528,161.999421430638,117.36369813502
0.628899007149203,0.628899007149203,0,0.125063744918261,0.112166354443714,616.240286774535,135.999514287449,115.353492718746
0.828184198922819,0.828184198922819,0,0.252593317096352,0.555733351663584,702.063178804361,143.999485716122,112.788663816651
0.793574347766491,0.793574347766491,0,0.600848348404559,0.0481079023376028,950.405651902863,151.999457144796,122.949032102952
0.799326711909869,0.799326711909869,0,0.573745902822263,0.169533076212724,604.957296102841,161.999421430638,111.195933904862
0.785906400079065,0.785906400079065,0,0.614187315417414,0.495512211503895,854.831866222952,157.999435716301,115.518040818763
0.972820488603994,0.972820488603994,0,0.0154308672286554,0.125802078029236,988.774481758261,135.999514287449,123.803663866803
0.603529533366316,0.603529533366316,0,0.779704485502576,0.857152585216926,675.508756530732,403.99855714801,-44.1260221232017
0.715343081476606,0.715343081476606,0,0.253019622471065,0.41148315593062,893.701413434327,133.999521430281,121.117796311432
0.832809204232911,0.832809204232911,0,0.00824284104522011,0.703919247967413,694.734587326193,127.999542858775,110.825641603557
0.82193035260527,0.82193035260527,0,0.355253597411174,0.431216283186782,930.666888679604,135.999514287449,122.278791153116
0.581675384853549,0.581675384853549,0,0.336600384047669,0.757897113818484,888.406637995362,145.999478573291,116.214975330051
0.520706821811843,0.520706821811843,0,0.151661395462001,0.377794025659048,738.784219970695,129.999535715944,117.802473062282
0.668934594243098,0.668934594243098,0,0.350757298102812,0.850277698233514,946.289260462508,139.999500001786,120.486650843799
0.937055771054093,0.937055771054093,0,0.251716989098987,0.450353387760695,698.337755983434,143.999485716122,113.857451479792
0.785341876600873,0.785341876600873,0,0.351710393276464,0.0271132855332007,618.005821879766,145.999478573291,118.482698760141
0.515348812127281,0.515348812127281,0,0.760837015294565,0.0375480197580084,819.326986374959,155.999442859133,121.237562991288
0.998326447866153,0.998326447866153,0,0.428372605645275,0.280813975679878,757.861440044848,151.999457144796,115.034367540751
0.925995485726507,0.925995485726507,0,0.793043578074531,0.845348003239919,673.104002448283,401.998564290842,-42.8435040991167
0.757536110234503,0.757536110234503,0,0.47529591341417,0.799669681124581,843.702537582034,149.999464287628,114.128136507492
0.924459489606171,0.924459489606171,0,0.782013771445575,0.204051042726021,699.419439289369,165.999407144974,113.310542330874
0.880667915313064,0.880667915313064,0,0.793922905232197,0.940316661950885,894.750784379549,159.999428573469,114.223784984948
0.789315800843653,0.789315800843653,0,0.354947504547154,0.0766130899865399,728.17487457792,143.999485716122,123.185056489358
0.781923978084032,0.781923978084032,0,0.591209188057996,0.0929520830644684,843.998987108441,151.999457144796,121.025375378647
0.919986896532816,0.919986896532816,0,0.433126118634461,0.533711748443516,701.33279153064,149.999464287628,111.65000181641
0.971802620251869,0.971802620251869,0,0.860425555309559,0.350007500392954,787.579473187689,163.999414287806,114.565488301882
0.552195615359611,0.552195615359611,0,0.7257554761757,0.103921222064186,924.622567237744,153.999450001964,123.196796772942
0.81654553543532,0.81654553543532,0,0.149065826348831,0.191136899416806,666.212067723699,143.999485716122,115.103637386672
0.924844672675286,0.924844672675286,0,0.357905594170565,0.141243978639954,688.212435529671,153.999450001964,114.303060671999
0.71879370000824,0.71879370000824,0,0.192603428881997,0.471676276603424,802.196926414713,133.999521430281,118.618676572698
0.99241695082989,0.99241695082989,0,0.440875567009417,0.710214578658836,975.26614546658,133.999521430281,121.043196098058
0.597210973391394,0.597210973391394,0,0.170452163918695,0.655557570712138,884.127238865793,127.999542858775,118.667391099817
0.513854477563539,0.513854477563539,0,0.866042661381013,0.322842587684524,875.719482548026,143.999485716122,126.033049404269
0.748164865828782,0.748164865828782,0,0.794663611332908,0.910238005976482,907.112695501279,161.999421430638,114.594714347208
0.543754246826891,0.543754246826891,0,0.331236222627338,0.438943318907125,849.208165380923,133.999521430281,121.217632518612
0.649703316786243,0.649703316786243,0,0.0816591487461368,0.867570325043001,893.72319520797,121.99956428727,117.843960897543
0.511986223546945,0.511986223546945,0,0.760180777230726,0.632002277018297,850.283533535836,161.999421430638,115.189909320366
0.863318003946479,0.863318003946479,0,0.599160428978691,0.976029663441909,939.907894380794,151.999457144796,115.491512737486
0.930311248079863,0.930311248079863,0,0.99494961870244,0.888095091175353,869.63590794575,165.999407144974,113.516814462932
0.811893269231391,0.811893269231391,0,0.915634995049695,0.907243791075111,882.667686268418,165.999407144974,113.796413720088
0.725228376134175,0.725228376134175,0,0.483758969996387,0.341489432291036,837.274346150628,145.999478573291,123.483833062417
0.61460512779946,0.61460512779946,0,0.947679087141652,0.197618070668293,607.513782926249,161.999421430638,113.214331897999
0.759980712804564,0.759980712804564,0,0.301527239959264,0.888145560703498,889.298309581076,139.999500001786,115.574801203957
0.997140304078604,0.997140304078604,0,0.662118345037399,0.669100917422925,666.963332710268,157.999435716301,105.871846370904
0.847116914607454,0.847116914607454,0,0.216072803126682,0.572652084240644,714.22702492537,139.999500001786,113.160003005928
0.911404799438407,0.911404799438407,0,0.0293307502708569,0.429062163850398,955.971962668785,125.999550001607,120.372298270046
0.734889590569101,0.734889590569101,0,0.207471711583094,0.353072801826512,940.31965894622,133.999521430281,121.913121963459
0.56618229263359,0.56618229263359,0,0.712042587664157,0.87302840617889,648.10956896394,405.998550005179,-43.5997319406437
0.981834118960301,0.981834118960301,0,0.128117104616208,0.292905653894168,929.761722197369,131.999528573112,121.095991976745
0.921771944349774,0.921771944349774,0,0.78427945870133,0.603096755619742,841.039703463118,159.999428573469,114.551599831563
0.648308269569333,0.648308269569333,0,0.926876313348043,0.85275308283836,905.205723943746,167.999400002143,114.699668597388
0.502883896304893,0.502883896304893,0,0.00252362568070952,0.868174570116022,632.561381392168,131.999528573112,107.637759843408
0.869785107845303,0.869785107845303,0,0.698296596615208,0.206537200053143,888.595223442509,151.999457144796,121.006358070648
0.706879778456355,0.706879778456355,0,0.413105875647421,0.84748996247841,694.72425020457,151.999457144796,107.367174541613
0.597118682499699,0.597118682499699,0,0.70922074398044,0.812216575691663,880.662829638351,161.999421430638,114.560388524769
0.690198037361971,0.690198037361971,0,0.165508750613666,0.249659390320002,961.239856493295,135.999514287449,123.562718615015
0.723704100457689,0.723704100457689,0,0.367640806660445,0.781470213467041,818.238922030989,145.999478573291,114.215701962956
0.706284888985614,0.706284888985614,0,0.450723880702982,0.747215738188889,607.257324733974,387.998614290663,-42.0603251925987
0.765531392476086,0.765531392476086,0,0.401028077516253,0.244692340706075,663.666698327554,153.999450001964,112.786212413001
0.731079011251679,0.731079011251679,0,0.738261436408547,0.924329357255248,964.746396615996,159.999428573469,115.915903335342
0.512039517875339,0.512039517875339,0,0.875434345039956,0.606216382354104,780.843363808675,165.999407144974,113.615963167451
0.659695002406357,0.659695002406357,0,0.0845311834462731,0.926661114416889,770.037766921108,131.999528573112,111.842739846095
0.767623218774279,0.767623218774279,0,0.242929505032243,0.554340765906525,894.147916824591,129.999535715944,119.519402648922
0.965540834071809,0.965540834071809,0,0.858580909951615,0.859146018925419,901.138565486152,159.999428573469,114.73058017518
0.939558549879067,0.939558549879067,0,0.334425013471305,0.866094354365606,699.077424239374,145.999478573291,109.199193097913
0.936051166007699,0.936051166007699,0,0.379204854332351,0.900348697042583,749.673219036218,145.999478573291,111.02748494869
0.538710643594181,0.538710643594181,0,0.228539332487676,0.879118545539867,680.414546447623,143.999485716122,108.480216087441
0.964866889646337,0.964866889646337,0,0.413712569877618,0.121616427111831,786.247435830088,145.999478573291,122.395733059467
0.876935319615491,0.876935319615491,0,0.620234728118331,0.624652697701738,953.523162123664,151.999457144796,117.588752710214
0.976868120782444,0.976868120782444,0,0.770742487881843,0.672367287673532,985.588838156457,155.999442859133,117.935006415794
0.55080699272184,0.55080699272184,0,0.710473063158027,0.317500845506081,855.271024544429,143.999485716122,126.884977091596
0.60596757865124,0.60596757865124,0,0.454142067187462,0.502896183326671,888.35612761912,141.999492858954,126.080140408989
0.77002259104712,0.77002259104712,0,0.154105145406928,0.121922425640666,813.947784905884,139.999500001786,124.320385518226
0.748286158974186,0.748286158974186,0,0.294025304477807,0.839392796346356,644.242900895156,145.999478573291,103.143657576989
0.580163234691452,0.580163234691452,0,0.518551744377016,0.153785239894274,692.888497146202,145.999478573291,120.894117394889
0.953461695062437,0.953461695062437,0,0.346835848301711,0.542640826912867,837.044509225011,141.999492858954,116.348052532286
0.655301550618676,0.655301550618676,0,0.183297531952407,0.00488294487014374,894.399669663735,145.999478573291,124.971958588615
0.953551364057776,0.953551364057776,0,0.661592739377336,0.132788324691896,898.243187866699,151.999457144796,121.302111586758
0.90162128814559,0.90162128814559,0,0.799856833508119,0.77475314333976,671.460858055265,391.998600005,-44.4256291522433
0.72159839315803,0.72159839315803,0,0.812953893575985,0.363942774447089,921.873154120593,163.999414287806,117.447524151225
0.905083709332026,0.905083709332026,0,0.86371135237963,0.187356310411046,825.893837971551,161.999421430638,117.253895275243
0.746797061593053,0.746797061593053,0,0.622509387192872,0.809946419109178,898.750761665536,155.999442859133,115.063103959073
0.709799468884158,0.709799468884158,0,0.413379085927577,0.577309713581447,785.327844334709,149.999464287628,113.909432459987
0.795102020042898,0.795102020042898,0,0.364933820800077,0.536009711984849,629.942807631609,149.999464287628,108.582388447223
0.678885745299788,0.678885745299788,0,0.629218091919034,0.501672672993853,838.86536055388,159.999428573469,115.184023470835
0.811925970847569,0.811925970847569,0,0.777511743197668,0.538314710914987,636.339175447504,161.999421430638,84.6957434081372
0.624817500069929,0.624817500069929,0,0.7102082916185,0.691023539917089,689.525737606312,163.999414287806,104.920706362644
0.577577734237963,0.577577734237963,0,0.652653614716087,0.738431410784259,801.461968638911,159.999428573469,112.922521128844
0.544544029668897,0.544544029668897,0,0.385202258383813,0.663249752749348,833.1862460629,149.999464287628,115.181247815134
0.862922839367347,0.862922839367347,0,0.300662233319493,0.976423102658017,600.702462956097,423.998485719694,-32.779400149627
0.983720066253426,0.983720066253426,0,0.153990309495038,0.594792104326681,648.815817954465,137.999507144617,110.220062759738
0.503247650690052,0.503247650690052,0,0.208380794241018,0.529783361817782,771.397203912271,129.999535715944,117.810747117046
0.919551421021663,0.919551421021663,0,0.74029768459217,0.451338140903496,700.937013463474,161.999421430638,111.381987942157
0.918985365648348,0.918985365648348,0,0.299301404265579,0.468985020091994,966.15870429542,133.999521430281,121.542701526557
0.973240069560438,0.973240069560438,0,0.401603024028284,0.64694881862405,859.019443333672,143.999485716122,116.122014799054
0.990279674376214,0.990279674376214,0,0.293359175990436,0.853892957045367,686.871317732464,143.999485716122,109.028986101328
0.735910335688867,0.735910335688867,0,0.289083752995799,0.143668284430473,881.986553317184,141.999492858954,127.674192404492
0.74175291250381,0.74175291250381,0,0.264107032957762,0.672707141096326,627.767499139358,145.999478573291,107.280960492956
0.834640179246565,0.834640179246565,0,0.23250223246241,0.217249441866319,984.964719657439,137.999507144617,124.540426621077
0.954708758087856,0.954708758087856,0,0.983163502490306,0.848565871968332,823.65914289446,165.999407144974,112.229649745594
0.989011845173615,0.989011845173615,0,0.901069205625417,0.10827587239087,806.148213109624,167.999400002143,116.420636480089
0.783693730874182,0.783693730874182,0,0.655517079333589,0.345187693272879,954.777712474469,145.999478573291,125.322035507109
0.961240229873737,0.961240229873737,0,0.0256881797412004,0.071846161395194,792.746382872868,137.999507144617,121.927588068938
0.540963135348673,0.540963135348673,0,0.827331070668441,0.957100767331694,979.769218608358,165.999407144974,116.172453396298
0.84731343692408,0.84731343692408,0,0.7402674111189,0.302550016340168,870.712431270406,161.999421430638,116.707437587998
0.95108767550801,0.95108767550801,0,0.0306908996581889,0.545543686570183,973.940912745295,121.99956428727,120.2545995895
0.711082967237204,0.711082967237204,0,0.972156168220672,0.981314087466621,620.787265160246,419.998500005357,-43.4254446316739
0.745950093976918,0.745950093976918,0,0.638313544860729,0.860548877089166,618.257870736931,403.99855714801,-41.8584307547213
0.529682435981226,0.529682435981226,0,0.751204264880211,0.144625666057233,844.302531289322,151.999457144796,122.088898597745
0.756335324293773,0.756335324293773,0,0.207651502708788,0.112663132436309,700.584908430143,139.999500001786,122.029998457321
0.554943646183027,0.554943646183027,0,0.999046277301722,0.454918979596604,951.76998723374,151.999457144796,123.084359756451
0.660448162992005,0.660448162992005,0,0.530001886163928,0.717795198787564,667.696385424739,155.999442859133,104.608739960831
0.577405930890332,0.577405930890332,0,0.502566978967521,0.068494968823189,962.128881801273,149.999464287628,124.467395659972
0.790015003745988,0.790015003745988,0,0.732355958629006,0.33475547403334,759.231132726253,163.999414287806,114.007992119195
0.808367393046877,0.808367393046877,0,0.413787450192949,0.672489296615835,964.498174078654,133.999521430281,121.581095451936
0.944079993647619,0.944079993647619,0,0.135168574869209,0.741749532455283,701.813795262159,133.999521430281,110.932933534538
0.6844982111089,0.6844982111089,0,0.531409211108315,0.657755479926645,742.898059327198,155.999442859133,111.708551809443
0.764094475332263,0.764094475332263,0,0.307723980330478,0.636762793927378,603.800495762895,147.999471430459,103.787994326849
0.63424912994718,0.63424912994718,0,0.3357664411561,0.0923430723765608,981.022669926549,145.999478573291,127.149964397914
0.947455452489149,0.947455452489149,0,0.949278597393542,0.178654969731195,696.136947623156,169.999392859311,113.2291841861
0.815397232046109,0.815397232046109,0,0.57159374006746,0.806272268419725,651.372906292546,395.998585719337,-41.4464815632769
0.79236377626056,0.79236377626056,0,0.191015203363598,0.348360465610993,868.874216340611,131.999528573112,120.566289978305
0.8381289808045,0.8381289808045,0,0.981891853555521,0.379921602160048,724.325127652283,167.999400002143,112.246465568367
0.955169836433626,0.955169836433626,0,0.280807207369108,0.235735485869132,939.496730404879,137.999507144617,124.288991238358
0.746795928524154,0.746795928524154,0,0.866699767161035,0.507195916342189,969.919635365176,163.999414287806,117.584337333957
0.504325115747306,0.504325115747306,0,0.0404934837610151,0.795152338461044,832.442712905246,123.999557144439,117.179992256304
0.703809337551183,0.703809337551183,0,0.0411854270117208,0.440200948460329,722.187363770712,129.999535715944,114.943938453803
0.87522902231288,0.87522902231288,0,0.0141271930063823,0.722609341878206,657.347488429625,127.999542858775,109.573441275552
0.898406800372989,0.898406800372989,0,0.666024130213479,0.464290794949469,757.575386967741,157.999435716301,113.263423273837
0.883123533952088,0.883123533952088,0,0.119901647178553,0.389988419660145,686.806123723913,137.999507144617,113.372844530316
0.84714231015868,0.84714231015868,0,0.244496191691109,0.799895222743585,721.798564838399,141.999492858954,111.334166785656
0.929384509747124,0.929384509747124,0,0.707024165343055,0.82342607120323,645.54108717368,397.998578576505,-42.5109901112651
0.813274228478806,0.813274228478806,0,0.232597146641297,0.0655296551659477,966.392112397059,143.999485716122,128.900193885807
0.925365519461133,0.925365519461133,0,0.835834554693645,0.0694523008897302,682.592664564314,169.999392859311,113.865225840243
0.67190099285804,0.67190099285804,0,0.294692441369737,0.597582900935029,987.664637754886,131.999528573112,121.328145514066
0.617105257574687,0.617105257574687,0,0.449523477018503,0.23864263831303,997.792288873008,141.999492858954,128.719472890145
0.897591907746905,0.897591907746905,0,0.844997961788871,0.782856032482239,717.258669520851,161.999421430638,102.715794603094
0.984124657689342,0.984124657689342,0,0.986327859480501,0.203275511096035,873.742796303065,157.999435716301,119.672497026141
0.719706796129147,0.719706796129147,0,0.248372420543971,0.429196424542064,896.615249275824,133.999521430281,120.911091981944
0.53440771555574,0.53440771555574,0,0.901139676446715,0.369362542559661,812.571235154517,147.999471430459,122.705650766183
0.942618261345642,0.942618261345642,0,0.55806635604665,0.194807083082028,786.549856714785,149.999464287628,119.8638220415
0.860532556557218,0.860532556557218,0,0.531045277322536,0.391408995163251,896.62667321218,143.999485716122,126.475089600231
0.699142013348326,0.699142013348326,0,0.286374958333589,0.782765781567019,694.905235594011,145.999478573291,109.817515327064
0.99293829453513,0.99293829453513,0,0.68018273458305,0.571979965969327,617.191587591322,157.999435716301,84.5939405877244
0.577846067012425,0.577846067012425,0,0.524675600061514,0.903735314988714,649.485209095725,409.998535719515,-40.1755658790916
0.662878807878467,0.662878807878467,0,0.0858681461782679,0.347015062913141,640.524244348628,137.999507144617,112.849553143636
0.811857943730496,0.811857943730496,0,0.983564989427263,0.647498530115132,889.173725548405,165.999407144974,115.251342469282
0.648175634879944,0.648175634879944,0,0.47983159752903,0.00582316685847339,792.529322669559,153.999450001964,120.836257384621
0.958229035773364,0.958229035773364,0,0.72585736463888,0.540527247934713,969.031302133968,143.999485716122,126.971028013252
0.982569358602834,0.982569358602834,0,0.0416702519623604,0.743452927979609,929.337989172286,117.999578572934,119.990885542618
0.55922890782363,0.55922890782363,0,0.615171069833113,0.109274041099984,868.435410162595,151.999457144796,122.606859935252
0.763719710821432,0.763719710821432,0,0.838274391327268,0.201970289899389,757.261252594017,167.999400002143,115.004387433548
0.841006890675743,0.841006890675743,0,0.926803448283598,0.372458551899731,952.559058437509,163.999414287806,117.992670917303
0.57835011519233,0.57835011519233,0,0.556990329374762,0.951473994643652,614.622840391447,415.99851429102,-39.9213752216597
0.706915358732172,0.706915358732172,0,0.524586420205825,0.155017905436129,663.863465618269,149.999464287628,117.082150967615
0.967278113721426,0.967278113721426,0,0.649361378707332,0.116703107814167,860.936291037475,151.999457144796,120.498651929345
0.731307326792376,0.731307326792376,0,0.781939529350393,0.261294908250618,789.366117889782,165.999407144974,115.426390222084
0.61581818788792,0.61581818788792,0,0.147698661096682,0.22638405174432,977.080576389054,135.999514287449,122.151232363643
0.573270630269149,0.573270630269149,0,0.507491114622759,0.520546101609002,810.488521990139,153.999450001964,115.058750137104
0.704449267102319,0.704449267102319,0,0.157641028459536,0.670580762869147,990.105733346978,123.999557144439,120.784116252672
0.90900792545675,0.90900792545675,0,0.875456229331164,0.143250756603316,946.484915172268,155.999442859133,121.046972792592
0.819953555811904,0.819953555811904,0,0.671485546396925,0.808370980454523,928.929144259365,155.999442859133,115.724257224875
0.629330295976806,0.629330295976806,0,0.653930190047088,0.862451404235618,829.858719762156,159.999428573469,112.93997777335
0.816164049865119,0.816164049865119,0,0.30103350779613,0.385380051524543,799.534283657238,141.999492858954,121.418442383199
0.607982808263012,0.607982808263012,0,0.352388404558715,0.676562518221165,969.209959855608,133.999521430281,121.545831316032
0.973672555462246,0.973672555462246,0,0.418478984698492,0.995251854458587,951.789504871245,141.999492858954,116.543625982865
0.750575472105526,0.750575472105526,0,0.602772541056898,0.0207834142950668,945.61417501323,151.999457144796,123.316649282383
0.577337589201786,0.577337589201786,0,0.7556238974221,0.988023019260358,878.53946582441,163.999414287806,113.536783564576
0.531920306317161,0.531920306317161,0,0.605703972876947,0.987606338419865,726.453549638851,419.998500005357,-39.5898351240724
0.620567585341081,0.620567585341081,0,0.188633171336317,0.459594880672896,685.533707476595,141.999492858954,113.98754841798
0.652965348403657,0.652965348403657,0,0.410031592233265,0.377689952472601,956.605542255959,139.999500001786,125.062875883381
0.98379678200134,0.98379678200134,0,0.292584983551937,0.140954534805208,996.507950396533,141.999492858954,129.158282258514
0.895139998140706,0.895139998140706,0,0.175499271167811,0.147657209772622,602.894538403805,145.999478573291,113.210588396418
0.571536796486084,0.571536796486084,0,0.0681152381463859,0.756326532315957,865.467534705018,123.999557144439,117.992692568761
0.542604654536036,0.542604654536036,0,0.34136494692069,0.33924071675752,800.293171871166,137.999507144617,121.99937770352
0.540588022842009,0.540588022842009,0,0.542299850382602,0.326129390812176,643.801735813224,145.999478573291,118.344098272474
0.563593672880777,0.563593672880777,0,0.403589951921924,0.340556196805764,719.431764313734,137.999507144617,121.268781838715
0.934189170729922,0.934189170729922,0,0.951384963593285,0.47621321200307,818.00766346304,163.999414287806,114.512672113536
0.597682067775965,0.597682067775965,0,0.550029651267426,0.163538890840004,984.217737827675,147.999471430459,126.356929756991
0.580486168918568,0.580486168918568,0,0.50344892417862,0.598407358686933,928.855395712046,143.999485716122,126.300003254403
0.692855313728172,0.692855313728172,0,0.756471440432255,0.722846739071847,990.281536552376,159.999428573469,117.194164223636
0.82862768479563,0.82862768479563,0,0.684300422682712,0.734561701962865,698.847443165014,159.999428573469,106.307095675322
0.995137862087475,0.995137862087475,0,0.945284234682789,0.553615543454032,970.142307230193,159.999428573469,117.500773085621
0.923010462657022,0.923010462657022,0,0.0584161775694254,0.542531529392926,756.742163243925,125.999550001607,115.850230225644
0.835537357463206,0.835537357463206,0,0.974656775203555,0.215442151056431,710.476135516376,169.999392859311,113.313541954212
0.988444211223864,0.988444211223864,0,0.276022022643642,0.483983689797585,910.272253825462,131.999528573112,120.529230613868
0.644831377707501,0.644831377707501,0,0.851982695286099,0.945759922785898,838.253829726297,165.999407144974,112.059427830327
0.832108240670295,0.832108240670295,0,0.26908395239117,0.0459094611271457,947.788981647661,145.999478573291,127.852422261323
0.620949523933597,0.620949523933597,0,0.663416608203798,0.871905352202679,663.351929686943,405.998550005179,-42.5048803919138
0.808387925466344,0.808387925466344,0,0.78571209776005,0.640654602348714,733.784672471072,161.999421430638,110.650032247319
0.752580258266218,0.752580258266218,0,0.257676802558903,0.381804931985564,860.721831566511,133.999521430281,120.88110757844
0.507612275861619,0.507612275861619,0,0.110131859812181,0.301410335066455,717.533247475386,131.999528573112,117.546534090031
0.848593659297195,0.848593659297195,0,0.0455248607783272,0.467227852241637,780.645557522107,123.999557144439,117.583982024465
0.758174163186783,0.758174163186783,0,0.409155094572523,0.720892086229132,886.887206545988,145.999478573291,116.112651183627
0.564419555821728,0.564419555821728,0,0.622248649441562,0.102778563298452,930.206369343333,151.999457144796,123.626030689497
0.934934365787509,0.934934365787509,0,0.939833096125799,0.116424649998622,733.484882060881,169.999392859311,114.736560345329
0.536974115101196,0.536974115101196,0,0.44904614423012,0.647394511207779,610.814355308971,153.999450001964,100.168050707859
0.876636155360372,0.876636155360372,0,0.30305041969198,0.412893231985917,908.417863788867,133.999521430281,121.183142140952
0.957881547073816,0.957881547073816,0,0.409660437419364,0.0456432715291429,859.021441732033,147.999471430459,122.939050243602
0.54828794609785,0.54828794609785,0,0.431579116755326,0.389157614443711,972.809901376324,137.999507144617,124.517445111842
0.864211061456041,0.864211061456041,0,0.671720223550942,0.137090263360822,948.293698486743,155.999442859133,121.465566483172
0.52888910588011,0.52888910588011,0,0.268135604342444,0.688019437574389,971.340692078933,131.999528573112,120.827280115922
0.693937512749232,0.693937512749232,0,0.531503783059174,0.410347267819453,828.00533024078,155.999442859133,115.604366986716
0.756368630867504,0.756368630867504,0,0.580765046559541,0.986224026546882,985.145505792216,151.999457144796,116.412208841852
0.647006775696398,0.647006775696398,0,0.0200054228855614,0.302122034800855,945.84885063567,129.999535715944,121.911968791437
0.823831208593884,0.823831208593884,0,0.793435328424468,0.60117199783344,884.682202268396,159.999428573469,115.493463032161
0.942963974810606,0.942963974810606,0,0.502158033686758,0.449878194398779,862.372576807108,149.999464287628,116.562568348317
0.863186382165744,0.863186382165744,0,0.175664357675047,0.998539085730883,653.645178932666,137.999507144617,104.848487694382
0.836840470238476,0.836840470238476,0,0.931126384217754,0.424869232018381,762.212356675904,167.999400002143,113.208796485677
0.610741241795515,0.610741241795515,0,0.949852485749748,0.587329135197954,662.235283680761,169.999392859311,16.4576231154558
0.561868744099987,0.561868744099987,0,0.782463805780437,0.304716390326848,888.290741948201,145.999478573291,125.8451189572
0.559153439563667,0.559153439563667,0,0.131724048748679,0.991431608183843,667.838734381113,139.999500001786,107.111994603839
0.852914322247952,0.852914322247952,0,0.616374707857697,0.627805089605871,607.99672426263,371.998671433316,-46.1396156285885
0.945134009989586,0.945134009989586,0,0.08293338021001,0.883378451063713,653.284836749205,131.999528573112,108.116151637102
0.858385600365045,0.858385600365045,0,0.0218853040114539,0.102905632682442,926.146879496993,137.999507144617,124.058290016709
0.795845871940554,0.795845871940554,0,0.256187752753384,0.016251100242434,947.271433156586,147.999471430459,126.827061745588
0.61945657107321,0.61945657107321,0,0.969770107439764,0.522478149858351,754.550008973574,169.999392859311,112.410866029219
0.901149773974264,0.901149773974264,0,0.894893710507561,0.0598724264851981,600.921153473224,171.99938571648,111.316805321462
0.868377729754165,0.868377729754165,0,0.468496098814022,0.21942129151927,874.123947763006,143.999485716122,126.013394885802
0.99818645912814,0.99818645912814,0,0.925037129685797,0.657896942212532,903.454323784031,161.999421430638,115.653232991646
0.764696262977378,0.764696262977378,0,0.340466668375225,0.0410279959823288,847.175038965523,147.999471430459,125.09373071774
0.836497494275063,0.836497494275063,0,0.168153196768739,0.610444434603013,928.805936302467,123.999557144439,119.974831237701
0.64615865672648,0.64615865672648,0,0.208600728512865,0.73684961245634,995.534961897768,127.999542858775,121.954753889779
0.848995705319001,0.848995705319001,0,0.0562060072002888,0.800919594242878,922.337371243087,117.999578572934,119.897497042989
0.703388793380007,0.703388793380007,0,0.807762346957136,0.918001789627948,781.882009161242,163.999414287806,108.360091252245
0.827542855382365,0.827542855382365,0,0.282737573797088,0.0280809778617878,982.901787818247,147.999471430459,127.553973866661
0.877620985212014,0.877620985212014,0,0.615613132979922,0.892102622637472,632.386077150406,407.998542862347,-39.9885663453108
0.947731748036313,0.947731748036313,0,0.853081041890638,0.593408352071892,894.956567625415,159.999428573469,115.798084403632
0.68474824906616,0.68474824906616,0,0.0464948106723218,0.289664164392952,741.907626750094,129.999535715944,117.747970091983
0.94035109471834,0.94035109471834,0,0.207153985202566,0.332973711253286,821.309279460308,131.999528573112,119.505079744016
0.656972883320418,0.656972883320418,0,0.75598999829942,0.949899535463609,981.056060521218,159.999428573469,116.186852872957
0.990652246639295,0.990652246639295,0,0.706988062170516,0.605195201364952,833.42721042203,155.999442859133,114.486966151659
0.784874234393003,0.784874234393003,0,0.479133543320413,0.256994984158017,768.836316432469,155.999442859133,115.188213094807
0.756947053767764,0.756947053767764,0,0.749544075791643,0.266155147587095,635.259456504693,165.999407144974,110.666964637392
0.813302655324782,0.813302655324782,0,0.446737009531755,0.504535583199148,908.958759437294,139.999500001786,124.077095350444
0.949157996982218,0.949157996982218,0,0.276889692293561,0.0625936923985816,970.073560654508,143.999485716122,128.609856016613
0.922325740823149,0.922325740823149,0,0.580350719957469,0.875902877922607,757.690154044001,153.999450001964,110.58197929515
0.633825449790261,0.633825449790261,0,0.696591425644732,0.361119049616967,905.353172439001,147.999471430459,124.416761553329
0.665853103855189,0.665853103855189,0,0.373146027771191,0.152911847372823,942.456285592689,143.999485716122,127.995895450926
0.681761472694488,0.681761472694488,0,0.290866126254142,0.944293266407095,753.601617016441,143.999485716122,111.095522793072
0.942808017987083,0.942808017987083,0,0.393386913862736,0.345329805582409,640.824927143625,151.999457144796,111.1156480303
0.906445432241743,0.906445432241743,0,0.138676699973823,0.286339629971796,625.495226895521,141.999492858954,112.928898995363
0.992199263999342,0.992199263999342,0,0.0402859279439461,0.213532135908441,792.905351566602,131.999528573112,118.988751240428
0.699165332477521,0.699165332477521,0,0.446296878174127,0.00658158445974066,864.30430201799,151.999457144796,122.470390480951
0.671934260366464,0.671934260366464,0,0.199909579027656,0.842463882977584,965.807747409912,125.999550001607,119.600166844868
0.751246742928268,0.751246742928268,0,0.515965573394406,0.587314597092295,763.8360375441,153.999450001964,112.873395579339
0.910516929688391,0.910516929688391,0,0.678592613334365,0.874184901340125,972.48129717878,153.999450001964,116.462380224981
0.909507456669136,0.909507456669136,0,0.903139378997803,0.325229494634647,668.122873737297,167.999400002143,110.874289943537
0.605951814374917,0.605951814374917,0,0.696924968495544,0.573331939371491,620.905447101256,163.999414287806,18.1618021649557
0.613567979953121,0.613567979953121,0,0.867546335250017,0.355875923681393,877.877958404001,151.999457144796,122.01580950393
0.762331660541842,0.762331660541842,0,0.30075876913082,0.443105370487228,841.320883459806,135.999514287449,121.448308411633
0.734111222115037,0.734111222115037,0,0.459331839519869,0.578741947701153,770.659096717086,151.999457144796,113.282618259199
0.617710291694141,0.617710291694141,0,0.89171033822206,0.986865444687702,756.798485515877,419.998500005357,-42.3501950052065
0.936294133794029,0.936294133794029,0,0.149928612066147,0.436940247231004,719.327562904961,137.999507144617,113.759926040004
0.938446046273296,0.938446046273296,0,0.340769041393009,0.437754300723353,746.053885661885,145.999478573291,114.634159993875
0.504834364062185,0.504834364062185,0,0.150770481739764,0.381930467239344,938.956578181346,131.999528573112,120.920789078209
0.767092658294399,0.767092658294399,0,0.803281293754135,0.177010929659894,884.987038447044,155.999442859133,120.309695998726
0.84064810379264,0.84064810379264,0,0.253738704576519,0.725910300350794,665.011406001477,141.999492858954,109.305934320393
0.62650867996907,0.62650867996907,0,0.342882006746658,0.953179116443876,752.425281563681,147.999471430459,110.602670775143
0.931038802498131,0.931038802498131,0,0.579216890391947,0.529662746715317,997.11593391256,139.999500001786,125.463971592609
0.696006517147049,0.696006517147049,0,0.716912133948531,0.0826329496597304,629.140112386979,153.999450001964,116.561415572444
0.69836651435853,0.69836651435853,0,0.363276727116018,0.776296791898411,945.385410713691,135.999514287449,121.043273341302
0.604139122011416,0.604139122011416,0,0.410981874998287,0.533381151777906,636.247641478242,153.999450001964,109.208272592287
0.931936576723868,0.931936576723868,0,0.179604328237586,0.0844749123980908,649.185504380663,141.999492858954,119.381394373268
0.81255800209559,0.81255800209559,0,0.59462517117057,0.88902242275759,788.633234086064,155.999442859133,111.529865298085
0.826825532856643,0.826825532856643,0,0.525852718166282,0.767406793720404,635.446160821656,389.998607147832,-41.8640437207768
0.62044649751434,0.62044649751434,0,0.46911528856692,0.473038335252643,722.748413147943,155.999442859133,112.869900244309
0.503572328300905,0.503572328300905,0,0.801587630631566,0.290775085676887,867.967276377082,147.999471430459,124.446232475329
0.568544197641812,0.568544197641812,0,0.0647344125583073,0.411967183100178,679.406438886864,125.999550001607,115.875551097171
0.627442996731038,0.627442996731038,0,0.795973895834256,0.410502619152497,949.942767023366,149.999464287628,123.488714785522
0.544989803803051,0.544989803803051,0,0.0982119095939546,0.256069012276522,617.176137610369,129.999535715944,115.069172423521
0.536492130670291,0.536492130670291,0,0.344800335071137,0.730045301349203,824.316378520364,147.999471430459,114.829732619448
0.831855549704569,0.831855549704569,0,0.183702473317227,0.353134922627329,655.827274887836,143.999485716122,113.301816364228
0.890311946555729,0.890311946555729,0,0.530176067898697,0.410934838766299,673.725620986382,155.999442859133,111.249171957565
0.959546783399601,0.959546783399601,0,0.690004199035486,0.813231289426828,758.906853797302,157.999435716301,110.784325499094
0.579835459208214,0.579835459208214,0,0.896206340519899,0.637161023140372,700.309844082274,167.999400002143,106.326009515905
0.869993827389067,0.869993827389067,0,0.122114290406502,0.749390157068415,832.035166863227,125.999550001607,116.717218259936
0.955438552309622,0.955438552309622,0,0.569818933106348,0.384530072699552,886.753313382218,143.999485716122,125.968790171614
0.719986459744797,0.719986459744797,0,0.808584852312082,0.907650902751479,898.334694958063,163.999414287806,114.360906394006
0.810527996101535,0.810527996101535,0,0.151100971201981,0.187943642512224,781.766777143283,135.999514287449,121.30576057658
0.865063918102625,0.865063918102625,0,0.801458874232938,0.0273635762304132,707.923489709164,169.999392859311,115.051116376981
0.734730304912431,0.734730304912431,0,0.326908341548876,0.971984840235712,623.42781864193,421.998492862525,-34.0547378138934
0.503829537135352,0.503829537135352,0,0.0890825985117927,0.785902185874654,658.788510184907,135.999514287449,109.396332162675
0.678600770684307,0.678600770684307,0,0.332322181773007,0.79195360123591,934.934643699312,135.999514287449,120.101915019626
0.835627787579725,0.835627787579725,0,0.542041407287847,0.991458716538351,660.950693495476,421.998492862525,-36.843386755948
0.842346717176548,0.842346717176548,0,0.899021612231155,0.450664061093459,957.057925858224,151.999457144796,121.510375793419
0.616469132424078,0.616469132424078,0,0.840725896279319,0.0549221079755381,897.748181142675,155.999442859133,122.370852248324
0.817066184198795,0.817066184198795,0,0.223906391788934,0.971637696240271,884.495557249227,135.999514287449,114.821348230285
0.539076397969229,0.539076397969229,0,0.719443153398774,0.413112005922556,977.84062052044,149.999464287628,122.112372249517
0.58134980823452,0.58134980823452,0,0.42903986348768,0.0418259266568644,927.99747644768,149.999464287628,124.149988897121
0.668381679448565,0.668381679448565,0,0.0331793609451331,0.417303074705428,711.253917584373,129.999535715944,115.228079956952
0.980236102590345,0.980236102590345,0,0.487876045939844,0.0482198232791347,809.341962404639,151.999457144796,120.374067584428
0.949050886285702,0.949050886285702,0,0.987568436710299,0.174774668594079,790.660921627026,169.999392859311,115.664985339748
0.82479615317528,0.82479615317528,0,0.151918467070632,0.495726472446326,708.131765498528,137.999507144617,113.28246870313
0.789400143418687,0.789400143418687,0,0.909878785837138,0.801358347446591,738.040852685997,165.999407144974,97.6408932380284
0.865898214621052,0.865898214621052,0,0.365711242551292,0.542090484282411,824.527628174524,145.999478573291,115.797813385882
0.980816268946748,0.980816268946748,0,0.131396685304824,0.680689649336119,843.350883557527,123.999557144439,117.549663120389
0.756300336714869,0.756300336714869,0,0.344617432371977,0.00364818577909576,809.418870983747,149.999464287628,122.881032705408
0.759886340162749,0.759886340162749,0,0.375332904037946,0.470572065958705,957.500264796214,135.999514287449,122.747035809114
0.655111261951677,0.655111261951677,0,0.738765672623643,0.438621003704827,754.772244802479,163.999414287806,113.422944331144
0.860736463478907,0.860736463478907,0,0.600673608764187,0.33963871915995,898.638001207105,145.999478573291,125.155211475354
0.867659577875709,0.867659577875709,0,0.476038667368997,0.930022938608396,758.475562291228,151.999457144796,110.543698394418
0.501822043004102,0.501822043004102,0,0.478791251535574,0.668686330694238,930.712559235995,139.999500001786,125.430605724172
0.622089546720459,0.622089546720459,0,0.285718465701092,0.580274162220388,623.51983745987,147.999471430459,108.435430561217
0.947109818118792,0.947109818118792,0,0.636805455554828,0.464767938006227,803.180910289661,155.999442859133,114.535840560489
0.721305086936431,0.721305086936431,0,0.129755561940597,0.780573063713131,677.090708849323,137.999507144617,109.736600284335
0.905250534998037,0.905250534998037,0,0.917762853680701,0.255035039005388,972.944955974796,151.999457144796,122.167833087273
0.695654146044612,0.695654146044612,0,0.342544845834993,0.365239358052218,749.196888468261,149.999464287628,114.709887758443
0.759840955993034,0.759840955993034,0,0.701785291584607,0.28867523595559,946.417371405928,149.999464287628,123.30088352406
0.912370987298206,0.912370987298206,0,0.361266542729871,0.651665814084851,751.224657203065,145.999478573291,113.268156070105
0.727306134616495,0.727306134616495,0,0.633196361859088,0.607934489855719,637.666110507798,159.999428573469,83.9636709954832
0.720984275467097,0.720984275467097,0,0.793458287643877,0.796984077045633,703.32836389584,165.999407144974,-2.54481011886289
0.905865243885125,0.905865243885125,0,0.956285355039739,0.886857323816363,674.518357761503,407.998542862347,-43.6617466752205
0.558039646000436,0.558039646000436,0,0.265480536396422,0.952598078261039,637.127258925606,419.998500005357,-34.3616171710743
0.829924193147896,0.829924193147896,0,0.068061840104613,0.903049718397792,983.775290105469,117.999578572934,120.473239573147
0.977944936033909,0.977944936033909,0,0.866322920497607,0.119261453470048,821.00225835007,159.999428573469,118.336997877933
0.876865184154369,0.876865184154369,0,0.138188291944457,0.698530929401246,913.066097041618,121.99956428727,119.219052398212
0.899485516834491,0.899485516834491,0,0.161452754325544,0.816120635782753,895.721842750631,123.999557144439,117.86752877211
0.791627283631969,0.791627283631969,0,0.600103359676734,0.026322161527272,883.411277857392,153.999450001964,121.680762090385
0.569657366780849,0.569657366780849,0,0.924707764441023,0.924161046818941,719.092295177111,413.998521433852,-44.1986113395076
0.771894363582189,0.771894363582189,0,0.210405945099788,0.764002668958419,854.637448583455,133.999521430281,116.040924553344
0.772788029693627,0.772788029693627,0,0.901375766266158,0.792710423039404,862.701083610588,165.999407144974,113.848179976739
0.533093904473266,0.533093904473266,0,0.484579534556134,0.238547723813562,805.511004024848,143.999485716122,125.215948780182
0.863024890978316,0.863024890978316,0,0.968183632465887,0.0654817543414117,940.447786874255,161.999421430638,120.824110825251
0.556552410413818,0.556552410413818,0,0.650316384474801,0.401550227268607,660.751155448179,157.999435716301,112.704117261361
0.885502176833371,0.885502176833371,0,0.850622141943818,0.273950066137064,626.460164365745,167.999400002143,109.681247065668
0.919190376284564,0.919190376284564,0,0.617288143302472,0.52877809910435,697.67292911656,155.999442859133,110.956427273455
0.633008998913767,0.633008998913767,0,0.864470070757388,0.253334703035384,974.904427789603,153.999450001964,123.164344262954
0.935961193716425,0.935961193716425,0,0.219619584303822,0.0469562098300237,963.047327182304,143.999485716122,129.388233345459
0.928711216275391,0.928711216275391,0,0.560291570212445,0.397654743136985,791.65052242427,155.999442859133,114.769841712607
0.805490379144224,0.805490379144224,0,0.664039326389221,0.395418888332525,829.846548969778,159.999428573469,115.402963158122
0.817745637256025,0.817745637256025,0,0.428510475233616,0.183117024624491,914.189871330055,143.999485716122,126.312065177464
0.762878031233365,0.762878031233365,0,0.966682630555622,0.330325694240727,766.033714880122,169.999392859311,113.999726415235
0.502054933988007,0.502054933988007,0,0.147933407381677,0.457666093781364,634.44554504724,131.999528573112,113.992598093101
0.530297443791909,0.530297443791909,0,0.288404749264698,0.130142404365405,797.270292293314,143.999485716122,123.2877528762
0.50689541744977,0.50689541744977,0,0.328624606276794,0.657734541736831,802.056293203092,145.999478573291,115.340113614494
0.916522417966117,0.916522417966117,0,0.345654013160566,0.257866357186714,753.171553339581,149.999464287628,115.354152720396
0.695337573195015,0.695337573195015,0,0.235973755265161,0.983285081034249,883.018837607378,137.999507144617,114.912002782188
0.65232855356489,0.65232855356489,0,0.188650700514628,0.395938614050717,914.107567494854,133.999521430281,121.302902071783
0.613715015552859,0.613715015552859,0,0.673140282375681,0.397159595888492,859.32161588698,149.999464287628,122.222055336636
0.531765179000505,0.531765179000505,0,0.399376329685251,0.891574443159019,948.323848203062,147.999471430459,116.678374175618
0.700428897858332,0.700428897858332,0,0.355668798496854,0.768223067225573,909.523496252424,143.999485716122,116.65946783264
0.76773635893166,0.76773635893166,0,0.0728253030680297,0.251066151711703,864.614781723535,131.999528573112,120.529396161338
0.736635342034453,0.736635342034453,0,0.881759135511219,0.718867899467228,980.753980911473,161.999421430638,116.911010191732
0.99107865616661,0.99107865616661,0,0.188664892891001,0.180089322870669,744.070613206364,135.999514287449,120.076195219661
0.795119853574502,0.795119853574502,0,0.924689989059798,0.00275498937720176,969.948136473796,161.999421430638,123.518487134203
0.587828001179179,0.587828001179179,0,0.031810343487056,0.457950878622318,972.510364989307,125.999550001607,122.148267730819
0.586846268556037,0.586846268556037,0,0.341824451704828,0.465156039594716,932.729387772523,135.999514287449,122.259802018554
0.581158027597661,0.581158027597661,0,0.950013022616965,0.306520242800091,849.369196760793,149.999464287628,121.649640832986
0.616250545642339,0.616250545642339,0,0.0731857538357047,0.933914168443153,709.739072227716,133.999521430281,110.005932866897
0.558537154292474,0.558537154292474,0,0.285370635794018,0.0204181594011421,812.36356548715,147.999471430459,121.680581716592
0.62420897367755,0.62420897367755,0,0.98154999063117,0.212999280596036,699.177060982538,155.999442859133,117.026073536365
0.638095330078652,0.638095330078652,0,0.783093953463095,0.410552999080692,804.749080561381,165.999407144974,115.016217617464
0.753287964870003,0.753287964870003,0,0.0660838718532928,0.756498143659805,819.325432732019,123.999557144439,116.445838991373
0.96762745241594,0.96762745241594,0,0.708102943487079,0.0549296624207888,894.669031376627,155.999442859133,120.340959073019
0.51542656594552,0.51542656594552,0,0.267335525099648,0.719736030730386,655.923482513414,145.999478573291,109.097979257506
0.988369837059379,0.988369837059379,0,0.729729767997902,0.742052076186355,815.214930382306,157.999435716301,113.224639339595
0.894811659180793,0.894811659180793,0,0.908675887668421,0.976421444326074,849.609780217061,163.999414287806,112.377814608524
0.840791043612187,0.840791043612187,0,0.323013289814869,0.454790918524993,919.052807638479,133.999521430281,121.310548216519
0.891769271483969,0.891769271483969,0,0.58841443489041,0.802916495641984,951.85822865889,149.999464287628,116.727896919834
0.905353495446781,0.905353495446781,0,0.99249114780373,0.573626451555244,799.459837035705,165.999407144974,113.351868505567
0.516975233466517,0.516975233466517,0,0.800471119149495,0.884665977512124,824.084699984154,167.999400002143,112.296676549265
0.600800857568193,0.600800857568193,0,0.539804502148497,0.534456815715749,662.208246136613,157.999435716301,109.874234245091
0.674363808205996,0.674363808205996,0,0.0420864470788015,0.639699729089585,990.04450825268,121.99956428727,120.203121665481
0.750581519800434,0.750581519800434,0,0.775099145319734,0.124546352859678,778.702797893769,157.999435716301,118.44746224225
0.775650869085723,0.775650869085723,0,0.475213639983327,0.291997133965377,832.297210555643,145.999478573291,123.64130427768
0.787454167884893,0.787454167884893,0,0.932654060239914,0.792644412850689,637.678420145342,395.998585719337,-45.7147635679235
0.883099354059413,0.883099354059413,0,0.661011079253226,0.921118251867156,705.977229205266,157.999435716301,40.6250233424177
0.725998480906822,0.725998480906822,0,0.995461290940163,0.22401837143438,791.519511200486,169.999392859311,115.747512616433
0.642791531814553,0.642791531814553,0,0.650185853814824,0.913660577556698,930.959535290947,157.999435716301,115.344478779077
0.998822270741554,0.998822270741554,0,0.713760139683146,0.22408734051775,691.648748592503,163.999414287806,113.043083068893
0.893217301747985,0.893217301747985,0,0.550236714941875,0.858137025586494,741.745639179467,153.999450001964,110.069564790872
0.724722068138495,0.724722068138495,0,0.74326858923585,0.456320203143989,784.529940556551,163.999414287806,113.885436214591
0.544387370868982,0.544387370868982,0,0.00680922075475465,0.678063099934104,673.359511382618,131.999528573112,110.730553209222
0.721107091072843,0.721107091072843,0,0.805342396416802,0.739156530566166,863.268309929135,161.999421430638,114.291359005176
0.973438394381263,0.973438394381263,0,0.144537912414835,0.695322590723772,909.435095434542,121.99956428727,119.204854229086
0.55018954380079,0.55018954380079,0,0.146158160510179,0.360756502734905,788.71640047628,131.999528573112,118.949094016905
0.92595741607134,0.92595741607134,0,0.740396854423583,0.291706523595891,887.500264425822,149.999464287628,121.263081056141
0.776454592911059,0.776454592911059,0,0.561451776566798,0.955198351160627,745.24273987934,155.999442859133,107.808077194361
0.553072196855237,0.553072196855237,0,0.312639766333142,0.497541446971827,937.550797318551,135.999514287449,121.545404884458
0.760641416258632,0.760641416258632,0,0.47620351894426,0.2149452207217,667.794866671168,157.999435716301,113.079877280385
0.973115711625083,0.973115711625083,0,0.79083012351916,0.444813207941558,668.872476998976,161.999421430638,109.98112306495
0.738369928090246,0.738369928090246,0,0.912125708095692,0.392135143316061,745.536550825208,167.999400002143,112.974384267613
0.582838429897429,0.582838429897429,0,0.57369915270026,0.345555827554047,623.712722002675,153.999450001964,112.214469669243
0.510481550686923,0.510481550686923,0,0.60906421494975,0.997314838537008,666.301690145443,419.998500005357,-39.9169066260932
0.834308987409194,0.834308987409194,0,0.84814876190865,0.465344050391773,671.363020647196,165.999407144974,108.93750705326
0.727780197978844,0.727780197978844,0,0.361855901538038,0.443955506432586,785.639480025164,149.999464287628,114.984450939027
0.684826113924307,0.684826113924307,0,0.120725877189941,0.156849892977834,964.229316551931,137.999507144617,124.448747221061
0.61241926568431,0.61241926568431,0,0.656145536531228,0.884645187298354,733.338271981762,161.999421430638,104.954352365462
0.729789183156706,0.729789183156706,0,0.85166545912773,0.884710389012911,820.989899851361,165.999407144974,111.844889419263
0.905920886288272,0.905920886288272,0,0.707129318595858,0.42381219430134,628.519494360244,161.999421430638,107.644914803212
0.558093093388919,0.558093093388919,0,0.40363448514824,0.0210023482205892,714.785878024327,149.999464287628,118.053309650526
0.837851801558755,0.837851801558755,0,0.554956375257056,0.358801142350062,605.088704489774,157.999435716301,108.430777027509
0.853464176417245,0.853464176417245,0,0.819518640175844,0.0496658843164389,747.007572516301,169.999392859311,115.792424009431
0.502666667123021,0.502666667123021,0,0.893925437123439,0.838577427921144,615.546920456646,403.99855714801,-46.3405192886727
0.888000728608165,0.888000728608165,0,0.935006803615899,0.13791359112945,618.256996135948,169.999392859311,110.974639062365
0.674637705431899,0.674637705431899,0,0.0240997063219558,0.345735141777383,823.817846402664,127.999542858775,118.793213771511
0.991336513643173,0.991336513643173,0,0.800380805255286,0.647395380001864,927.967942975212,157.999435716301,116.330626273895
0.692303503911255,0.692303503911255,0,0.548966247488367,0.655414074082528,915.509120576271,153.999450001964,116.329685069972
0.646574928955947,0.646574928955947,0,0.115598584532105,0.204097350656058,998.689478117318,135.999514287449,122.699124280814
0.809813896446529,0.809813896446529,0,0.735542359205744,0.870197389500438,863.530762213184,159.999428573469,113.743674664054
0.509540797960765,0.509540797960765,0,0.767599779119442,0.726169755606627,824.430315011755,163.999414287806,113.73607837845
0.921607901606478,0.921607901606478,0,0.709255470879689,0.977985891359014,845.997920591765,157.999435716301,112.791580359816
0.905195936259332,0.905195936259332,0,0.690753813423901,0.977822680079566,634.513046656917,417.998507148189,-39.0739952225507
0.995960750128809,0.995960750128809,0,0.190907970512852,0.544616552427685,925.79508750844,125.999550001607,119.76301412664
0.959016731450194,0.959016731450194,0,0.464973412710623,0.639595877933129,715.855355640142,149.999464287628,111.322788724477
0.515706075834418,0.515706075834418,0,0.922117308133956,0.340678319175678,818.758420937206,145.999478573291,123.997054407047
0.787859392410875,0.787859392410875,0,0.508204979197801,0.291164133364042,702.111426701902,157.999435716301,113.140720951074
0.724151403271389,0.724151403271389,0,0.878367594877706,0.969748232426272,620.160478223685,417.998507148189,-42.5907695530157
0.785775543301967,0.785775543301967,0,0.225334443675424,0.211625533450084,836.254868010396,137.999507144617,123.42523562756
0.767076602651479,0.767076602651479,0,0.682184731288476,0.776600086504534,889.106004756727,157.999435716301,114.893392125855
0.780363435007436,0.780363435007436,0,0.672820187194413,0.336499478236814,990.150568272849,147.999471430459,124.739598602707
0.935101411168001,0.935101411168001,0,0.828821212736102,0.948046642762722,704.19592050842,413.998521433852,-40.8411335439671
0.820551274686476,0.820551274686476,0,0.0697621815739897,0.459937332494026,650.136480691024,135.999514287449,111.391864953243
0.524604908247301,0.524604908247301,0,0.884722143753378,0.580315438130846,690.990383642991,167.999400002143,110.507056187401
0.858634649294586,0.858634649294586,0,0.934450484533364,0.423548445055348,772.105111030996,165.999407144974,113.536676495261
0.809337500669911,0.809337500669911,0,0.671434618142817,0.294068875276332,714.378558458636,163.999414287806,113.145306817882
0.51708520534485,0.51708520534485,0,0.379178943373556,0.700079608361122,651.332359275622,151.999457144796,108.263739244464
0.537117369236776,0.537117369236776,0,0.0897780952590015,0.624091070496533,846.918943258037,123.999557144439,118.422323260973
0.66884387540541,0.66884387540541,0,0.666763284904617,0.367726790593,992.292762097883,145.999478573291,127.000559431778
0.755838879007552,0.755838879007552,0,0.352752977338518,0.689163301932759,851.107975738765,143.999485716122,116.022088821005
0.998245163838849,0.998245163838849,0,0.975273348880972,0.763481183809061,951.450250834302,161.999421430638,116.181595470791
0.993843110104185,0.993843110104185,0,0.839895860255589,0.949825789668217,740.344760354229,161.999421430638,46.4889246249136
0.76713772021857,0.76713772021857,0,0.375790351261014,0.631773770866439,999.312438873583,133.999521430281,121.595563491262
0.781507710555284,0.781507710555284,0,0.0419526959193951,0.777866698660933,657.214935408254,131.999528573112,109.131699507197
0.604042441149323,0.604042441149323,0,0.353709734539231,0.328780734702751,833.219627916283,137.999507144617,123.2647299805
0.687026955325348,0.687026955325348,0,0.963856455539374,0.966234699081246,768.612764172801,417.998507148189,-42.8804210875157
0.690158668550356,0.690158668550356,0,0.625788037722101,0.198674740030774,924.044466307879,147.999471430459,124.306207658217
0.871876170976548,0.871876170976548,0,0.257708012692794,0.244241940891846,930.092298656094,135.999514287449,123.802002953971
0.62886839081367,0.62886839081367,0,0.122363434795416,0.713925073571426,930.140226274581,123.999557144439,119.578395061367
0.98268781348287,0.98268781348287,0,0.594649004612735,0.636646341491189,986.203706690216,137.999507144617,124.63058137693
0.783301095416078,0.783301095416078,0,0.0648201194093418,0.0510851466008234,940.124160680311,139.999500001786,126.974823299624
0.941199565490661,0.941199565490661,0,0.946158079249121,0.923338175672881,751.881291536025,165.999407144974,42.1703890198031
0.935697599264376,0.935697599264376,0,0.576122450052427,0.187686606951283,997.15797965121,149.999464287628,123.314771949703
0.94621580336616,0.94621580336616,0,0.0210341523578456,0.423159687180418,933.500875143688,125.999550001607,120.113953701047
0.825572914012226,0.825572914012226,0,0.419948768027491,0.750253083538839,627.219516069571,149.999464287628,79.1180379333612
0.677646626113012,0.677646626113012,0,0.957582426298654,0.939823169046368,777.367213754077,169.999392859311,6.47370974660109
0.539979031982927,0.539979031982927,0,0.369321265445682,0.0483720967418957,759.084378756346,147.999471430459,119.782769992114
0.731207969562014,0.731207969562014,0,0.613438215975957,0.356047899932015,917.439636110658,145.999478573291,124.919760605341
0.996857404519041,0.996857404519041,0,0.896175973593195,0.126397989742279,782.111281714356,167.999400002143,115.813740981987
0.513149382623732,0.513149382623732,0,0.976221607130237,0.688974689592196,653.970744116483,387.998614290663,-49.6412410510895
0.631710362248166,0.631710362248166,0,0.955829053862072,0.629087978993909,832.45829734317,167.999400002143,113.996272169516
0.562866527391393,0.562866527391393,0,0.678130866152387,0.549605075252719,811.377952297663,159.999428573469,114.615243686576
0.852569988170871,0.852569988170871,0,0.227230866532985,0.848184907220547,800.748120738565,137.999507144617,113.505175050996
0.804369747744779,0.804369747744779,0,0.5603948398482,0.942280435911139,648.158253358857,413.998521433852,-38.4240624551097
0.860056421123965,0.860056421123965,0,0.926289192249239,0.451132923285287,910.760568084712,163.999414287806,116.682682222503
0.619930628980296,0.619930628980296,0,0.301670827658624,0.930775903765155,786.308459952321,145.999478573291,112.470615272262
0.615772942260938,0.615772942260938,0,0.0811444473327625,0.449405889941288,781.156080841298,125.999550001607,117.804412345878
0.940459376195111,0.940459376195111,0,0.967042569874165,0.363371599431113,993.439148988023,149.999464287628,123.254715937623
0.54198452570693,0.54198452570693,0,0.0839429802155708,0.948772755332558,882.556233898307,125.999550001607,117.020209217604
0.835554991989289,0.835554991989289,0,0.478959642256989,0.140213417450083,891.732530481105,147.999471430459,123.635481576907
0.505549904536991,0.505549904536991,0,0.832703868695006,0.891824741144674,657.78988875574,409.998535719515,-44.6734507462804
0.554446737519814,0.554446737519814,0,0.0283118419177881,0.231954254485023,945.585910182592,131.999528573112,121.484816784698
0.649837739666173,0.649837739666173,0,0.874258700082461,0.65762436226692,821.468243791669,165.999407144974,113.556000171603
0.95448060463667,0.95448060463667,0,0.501665335313806,0.966701042023305,772.669336481851,151.999457144796,110.861609458613
0.658275809539023,0.658275809539023,0,0.0963486364326391,0.797750928015814,938.213404004928,119.999571430102,119.407353876493
0.809066842786424,0.809066842786424,0,0.0877697256883727,0.268634920051428,685.712973999438,137.999507144617,114.329691510614
0.657492350171595,0.657492350171595,0,0.285888679369593,0.443021843293638,981.518585227705,133.999521430281,122.294335065589
0.690605982184344,0.690605982184344,0,0.0614226577595215,0.910764088001068,816.716696105623,125.999550001607,114.22898538667
0.641464455278421,0.641464455278421,0,0.524466212423248,0.965470518684332,880.056021879888,153.999450001964,114.108105311415
0.973450439698085,0.973450439698085,0,0.242762887719187,0.560607434514053,810.746177642694,135.999514287449,116.838136207098
0.927200894485614,0.927200894485614,0,0.371223160381736,0.939811323867693,605.839139762124,417.998507148189,-34.9291696349162
0.79441219757694,0.79441219757694,0,0.537840526258158,0.197455523930455,621.661941465777,159.999428573469,111.536848361398
0.57386097197837,0.57386097197837,0,0.0126491879446129,0.600187451327493,821.981585689283,121.99956428727,118.289875170304
0.798238409882432,0.798238409882432,0,0.224630329713293,0.82461654499489,716.588824199401,139.999500001786,110.900532526246
0.533624112710888,0.533624112710888,0,0.264296274517422,0.894165211136013,737.123229954951,145.999478573291,110.965801686551
0.573070945418589,0.573070945418589,0,0.632924164773789,0.640081810246676,961.123615828248,155.999442859133,117.715636628621
0.685119869546976,0.685119869546976,0,0.732358323073227,0.486377926097388,977.706292824935,147.999471430459,124.663293775417
0.947213429882488,0.947213429882488,0,0.166034721190809,0.849354768530485,934.17730433061,121.99956428727,118.760039702271
0.735503970209478,0.735503970209478,0,0.872465171018927,0.838495814054511,716.940671230096,401.998564290842,-44.2645142193678
0.525419479031963,0.525419479031963,0,0.0618575396279066,0.191485730083123,958.701884848255,131.999528573112,121.635424620757
0.790200242769989,0.790200242769989,0,0.875658330410899,0.444336610751356,919.344415790207,163.999414287806,116.883444399535
0.658594578025706,0.658594578025706,0,0.024942032025658,0.10173879772221,725.139231512453,135.999514287449,118.388382417653
0.57545007368642,0.57545007368642,0,0.405240413255995,0.807269977228252,766.14622356778,151.999457144796,111.950160390237
0.778080982496393,0.778080982496393,0,0.686526825360236,0.859850116480614,936.906227976451,155.999442859133,115.639127837959
0.699503270789417,0.699503270789417,0,0.0462104736184386,0.215255816097875,810.708041026543,133.999521430281,119.747364774988
0.908587738681154,0.908587738681154,0,0.740322731182167,0.220736792684878,843.970692187112,153.999450001964,119.784863001357
0.906349340524771,0.906349340524771,0,0.0837392029288907,0.76582552603933,693.087244134442,131.999528573112,110.451854913582
0.531987529427655,0.531987529427655,0,0.0865924095088019,0.287972946234531,687.095439683754,129.999535715944,116.7678676149
0.573947734210378,0.573947734210378,0,0.577718010392732,0.179446524774833,600.734792595359,143.999485716122,119.049163704328
0.500789833372597,0.500789833372597,0,0.499770043883606,0.283670708535304,808.292695156284,143.999485716122,125.488136879871
0.967726619240346,0.967726619240346,0,0.294797767320125,0.117821484049987,907.280785698206,141.999492858954,127.692226138053
0.79939455871614,0.79939455871614,0,0.49117988139073,0.382117003390573,710.699475323364,155.999442859133,112.708944240026
0.631473668301341,0.631473668301341,0,0.740445922363647,0.898448676978213,964.300667323903,159.999428573469,116.056606867311
0.732768166011215,0.732768166011215,0,0.75095625007137,0.613667927868931,847.712897762693,161.999421430638,114.608718864851
0.803825954126923,0.803825954126923,0,0.346661006160802,0.547586058108047,652.860091734633,147.999471430459,109.75777249119
0.883440051362492,0.883440051362492,0,0.653698833073436,0.546160006450487,921.750834213723,153.999450001964,117.076364582703
0.557688791479168,0.557688791479168,0,0.130406055273539,0.784517756170854,943.744913800506,123.999557144439,119.583459230659
0.573291619373823,0.573291619373823,0,0.654351345967073,0.518613074167185,602.16746580446,161.999421430638,102.286609253514
0.848203962915956,0.848203962915956,0,0.7640397243217,0.504827674971426,964.00062634907,147.999471430459,124.134941342999
0.576366972566527,0.576366972566527,0,0.222178863951949,0.00928129383586929,924.296844331373,145.999478573291,125.12014106284
0.967188879477052,0.967188879477052,0,0.0854488418016141,0.648405661344449,642.028932832709,133.999521430281,109.564294102193
0.817562248901947,0.817562248901947,0,0.291692550542122,0.884222083209458,738.933673832727,143.999485716122,111.119697278733
0.866783077997071,0.866783077997071,0,0.99881744140486,0.0959049910166193,779.23992168112,171.99938571648,116.013632276287
0.638754208571614,0.638754208571614,0,0.718000621902645,0.0935618268687843,623.050472243088,149.999464287628,117.606416242963
0.86618421256435,0.86618421256435,0,0.237678025384991,0.244544814838757,881.95134048288,135.999514287449,123.043400064429
0.616787028070805,0.616787028070805,0,0.602828200937012,0.0919657147575381,960.764014959717,151.999457144796,124.316503860878
0.754041391562695,0.754041391562695,0,0.625006178659334,0.672255524368326,712.344083893726,157.999435716301,109.859085823517
0.677582824717744,0.677582824717744,0,0.136736862437479,0.542113410893612,693.265385080039,139.999500001786,112.631861246184
0.764341484519839,0.764341484519839,0,0.96776647016192,0.00812020676785097,783.359328921304,159.999428573469,119.047493395258
0.868335229308762,0.868335229308762,0,0.889303811890118,0.890948572806793,851.269376637381,163.999414287806,113.033099592548
0.832037450586797,0.832037450586797,0,0.758627401942335,0.640132958321767,793.232855297099,159.999428573469,113.005248427662
0.583594016867705,0.583594016867705,0,0.558018578351769,0.652260131537847,661.340935128497,157.999435716301,106.493443127685
0.910940678908683,0.910940678908683,0,0.474528540954196,0.0529112031377246,637.113588273458,159.999428573469,113.334396040056
0.626428066066991,0.626428066066991,0,0.163503248626804,0.433668136709186,603.424480663682,141.999492858954,110.81177013095
0.550384132425136,0.550384132425136,0,0.818546051349651,0.39234936282335,643.257497181254,161.999421430638,112.204376891544
0.977427489729568,0.977427489729568,0,0.0107985346360182,0.489418991722689,669.635957498683,127.999542858775,111.830700732451
0.960478393863762,0.960478393863762,0,0.0412526883508624,0.826551876257141,906.010939506696,115.999585715765,120.094236589328
0.638214238929045,0.638214238929045,0,0.845324526967535,0.642374409275693,889.090733197034,163.999414287806,115.44452970382
0.695728589433082,0.695728589433082,0,0.238814607624861,0.914170431455711,774.251595068151,141.999492858954,112.56405192572
0.846233198587283,0.846233198587283,0,0.0640186124471045,0.861066902570803,957.473954549701,117.999578572934,120.220222532927
0.982294054745717,0.982294054745717,0,0.783508371692579,0.189049071003746,671.188278610025,165.999407144974,112.613556952009
0.646239987027482,0.646239987027482,0,0.305889402109226,0.0124077543693569,953.589946310895,149.999464287628,125.036619950666
0.892309929317139,0.892309929317139,0,0.378291417208482,0.636658715643594,923.331598794909,133.999521430281,120.562839465834
0.532970278113297,0.532970278113297,0,0.871685571272029,0.949920602154187,652.287107133454,415.99851429102,-43.9482192302026
0.805143648080001,0.805143648080001,0,0.146271212361099,0.908376181596265,865.438655614835,129.999535715944,115.453148104982
0.543456145794897,0.543456145794897,0,0.073825764299898,0.901426315800858,679.370678748632,135.999514287449,109.14753353693
0.609863794693868,0.609863794693868,0,0.679980264986847,0.535583011980629,766.245338497321,161.999421430638,113.231506874034
0.540033576702395,0.540033576702395,0,0.485528554433754,0.376586521872418,701.270066511021,141.999492858954,122.425989266051
0.843100843420593,0.843100843420593,0,0.153723457694325,0.923871449754527,848.301640470263,129.999535715944,114.746462680587
0.895022559723347,0.895022559723347,0,0.0653169681006689,0.159804062068104,968.688930948991,135.999514287449,123.831943307029
0.878529007894288,0.878529007894288,0,0.278707996396082,0.916376958186194,612.536426553141,415.99851429102,-33.5369750494743
0.7720089667442,0.7720089667442,0,0.750053200020768,0.488167711356957,759.063507350536,163.999414287806,112.901580132669
0.526914594926665,0.526914594926665,0,0.319515946328353,0.914676521525308,833.094675406067,145.999478573291,114.058419512337
0.736388167464797,0.736388167464797,0,0.317983238007662,0.908044785764155,965.124767074631,133.999521430281,119.282061061052
0.774638068866553,0.774638068866553,0,0.846130026616488,0.280630998146984,698.724737079428,167.999400002143,112.551729462536
0.892391468191475,0.892391468191475,0,0.601609432907696,0.239787929673527,767.272771151511,159.999428573469,115.001961116532
0.577258636490328,0.577258636490328,0,0.167927485337363,0.675901355085867,959.242474650883,125.999550001607,121.433195714669
0.786839430048949,0.786839430048949,0,0.945280305988369,0.529887110710842,697.665068465682,167.999400002143,108.616639494733
0.641573121715994,0.641573121715994,0,0.922131420215228,0.539938147904728,800.889197487243,167.999400002143,113.740926880017
0.704936058630326,0.704936058630326,0,0.640815149802659,0.706984299229225,695.25279067242,159.999428573469,106.900069374256
0.967006278902562,0.967006278902562,0,0.234472437845922,0.260206778698729,822.045634438031,133.999521430281,120.906112366195
0.634991238043628,0.634991238043628,0,0.158717020839993,0.259781733011098,939.875671003208,135.999514287449,122.32677573032
0.563058943062702,0.563058943062702,0,0.775635169881832,0.0254673061016787,847.394390771409,157.999435716301,121.684625297937
0.63582596079895,0.63582596079895,0,0.026255449588617,0.407162849942013,882.075652345395,127.999542858775,119.496520815183
0.965797525830634,0.965797525830634,0,0.059698132390668,0.0716997071869401,694.952658529924,135.999514287449,119.678492874272
0.561114478768704,0.561114478768704,0,0.0735629433058315,0.179519986500193,949.268609990439,133.999521430281,122.04010538121
0.925471827721734,0.925471827721734,0,0.855580106402632,0.550440838974419,772.751300946728,161.999421430638,112.886525864427
0.945699638105866,0.945699638105866,0,0.0850050234966797,0.61565882446395,744.285205717524,129.999535715944,113.167965987661
0.851403768988146,0.851403768988146,0,0.671029976323798,0.996290592042911,681.218791885083,421.998492862525,-38.418112743898
0.742945518851892,0.742945518851892,0,0.0661829813493227,0.158040484635006,941.288520287973,135.999514287449,123.514532089005
0.509684185920582,0.509684185920582,0,0.181752850996167,0.566581742235226,741.59295069419,133.999521430281,116.099229185105
0.955960273671187,0.955960273671187,0,0.815049470129582,0.51138931692601,747.879606563155,161.999421430638,112.463404484676
0.729898478054024,0.729898478054024,0,0.839354157685266,0.101507152692413,681.496545754083,161.999421430638,115.799904399972
0.6891409451055,0.6891409451055,0,0.264489112392776,0.0403027479146998,777.86427489248,145.999478573291,123.000213822487
0.825949808604862,0.825949808604862,0,0.921460930145877,0.330729498012905,856.301191810881,167.999400002143,116.173588858532
0.852563944816484,0.852563944816484,0,0.985603718363916,0.508054873753827,716.067907964527,167.999400002143,110.665083003307
0.593498761701273,0.593498761701273,0,0.788038640331813,0.436550505988635,622.558220247932,165.999407144974,109.090450097444
0.959005331526706,0.959005331526706,0,0.103265108551486,0.663181880376602,689.221000844884,131.999528573112,111.029012330901
0.757698242458989,0.757698242458989,0,0.152705276741335,0.245259782701193,670.899791312877,141.999492858954,115.327214500492
0.537050651671253,0.537050651671253,0,0.799545376822998,0.394293716309152,658.797167137014,159.999428573469,112.928869560601
0.934576540362577,0.934576540362577,0,0.121351281073626,0.92188605505295,817.103562877145,127.999542858775,113.823709748071
0.512950639434264,0.512950639434264,0,0.0722905122830001,0.12474941954601,861.816180200156,135.999514287449,120.983305578479
0.796648075314828,0.796648075314828,0,0.286760538587383,0.116985258187465,793.65687413714,141.999492858954,126.24446817413
0.954259201525897,0.954259201525897,0,0.0854164270660556,0.0786203267687708,633.125919250894,137.999507144617,117.144055840591
0.726410349210787,0.726410349210787,0,0.546631381389868,0.168976763643404,625.757591971984,157.999435716301,112.913516519321
0.614497133702784,0.614497133702784,0,0.0896223452855358,0.289522683912648,700.013378114681,129.999535715944,117.150092814441
0.941722808041576,0.941722808041576,0,0.234136301624601,0.474502153306554,716.811123684772,141.999492858954,114.33583498228
0.868858367376056,0.868858367376056,0,0.674248698507291,0.308804605225929,732.804208435492,161.999421430638,113.5677868445
0.560610791685878,0.560610791685878,0,0.813682510564631,0.445972422914195,940.638323515175,147.999471430459,125.32611693092
0.718978262019356,0.718978262019356,0,0.349189391478484,0.0744546242457989,667.350501200121,143.999485716122,121.295552051895
0.826898221162474,0.826898221162474,0,0.94638254429171,0.943654893937383,833.523317619724,165.999407144974,111.646030438298
0.689589976765158,0.689589976765158,0,0.514439754692645,0.773906488900612,618.22860498324,391.998600005,-42.477736804083
0.834659177231812,0.834659177231812,0,0.378226437117371,0.0011867575665041,888.456387086995,149.999464287628,124.171522504404
0.719590794412001,0.719590794412001,0,0.887842855484568,0.567205328836589,957.279582406308,163.999414287806,117.099042518714
0.760538683532395,0.760538683532395,0,0.643069952218295,0.100309901455612,770.941584540916,151.999457144796,119.521374832186
0.514729267771902,0.514729267771902,0,0.710816623428327,0.673283106064479,936.374542533069,159.999428573469,116.697866762498
0.937075317919424,0.937075317919424,0,0.629704872540381,0.354522046078656,843.907485614936,157.999435716301,116.053141066106
0.970273268071005,0.970273268071005,0,0.528731293037435,0.263095119213184,785.682289640135,155.999442859133,115.444846507751
0.907145315691338,0.907145315691338,0,0.516594184593337,0.450955601373472,674.201529417296,153.999450001964,110.988132954238
0.598741503858108,0.598741503858108,0,0.474613290753347,0.0690909877701411,648.443966398261,147.999471430459,117.417111348745
0.514718154610959,0.514718154610959,0,0.110388328117916,0.684966243323634,833.212703476024,125.999550001607,117.66206909586
0.755431593908501,0.755431593908501,0,0.936154810166302,0.697523003382293,605.602369751838,385.998621433495,-48.0070710963675
0.849820431457009,0.849820431457009,0,0.462394828437035,0.791510877089175,776.709641368077,149.999464287628,112.280493301417
0.640145953388363,0.640145953388363,0,0.779437306716358,0.103076307729147,904.450039541048,151.999457144796,123.020073267071
0.68649418646481,0.68649418646481,0,0.713029791018043,0.89653756712955,746.171989488666,161.999421430638,105.460774658196
0.817266487296771,0.817266487296771,0,0.581727640501292,0.674789610096178,883.294829448743,153.999450001964,115.472915125228
0.706281529398318,0.706281529398318,0,0.722224232413303,0.862336035191168,798.490778421616,161.999421430638,111.57954290676
0.521352442251138,0.521352442251138,0,0.687034695161921,0.616737879318127,667.429520998709,161.999421430638,109.153071556619
0.793390395031095,0.793390395031095,0,0.763112220740705,0.328483030074142,629.295717675561,165.999407144974,109.151648275601
0.764976209232074,0.764976209232074,0,0.00134018322833596,0.642929077034669,739.430727665165,125.999550001607,113.753816767505
0.629672433041884,0.629672433041884,0,0.0871022169203378,0.626335004642896,856.876465042132,123.999557144439,118.422413317227
0.663481644214455,0.663481644214455,0,0.0531689004517868,0.736100426734523,999.553674457019,119.999571430102,120.098521177058
0.789845773809068,0.789845773809068,0,0.590028452078996,0.838254202794536,777.722700812508,155.999442859133,111.47204937867
0.838029775991077,0.838029775991077,0,0.222465813220735,0.304946282297824,600.297492879656,145.999478573291,110.771412587928
0.630007473676615,0.630007473676615,0,0.556694844183475,0.762036006289722,629.653854553659,389.998607147832,-43.7647351103814
0.584652741238068,0.584652741238068,0,0.128396156296251,0.53262128514689,913.355775684735,127.999542858775,119.752335616283
0.514203028011611,0.514203028011611,0,0.888532072919497,0.0207233097246554,819.795464937097,157.999435716301,121.179985664968
0.59575447428939,0.59575447428939,0,0.536924418695378,0.392011611809665,634.513652592712,155.999442859133,111.550950155316
0.705343788021652,0.705343788021652,0,0.260044317330136,0.19247521318742,741.411057121242,137.999507144617,122.468834783085
0.578386007222121,0.578386007222121,0,0.553733495880002,0.202775579838565,705.239614732767,145.999478573291,122.224470592073
0.501023162225561,0.501023162225561,0,0.81556464414229,0.113237257115503,665.366539041936,151.999457144796,117.218210813228
0.787914879318244,0.787914879318244,0,0.527981118376103,0.769684272695495,854.799411744655,151.999457144796,114.409366710416
0.647231790254937,0.647231790254937,0,0.763263383936604,0.216472696625074,952.136856182298,149.999464287628,123.891901145871
0.576833686582127,0.576833686582127,0,0.671131285036742,0.270452319653906,630.667349683878,153.999450001964,113.696975917566
0.869655113849504,0.869655113849504,0,0.0843369494129916,0.46565144692184,835.353596625753,123.999557144439,118.669805903381
0.710357873791896,0.710357873791896,0,0.144615125771885,0.237191313707962,796.383090270577,135.999514287449,120.639400244573
0.977573023533856,0.977573023533856,0,0.110499041350007,0.517865872771878,690.022731387286,133.999521430281,112.12115797422
0.975436014970641,0.975436014970641,0,0.182976785817666,0.657103058012085,645.017519282427,137.999507144617,109.461052878249
0.786256238899509,0.786256238899509,0,0.812409467188765,0.604504130862916,942.404030085691,159.999428573469,116.657860115283
0.579945132892091,0.579945132892091,0,0.737403749802024,0.717339010027158,813.382928113969,163.999414287806,113.26006769569
0.657494049945507,0.657494049945507,0,0.795915818774119,0.577616844372799,799.50805379775,163.999414287806,113.550862820015
0.757761335043723,0.757761335043723,0,0.499589933975089,0.222392868992059,759.282104477592,157.999435716301,115.302256439999
0.64045993060769,0.64045993060769,0,0.796503412102183,0.350985525971327,662.946707760537,165.999407144974,111.75288187782
0.635953969880644,0.635953969880644,0,0.118845947343677,0.52783723576761,736.089359415426,137.999507144617,113.732617442269
0.797725598345373,0.797725598345373,0,0.646499035201416,0.959840292157714,912.398679195237,155.999442859133,114.727302847784
0.901736210248303,0.901736210248303,0,0.0783313016882424,0.4289892978535,754.660197451533,127.999542858775,116.685655929817
0.872146725113755,0.872146725113755,0,0.937682070134981,0.501943985401241,953.483954653958,163.999414287806,117.280591725835
0.674045324132049,0.674045324132049,0,0.796858294327427,0.60576681179387,739.407606282476,163.999414287806,111.196671169875
0.659995991112217,0.659995991112217,0,0.987738832712091,0.717001833580308,603.453129971643,387.998614290663,-48.380677451328
0.81859077868204,0.81859077868204,0,0.11245079594795,0.858010211585435,856.292868510846,123.999557144439,116.717212621203
0.551283234762677,0.551283234762677,0,0.29877751759506,0.765431168247128,724.368571901652,147.999471430459,111.28849936223
0.884832534501888,0.884832534501888,0,0.924875628855975,0.92919506448944,818.529351087941,165.999407144974,111.26662376404
0.63028851146651,0.63028851146651,0,0.871272118621892,0.740834804396526,689.346698816959,389.998607147832,-46.7120903234653
0.870299751665051,0.870299751665051,0,0.417652428383118,0.301875948117806,636.568775433667,153.999450001964,111.200516370134
0.894714746859019,0.894714746859019,0,0.874862433801028,0.108722573504286,715.780636414677,169.999392859311,114.413934611909
0.870634300893359,0.870634300893359,0,0.32528044784641,0.395983471496526,813.110462408939,137.999507144617,121.924230599699
0.762886430621224,0.762886430621224,0,0.76903982055044,0.944502444355347,631.230414552366,413.998521433852,-41.6002107734658
0.941427294421968,0.941427294421968,0,0.763803202070581,0.754869937167087,873.406074234907,157.999435716301,114.627510218193
0.549816668667382,0.549816668667382,0,0.0336975006903261,0.269902847959688,825.800096264792,129.999535715944,119.257876189054
0.949478337298356,0.949478337298356,0,0.100423759894385,0.238753649009687,720.222411691616,131.999528573112,117.656164323031
0.547282394125726,0.547282394125726,0,0.538922651468316,0.493111779996696,898.679606021656,141.999492858954,126.407416118446
0.908126623361863,0.908126623361863,0,0.0613426059636123,0.959181786178067,622.459646150822,131.999528573112,105.080577466069
0.894909962390767,0.894909962390767,0,0.289733735858655,0.474790987852746,742.524053017671,143.999485716122,114.940602572881
0.643266278753928,0.643266278753928,0,0.853607227281686,0.660639283417804,731.435400932654,165.999407144974,109.518758714071
0.76166218034358,0.76166218034358,0,0.874548463237284,0.65723721917229,979.824690335455,161.999421430638,117.141093959355
0.808700248937325,0.808700248937325,0,0.0422683512569081,0.275146491110181,625.626895317255,135.999514287449,112.454699322815
0.839043924236689,0.839043924236689,0,0.646402099710695,0.928848114213058,696.464429951508,411.998528576684,-39.4698990436574
0.677351271798619,0.677351271798619,0,0.326183023606659,0.540796455539982,903.655971340713,135.999514287449,121.637565878279
0.909442210753835,0.909442210753835,0,0.603578204907723,0.512834285600478,999.225145088985,139.999500001786,126.428365179706
0.707966224665595,0.707966224665595,0,0.358575203368505,0.189346195585056,876.34147462462,141.999492858954,127.748977170296
0.880456274489461,0.880456274489461,0,0.389200552340707,0.0252980519873101,794.530821585562,147.999471430459,121.095722886154
0.526962772793286,0.526962772793286,0,0.461751290111501,0.724330670485979,854.399597348286,151.999457144796,114.960520912057
0.592251634442551,0.592251634442551,0,0.302244597583258,0.358149135197823,758.296481840284,135.999514287449,120.050456011285
0.972784322157508,0.972784322157508,0,0.422029241086582,0.795760550529147,779.193919513687,147.999471430459,112.750823055059
0.674180408731286,0.674180408731286,0,0.946846990936487,0.180228301903139,881.365809677745,153.999450001964,121.022577342996
0.893780798262682,0.893780798262682,0,0.841098093592745,0.588185260987984,875.574260484655,159.999428573469,115.363645847945
0.763624532487104,0.763624532487104,0,0.0839498564745554,0.849935217536229,965.421173083496,119.999571430102,119.92068061745
0.58921782454481,0.58921782454481,0,0.891744853961946,0.523107668464362,684.355928343063,167.999400002143,109.58439340533
0.931643657728626,0.931643657728626,0,0.292018978193033,0.929868380266571,971.741921846348,127.999542858775,119.018298976848
0.690757768528358,0.690757768528358,0,0.036658131338955,0.611993808877021,838.581355098287,121.99956428727,118.428718838579
0.562135176369358,0.562135176369358,0,0.933498244330626,0.0594636184574071,840.11473264389,157.999435716301,121.373560321148
0.714819357993624,0.714819357993624,0,0.803261111783146,0.76309556898095,949.512710758248,161.999421430638,116.16890246063
0.975216897058635,0.975216897058635,0,0.153030359777186,0.379799095009103,995.351660580534,129.999535715944,122.64809747559
0.665382417470597,0.665382417470597,0,0.519600024334909,0.12028495799452,914.455545756055,147.999471430459,125.407537657423
0.918727838043131,0.918727838043131,0,0.210858649141094,0.706217992271247,776.266459859778,137.999507144617,113.517500420393
0.643992826114154,0.643992826114154,0,0.564104800766443,0.58683508542159,804.318993858522,157.999435716301,114.011379266424
0.841103209183375,0.841103209183375,0,0.476115766461795,0.857988238662847,727.683503535354,151.999457144796,109.657347984722
0.731561507951633,0.731561507951633,0,0.309232536442874,0.617957418399924,906.788248254426,133.999521430281,120.265380310549
0.905112193179358,0.905112193179358,0,0.733200973886584,0.893176199592853,601.347524140264,407.998542862347,-41.5668875825259
